# EV_1 (83.4244)	EV_2 (45.4206)	EV_3 (16.8309)
nan	nan	nan
0.016455790667194048	0.0005739166234415534	-0.030817668559105168
0.019087886278918366	-0.002386393311973161	-0.026016603092220616
0.023372609345157835	-0.00662053681694328	-0.021471918972254197
0.026244731858892943	-0.012074997969133153	-0.012847560876163584
0.026891269030414337	-0.01256685236784147	-0.005557171920573492
0.028747010201778125	-0.013632759000002687	-0.0029628137040979413
0.03166826699743182	-0.012182667615706945	-0.0007954455509411804
0.03606721377506631	-0.015710178989704254	-0.0022394808871509866
0.032562589407940046	-0.013713280352854929	-0.00344478100324154
0.03042615104276474	-0.015992802749289294	-0.001177471217935766
0.023632758987266897	-0.017124543628605497	-0.0026558090315197992
0.019777902839394276	-0.025045788527683976	0.0010868971168683968
0.013061955146985502	-0.02676035608897479	0.003974403592281607
0.007866253033334752	-0.02815720958822289	0.009691145386894062
0.008895165957801755	-0.02575152689153712	0.008195478575647813
0.016079251227846085	-0.02058539430045283	-0.0006033336018491479
0.02096705936518382	-0.01967296042677526	-0.005067858277692908
0.016319537033581362	-0.016453017369223878	-0.006385030784834982
0.012638525971440637	-0.018155854294532245	-0.006093349843041315
0.009482016349192973	-0.018803652500957706	-0.002878365253755363
0.007983056756080372	-0.020605962635906368	-0.0009932624273707655
0.0030545679005212953	-0.017775448979466032	-0.010004425510283238
0.0035077691997349647	-0.014816224310532337	-0.014928637007032146
0.007133451900288377	-0.013097798993692903	-0.016366882655271406
0.009227296991620415	-0.009690349301037687	-0.01868940867484046
0.01191961417886247	-0.009230485867063227	-0.020947242667482095
0.01733651283775358	-0.012418357014767898	-0.017963291806261425
0.0228147980707329	-0.015526108282914943	-0.01610282376316587
0.021570844456213805	-0.01420171377418166	-0.013884762207608922
0.021821544269858714	-0.014471828244017809	-0.012940203543044981
0.019130652055374977	-0.014523473768909598	-0.01070383770936512
0.019250762076520943	-0.012754399762186105	-0.011770837866116664
0.013832235983096144	-0.009636163430153444	-0.012845771537114394
0.008540815858246894	-0.013728970225240054	-0.01113964623600355
0.004527597057894458	-0.016616372158260267	-0.016052392779181426
0.0030485314252461904	-0.015885456671465386	-0.020507185078792102
0.0006103626193707912	-0.01067610229164151	-0.024696966613902888
-0.0034007394171882053	-0.009172837778349844	-0.024656788670858555
-0.00905692468653983	-0.0067617404275265875	-0.023502929098644695
-0.012894324182248958	-0.006228505617924916	-0.02209519400021413
-0.015703911202595712	-0.006326022405006154	-0.02721624957599099
-0.015075686371288503	-0.006663888945061839	-0.02947860464112666
-0.013378388066397542	-0.008838268425634168	-0.02681098514792593
-0.008926196291835522	-0.013042491842438626	-0.01743420248938051
-0.007240266621189691	-0.017742680587547893	-0.015980537488394696
-0.008150092031808108	-0.02103544254504995	-0.019929020885313085
-0.012558242528108929	-0.016605409012329774	-0.022028108489194342
-0.01995797560684881	-0.006204389297771138	-0.02729014768645988
-0.024316581186869676	-0.00041079714336462016	-0.033984651587095745
-0.02225451533000875	-0.0028389913605683776	-0.03471298332323164
-0.016779882307774514	-0.010656288644047638	-0.024546559523094664
-0.014042661840680848	-0.010946770801936212	-0.026074040588083502
-0.01655206340291648	-0.013076608082840752	-0.022587991654340087
-0.017254737696079808	-0.010278677421003786	-0.023158766563129714
-0.019617156026767415	-0.010692446353916342	-0.020408044176581132
-0.020916642308480053	-0.005202668578471426	-0.022970109513378544
-0.021720127172089085	-0.0013889215801683496	-0.029378620165452257
-0.021332315129188338	0.00033452241980023675	-0.032507677695680935
-0.015034882773081662	-0.005705940485296543	-0.03420241230478538
-0.0018938852330781862	-0.014459708550429164	-0.02190445085010364
0.01136815518597577	-0.015367361191180769	-0.021780326994549112
0.020040921870633877	-0.012139132980496535	-0.013811859142235747
0.022900619674356703	-0.011706267780658804	-0.013118546370322056
0.024521319574035	-0.00755427532302228	-0.013153046386750269
0.02759198817700378	-0.0035149006478056894	-0.011282239644431126
0.027334635355481807	0.0013406764504217416	-0.010050212796255665
0.02825689220751553	0.0005286963484076434	-0.01011907681095655
0.024782525247006502	0.0012496697521009717	-0.009913716108724699
0.026017423977842093	-0.0011117737501371106	-0.008909303002020356
0.027608177578150338	-0.003436939833999157	-0.011130915333566298
0.02627184678910332	-0.00501222468042863	-0.011501906996637785
0.02523792137642528	-0.010127226811696425	-0.008827874436187464
0.018210882231312505	-0.013399874322058143	-0.005503131237598685
0.015440650413238586	-0.02291634687673089	0.0005273439175707637
0.014342713430524724	-0.02716929522041557	0.0020471070505220113
0.016280857721739376	-0.02763498704967241	0.002692786280982188
0.016673433506125105	-0.02491746043814096	0.004264864282925641
0.015991729838762445	-0.022316369808645938	0.003302773064491088
0.016020740669987415	-0.018628361372389334	0.002193698573819595
0.01920933534718071	-0.016038839888520114	-0.0010116751091054053
0.02295409999896435	-0.01608726330403958	-0.003593178586031684
0.021601625522342214	-0.016513471845823732	-0.007373424169981338
0.012821456609778134	-0.01515210032223267	-0.009163167510219604
-0.0018169763145840256	-0.00922390148615965	-0.007877152437182235
-0.010608950783796735	-0.011051939883807954	-0.006947879882676986
-0.013085387857770843	-0.011013138934429925	-0.004971674768182945
-0.011933748459346596	-0.01301023155474303	-0.006077958649869904
-0.009461089797097009	-0.009844341984932926	-0.0055060284968502645
-0.005324446777039473	-0.011848556783690099	-0.009884132456538092
-0.004233713640158047	-0.012977709842035117	-0.003998787771652984
-0.007793519474832572	-0.0142278776433824	-0.003330608468347489
-0.01782086041939522	-0.012303737274462535	-0.003439563106201797
-0.019167391452097886	-0.011086282036699174	-0.005667399952012337
-0.013175842480014341	-0.011639637044075082	-0.009026842973712014
-0.0035320637805380476	-0.008789103551780397	-0.003012069630214856
-0.0018055496416747988	-0.007637832023281169	0.00399327622851916
-0.0040118973566368316	-0.010045053695987315	0.006717832151464253
-0.010941809059598236	-0.01373741470620889	0.0038091368086769894
-0.020757604594824595	-0.014776256889867232	-0.0069177374877177795
-0.024134853888140517	-0.010673377069539946	-0.011640569441907807
-0.023398769637716303	-0.010217680672051966	-0.004532384082524776
-0.015321787695786805	-0.013428185443061867	-0.002131660976557327
-0.0030615594105133314	-0.01980096363677825	0.008602284609450448
0.006592975198630367	-0.02238403519232661	0.006844765175384219
0.005716535371758474	-0.02213901519972703	0.01735022967561931
0.009291903353610242	-0.02480533609955568	0.01241644078384156
0.008704338630481393	-0.028701371539625604	0.010727918997788275
0.006376450038624983	-0.030109225950646044	0.007927493837059428
-0.012393617185109064	-0.025042338651653135	0.014939550724350732
-0.02025189547615853	-0.024337673136982693	0.03159750809986897
-0.018749027000020395	-0.02538221080641679	0.0394867228267792
-0.015513784898382134	-0.023421113906159675	0.03184090851794187
-0.016697863149197	-0.020192937981593415	0.023288107427757325
-0.024305939882471206	-0.014128627710096613	0.0025911800755548317
-0.023225304024197133	-0.012475212125547641	-0.0026999270023987283
-0.012679823248794068	-0.018108656547699935	0.004681322363077693
-0.002654207736570227	-0.0256640204507989	0.014016731029152631
0.0012254082558490202	-0.02958421691285333	0.01813924224746345
-0.0003651011262069591	-0.027599259945364173	0.011013291190691365
-0.0031176594215280534	-0.020500664541559903	-0.0005900620299970458
-0.0004851801591869896	-0.018865636077485485	-0.005614609140324563
0.011758241496983754	-0.021993888172308573	0.009990243076128207
0.017532183084406273	-0.022780335765408246	0.005072526723638884
0.01794462575873129	-0.0226736203131051	0.005195878089382766
0.01606495071854195	-0.022230446238472243	0.0021412681760494823
0.017440485968889037	-0.02405445239066581	0.0021478062956946306
0.02028365790120229	-0.02343159312834991	-0.0028079030259358408
0.02336657697993117	-0.017994538910960155	-0.00398099040645726
0.02470053690460553	-0.014119571959718004	-0.0034498518678169852
0.026285340063050586	-0.013497094823176466	-0.003074087996161101
0.026354782123576746	-0.017306603781335392	-0.0003184616728972474
0.027166572707147108	-0.018954194981173803	0.001543861129033569
0.02230457187958086	-0.020125027079931284	0.0054950973152848165
0.01517180604873144	-0.023025895288309207	0.009429788807538586
0.013255899607027232	-0.0245233944168066	0.008739716497543588
0.01488952630219348	-0.02209590333832263	0.007681955262953801
0.014909916474594026	-0.02355348169271847	0.008395856701897714
0.008521974773720445	-0.02181605968853918	0.011457583037947448
0.005657336306864764	-0.023719687349783147	0.009601259558502544
0.0025841461150883783	-0.022975268526312757	0.010574954523186799
0.0020771002105385104	-0.02489485891405864	0.010840828910927641
0.0013558360448397663	-0.022309944371718946	0.018349162118753128
0.0009780941489371427	-0.015656747669963226	0.009722996146663861
0.005473206556539027	-0.015118516174245523	0.01816658062618855
0.002759076646013991	-0.01551652102923664	0.011401100822522313
-3.519654320844221e-05	-0.019138750443737872	0.016170825725337866
-0.009536974990716419	-0.01668105100528293	0.02173497523405717
-0.011566607714290751	-0.014934722769380123	0.02306450245216058
-0.013529880386384377	-0.014657225024460499	0.018609767582795287
-0.014194744033633765	-0.015152324141221498	0.01352708227061903
-0.022783577160843286	-0.011145509264977203	0.006219230067713105
-0.02970286732088166	-0.0018524138157784956	-0.0022425205462111436
-0.034583539961233895	0.003036856830852966	-0.0020758148429281392
-0.03605356324474835	0.0056164485647314626	-0.0032123987569619428
-0.03402429508315991	0.004673206981318615	0.0009048167102033017
-0.02434590269177049	0.0005406493458392088	0.0005576565132610761
-0.0002888030480895792	-0.019633912671725033	0.003542553948864725
0.00840643868004189	-0.028123481884574007	0.005060593835588105
0.009567519048172993	-0.02669406851816338	0.008775590292355208
-0.0013172825880820574	-0.018865994959531843	0.01660732862549093
-0.0209361431982276	-0.0032644910829048037	0.023629441093178945
-0.03243363386522889	0.007498681347640024	0.020408596951277926
-0.03393842739700304	0.009910999097752343	0.01773863952204037
-0.031746421166896355	0.0038468277311903953	0.013048194227483274
-0.03168488347080161	0.0010181523148383685	0.012427600856013167
-0.038728378551846084	0.003035525243463655	0.012154797443003205
-0.04151660566870428	0.01078250357093095	0.02257996200619481
-0.0409136108748673	0.02287970870339022	0.032409477861696505
-0.03578756608584373	0.030298902951043767	0.03739617063691142
-0.033332330343590365	0.03389553750664072	0.0318208724443169
-0.031655893319173366	0.03180770737038204	0.028740200498840622
-0.030904248541583045	0.027413338925260773	0.029309792831402108
-0.031845416758510554	0.024425575225472188	0.03235480068413324
-0.02943093550645279	0.02180571436050587	0.03851130022883457
-0.03147468379210943	0.025737353293183243	0.03859262491734111
-0.030459399562440714	0.025925124892991046	0.040205972120443585
-0.03236108767512432	0.026708893504206316	0.03517626679600514
-0.029209656244202273	0.02371623900219197	0.03715499438071426
-0.025290735109363683	0.01897986391025692	0.03579769177434964
-0.026167660453644076	0.01901186013394172	0.04325608875152142
-0.02513215693514539	0.017306967899567857	0.04235926780218594
-0.025877169728576316	0.020878181834998413	0.052675831424077627
-0.024422167288635718	0.018427286881769225	0.050362245764091595
-0.022287309059353205	0.016223205194035813	0.046969055609242374
-0.024805347455099	0.013517001313212573	0.030283489384371646
-0.025651755728703006	0.01360296920395356	0.0194324123209622
-0.02808382818308424	0.010695050630059112	0.02235690867109504
-0.02773778251998829	0.007066221181124132	0.022107764781604866
-0.02437947718845583	-0.0017249986273524997	0.028860051118424945
-0.019588764563563957	-0.010983852347984172	0.017331373850477706
-0.011587795877751184	-0.01886309048992313	0.016514137660086074
-0.005717396888915534	-0.020379699758932127	0.01709116474487561
-0.0022165313420887023	-0.024472905445452085	0.020130705467248197
0.00036477747610661496	-0.023401800847300286	0.01724080338181785
0.00384739801451361	-0.02204965615895444	0.011497750347990048
0.0020172312288683786	-0.018288506032609786	0.01134575847486019
-0.00599889473488964	-0.01650189027452812	0.019662636550157042
-0.018679948923726132	-0.010899572377075221	0.019209319310551167
-0.027891243976757643	-0.005847572399758735	0.013865574990081238
-0.03367107447032414	-0.003388145030251537	0.012174044104389513
-0.03501651949658761	-0.004916262274547983	0.01554207884160972
-0.03417444624859479	-0.004827997449766133	0.015873160772122752
-0.032012546624426735	-0.005425232476664898	0.013490180721437019
-0.02827622641275211	-0.008806252705261962	0.012783764131244546
-0.02537161082597475	-0.01364739612820995	0.021955553925404978
-0.021722444852202077	-0.015429828613910582	0.021468141744286913
-0.021908984855441484	-0.01740401363407979	0.022842171348384732
-0.01869667545699715	-0.01353467591161942	0.01900711162569495
-0.018757853914138974	-0.012082856437220653	0.02001810381727163
-0.015943979662290646	-0.00955820775926881	0.013682974253717447
-0.018872106695124923	-0.011766723424198018	0.00629075240872376
-0.022112504944201427	-0.010644037203104112	0.008750220252275627
-0.02675697147559142	-0.007044057063530039	0.013342543376076998
-0.030920815293301703	-0.0034857813276864985	0.013096569291559546
-0.02643208124713511	-0.00598496077995251	0.002959619026550706
-0.026162500401181087	-0.009800805508437238	0.0025144033294211277
-0.020714960920350356	-0.010857522553534381	0.006756800870283762
-0.02901219338855481	-0.00521932491616258	0.009095085653012494
-0.03710380280323192	0.0015746997769260722	0.009549623893912916
-0.038826625062780167	0.004420190845436944	0.007344176252489322
-0.028373902564287144	0.0018279172870284141	0.009723300272595665
-0.025928224686521426	0.00219281433670203	0.015225158285330827
-0.025062187528361805	0.0034521990652717975	0.01599170406079696
-0.02934089552862453	0.004346442850727053	0.01681385750288177
-0.024233092327963925	0.0001975457309322095	0.01645288067538692
-0.014713856070881041	-0.00947126350563431	0.03139438053408286
-0.01404237358321411	-0.007753043369209502	0.033273594443186484
-0.01991152128149942	0.012084707284201184	0.025845983618698058
-0.02321856755799799	0.029089276530974754	0.034674850395826705
-0.020611632201429222	0.05272435381834854	0.04938831966955363
-0.01863733652190664	0.06660176891878919	0.059148305196796334
-0.015163465916699148	0.06879341396266977	0.04937973209269186
-0.014730816566473176	0.06526522005350276	0.046865495655285694
-0.013940195613377402	0.06317304349550425	0.04168054464544227
-0.016367270015830826	0.06609684473079483	0.04516996210860237
-0.0161231694621599	0.06368178305045881	0.044215246455440296
-0.01800631676276739	0.06292005109495974	0.047532082092180725
-0.01722181252292066	0.05775738041425287	0.04629600771270174
-0.018262802994218588	0.06285695037661132	0.04928235468391477
-0.015900664623347112	0.06293737007142888	0.05154935235737586
-0.015369259442336997	0.06346445094419113	0.053656652716424
-0.015776030077862695	0.06239291059884551	0.055164123486881315
-0.017389397470885033	0.0622664642838065	0.054086432904438465
-0.01933236893113009	0.06416726306161835	0.04929695230625793
-0.018546466202313833	0.06487395574332838	0.04779868518885927
-0.018031492051352283	0.06596358044994237	0.04850992588916357
-0.01721429944707047	0.06366027564364221	0.04666245445141862
-0.017402447866602513	0.057782680144735525	0.03583261513385353
-0.020320398003974883	0.0468681635625294	0.029732571634354596
-0.023120966030061398	0.02826916275989861	0.03748653609258091
-0.022054598184533637	0.0075424641848301135	0.04102220112569974
-0.015193276931467986	-0.004823886122574334	0.03943564837624279
-0.0047410519193466635	-0.019314688095340288	0.037445389724801104
0.0013551459785781468	-0.022990706782340907	0.029947917064566638
-0.0002026067396830587	-0.025251080475273448	0.026724693117299463
-0.005414946321358075	-0.023084040992320143	0.029940982473435275
-0.009493943185949509	-0.02658138996211621	0.028290335197604828
-0.009704469157381674	-0.02098128212713564	0.014420442142277518
-0.007992818531322478	-0.020728073488870746	0.01066951390904302
-0.00382083290936567	-0.020217461175113097	0.018358785721044536
-0.000662849328101794	-0.029036226579416555	0.025285416782892586
0.0038027550671427693	-0.028156719567841895	0.017058895653334176
0.002517762769886928	-0.026652600144909777	0.00844141163706351
-0.00039663725664479795	-0.024440142646935767	0.007483058554971456
-0.006548388965377786	-0.025110515346980666	0.015290613162117973
-0.008153321295354619	-0.021301888887178225	0.016492658503300235
-0.006942438211385028	-0.022505364702412763	0.018119621253265043
0.002238934773812183	-0.023833422185849273	0.013861228357554222
0.013402682729240114	-0.02784522755699802	0.008405864362631124
0.022803363681821034	-0.026167226356745187	0.0003761458486676028
0.02306322673303315	-0.024086325151904026	-0.00366794755622616
0.016099364126944248	-0.022564179855119822	-0.0035995681637058033
0.015210294536122954	-0.02453527957225933	-0.0003652006601390402
0.016523162619026397	-0.029802068343805107	0.007804048641107878
0.019054913425825572	-0.03160089637761039	0.007265538750530442
0.020326055580886262	-0.031134481678451745	0.005424684265266842
0.018905399229067716	-0.027720087187725412	0.0028692919281561174
0.015585613301351286	-0.026190853432528007	0.0003442545300445764
0.007404733379828418	-0.024804976922844994	0.0003244302037124589
-0.0023643650215064787	-0.02355907480694002	-6.741222166637556e-05
-0.010980731915032902	-0.0226398555216099	0.0011214704247164246
-0.011839693534749283	-0.022279887562519432	0.003602666975366889
-0.013041916211445438	-0.023729788776295942	0.007649787464153323
-0.014787851965171565	-0.022001331365953395	0.011608149165926852
-0.021052243375471177	-0.018735398978221466	0.00949132879800306
-0.02650139716058142	-0.012888295374714594	0.0055553217726509105
-0.03084203884184386	-0.009810167843586575	0.007936654770392144
-0.03176018576314106	-0.006331569624254532	0.006891078847724212
-0.0328546782971578	-0.004745475427936277	0.009097660084866281
-0.030591829895861976	-0.004662486906358652	0.00984913286968558
-0.025933835714063165	-0.00851230092610268	0.016236763535932307
-0.018376602638239845	-0.013130755398875985	0.014923392678997942
-0.01418260386094751	-0.012820319863346058	0.005750537884676563
-0.01611520768985837	-0.013545398520786577	0.009670288260590468
-0.021521404268302444	-0.00813707086442385	0.007620734277491364
-0.026451626883237288	-0.005064494805863075	0.008152318300135034
-0.030202545121156256	-0.0020569362578890375	0.004450443591002266
-0.026708809500150647	-0.0004984789705152423	0.0010664973126481292
-0.028265384314206502	0.0014065479511475465	-0.002712416988366863
-0.02792127265118606	0.004608373153646327	-0.00657542866786431
-0.03090609686873197	0.0027748875437951476	-0.0037604754434488047
-0.029359530131339313	0.0021771513954938044	-0.0042424169728050125
-0.028358347125714046	0.0016755305209968183	-0.005650240253303254
-0.029018214137112423	0.0024954523640559763	-0.0026117752992426448
-0.026824504944588483	0.0015732046370542769	-0.00568388004917602
-0.019223390544166847	-0.0016839704747246714	0.0009189783935148639
-0.00788974604587589	-0.012186457686962724	0.0016590631338134435
0.0012830728963097115	-0.01948012210075226	0.00043144730990225995
0.0034720151267767663	-0.018329730210777634	-0.000677614740985941
0.0021181053071111142	-0.01182809153213665	-0.006214113833894211
0.0006291293156098655	-0.009329249758159713	-0.0038697061932993085
0.0021694183069408683	-0.013192659430909694	-0.004502540277015804
0.0053996225695741645	-0.015975643728811564	0.0016530001263519627
0.011187074829596607	-0.01903162653459874	0.006641856638820361
0.016890637369130313	-0.024462742305827644	0.003162377649820117
0.01671260366780012	-0.025369339187551184	0.01115418349974824
0.018044121007005854	-0.02480132794664094	0.010782767004671871
0.016098327963779715	-0.018794717141803734	0.013646319823424081
0.015152772485622067	-0.014085624783020488	0.008374182990757635
0.015273715807800537	-0.014932628581198674	0.007416842607147535
0.015398399094601353	-0.018775608076614537	0.01538717208663423
0.014270817739734229	-0.026275358640516066	0.018050275188717994
0.010356775179006374	-0.02918696883031165	0.018651913022975267
0.006331997937981639	-0.02876140793165177	0.025073441443327404
0.002994259658424994	-0.023224200629411034	0.02763665044401503
0.0011503031183314762	-0.023516982029389694	0.034485191565574835
-0.0003437165828788182	-0.020085553734517782	0.030128636596142542
-0.006020406850927013	-0.012320582272826838	0.033679664076753935
-0.014251409542740122	0.0004376943131637259	0.033900969649455256
-0.021670055606125383	0.012534027507292022	0.032253376999295695
-0.02407057902125085	0.03419321539809163	0.04361256540567594
-0.023827209549429074	0.054318240150209016	0.04524484710928688
-0.018448814408809765	0.06073552452999342	0.04447090655805366
-0.01662880360463724	0.06631488047446295	0.043630680902750504
-0.015668253271333834	0.06570763525087385	0.04706566836680072
-0.016043002709125502	0.06870279373173321	0.04496192493534382
-0.015345186312974064	0.06667859653493177	0.04784577824431152
-0.012487654434049998	0.06292654436058409	0.03434521032531547
-0.01390447044590042	0.06159815753730748	0.05061833751518992
-0.015823385090672937	0.06324648802170012	0.054390918827604266
-0.015438967655233374	0.05841025369469815	0.06426643751649563
-0.013639502178427836	0.05485176319320538	0.05087275880351201
-0.010739818645438532	0.047918964092706046	0.036274730380907214
-0.01190418398037125	0.05765241166990133	0.026126132079539177
-0.011826800885179923	0.06757031888514185	0.010022589550492868
-0.011569047809229818	0.08012744485077229	0.016891001713446707
-0.010287517596780319	0.08034606201956582	0.030233673776831983
-0.008948177896668958	0.06649466580091787	0.023903281063798652
nan	nan	nan
nan	nan	nan
nan	nan	nan
nan	nan	nan
nan	nan	nan
nan	nan	nan
nan	nan	nan
nan	nan	nan
nan	nan	nan
nan	nan	nan
nan	nan	nan
nan	nan	nan
nan	nan	nan
nan	nan	nan
nan	nan	nan
nan	nan	nan
nan	nan	nan
nan	nan	nan
nan	nan	nan
nan	nan	nan
nan	nan	nan
nan	nan	nan
nan	nan	nan
nan	nan	nan
nan	nan	nan
nan	nan	nan
nan	nan	nan
nan	nan	nan
nan	nan	nan
-0.010381647566363093	0.04521730480739402	0.010853217344796622
-0.010305707465536358	0.036942214766764465	0.0018194968847685573
-0.012319500581453948	0.04940563818633141	0.013386443786706734
-0.015598364699013673	0.07624203261493237	0.030339983749875378
-0.01580106814217728	0.08918210508053612	0.036661239595585704
-0.01463786498348611	0.08249345327818834	0.03965198669210708
-0.013640161232023296	0.06058988747110101	0.03667372748657842
-0.01583763213123565	0.043194852925244734	0.028506069909106126
-0.0203767789523442	0.03357165343058393	0.035611761558570015
-0.028567152404164884	0.03001878789348637	0.03903488500888279
-0.03745396428357932	0.021829351254667333	0.030791992773143893
-0.03867518559022935	0.011122468400541083	0.02408802705111085
-0.0331293744588997	-0.0045048641748688684	0.04012637477073147
-0.028972343435842356	-0.016090488155974823	0.049284039606909164
-0.027760015338480486	-0.01388903222146525	0.04093073947166827
-0.030002090601642786	-0.0029517627527377343	0.034045585957546885
-0.033193729504785656	0.006947548397290504	0.033951612246906265
-0.03361501713484008	0.008659286645872871	0.0370968135331661
-0.027772994259571436	-0.0037558225008730442	0.036800343325378765
-0.015553593586632036	-0.0289889567049106	0.03683771545600116
-0.014222959975751182	-0.03582862891438159	0.042882690337780874
-0.01679750564302488	-0.035121347115054956	0.047268072349704635
-0.02195975008957689	-0.024415734572731607	0.04322860133717088
-0.02919497619891163	-0.016896329934023874	0.027995061328329785
-0.028489594247417004	-0.012539391797298372	0.024908963700293416
-0.027110288227697364	-0.020077950166048318	0.03290868536800773
-0.026870085287219576	-0.02503580902167536	0.043015895095038094
-0.03261438978898892	-0.028827224572218653	0.04481141050413932
-0.03797658904389569	-0.028437660662534364	0.04692424697569677
-0.039045599046178006	-0.019937820761613757	0.03525251333314368
-0.041118229618926	-0.010837675707470653	0.023806115733316993
-0.03991157282534688	-0.008643921264209169	0.023149375480372374
-0.03858151854830018	-0.016110457836872587	0.035145101349325844
-0.039144486787805945	-0.02311961569174049	0.041338613236653894
-0.03707495876026117	-0.024948453921234997	0.043415195584849686
-0.039042275176313465	-0.021867435267147285	0.03369220854012414
-0.037858001478986464	-0.015316460281088079	0.019122634721661466
-0.04170110837236404	-0.010546369772381246	0.008803020550519638
-0.044824356649426945	-0.006598401926114723	0.0040592407411349715
-0.049722636544714996	-0.00312478805370168	0.0036316741949562123
-0.05068649625162587	-0.002878218322506727	-0.001554317892008869
-0.04760082891066947	0.0010096757983256088	-0.0038576125052116883
-0.0432977566401906	-0.00026082694602193676	-0.0031369560525235374
-0.04258760250094857	0.0039531237929259	-0.005444412427169448
-0.04373557364833487	0.0006889776848895403	-0.008744448884929278
-0.0379309361851419	-0.0018424421599665312	-0.01264183022432621
-0.02105044876822382	-0.015169006755143629	-7.017467635135957e-05
-0.001012182011366248	-0.03043605106806837	0.00902766837094132
0.004778426046450436	-0.03543289105291211	0.0069154310785462065
0.0021642457950717263	-0.03266357704417683	0.00570557106376079
-0.0032593149465762073	-0.029046631441740432	0.0023746080249767406
-0.009576730209438613	-0.02764553932954432	0.0030307467374341406
-0.01410583363358523	-0.0325565139435528	0.007139236936979716
-0.016586368948775482	-0.03644577113847063	0.015645576728149604
-0.017290176148823416	-0.03750126375915753	0.020797590031851044
-0.021539168984470055	-0.033712046177016966	0.020406023578134428
-0.02722141309757628	-0.029743557287215075	0.015514302417153944
-0.03247674869520665	-0.028596325617600397	0.02288328643210718
-0.029858836052155308	-0.027734431403213237	0.03154203796841337
-0.03015173652108991	-0.028264358066653283	0.036601255557284135
-0.030297202194793166	-0.023832042112733026	0.03064906371756484
-0.034990272591100643	-0.02596297138050565	0.03663041191341871
-0.030703904632788874	-0.03103592998281461	0.03513433328809706
-0.017685124142585936	-0.03907416420693533	0.03129951521843817
-0.01592622753428329	-0.04170236343223246	0.02965621386808956
-0.025611514713105802	-0.036873692202831106	0.030900528829931113
-0.04038987373382996	-0.0274770721749591	0.023875384999505436
-0.04624456294283722	-0.020173636705665673	0.018291327300163106
-0.04821182957351378	-0.01664781434187007	0.014321574383832116
-0.04711688143021171	-0.012774721075857635	0.00771000623597428
-0.049098011726956055	-0.01132072008996343	0.007951488240746582
-0.045433030778689765	-0.009949961517678511	0.0066710873902120355
-0.04478111018522588	-0.010297489839867913	0.011282978769638838
-0.04175338889562753	-0.011554868753678183	0.016683867905718935
-0.04251886023638589	-0.015365951063442308	0.028599401099393428
-0.04107526262438976	-0.01770840871779937	0.028708344183158027
-0.0335405585097356	-0.024429857502643846	0.02695422040174062
-0.0061681859250892306	-0.04207962510485851	0.019277287234908215
0.0013126944814448823	-0.043315328447202275	0.012265789598885284
-0.002128090745184924	-0.04096458636052779	0.012800693410136621
-0.008180114328410317	-0.03649010667363561	0.01831074947750649
-0.009044366869815738	-0.038429266455615	0.016832861835530594
-0.0010520878142335052	-0.03866565840526696	0.009202011663868493
0.00448846078291541	-0.043225668169186764	0.008260439360841301
0.008288128531371277	-0.041461951020855	0.012025521612554976
0.005008811986263478	-0.03692548155338138	0.016461820374614886
0.0010548419924929847	-0.03024115251454154	0.012365223676272033
0.0016747648879052446	-0.030592193659614998	0.008484634450951507
0.008966187831335059	-0.030458997016821185	0.0009176073919527333
0.01841375820987698	-0.02787550958956771	-0.0033831491131827394
0.021530513718575905	-0.02497218348610957	-0.005886054994277471
0.017921913681188485	-0.030235218675685908	-0.0028191966780975256
0.003965197526295081	-0.03313724640736089	0.004027833893843086
-0.011663323851148655	-0.03453904649129659	0.005752638529290711
-0.013410102264293027	-0.032694181032893295	0.008923271829147306
-0.006088677146295963	-0.03385405344819521	0.012540598623178042
0.0006997090762378956	-0.033717101501310014	0.006263501569934741
0.004528870912679827	-0.03328890915933487	0.0016286838518858883
0.0020371968277225943	-0.03649383771353298	0.005926910796556684
0.0012905498202978084	-0.028816272813472422	0.0076466597731680575
0.0018475854856663185	-0.029126798223886776	-0.0011707669415429401
0.007598418554034109	-0.029821315469361828	-0.012684923409656804
0.01565154997494896	-0.02979019121049983	-0.017083171481613563
0.020526848861825844	-0.023782043225568445	-0.019931185081763676
0.023443638930031974	-0.02043486452760036	-0.02090595615761055
0.02762981365290079	-0.025150411661978678	-0.031352311577488495
0.028394080241418825	-0.02713519796866908	-0.03286670883031074
0.024017544689360192	-0.02985234672975461	-0.0324977919813568
0.01828587990948462	-0.028424281761688854	-0.03229771817450662
0.01412354854006976	-0.032381927761385064	-0.030639723203930457
0.014702577111271362	-0.030305990763951105	-0.04161219071378708
0.019321043643771435	-0.02802732316026541	-0.036857639733252553
0.02918073206247141	-0.021884501686246945	-0.02731589016468336
0.035291074524133784	-0.01509189979143435	-0.02255533949748898
0.03547337002788155	-0.009699713220434485	-0.022823246753771294
0.03402161637110342	-0.005422768519902615	-0.02184918799859089
0.03366716028291595	-0.004268336126693008	-0.021223409493628484
0.03554439686298941	-0.007305781263425066	-0.021932154531074173
0.03944443195545598	-0.009977166832468777	-0.02644534804973956
0.03973970327185087	-0.01170486450549769	-0.028603220999009152
0.03600385066079631	-0.011039130796211223	-0.02554531032782706
0.033979380104860325	-0.012462386620430681	-0.023527872665765427
0.0332989860757019	-0.01194346196663457	-0.019017789508736498
0.03356651330067893	-0.011245353364197606	-0.01853749119356305
0.03180233353455018	-0.007845455986567306	-0.01644814550608384
0.030873521904698092	-0.006433245242057223	-0.014691755628136693
0.027154602313206957	-0.004761639020061434	-0.011685272351281615
0.028493552646394915	-0.005215204734450449	-0.011948069898129705
0.030631986674633033	-0.007256570789927513	-0.01562191666753826
0.036221232222571	-0.010058455333081863	-0.02044280091073724
0.03568260413247102	-0.010333326473409376	-0.019574998733767543
0.03550981142314659	-0.010988465303413979	-0.018814452568921364
0.033978363451353646	-0.011377786856392638	-0.01865367711642997
0.03495351870187296	-0.014600081245294761	-0.01860683723439662
0.03140098780258904	-0.014116942702703035	-0.018530799760361427
0.031862927675160344	-0.014770847317816674	-0.022474561656797523
0.0307000143655914	-0.014613471374586443	-0.022370220717148108
0.032504974067581585	-0.013901845478512557	-0.019161810115845383
0.02973410830983865	-0.015599585454445074	-0.018901542853831246
0.027877351148735553	-0.016517230215097357	-0.02761268996167356
0.026118501303423896	-0.019461302398434556	-0.028941985482310962
0.0281403450198641	-0.024633954863589436	-0.02867061394231799
0.030572071099358153	-0.0297091395098884	-0.025516775023551923
0.026552368193803987	-0.027841874784948616	-0.025097720418214436
0.02646741076169705	-0.022384583457068032	-0.026142256750802104
0.023443190551679198	-0.014055794980454235	-0.023448394474495964
0.02459098117404556	-0.009400969474781697	-0.021328246376501
0.02653795706655888	-0.008026488772014695	-0.020428871990974526
0.030625311442168183	-0.010184998498131152	-0.02002996986934397
0.0361498143352702	-0.014207769292343837	-0.021567358707473443
0.033918831905828555	-0.015131380951740405	-0.022871201967585318
0.03224829715309287	-0.016083615869184897	-0.022592808188825975
0.02810079836627778	-0.014327636342495464	-0.028690674849083237
0.025090569492417385	-0.010454030645264688	-0.025300792949548328
0.026780054495772455	-0.007143320153611016	-0.020447893131160463
0.029912503118267476	-0.004668120802978522	-0.01630449962391864
0.028579757790727318	-0.0006602144576582781	-0.014275940479345023
0.026465505573136993	-0.0007843217336012144	-0.017310583761838205
0.026500510648551173	0.0006223496198355854	-0.016552384451388836
0.03181384266257156	-0.003934482368025704	-0.022903651028883205
0.03670480584614457	-0.010671482190928682	-0.024063564177425473
0.039311433884443255	-0.016155419912092222	-0.025268271481388327
0.041205912612676476	-0.0206702866598042	-0.023931182412221225
0.038707593468273314	-0.023839628135761706	-0.02166131551099367
0.032324666739995477	-0.023080206723272084	-0.0196600353394652
0.026721374517671866	-0.02303091751470471	-0.022299760108050407
0.023991943318696078	-0.019663797340289463	-0.021798533627125413
0.02796341595634772	-0.01964508091613854	-0.02142388466567421
0.030031044646044548	-0.01589658017098293	-0.016256569977610155
0.0355434099237456	-0.019700875827923854	-0.023547248945689832
0.027043562393087497	-0.025146758207080115	-0.024705688268613274
0.014630448184616809	-0.030653444563246295	-0.03131811372467973
-0.0001544234090021461	-0.02218115388326911	-0.03527979244219462
-0.01776887342875324	-0.009662000218875106	-0.054697240233823635
-0.0238062949223884	-0.00905202376407347	-0.05290497841017225
-0.025307487232306594	-0.012725367761688809	-0.049821454390132906
-0.026115745533819106	-0.013787100601787668	-0.04779849933186717
-0.03405768607536481	-0.00968934691161012	-0.05186410907671099
-0.03974021308881867	-0.006537347214858743	-0.05946271908651096
-0.04126822520768014	-0.005721252861862114	-0.06636569203186911
-0.038248991851045175	-0.002447945502766925	-0.07245300475134506
-0.028661094397912423	-0.007811587819059047	-0.06829579431990117
-0.0012352053264427876	-0.019409539366369164	-0.034138042433698425
0.017885866533729252	-0.023875171829395116	-0.02249998907011371
0.027695870645364752	-0.021739831261366832	-0.02465906904210629
0.03148375016648262	-0.017246643701530125	-0.021758735248227017
0.03266809673448424	-0.01230421192343662	-0.021432502137659855
0.02982301664911884	-0.009137841677713228	-0.018759954210641975
0.03126045907243183	-0.010197237250418184	-0.020851488032781244
0.03159845060552552	-0.011681492850897573	-0.02038337536761428
0.03558925220011641	-0.013124281233512803	-0.018981642100304154
0.036030289727202146	-0.011015579642002468	-0.01970399638938291
0.0395007865167817	-0.011659868792777625	-0.021087675673777867
0.03983713426161865	-0.014516665548346332	-0.026864981029789917
0.04212573968973021	-0.02101730353551177	-0.02658608438918151
0.03798805085497368	-0.01698268724842645	-0.0262640970032987
0.034285694818310335	-0.011349871148739353	-0.019436279861728023
0.0319761633089752	-0.008118382209763884	-0.017507417331907256
0.03475313095035597	-0.014087012066110864	-0.019304064968049296
0.035088352105472745	-0.015834430710992397	-0.018839764187979474
0.035617951568891595	-0.015694611242492797	-0.01903297901523484
0.035671832907455306	-0.013544877858988714	-0.02038713161929053
0.037819286322496766	-0.01627415677257065	-0.024209543019178936
0.03519829155369314	-0.0267472787575841	-0.02524419479144334
0.02071438334620306	-0.03255563696281156	-0.01840587819230558
-0.010290954985327245	-0.02952962346264434	-0.014893483795376992
-0.03479005394960176	-0.016499143875695108	-0.03626013986339976
-0.042460979559663166	-0.015462764713951286	-0.03432213688764605
-0.03780831837027088	-0.02516168774909566	-0.019232170749695198
-0.03406463353102176	-0.035427798288610826	-0.0003067854082187266
-0.036011242456789896	-0.037353297662302075	0.005113174071262001
-0.04802599774262649	-0.03306332251124665	-0.0058428892731338805
-0.05197301378337444	-0.028618176518295353	-0.008616902947137905
-0.04575513240517491	-0.030792726309536608	-0.00863413784860069
-0.03345126387504403	-0.03879588204272982	0.0017616440558165802
-0.01978504116657185	-0.04498389998985622	0.0010185794413046373
-0.020563369970277315	-0.04470812533287404	0.00404882538452845
-0.036553048277582594	-0.0318110509086195	0.010941256289941755
-0.04679819832347157	-0.03133532174132147	0.019697259686689374
-0.04903480933128009	-0.028758579970055553	0.019204094648375532
-0.04420859278563117	-0.02944371395854957	0.01835033160659117
-0.042904453494329683	-0.030113447692828272	0.017586474078453207
-0.04291890165662248	-0.029212675539763956	0.018485733093600576
-0.04496700713916621	-0.02752649948934613	0.015878453220544764
-0.04559213978171494	-0.024353126191791388	0.017183597280618648
-0.04430388207678922	-0.028364750966890003	0.024091230935738416
-0.04366017667451258	-0.039059225436162436	0.03812039423010753
-0.0432014364739268	-0.03921244684265826	0.04044866834569729
-0.04391905414946803	-0.04165484509369306	0.0416697965409737
-0.04449356093224596	-0.03473672048734304	0.04018663567973984
-0.04828144687526377	-0.03274732212141728	0.041442643041734874
-0.048256685512192414	-0.022741774675911416	0.03389691857014377
-0.0500269494052203	-0.014853658257069826	0.025695025643755164
-0.048150849415176	-0.01691429832755728	0.024720168235878116
-0.04931073240146818	-0.023834375826895574	0.03271651731722564
-0.04998186241856153	-0.03095138094275714	0.03143701548890327
-0.05132994368255275	-0.026864699129456424	0.029665246602016852
-0.05544869513784898	-0.01988407613950687	0.019644597755224126
-0.055259801918769454	-0.016305754214291066	0.019265342264443083
-0.05502065253054762	-0.015875593884309248	0.020342193115680834
-0.05347209671752419	-0.015979802340267774	0.01589412808508269
-0.05309706690736125	-0.012845871420581743	0.008715782086340718
-0.0546785660101607	-0.01273229600018208	0.0016993095095304486
-0.056052148832474544	-0.01234310886640338	-0.003543408385433676
-0.05406543721930029	-0.00797661060378193	-0.006969506279726437
-0.05505280555013751	-0.008138462340311107	-0.003058977484914724
-0.05143920915566498	-0.009825702566285484	0.00011675247527112576
-0.04626722717220601	-0.02492530245140019	0.009969963243542393
-0.022819593726276833	-0.05000387254357992	0.025943145700784178
-0.010395143511823444	-0.05573990378168623	0.02457869545402014
0.0025415079253425774	-0.05113356232819584	0.007661659981101536
0.010881704472748187	-0.04760094694466393	-0.0007580265206707758
0.013144160495367867	-0.04602195128784027	-0.009104305229975827
0.008744742788924943	-0.044846179546698235	-0.006861499911580351
0.0009037757288057616	-0.05107740949174178	0.002217881537377831
-0.011752898843059549	-0.05043362780748247	0.004681712697384132
-0.026208397182740043	-0.04274704432659125	0.002268545205328546
-0.03496330175281936	-0.03574179379268462	0.009058620150902336
-0.03827767290477342	-0.03239833613450083	0.014296472588627748
-0.03915895708463786	-0.036003377989160985	0.019318947080644383
-0.03963668960233959	-0.03536542945260934	0.017370061764509476
-0.032890453845351664	-0.030922393713611867	0.01750288129045703
-0.020912577402573785	-0.03002595486008312	0.010467090868824195
-0.006734295088904385	-0.03665094645033954	0.006688977146861505
0.011063534866968565	-0.04476714013450524	-0.003393036047822786
0.015414575622502707	-0.046095491957930904	-0.002670577563342623
0.013653468878630608	-0.04615632130608335	-0.0019501352864237636
0.011659837124071863	-0.04562598464254563	0.0022699214753662145
0.014211866296522668	-0.04183373622797612	-0.0022411095960430446
0.020577154701229543	-0.040655660245630436	-0.008689524518122802
0.029931337204134715	-0.03924639033182976	-0.019736418113934246
0.039708259335170415	-0.03686251754111387	-0.022734995711710622
0.03518031768089278	-0.03809693709356151	-0.021306162529597654
0.027994064310677125	-0.04039870101372027	-0.02051985316835731
0.008922524923221957	-0.04540789919254466	-0.02109575266744949
-0.003054440463307037	-0.046121849068833154	-0.024677672688031747
-0.004622473074207885	-0.047149977121068935	-0.019985628415005653
0.0009012982368453856	-0.049389822833159916	-0.010290424010156963
0.008053388345848182	-0.05216222257929612	-0.006168231875817894
0.01576476754457855	-0.04550688344472111	-0.002390155660890545
0.019273624720121844	-0.03834617272576886	-0.0022030685689398595
0.021725300951395996	-0.03585876717066212	-0.001544215300618993
0.023269616058604593	-0.03581645538004602	-0.0064414598390321355
0.021946552227134864	-0.04082121031750834	-0.011494216829444192
0.007495491681015618	-0.04515421012489165	-0.009682961794141728
-0.019499135914126255	-0.05717225358595937	-0.004148102786380822
-0.02256370645549784	-0.058775102263608096	-0.0008307624424366659
-0.022341697251612027	-0.05657011660054689	-0.005337259744771911
-0.028608812385197184	-0.048161207508886264	-0.011071242328138171
-0.043347963220614204	-0.03251908143757319	-0.017532715276190335
-0.05231665004509899	-0.017260937027910726	-0.02865950058423389
-0.05710947552734136	-0.009145530828843276	-0.03216796190106587
-0.05644849767628549	-0.0017977914316498588	-0.03816302761593527
-0.057475244706042976	0.0006259113051984696	-0.042372831173976194
-0.057878113279750364	0.002341720262617984	-0.0481755142330405
-0.05782950951168077	0.0006085836818312274	-0.0483760409013726
-0.05619120322357441	-0.00023243787710414203	-0.051923249404401864
-0.04884984301514981	-0.008412326060071662	-0.05167066934488143
-0.03933761866256718	-0.01694239118949925	-0.046821597606433535
-0.03491664736207253	-0.01987240399621797	-0.047407900241980015
-0.034692613873568284	-0.01626762877122283	-0.046892369630552475
-0.030999862548252446	-0.017593524885866074	-0.04604122577705715
-0.02968463820290225	-0.020238886711919285	-0.04301782618195485
-0.029472500347526714	-0.019833327024344143	-0.04085437358468905
-0.03140895744069699	-0.02122540973276413	-0.037806411566125436
-0.029813398286452828	-0.022309927648922697	-0.039205341912943656
-0.028159305751475686	-0.02725093293400129	-0.03944203167379798
-0.024884690248267952	-0.027412872849262575	-0.04050311832782955
-0.017444218236457632	-0.032189795474825166	-0.03524409612787562
-0.003809523836859675	-0.03847707286522345	-0.026243697283209955
0.005158999659605418	-0.04212006601642584	-0.022166264442239035
0.011612590863188136	-0.04227207881456711	-0.023187755745410404
0.020087472042508492	-0.036220883366023915	-0.02237271233040171
0.02837444808662997	-0.03270945916194882	-0.023907764033812392
0.03147454958222758	-0.03381018667656194	-0.022819232488500818
0.030906567328416356	-0.036648154254692186	-0.024397357695556073
0.02920634142965391	-0.03544399265705904	-0.02297988138685004
0.03152464767081037	-0.035072382881279375	-0.023799445607296882
0.030498754995089052	-0.03296732175280491	-0.02318298069688032
0.032632756806065887	-0.036054006095683815	-0.020634257568974627
0.03139102696688509	-0.03289127470743333	-0.019472498207455308
0.03268084757267368	-0.036836722367289354	-0.01848271405815933
0.026939039845627184	-0.03777426191225122	-0.014285993189292454
0.017811818068655037	-0.04132577818763396	-0.008973557374357888
0.013088907197227061	-0.03994130089141941	-0.00822663577660206
0.011523310548863446	-0.03809135808707643	-0.006543092401640487
0.013035567681662252	-0.04013162445131333	-0.006410268986183415
0.015135122709711676	-0.04237268581300559	-0.01049195868533947
0.01947081910816031	-0.046056805828055235	-0.010741468304386551
0.025149145639569485	-0.046464126361211486	-0.01055285879119093
0.019678999532726275	-0.042895257497642905	-0.0033712138834138157
0.003442186456397429	-0.041512613632735194	-0.005951661915876009
-0.01309167496178165	-0.04030712952877328	-0.013211013582835836
-0.026174182921885527	-0.03433289708726423	-0.01305866411357883
-0.034519858399498386	-0.027021579805503123	-0.006679350976794982
-0.038293219927581244	-0.027124608640441007	-0.006216916400256192
-0.035950764014026096	-0.02790016034328681	-0.007283566104285152
-0.034286411180411036	-0.028058545176006738	-0.012658597871642776
-0.03192751562153038	-0.028924509681475318	-0.007723372582287467
-0.026614894361044975	-0.03215204255200448	-0.010634126468075558
-0.014761214404188008	-0.03803215306065624	-0.014434949497897231
0.0007987197419325671	-0.040480846287681185	-0.017046105417788084
0.007132518137000381	-0.04376982937554036	-0.011765542120866281
0.003832576677606682	-0.0484304972829079	-0.00804306556047791
-0.013984034021039385	-0.04621345607637309	-0.0035121042700502203
-0.039004440121082784	-0.031188729413722915	-0.0030199643599509787
-0.0494801328904071	-0.01830763850599383	-0.0031752331755370705
-0.04841913611208775	-0.018226301276526875	-0.00279316073418847
-0.04269428324370355	-0.027652631742650403	0.0034068056423797455
-0.039535471997582124	-0.03165694719872826	0.009618360142535615
-0.04261896019398988	-0.03436836187521431	0.01828311195949625
-0.04921057194617857	-0.033941348795879865	0.02143615050931561
-0.05182702889016389	-0.029648425139002565	0.010048247133556475
-0.04999194490176013	-0.014995288673251641	-0.0027552481549192043
-0.04804314138239117	-0.010916161826759606	-0.0033294730733151173
-0.04821182291334051	-0.011182865033237361	0.002863726557341982
-0.04843019288066216	-0.015788851359322193	0.007537121689938343
-0.04807657152409488	-0.019378571210258065	0.008235862787618647
-0.047460818163122656	-0.02440581242473314	0.01129784769002911
-0.048183111272895894	-0.027158235873718933	0.017735417991805884
-0.047157283989044466	-0.025864476416547818	0.020916954637574994
-0.04754166640461322	-0.026340806622993686	0.024995280179563456
-0.04551107305229161	-0.031114148967703526	0.028506628231331717
-0.040299555731986667	-0.03133639932588455	0.028590641891946524
-0.0352408986980724	-0.03283582375713471	0.027774803550571492
-0.028381825333372614	-0.03604286774801299	0.023768041953710153
-0.026284378648413955	-0.04022150696107792	0.024158815192549393
-0.023074624013460054	-0.040875099961555035	0.025310028844397647
-0.01856058093701812	-0.041064484244615375	0.02233265367132853
-0.0156100478239695	-0.04328765437648136	0.025648344485748847
-0.01614091826660024	-0.04078617423980016	0.023548859058347714
-0.02309056888587489	-0.03724742389458303	0.025137528837978873
-0.027321301016291266	-0.03589663658208244	0.027501536326158524
-0.024439867589734487	-0.04344780492777801	0.025582533570135013
-0.02297011582203922	-0.04684837833068919	0.025992834584560667
-0.02099024611724761	-0.052431825462254604	0.029744350879721874
-0.019654233410664104	-0.050093311373781785	0.03339672072221055
-0.016788414159920485	-0.049687873422516515	0.030834209015486645
-0.007237908012604001	-0.04813793741221973	0.024583741481115803
0.006209621315540391	-0.04287504222061516	0.00605526611064439
0.02036586741769645	-0.0435120128207229	-0.0008757274036847416
0.030009633159583438	-0.04068069157379434	-0.00804464349604558
0.03454704360221144	-0.036963721891182376	-0.011534550189694723
0.032453863696062894	-0.02778145107669598	-0.009680737234766465
0.03046340266120329	-0.01920439488257983	-0.012350699866837907
0.030658491545974047	-0.01833576852483655	-0.012402299397485463
0.02704063104744338	-0.020137183533853773	-0.018008287760676506
0.025890893874818573	-0.02870238304898498	-0.02029499810034357
0.024437058505103134	-0.03345326268288182	-0.018407214839724222
0.02708248404523762	-0.04202025988175439	-0.009769759550900602
0.02261473643638005	-0.04521290140718503	-0.002553561110488524
0.013021443941814467	-0.04517814009007412	-0.0021252574437317356
0.004759860613670444	-0.04357232909763564	-0.009498996028172835
0.002048488574893358	-0.04750749167035278	-0.006655639786858296
-0.0026440357503797144	-0.04729717609699843	-0.008091850886226746
-0.014699719552512652	-0.04476300462024397	-0.005057566737299219
-0.030361591594928614	-0.0332760198145763	-0.007771026102744764
-0.04624454022720562	-0.01999437158732194	-0.018519674092828977
-0.04946857066505808	-0.012159744469592443	-0.02367685186385242
-0.05457761386320973	-0.011214816514479845	-0.0199032444444563
-0.05666410074524538	-0.012472407717191774	-0.01594075565484359
-0.05761179842846036	-0.016512244435228845	-0.004049504789853602
-0.04574130267252394	-0.0300823710508094	0.008309612774571318
-0.031142349296445198	-0.04531722329219297	0.014076859444617593
-0.022433054336171373	-0.05247638919947305	0.016669577792237593
-0.02289373110246825	-0.04994096521757512	0.018242569348610266
-0.025417532674089176	-0.04722264997684675	0.018687408011107656
-0.03117938588337112	-0.042306713293046305	0.017271529970787416
-0.0368861614781935	-0.042875465281289805	0.018929769858267005
-0.04017989824758838	-0.0399200886048079	0.01797199493195953
-0.039547368072059656	-0.03907341813308702	0.017544888544886478
-0.03269297427803384	-0.038894378043380945	0.013609095282429547
-0.02451005247357766	-0.043207649924089674	0.013534577595301911
-0.015690739377682728	-0.05099611091257683	0.015296692616331542
-0.01394519334557033	-0.05503925681842488	0.019165432883534866
-0.02047800589173431	-0.05256122292409446	0.021074502110832484
-0.031646606107543634	-0.04494717502592819	0.019586932451875108
-0.0412596085070632	-0.04114259636598967	0.023471084570808043
-0.043384124262094106	-0.04048802354949517	0.0253554138935307
-0.03633195605627245	-0.03925018883052629	0.02419527340528782
-0.01321516157722811	-0.036513038681070364	0.009187428580049778
0.006660055007971466	-0.044786022418801266	-0.01184695310230545
0.013888651878972931	-0.0488004713252472	-0.01447756149342032
0.015378437599187205	-0.048387364785721684	-0.010396201342201572
0.006867330777248524	-0.04466528487047532	-0.008433906449618375
-0.0002044133060654628	-0.04056823887603307	-0.015268224657447236
-0.008233764746629239	-0.03986806782770774	-0.011783516925403251
-0.0134109708012645	-0.039796022105083685	-0.0010009412902148435
-0.019473150639337408	-0.04429069251226586	0.006271686353697532
-0.023635864246506395	-0.04404742137524112	0.0073908574875740235
-0.02502619584561578	-0.04692253828259432	0.0031334862109754814
-0.024194404454556333	-0.04664440632970159	0.002307180340865439
-0.022608076800156758	-0.04358996207662229	0.0028371491581156115
-0.026981480158508167	-0.035973115872421815	-0.0011526957174469651
-0.0345936193128528	-0.02591086444951547	-0.011897493621578253
-0.04455312704207163	-0.02157405886526032	-0.016473890639399462
-0.04668550828030948	-0.02328191406648019	-0.016299716922509293
-0.04449017898273967	-0.02995140184532084	-0.007095308005710933
-0.04153207691548605	-0.03526970562283219	0.0006225176450170289
-0.04045576222343911	-0.03417572447271703	0.00531674312693331
-0.0435775976074231	-0.028561797633153824	0.003361246509545522
-0.044072883310836496	-0.025763495246035918	0.005975987066211053
-0.049035981415776767	-0.023969737329662632	0.004683114335326123
-0.04952189171476316	-0.020421111241436123	0.0012916535456135303
-0.05451419580671924	-0.012786776996197053	-0.010332182815965409
-0.04901799879755766	-0.009679829773021611	-0.00990060399939878
-0.04763373034183833	-0.00853395580123663	-0.014343120137668829
-0.04874808958196656	-0.008746706093161135	-0.012189553695838268
-0.05340038796880597	-0.014840041945439088	-0.007930641190898362
-0.05215824496153678	-0.020951154196021324	0.006583932163905584
-0.04559290592907438	-0.02561857050245623	0.009689652807376027
-0.038724747719056374	-0.03161621691259279	0.009956643915613322
-0.027245557423998135	-0.03866723848281978	0.0031928908373739795
-0.02300617066338049	-0.04471158349672896	0.004529366260863976
-0.0223944653821739	-0.04154863828868121	0.005804912734567954
-0.029259219090172914	-0.037694226320564586	0.004375862750027094
-0.03711235831152118	-0.02915863204298574	0.004471660108357096
-0.043865750832134946	-0.01857471786285532	-0.0005769732246836343
-0.049222645765680535	-0.014469977671808052	-0.0022665256657767793
-0.04484581072649374	-0.015498846466404403	-0.004566668585853313
-0.04183908902559043	-0.01234615563323342	0.0003469865020200996
-0.03591204002099972	-0.008729864004667033	-0.0004923070181346856
-0.03567567822956947	-0.008972386715647027	-0.0037704352149570616
-0.035472040968282	-0.022036317344227497	-0.0017171697311379186
-0.03864761738403498	-0.030100796455869945	0.007346283951556107
-0.0405461860869636	-0.029615891139494387	0.01216106303600347
-0.044453994374455255	-0.02491114524631786	0.012598840252500389
-0.04695859432555235	-0.02399462379546719	0.022037911450404957
-0.04570695521917852	-0.024686180463877428	0.02104968885523858
-0.04156573590147176	-0.02471146645369259	0.02135878225193036
-0.036928169947890166	-0.02482010637865063	0.015330387268406305
-0.03859007149780367	-0.030570144685429203	0.02354644917970153
-0.042709508287940776	-0.03527742532643505	0.02029773600036123
-0.042456409501486124	-0.03740218521047298	0.01986062889974207
-0.04283763627048723	-0.031537882515860635	0.013835327459410095
-0.039917490456773286	-0.036167254871871085	0.020014646106493568
-0.03879505215717129	-0.03443670712606177	0.025407971649265865
-0.03579400019510172	-0.03931431981136581	0.028981777698487636
-0.03693121179316699	-0.037455497072013316	0.01980000675926539
-0.03988253253299257	-0.038592928668535094	0.017659681619097076
-0.04182887350563558	-0.040174895365962034	0.021192014028841244
-0.03631321367411815	-0.03989843615105678	0.024877877595072276
-0.03444460370400331	-0.04021004746953888	0.01889066296041446
-0.02865699734168032	-0.03733585785133197	0.016397807759322362
-0.03247850843441573	-0.037249097711047854	0.02246115122511902
-0.03282845694559444	-0.03445587679904316	0.024917287740958347
-0.038612613781582115	-0.03539797996786247	0.030958360066175493
-0.03963964409961538	-0.035432540945149964	0.024311056660207428
-0.03926601002669639	-0.0348686953550205	0.021534305339997326
-0.03586685971072612	-0.030541230364221267	0.016066106978080565
-0.03486838777988692	-0.030968343832989326	0.01758251966158078
-0.030523703079582076	-0.035249115934762425	0.018130618904793474
-0.026141308438563198	-0.04043396911962705	0.019649558776343386
-0.02433033369219143	-0.03797748951866827	0.024100347700801678
-0.02905577960914876	-0.03507089499506539	0.027912037945849646
-0.036847058040960716	-0.029645900237844212	0.02967562650123398
-0.03972888041607949	-0.026093163379709572	0.02285646375757689
-0.03948349025414861	-0.026797112169573097	0.020777755089384606
-0.0346273925983911	-0.02698279238174493	0.01830980697797844
-0.03139770297753025	-0.03018423861979744	0.016400690338475937
-0.033242906800852755	-0.027160208318343315	0.012893042072650358
-0.03895479161835592	-0.024998496731813008	0.011049382781492062
-0.04170830833783948	-0.022442884334875308	0.011943972949404226
-0.03815001712192666	-0.025282215079689935	0.02218132500296531
-0.035888767277096376	-0.027543829049148476	0.028862225655380207
-0.029286868860643762	-0.033162959750626865	0.031890604332624334
-0.0139586208670092	-0.0393964261966332	0.013482177906696268
-0.005526440099274429	-0.04211845851473755	0.009938068008070781
-0.006003204341010552	-0.044528675459889935	0.00502393630128402
-0.006417657086453632	-0.047074847954542	0.007592069792096927
-0.003521539631880059	-0.04877999062794986	0.00378206407131957
0.006018516756747067	-0.045075920537821425	-0.0014895899186763133
0.0159316712279884	-0.044431749676345625	0.0005521094188537211
0.01971915850657354	-0.043005584220432436	0.0020399593780124937
0.02200166919183227	-0.041168412521593	0.00546041803688492
0.015193617278090387	-0.039839121791173514	0.002799096269309737
0.012057874691974921	-0.0435832775843419	0.0005994719610772116
0.01120183799708983	-0.04576481536817058	-0.002232584848408773
0.015251947276415002	-0.04492644877594916	-0.0029588900998522814
0.011945688869507474	-0.0434509352523249	-0.005002573309527239
0.00020200309415042853	-0.04133989229420567	-0.0037362923194995314
-0.009935104314817712	-0.04363726237558841	0.003960586507421416
-0.01395446333416704	-0.03756811082179842	0.0055606692789337345
-0.016470711059397868	-0.03309004623141484	0.003002763921995919
-0.022790676536638757	-0.028834133317805193	-0.003826447543020646
-0.02864010457847782	-0.033499085879936455	-0.004106922581392013
-0.034949138177609994	-0.03111214730104959	-0.0038344950944151877
-0.033498721408626274	-0.029722235128918358	0.001494665129009129
-0.03870496542898287	-0.023272873107547633	0.004874264040800352
-0.042507650520534436	-0.02031045668574659	0.008100701884945348
-0.04573069662266699	-0.015171898526226966	0.005063918931601311
-0.046016046440141824	-0.015671369566711293	0.00625911144601355
-0.045037212781967366	-0.021901357398906	0.00726172148580026
-0.0466681366146976	-0.02580987467223499	0.009825886647546939
-0.04383123991857509	-0.02604775324945611	0.010184864012791728
-0.045206022117778924	-0.02142108501787124	0.006837575795505028
-0.046692765904889424	-0.022180906843287183	0.0031463690756221505
-0.053188480080607	-0.01862417442058349	-0.001079678747679516
-0.04801563330937694	-0.023804569327112845	-0.004825058307164551
-0.041608258350073736	-0.02397592179410344	-0.007106172160488873
-0.03748031079333249	-0.02748376330061113	-0.009278386162438763
-0.037147463793477935	-0.026163228968234302	-0.012931213194856819
-0.03234371941647503	-0.02941998133212865	-0.01149786281059386
-0.02687936087253895	-0.03310428095990479	-0.011509962309159794
-0.02196937387611564	-0.03275568264565079	-0.011975638418390248
-0.020910394273168768	-0.028739791453190184	-0.015836705225538317
-0.020868814552675197	-0.026109389105428874	-0.016100547691564465
-0.025694043218893	-0.022836775089519645	-0.02040199508889629
-0.026779106501304353	-0.017986763468580372	-0.02332078519396117
-0.03231073010640196	-0.010515262240830983	-0.02316938128982282
-0.0286432234978925	-0.0167358415618415	-0.009930031171594286
-0.02958819543152138	-0.02130676856413893	-0.006987447490471362
-0.01904255888057566	-0.029447169615938056	-0.009988352511229186
-0.0050063373401879	-0.03733679869190736	-0.015138138799829181
0.00800352938970793	-0.04239958903453782	-0.012522428666848604
0.012927931191052702	-0.04149152414325626	-0.010007175487575896
0.010876306753572209	-0.0383543272250324	-0.012445814251510996
0.008182742746368932	-0.0391328278574954	-0.01596874149652914
0.0075773738713370035	-0.03681134300460063	-0.011612607325020261
0.012196086956615164	-0.0363128038844083	-0.012506612101804431
0.018610326307521952	-0.03268570173655344	-0.010367848155342724
0.025933536503194514	-0.034863832587565195	-0.015649911739115233
0.028983015254024885	-0.03340609516867596	-0.0142187018749058
0.024289929911169423	-0.03542785137664182	-0.014319185510301528
0.017261628239404723	-0.03323687198659435	-0.015404843393247835
0.012814245989749205	-0.03391685659178071	-0.016641719971122133
0.010558890789485917	-0.030169709526599545	-0.015364308474105104
0.010785701614085829	-0.02828990633857203	-0.015448483102890424
0.012117194312989738	-0.02415182028117647	-0.01314902787790813
0.014413141319232737	-0.027380586452581953	-0.011008165523923866
0.01712658653147548	-0.02979557703749542	-0.00243125855773757
0.0189956938141766	-0.03373706041901008	-0.004591549097655859
0.020828008644413826	-0.03362865263606281	-0.008268680639446163
0.019732086637643243	-0.035550859003534545	-0.014092271854020132
0.02072443372839079	-0.03455009337535924	-0.01102127335270707
0.02349807671268069	-0.034028366110724476	-0.012706983817807646
0.03116174445981257	-0.030940305053809042	-0.016052355106395293
0.03679308741944185	-0.031148303221649454	-0.01897721800035703
0.03765280284491695	-0.030104011293793677	-0.019334868379101935
0.03741900418073597	-0.03156272462592445	-0.017121027399867907
0.03259977679336667	-0.03139640930569073	-0.016282879483763738
0.02985495166834121	-0.0348104898547265	-0.012895441580847457
0.02605228701380145	-0.03998760567946546	-0.012695916828445102
0.025995792718568035	-0.043785504190068575	-0.011949177687381587
0.023734534102594313	-0.04318896190518238	-0.012736484949121253
0.021512735031006286	-0.03929235285804243	-0.015792033731974804
0.019578242604327296	-0.03571393673224758	-0.01863935326131484
0.018581207060704777	-0.03432243793825496	-0.022983533999194453
0.01811838736863752	-0.03622857734257619	-0.023112711916321648
0.014034008082259793	-0.03576589456650006	-0.016636314634166417
0.004918064052931642	-0.03247764393701593	-0.012990699594721253
-0.027246239016136844	-0.019722389336729755	-0.025449544906198555
-0.0402476433522246	-0.008474784107327174	-0.03385139348765987
-0.04387335160481985	-0.0006074317910706877	-0.03658731773061634
-0.04362538795321467	-0.007596987988280426	-0.028422774550704234
-0.044665937222101014	-0.0028133923738090333	-0.03329302005204997
-0.04663826522963929	0.003286247305235924	-0.04286186270811435
-0.0471092881918469	0.01739521361669407	-0.04599259253979626
-0.045139990026556005	0.02286851899702882	-0.04657022634918935
-0.042272541919377515	0.029878460957251645	-0.05078426247154499
-0.04104896610312996	0.036227597799884846	-0.055959389699731354
-0.036512550711737264	0.03489566713117586	-0.056332132735120805
-0.0356650242471708	0.034524684786632585	-0.05992568903872386
-0.03566032766509889	0.03330875644475814	-0.06182521904304428
-0.03997110866239186	0.028061553070567003	-0.060124697942211466
-0.04170429737037872	0.02179494400754201	-0.05418456829799577
-0.04324667747772584	0.012487407319212685	-0.057017915527729626
-0.04116918120573712	0.00738274599719777	-0.05797484463524854
-0.03856112369765749	0.001858577438915125	-0.06038365422928313
-0.02820372791269034	-0.006703122457276114	-0.051121923635480716
-0.0014384026684865364	-0.03003019759376359	-0.029093867336094863
0.003411618323279243	-0.033153964307771795	-0.034687927430746744
-0.004454657487029569	-0.02644319552107563	-0.04512313679794677
-0.02691482158478684	-0.005332016085884521	-0.050253311842150636
-0.036950864737381114	0.004819651322163122	-0.05705467782241132
-0.04223345690686547	0.009707376350508907	-0.060787534385285204
-0.046962011583137654	0.012338026503389945	-0.06509488020307141
-0.049627142419931956	0.014412812159754458	-0.05852273838526394
-0.05006824450059889	0.013615410973013097	-0.05897828052914457
-0.052280018769677264	0.012775455799586511	-0.05638814510116033
-0.050348469580806826	0.013161562610056963	-0.05550852120005367
-0.04994344842143807	0.010759622834559833	-0.05355931429744451
-0.045472973789164324	0.00913881551911294	-0.05213901122503028
-0.04523347850156617	0.0032383746989901375	-0.05254964685829544
-0.04631768543642452	0.005249987180291706	-0.05166799672096427
-0.041992444968581503	0.0006913859311155528	-0.04593826422982415
-0.027934104323234996	-0.009086596993504385	-0.03109315632391278
-0.013063043220061337	-0.02592060350794883	-0.03165528986234932
-0.012288070259860395	-0.027927636223478738	-0.02955078963949187
-0.025243494534675833	-0.01602465332092318	-0.03331177684049068
-0.03353165782468777	-0.008586061585732573	-0.040260159171296835
-0.031348686187945014	-0.007004186590379002	-0.04132045095137983
-0.023317852550908312	-0.0077242115150056145	-0.03614915912431109
-0.022612386151778893	-0.00857349618363943	-0.03735658670564124
-0.023343486589882285	-0.012349112010140674	-0.04254366294600816
-0.018907306619237316	-0.019010935042475717	-0.04612949829173259
-0.01704884467120292	-0.020026502916769683	-0.041525463914655725
-0.017973330271620524	-0.015474570541237291	-0.0450370619355346
-0.014725290975363391	-0.014992532474808437	-0.045216517533200384
-0.005995955172829898	-0.021215889977683755	-0.03823219446842318
-0.004359587565224362	-0.02104432486705969	-0.030218969457455194
-0.007383276740970562	-0.019758964962215065	-0.02296491611796222
-0.00669291401379443	-0.022487865717597904	-0.023252779419851877
-0.0010393942397215169	-0.028330538869638783	-0.02231214085487909
-0.003757530266405843	-0.025064413722743543	-0.024492148940167095
-0.02336009976577746	-0.01501244065529217	-0.03799836216878895
-0.028428407421027868	-0.01406667548276097	-0.033877562401008095
-0.03537156823443983	-0.014511019654719884	-0.027658548952420276
-0.04184430267938943	-0.0008405709846704294	-0.041072884401852326
-0.04887434551195221	0.005882865696375171	-0.04724851908376087
-0.04550160813189458	0.007302840292922585	-0.054123386487123386
-0.043739158964602474	0.011076294661858799	-0.050805357826447746
-0.041473084252561326	0.013637243459605446	-0.05087445472754396
-0.038524813659380354	0.013986867883258819	-0.05178258010965755
-0.03608518348772352	0.010664716132004225	-0.05393209534591435
-0.03564665543014263	0.011560964702327939	-0.05344212507618571
-0.03816885407526261	0.011252687594517835	-0.048200429448161344
-0.043503186925654795	0.013747408146341867	-0.04766845919662365
-0.04494551843431196	0.008532903287050536	-0.05397993797403775
-0.0479490807196967	0.007264797001019402	-0.053663943907192826
-0.04027111010475757	-0.001842767132277504	-0.05013529654601098
-0.029335776433875912	-0.007730104905397928	-0.042704595083242015
-0.018847749374461233	-0.014518022753700911	-0.04153336528053446
-0.007106501239317618	-0.020547107691814157	-0.037875692584653904
0.007365151093084868	-0.028649945716203353	-0.0287030377435299
0.015379917678002423	-0.03086607809595251	-0.02363688803712026
0.018193159035716742	-0.025085694883112006	-0.018216813987130216
0.02078270015764882	-0.023353837225954657	-0.015000938782604077
0.02403248553860401	-0.022523748516545497	-0.009520004661186961
0.02428231258825948	-0.02644416333121872	-0.0061507866775385965
0.01651754609237894	-0.025839135686302084	-0.0033103049559237603
0.01463224688300095	-0.026088280474914138	-0.006305562306255426
0.011140513067243871	-0.025615449721614177	-0.004841644884667696
0.013493547395457592	-0.03208005259449102	-0.007725256895763897
0.015014427848415243	-0.03275297575011603	-0.004675578725515531
0.01793021053639868	-0.032822145212898814	-0.007230664662023031
0.015868111312859968	-0.03137797330269804	-0.00574970423627762
0.012115687753964328	-0.03176976817564584	-0.014652718162708512
0.006289117991894546	-0.028317261002557305	-0.019608148495827198
-0.0026532868001745095	-0.02029164398679878	-0.030636546936433695
-0.018379047003074373	-0.010713214657780284	-0.034812239794372424
-0.027753521090836553	-0.005464421858693404	-0.04487540504762182
-0.030967261927343136	-0.00454241832242778	-0.03915472354267323
-0.03515653602853106	-0.004765553667360007	-0.045158309614457846
-0.033946145825999474	-0.0031925064664083715	-0.04110939821791047
-0.030960416731425123	-0.0024518252988389275	-0.03846748432217009
-0.023803655527696175	-0.005250333337171588	-0.02594031056274973
-0.014128026694194008	-0.012699597810636835	-0.015009742220668167
-0.005722287723466705	-0.024108511970523876	-0.012893717834165213
-0.005937157175170501	-0.026452249391910227	-0.014519330323238544
-0.014636300237470659	-0.023680679960831397	-0.01970429292978841
-0.016272057975617114	-0.01960169215438006	-0.019530363795491248
-0.012568693667200115	-0.01991170889740053	-0.016313031573210998
-0.007736579007338845	-0.02587454268927468	-0.016176050348325158
-0.002193659215084544	-0.027690168766972355	-0.012326508155408023
0.0031028099301137154	-0.03201156934394134	-0.008766063862883904
0.006032916390702191	-0.029168517881652666	-0.005310857856023522
0.002789063353839211	-0.030989752915231	-0.007937654028515598
0.003467398852811167	-0.028605772594744262	-0.012019811015691476
0.0008866092149941773	-0.025548472672288602	-0.017665011383485692
0.0002680119281646384	-0.023227556493602284	-0.020319913040247793
-0.002356285204392955	-0.020820107722368867	-0.018556975432949423
-0.003464295976124395	-0.018254484023850395	-0.02412178028731731
-0.00788390408994993	-0.015742655958778703	-0.04092812130748863
-0.014397214361624774	-0.006428800215516143	-0.05641663855669664
-0.018995859930027458	-0.0035536170750857144	-0.06072611768963526
-0.01605062672524712	0.0011803731726923547	-0.05019609250786597
-0.018253776189851564	-0.0019483503839104652	-0.049271360883051826
-0.016857295962764706	-0.0024211040770640165	-0.0431475146157285
-0.01854381055503491	-0.003339506386896857	-0.045288524322048676
-0.009885345001746437	-0.004730039894738467	-0.03653875046154436
0.014667054975699704	-0.014778124504017179	-0.017481969410971385
0.025704709566128765	-0.02075201238777551	-0.011444813864270788
0.030207010490205275	-0.021758616039738964	-0.008244553148848643
0.025435777164873292	-0.01854867957286942	-0.009694240821644273
0.020629008521175777	-0.019194344329975185	-0.010601461174231917
0.01896362661186623	-0.017575194680825607	-0.00920443057671996
0.018669923338053646	-0.02057408061719471	-0.003401605156030614
0.017672504629846358	-0.022014197961426674	-0.004169201147250008
0.018581184694895468	-0.02399830517771451	-0.004331235480743691
0.025309961671991784	-0.0214761836136329	-0.010229350718526532
0.029029976118919224	-0.017409819182715048	-0.009816003827247007
0.025474112879162406	-0.017140940903176416	-0.00928669055381963
0.02147999638743401	-0.014369205787446727	-0.005649283860007476
0.021708910890642624	-0.014053209967764739	-0.002045666628879346
0.02802723503430157	-0.011997344950440558	-0.0024722717099077522
0.02935942274788316	-0.010708625029192858	0.0007574509248255458
0.03036554320542804	-0.013088674319519959	-0.0028012290949512263
0.028211165846065464	-0.010691428294063544	-0.0007530167318892181
0.02653943791840535	-0.010655010975581063	-0.004835283051718667
0.031944976544167634	-0.009555068899813177	-0.0032461411493224443
0.03211702169131481	-0.008844978094247741	0.0030495065939290245
0.03883700868773002	-0.012003948159711453	0.0015762721529698001
0.03262768988187529	-0.008927849031546664	0.002870732021190061
0.028521554953927455	-0.010961991504145011	-1.826295118197152e-06
0.02590933527468775	-0.01147663623894165	-0.00021262924333027844
0.027937967231982854	-0.016025937433197322	-0.004623705382473895
0.027949766864891583	-0.018654543122665457	-0.006034716076007082
0.026917296337451352	-0.016803895857616304	-0.007713684762603489
0.02467650519900009	-0.013143443216743284	-0.006111950761929403
0.02643470251599108	-0.011536528110699891	-0.007346270760863839
0.027637601640431955	-0.011124828551903707	-0.006290122686978778
0.030508093377390924	-0.010232493549760427	-0.006187151406972149
0.0334187647427871	-0.009740291763043647	-0.006206668104382598
0.035292678344188026	-0.011667058441101925	-0.006340536388329321
0.03441568517002533	-0.01315258312098664	-0.004181703807500818
0.032328851027259305	-0.012569258386504481	-0.002371129973863767
0.03158447942670979	-0.01232808534413987	-0.005586895799192561
0.03404260007865321	-0.014161641436355815	-0.01075235682656435
0.03186669726940034	-0.013358734064101943	-0.014533115560767723
0.026414777319876077	-0.012880043868866318	-0.018916803305449786
0.014368187442869667	-0.010749432958665654	-0.025383435964388815
-4.477722194639019e-05	-0.012831119586472366	-0.04529538159274566
-0.006120503391603963	-0.009723482797682897	-0.05259522961925547
-0.004107602439690873	-0.010335268415628512	-0.05050463249594796
0.003644947858176841	-0.010277713537258367	-0.044508041065565426
0.01202900855016432	-0.010447174043493733	-0.02887980017224883
0.018650989575221575	-0.010677565436748646	-0.022183215725628126
0.019696007926816923	-0.01290943797719018	-0.018731961600761193
0.020650415085014362	-0.018506915757953515	-0.02282465334513799
0.01172371199558695	-0.01658936352509267	-0.027912319679852957
-0.0018496250357639696	-0.007918932940954162	-0.043112767417844464
-0.00565444347051486	-0.009033742808707947	-0.0431773656241415
-0.005260430642042085	-0.015675535971720597	-0.03437447663640453
-0.004957246156865446	-0.019038793556121814	-0.03269187489993976
-0.010439450039054676	-0.011991418641607163	-0.03423675341239131
-0.024653517757943402	0.0035944698509080015	-0.053095714580161255
-0.03258857924447227	0.010205447472438966	-0.05457249439742798
-0.03336408589337496	0.006364089019073156	-0.05898160028374212
-0.03152600596825393	0.0014349160008470152	-0.04900202734782069
-0.03034716142513479	-0.000979754840083489	-0.05024745164607591
-0.027210000516936228	-0.0019795099041338767	-0.04154767008562092
-0.01948405829532362	-0.008972465481732162	-0.033323746061061706
-0.015943982933455825	-0.01272964059435656	-0.027827282929436196
-0.01729081983859328	-0.012677546384413681	-0.023917598152370337
-0.023047052576834322	-0.005181792113943749	-0.0291989448311014
-0.02647494772833371	0.0016394836628902678	-0.027560012622356217
-0.031427711707684935	0.004291520452846375	-0.029720370747573947
-0.03360856946264423	0.002891631284884969	-0.029346193525448837
-0.03539756855681537	-0.0005904913643121398	-0.037149988594147816
-0.03603788581778172	-0.00015601125683794464	-0.03989777526874586
-0.032092080233509006	7.954959524451377e-05	-0.03501725480810059
-0.032682669712587833	0.0008613258321387265	-0.037836202117578134
-0.027048836713816273	-0.0022111153761734956	-0.035160981343837265
-0.022017402319266532	-0.006665688974234783	-0.034672091739047825
-0.007691313159693048	-0.01724756705797707	-0.02156066850580168
0.002328608976047469	-0.02961513128624707	0.0002661932120444155
0.01007100255769545	-0.031845882826815865	0.009205434027671955
0.014598277524225087	-0.026718988413767866	0.007062936779905404
0.019454945392788737	-0.020288044004205155	0.0005852439885161466
0.02211294965350022	-0.017788855509781883	0.001098121252849929
0.023889089357813992	-0.016968196829854013	-0.0007358987371951162
0.020717036203998115	-0.019718742130905565	-0.005550192478702937
0.01596507446953677	-0.02267334506007645	-0.010303994989815303
0.012807108595233098	-0.024833140801786325	-0.01724540232688162
0.009816911632399472	-0.02538844272405251	-0.020676509548822553
0.007265538292450753	-0.023209686308793068	-0.025422162815287676
0.005209009627234604	-0.02171468708374884	-0.028694338988937654
0.0018706177111744407	-0.016966943949688677	-0.02911668770805816
-0.0032032349218774616	-0.013479171998123764	-0.025377122882210734
-0.008918233757439902	-0.011443885171384362	-0.022865544536352506
-0.012141703247672634	-0.011745699720668608	-0.02587141877344897
-0.013584857851584826	-0.009454621107600411	-0.03057751433914245
-0.011451937685956122	-0.011216216298468322	-0.028727889530787393
-0.004638448528798646	-0.014771872866851766	-0.02673603706636891
0.010490860783486275	-0.02356797548687891	-0.016827642836649184
0.016283824601497934	-0.02552986960062781	-0.012217705030618607
0.010273384398220486	-0.02518982739720822	-0.009929060337057568
-0.0004777460649499683	-0.028264066667696437	-0.004897849219522609
-0.011961801845214984	-0.02288874407552635	-0.011288461573777168
-0.027572314532548343	-0.007755612300211152	-0.04615054565763038
-0.03476526789040286	0.004009196610415464	-0.047926982844590085
-0.037073728199236634	0.012085645889912022	-0.04583469547140498
-0.03731740706985305	0.014294595858962065	-0.04428647940497401
-0.03743727327303739	0.012468089161193657	-0.05033384034890793
-0.0365002256199967	0.009035673147491565	-0.05660889556623062
-0.03271043411326345	0.006618619128781872	-0.05973509873287797
-0.027040512554982635	0.000511842668343842	-0.048519297828901145
-0.027654175694754656	-0.0014077153600402673	-0.04751942585335695
-0.030615849928495604	-0.003698203583647237	-0.04365171366185346
-0.03703745215284114	0.001329644663408217	-0.05607157048722494
-0.03388426470526422	0.0001507234251403243	-0.05672982764100544
-0.027159479970325966	-0.004033824536235461	-0.05835987927770149
0.003943816056477767	-0.022354317521273877	-0.025893202231489023
0.015851959904128896	-0.024849616235013375	-0.014722421264189649
0.024900262263892574	-0.025634360147910037	-0.0103862889059043
0.03165039183563398	-0.020579431289848786	-0.010955581197688039
0.033674272319576	-0.01141418887828489	-0.005181856067688
0.031566936291913296	-0.003633450728649121	-0.00349209009335065
0.03162144697810388	-0.00040258831327485154	-0.0005471976103716206
0.033417992717755675	-0.003903424806359257	-0.002949468870466071
0.030199889683721406	-0.003552036479735353	-0.0005157732015636171
0.028056400443427117	-0.0036396468626389324	0.0009173969350246003
0.02877596569355776	-0.006295371627178033	0.003137307823698726
0.03146161347367287	-0.007187156952725787	0.005887476713171282
0.02940136453748231	-0.008018744265338232	0.0075660236879694955
0.026476343313877895	-0.007658014197639302	0.0023625694594771214
0.027684821044304662	-0.007222253853998648	0.000364567847692978
0.03134297322102929	-0.004943778384205432	-0.002502669485881258
0.03508592979471474	-0.0029979420896611487	-0.0018166381250137587
0.03288100064603365	-0.0022660376092999033	0.0012733347714356039
0.028646052589802403	-0.0003213756753211622	0.003604957056227858
nan	nan	nan
0.023398139231994693	0.0025924912519305287	0.007512664836595746
0.02461345506095904	0.003066193131961373	0.004090323689235741
0.02909929224247386	0.0013422119793619106	0.0033475938806315567
0.02977729348529225	-0.0018982645094431346	-0.0010623734096462181
0.027434812768168275	-0.001299114731077992	-0.0007045290152555769
0.026688184215529022	-0.0013342191142795123	0.0005944610172793734
0.03245298839026655	-0.0030700922111807838	0.0004056213646147569
0.03546360552225191	-0.004552936365128301	-0.002254343686042222
0.039204687563961046	-0.004414422615948438	-0.0027069896826200576
0.036656814213509505	-0.004082165441392769	-0.004328867518274146
0.03552244361565232	-0.0037023933677107494	-0.00188762093286729
0.03161035741055965	-0.0012828718814688197	0.0002216257361092669
0.029821270260300965	0.0018665041684642516	0.001661619125384893
0.029408215733658205	0.0006230062921324064	0.0011623311726058558
0.03261774990579863	-0.003680385016417733	-0.000850927216255383
0.03556099817929629	-0.006013000973126694	-0.0008585372486798609
0.0369754759460751	-0.0034462163719598867	0.0005117353107481903
0.03225385137840133	-0.0021803282984715214	-0.0021418556207551884
0.029158305303977828	-0.0027621076333608965	-0.00023438161709478725
0.02878827924117132	-0.004713392759466945	0.0005709935668407468
0.030032802796462275	-0.009450494304497906	-0.004128418933900233
0.02922004451536597	-0.01572259825403918	-0.006830657154318642
0.028886480109060603	-0.022818352984676524	-0.012061883404248772
0.025179645365327928	-0.02211841074559554	-0.009576645613286475
0.026713230878255338	-0.020057900850460796	-0.009849121779701639
0.024281981772408843	-0.014734212054876893	-0.00784888391139393
0.02384584777586713	-0.012842349252874669	-0.01009666039659013
0.021797583580486675	-0.009695297482093608	-0.00786499761315912
0.01988507946818118	-0.009116664368314743	-0.006469637545273681
0.02151560410821746	-0.011519964576149608	-0.005914185017469695
0.01901653389678932	-0.013316085107224124	-0.007706256059857246
0.020380112214415186	-0.016067800756511322	-0.014278249301980569
nan	nan	nan
0.014956321314908455	-0.01664175100408841	-0.026140774241743638
0.008378623988233108	-0.012689589678712176	-0.04579180899871262
-0.003418376900727043	-0.002679786078916494	-0.0495615670381857
-0.014066684800482248	0.005395833694304047	-0.04094263257347889
-0.02084034403498082	0.01348265792771481	-0.051158150060125945
-0.026492609048287343	0.0326060132348123	-0.0767975186282813
-0.02861353197199067	0.04738582181330892	-0.07945685123512372
-0.02660836511906815	0.05464933284902302	-0.07529293983617273
-0.02579546794919917	0.056136743708706874	-0.07005809283291246
-0.02199425662131902	0.05056705166451551	-0.07282792496354251
-0.020632281701581986	0.04944098057981953	-0.0755856240135003
-0.019568045945716386	0.04425437356601562	-0.0696468153396114
-0.02324010767391212	0.04803936418108541	-0.0716201072607478
-0.02470522713089339	0.04932890999604569	-0.06415426117340245
-0.023597847802941867	0.05070747264900595	-0.05317643134453673
-0.02441050940674083	0.043903183149916654	-0.054530305697453166
-0.02489075384727821	0.03492140133454237	-0.053412339512752684
-0.03122787290970513	0.02720999228297101	-0.06555381349918797
-0.036185780325699614	0.016980659626538004	-0.06345491238892229
-0.03717731759173112	0.0024422483174912383	-0.05781529973551641
-0.027759816017264464	-0.012129177660068359	-0.049029430896147946
-0.02074450680740548	-0.017244783893852866	-0.039628520469536486
-0.0211829512998447	-0.012332762913466614	-0.041388631820357
-0.03208053388670457	0.0041092433573601825	-0.06588826734611886
-0.0326760936174016	0.025823009806962005	-0.07881788914576893
-0.028500866417111147	0.04007528770921898	-0.07739058820022918
-0.02493679490247122	0.04523297347546792	-0.06822241703212627
-0.023527713314108183	0.046573582081802144	-0.06440069135905466
-0.02336523230594225	0.04558917759884832	-0.06406775761197135
-0.02433328328648746	0.04406138711993095	-0.07030557477891608
-0.023637679529619916	0.04240439146737271	-0.0725572090780551
-0.02293119199329397	0.039219224088167394	-0.07334262731268516
-0.021458240555603893	0.03875961261307321	-0.0762878124970095
-0.021003790589903107	0.03876629832808237	-0.0823462689982769
-0.01863173445533071	0.03939014803278478	-0.07254160670230951
-0.018493831791303393	0.04095848371039333	-0.06411691837716989
-0.017961367274879528	0.03662437298149883	-0.05271752463502992
-0.021188179808223316	0.028713627349295008	-0.05893338601398548
-0.021061285159375366	0.01810431916277726	-0.05137557913681209
-0.023395298056801787	0.016895156324080073	-0.050644937002182505
-0.020052209087548935	0.025745871907055042	-0.04936984047501647
-0.020366912624550197	0.03685760478577982	-0.05051755007200946
-0.02059264423131119	0.04088942390075138	-0.05085194460062831
-0.021824020055574905	0.042593245545439605	-0.04892177586997469
-0.020263409090374346	0.03914079049191968	-0.0496226055843236
-0.019164068668099544	0.041762305761324274	-0.04831366708734652
-0.02015235756923638	0.04331263091710897	-0.049990290100046214
-0.021758263237711014	0.04535740515895463	-0.05450709464758477
-0.020181080751013925	0.04280555544382898	-0.05455212075891905
-0.019714798704080876	0.0434111478181652	-0.06185024274967901
-0.01815335830710829	0.044599178074374815	-0.06298576998394148
-0.01610617056549494	0.04395413772264401	-0.05588497906760655
-0.01549426133600105	0.04609203220043457	-0.04865654259489161
-0.018655128360432125	0.04340267008402664	-0.05573742901992283
-0.02015102027585633	0.039212262434862075	-0.06009747706974719
-0.021911106106184273	0.03024037640009644	-0.06133288371210123
-0.0246074394762403	0.02659904062324095	-0.06279313276958307
-0.026185989661458322	0.017384119466697726	-0.0698273263641902
-0.016440228461744904	-0.0026545285701661736	-0.06356924076096053
-0.007997451306039708	-0.012712570809912602	-0.05486367374881818
-0.005049247159727981	-0.01386805943237001	-0.03772886469686984
-0.004832672825679078	-0.01187801189712136	-0.03829248498828511
-0.0016543541905987918	-0.013072235017246686	-0.0274615209761046
-0.00025121897871035494	-0.012240636213795874	-0.03787976064784486
-0.00034547529748870607	-0.014056300578902163	-0.04273163719121621
0.0014145819749030698	-0.01064183072304026	-0.04422078383906556
0.006990128335311405	-0.012553661475258406	-0.03694063950646357
0.01300945777353675	-0.013919769877474298	-0.03099844305441833
0.01771214908189426	-0.01722883391445871	-0.02351836508323285
0.020807216232335116	-0.014071912079991266	-0.015174399084640428
0.02278845373193299	-0.011384149111138024	-0.011912459396256549
0.023224230803305553	-0.005457327872846827	-0.011915154399540447
0.023499903500229857	-0.005577770849401708	-0.01292278101395242
nan	nan	nan
0.02048864054282889	-0.0036197478581315996	-0.007156879588398852
nan	nan	nan
nan	nan	nan
0.020428482013866506	-0.006567581597307433	-0.008018828378184222
0.016570242915500015	-0.006550025196881598	-0.01503185510982731
0.009609162577435161	-0.0006119909507041542	-0.026496863471714246
-0.007243943281663103	0.03422588116492635	-0.04704926702154587
-0.01382826795055315	0.04478563850399325	-0.05712788651807216
-0.015590130746386382	0.04842698847896558	-0.06563667626510986
-0.01379626769077485	0.03936734030682547	-0.05607712082501291
-0.008661745856423155	0.03069554897990693	-0.04277137177846863