# EV_1 (125.6760)	EV_2 (69.2632)	EV_3 (30.1708)
0.007985846252649094	-0.00855741763143763	-0.0006317575010605057
0.005183383991632967	-0.017359377758533856	0.004928614740304215
7.263935899457225e-05	-0.03112351301355208	-0.024829812995883136
0.004308131306958445	-0.01481271068215943	-0.02095476286169671
0.019210659725895737	-0.0199561834507102	0.009345376336100185
0.021688330621739218	-0.012696603659996397	0.003197661111385433
0.01807681255349565	-0.019542984879967116	0.0012004574122857145
0.012963292919677781	-0.021323857286571695	-0.007059503793612247
0.00019530374684750143	-0.03391625633142761	-0.0032647084960255933
-0.013426086677340751	-0.04042631308540371	-0.016927368846621247
-0.029554139278084545	-0.01623297077564909	-0.009251581251594525
-0.04659550981539934	-0.003576145475103598	0.0100237461699857
-0.047252819888586754	-0.0030160898750469663	0.011125202212277939
-0.04781085788328923	0.0026923981528743273	0.016381714259424827
-0.04622846125666777	0.004072332145628179	0.01792018216779189
-0.046628192239328195	0.0002458124353060797	0.009972630805145065
-0.051571056154720005	5.531468996081899e-05	0.01461263086582952
-0.03831683561128906	-0.0010424455947654692	0.0010480289184979716
-0.03330975934601916	-0.011972764839938522	-0.002167367538014907
-0.01987595959136802	-0.038670520932499224	-0.042934778707201
-0.009296445992795116	-0.03473469157871076	-0.030819970092994947
-0.0037038215959146453	-0.042382316722306065	-0.02863802529041276
0.003042013907575594	-0.02719234588800288	-0.025604615145581055
-0.010633663073223085	-0.04364503106692072	-0.04167306002982242
-0.009063131188840778	-0.04060262974906457	-0.035047698052446806
-0.006672015111394747	-0.037997200813545	-0.04567303369586807
-0.0036052671392775497	-0.04080802721457695	-0.03765047889931208
0.015273861022892955	-0.0306825325626981	-0.0030999692068036516
0.009954004321927007	-0.028615210167701917	-0.011407126735475222
-0.008609277368993253	-0.039746288195858695	-0.045990433523665206
-0.012904041772356165	-0.03734139109526129	-0.04645367473045917
-0.0104040906091363	-0.04743481774291187	-0.05100175735669879
-0.0009358223275165409	-0.03256586251177022	-0.02883522881888299
0.010519231230866361	-0.023483733166011544	-0.00922155534671792
0.01509815177659813	-0.02736015117818079	-0.009691404517555713
0.010912765068008527	-0.024868709611241754	-0.01897308216727308
0.0014879678050309848	-0.032004165525549175	-0.03741385704277831
0.0032225641114092406	-0.02847971362702584	-0.01731490128441787
0.006964543040472876	-0.021202631921517272	-0.023678779624418115
0.008101765487287462	-0.0143337325824763	-0.026336519501774132
0.005633218047782783	-0.020136200105418056	-0.017381997620554222
0.016005507042409835	-0.013793890022479723	-0.007677753275457638
0.011679616789993129	1.4258460014359356e-05	-0.010235402174040443
0.009699859064797048	-0.008922923715372004	-0.0035753079943873466
0.013637165976785529	-0.012755488038610418	-0.008441678657743578
0.021172322624756094	-0.007468398018261043	-0.00182080529959033
0.02227864313859252	0.0028946883927057727	-0.0005940239597218462
0.023391346339856976	0.00414175655843496	0.003937939976347268
0.02371900998985652	0.0014242883883946557	0.0005619195677570472
0.019717182343877995	-0.006955784805759873	-0.006648204937094584
0.012566808225581042	-0.01128358135668067	-0.004769454639253009
0.0035444017203926574	-0.020698551611766612	-0.022862179878404065
0.0011857963288262787	-0.026070775384315646	-0.009416671505293291
0.005455854103781349	-0.01917987227212479	-0.013383340423322274
0.01400270442355212	-0.006211287469218326	-0.011445759320025868
0.014490537052114325	-0.014330375114186342	-0.005501909272977747
0.01745169040143017	0.0014807365781226113	-0.00122161737782326
0.021061001078486196	0.006207621473554052	0.005830309524408394
0.020841764727363588	0.004667186593731552	0.0034511992936539573
0.025514762285717033	0.0063609348482650705	0.003683785661879029
0.016995719340321378	0.002337460558682266	0.007154037837792754
0.018958055657412896	0.0074176178420945075	0.002233311813413883
0.019557561532801002	0.011034779674057494	-0.006197152439597505
0.018823410234390398	0.0047439884953765265	0.002343947691297775
0.02400718973737012	0.008137587294663875	0.003478379070317915
0.02473791583695932	0.003763671118316565	0.0018098778956782517
0.019411784534278907	-0.0034778498274419477	0.012693767440546117
0.018220050763408338	-0.00011226362757761121	0.012696134896572779
0.011746655518965785	-0.013752229165794381	0.013005590344816253
0.004942433772895247	-0.03464602110956681	0.010936268430908254
-0.0017367654358938851	-0.021420239314227818	-0.0046372289760067105
-0.0066781748380515685	-0.039076017909477685	-0.012881945837615202
-0.02120978215679206	-0.04032149144471664	-0.024948324172636576
-0.028326637419677562	-0.03187957829504121	-0.023170179108737775
-0.025461388765708727	-0.019874453157914494	-0.018133248464139815
-0.039116464926462584	-0.018731399350997515	0.0018768217744972032
-0.04004099482815678	-0.017588749277409433	0.0001745640105429505
-0.0361264101406011	-0.022399558502359466	-0.0080327557089056
-0.046896464949408107	-0.010232552029987862	0.010851486039082828
-0.05568869081414365	0.005378251250264211	0.029719487718522883
-0.052608216109397976	0.009420182328961116	0.03240459558676947
-0.050419359173921555	0.005681490944949265	0.026908197985801248
-0.059819758433093034	0.008287290409943767	0.0358977755878073
-0.056720811425920316	0.011866743068588679	0.03795126165316641
-0.05036073853562867	0.010393662191058086	0.03029402549193686
-0.05260584827790848	0.00930833638985889	0.03506381556847589
-0.04858260171687225	0.009874040668100487	0.03069905750354019
-0.05475902497030175	0.009963001488756661	0.03866107954756252
-0.03692572182389925	0.012175703366773075	0.01611785472856829
-0.05484431624948558	0.010620168915791433	0.03594918573688086
-0.050715884574368375	0.006656400240605054	0.03776709773593355
-0.05360852542369238	0.01171673263088846	0.03607414759815018
-0.05588459285062224	0.01004918981173392	0.04097358699314778
-0.05513249067045046	0.012161465119876591	0.03934473492741898
-0.04973112797100183	0.01400901921005973	0.03397416435813784
-0.05738777146249409	0.013666579157913188	0.03903522462011191
-0.04926401207887074	0.011661697681686059	0.035530580726580996
-0.04976798990566828	0.015129626764196198	0.035773912715921695
-0.04858049613283191	0.017267713745228647	0.03167231080857244
-0.05997275285852132	0.015264047745468358	0.04510594894122972
-0.05299997692806228	0.01378031607869991	0.04201119204830447
-0.05349576613685345	0.017835528935955046	0.04282004644103678
-0.05513311570528339	0.015431932817487842	0.04347943824380187
-0.05067839228076766	0.017464129061621335	0.038316376211841155
-0.05261218253439235	0.013208538172810518	0.042345183237851095
-0.05149672549627951	0.016667569875332657	0.04056066072360119
-0.04880809311170034	0.016129639480950135	0.03655820681235844
-0.05241591381318292	0.009769518836243477	0.03714310568990388
-0.045983693883421384	0.010463353213284553	0.03257705967060347
-0.0490562377326677	0.011194930368298895	0.03614366033844225
-0.046211375623923835	0.015336070615081021	0.0346058973239174
-0.048923121861197474	0.015256069367040275	0.03165525687203307
-0.0542801746794247	0.010086339698937836	0.04022405513985552
-0.0600617722975014	0.015014965591448534	0.04660839194686515
-0.05636864944580442	0.013806687904983767	0.04579209599368409
-0.05467932637052533	0.015304925884028474	0.046023483011676164
-0.04417110366516151	0.011639067427757369	0.03316018749694478
-0.05327683046112722	0.019458826430288848	0.041431967214690196
-0.04792897551601567	0.015547942956821222	0.04058904321393882
-0.05856657258586548	0.01584284755166118	0.051234740780025316
-0.055518684585265946	0.018500508846225686	0.047518410778939285
-0.053395777619602514	0.011329738849235117	0.04071199582889646
-0.05830117389148439	0.017066037161852843	0.048077626066245514
-0.051173701707490256	0.0199998138572832	0.04137549718716801
-0.05724079549671381	0.019424805542377948	0.051358931426600224
-0.06369325602501831	0.015486252211216736	0.051786854327053974
-0.048383742990615784	-0.012240871239933608	0.031289770355351895
0.005828943171372434	-0.022429048740358892	0.02077345432235196
0.004114469877828683	-0.0355761837151593	0.03261408858883727
-0.00519944436068834	-0.03859664541218504	0.011532987168994235
-0.007040836805181722	-0.02315857243420625	-0.005656503190116504
-0.015396699012657281	-0.04744957784104123	-0.015376476328064671
-0.011747540898280348	-0.04976873687859155	-0.01093161658236914
-0.012860007397966344	-0.0365633934498727	-0.011289222634315359
-0.013797041133467244	-0.03710227876098178	-0.021949512264196586
-0.009852755682316246	-0.03868983531404579	-0.024240573639000416
-0.010822052845496082	-0.03815971866720326	-0.02705739660313868
-0.008150149763350835	-0.03844271705428521	-0.020734697102454715
-0.0031226714246567777	-0.042829526138843825	-0.011148866813564163
0.0005317192629285323	-0.036158281201374876	-0.011965178299157563
0.013354314943391916	-0.036227304322333585	0.00631540433714045
0.02721110870934273	-0.03153474426265771	0.03103950332554861
0.027853810224101272	-0.02044302850222149	0.02577882367044151
0.013899600586158058	-0.03310549380679042	0.007658359208766421
-0.000612389319823494	-0.03072835013037433	-0.01448651892191342
-0.00926790300195225	-0.037725211735191444	-0.016963405191998192
-0.0011709214511767677	-0.02470942782136251	-0.006378014211403234
-0.01086953077171552	-0.047097134777206014	-0.00787992070087925
-0.013119925741208611	-0.04350134410854448	-0.024063328163513024
-0.017552384266223128	-0.05038480550291151	-0.022424967966466057
-0.014035796487854486	-0.05533583100187818	-0.021196070763906137
0.0018257331020301321	-0.041733956805878665	0.0004910797912272865
0.009221636010122393	-0.02680347670480505	0.01487563978141344
0.0135187821537394	-0.01507940609219234	0.005538669886755776
0.017133505905039172	-0.021017383952536484	0.027023256646349372
0.015298947647892634	-0.025896744267072325	0.02395059510554946
-0.0014991716636589471	-0.04709934518940487	0.008978651112007303
-0.015037104178632781	-0.04824119378128302	-0.0033003647222760307
-0.030872742918971928	-0.03027500446984498	0.00460036263595346
-0.035728994752497197	-0.025619721931327492	0.009891221429520501
-0.02605602660601923	-0.023809144495450765	0.0011086354525188177
-0.017715952920934547	-0.015100850187417813	0.007994436832042276
-0.019835521920404945	-0.018102940608112558	0.006633639147730488
-0.017743596249906693	-0.016267323002702436	0.011444829878739633
-0.02545870067773382	-0.019595734997489983	0.005573895669735998
-0.033639316847157215	-0.021061737755794896	0.016624994721820816
-0.02232646699171817	-0.009774210461138386	0.00016035020960188454
-0.03713610018234889	-0.020256762234489616	0.014189701007121636
-0.031798078113853004	-0.020953915518931394	0.016877646488343716
-0.02161936385488128	-0.014646340304472589	0.00787591988623947
-0.03614860381211839	-0.013601437493689146	0.028408534043226435
-0.019507935476525694	-0.015153544023459378	0.03241322704517054
-0.029038992431506604	-0.010825602231482103	0.03142366589968258
-0.022978398034134824	-0.011923503448036561	0.029223850606336765
-0.03465495219461264	-0.019103568707388073	0.03350467012317099
-0.04198553048323214	-0.010383361255808568	0.015305470235009562
-0.05190312430375607	-0.012467543644472803	0.020192528493831387
-0.044883106871850556	-0.0007182385585636585	0.027476086475358298
-0.04916631071444855	0.003178130584456057	0.03129903115807363
-0.05682735985582497	0.008724211555053209	0.03809535304892918
-0.0579690429789951	0.008939129758118423	0.040093587781856226
-0.059202109080704404	0.0033975829606398052	0.03173704241569874
-0.052793437277269394	0.0009761981499659237	0.033372156251111555
-0.05042168944013509	0.00500004244625425	0.029952705480901107
-0.0512696573311376	0.006327822348242289	0.0284064882431855
-0.05620517694354377	-0.0001077594400547956	0.029648444689415014
-0.05080739831287543	-0.008600952592375494	0.02729804089683241
-0.03542509844066796	-0.025955989925143638	-0.006971779956312766
-0.027668852733852112	-0.03292817422070249	-0.019895805746688637
-0.023647316446443037	-0.04161852883643701	-0.02086485142642414
0.0005049041199356047	-0.02161553301998777	0.013077693499258448
0.014293107212645378	-0.015514789674907558	0.017953166818547812
0.01985138949337545	-0.020441308007198764	0.019297678698169958
0.019937751119410405	-0.018598302283196144	0.03345644202841086
0.002967386617168617	-0.022963071750847407	0.0035208700327883247
-0.0218138167018487	-0.04766693238323508	-0.023321710428235897
-0.021367519120490414	-0.047261217698752085	-0.035632699857853264
-0.028063651167561158	-0.052115423838031597	-0.03485112563440959
-0.024166095097338282	-0.041715294785476385	-0.025520486132907517
-0.019830847949780184	-0.040536013690027434	-0.025374627398427278
-0.016962368142854307	-0.04606642325543248	-0.03202254990565072
-0.021392811831368846	-0.049348963367322154	-0.03372592571437834
-0.017206603722144158	-0.044804911755637604	-0.03167767560646652
-0.010520885897006836	-0.04273391897360366	-0.026662581456855676
-0.004682898362614347	-0.03852836481826958	-0.014776780864027516
0.004052865592479284	-0.036815345002904676	-0.0013457612004516648
0.017785543908258036	-0.026423098258492234	0.012792410110329756
0.021938590748833704	-0.024419071959219458	0.009970079569976089
0.016562383018276238	-0.0346076375185224	0.009389814799240021
0.006207376154526067	-0.038639949108403765	0.00164991773491663
-0.004754799589984883	-0.04611981494014933	-0.005013374629318026
-0.0012879207202282235	-0.036226491992186874	-0.011529068910952654
0.004337731255556638	-0.031722984836669216	-0.0027434170976241255
0.011253039841908024	-0.026176733543289966	0.0038143807173780303
0.009286906070690715	-0.02470498289459499	-0.004078462512009088
0.02720695112644694	-0.019239724088671396	-0.005665458348470348
0.024222998585324326	-0.013884557681366502	0.013427081647237661
0.02466104694193858	-0.004683470586588726	0.00029482557329452846
0.01118212786454591	-0.021029180526880957	0.008078023107217043
0.01187004208700815	-0.019336779493713405	0.006313435040882138
0.015029220644844313	-0.021514905365143912	0.011684717975088271
0.0128432360903871	-0.028493639163316268	0.01763599445026904
-0.014263127266264691	-0.02892641356073757	0.00611703038203253
-0.028540152657605213	-0.03460601981763163	0.004409089043092767
-0.03422468214239076	-0.033612952543297686	-0.0025221296976038823
-0.056649513526738256	-0.011652698239109893	0.015324289684283884
-0.060775823713308176	0.0060361055001013535	0.03542883360524642
-0.0616778418484701	0.016144999352053654	0.04382544611253754
-0.061244533837167055	0.017175607785867568	0.042546500417166455
-0.060699053190039036	0.015974090869670353	0.04687374918413442
-0.060789601385261724	0.015644483006532865	0.05016307609624971
-0.06230773265830407	0.011469766224392395	0.04890834248421305
-0.05969536886286305	0.01583776133598233	0.053173173195469006
-0.056485607207778496	0.014422909050997098	0.04096400291279004
-0.06026737344058209	0.011261440424195574	0.04188782858868324
-0.058237088923103295	0.00915246385304792	0.0397759600487036
-0.04989723936147996	0.008551874878561874	0.040054444162615235
-0.06239150671550195	0.009496706246603813	0.04622320427187149
-0.056327576740405595	0.013161277625525547	0.04806505673933872
-0.05529419112501924	0.013878282449711806	0.051650390643403765
-0.05760117390470624	0.014469347894578917	0.045147390634838684
-0.05803606954921433	0.016096974859434145	0.05309106332405584
-0.05500921117587443	0.011055925996840596	0.04948956309783157
-0.058056845974522535	0.014925239779115036	0.048284720312181076
-0.05905932078726988	0.01168004751999131	0.04770606488613413
-0.061004757978117795	0.015985625113252258	0.054573594703445985
-0.056474399943882606	0.0160912711384923	0.047255353720700645
-0.05648235008741904	0.01432280321495544	0.049402647734613156
-0.051964763951250464	0.018832578848201574	0.040828327423780224
-0.06190331086482661	0.013899583172072695	0.05399896967128615
-0.046548181096169115	0.0111638808800287	0.04072163263135184
-0.05196332676965026	0.015552729930234797	0.050602129682074455
-0.05787610694211483	0.011904414488078554	0.05607975693608538
-0.06259740724446591	0.01603314797837332	0.051717727627504775
-0.05882956127385451	0.009220514382245769	0.0450919315554861
-0.06174235895441661	0.016387624024182004	0.05425659654475189
-0.0607240624214073	0.01149978575300116	0.050995219245228145
-0.05661348430509331	0.010952666045844313	0.04620606463162524
-0.05259675210191261	0.017237253885430372	0.040200988645846814
-0.05471380227187644	0.01150685372904317	0.04144765011434589
-0.062121868509968876	0.01008818673624121	0.05118624369894376
-0.056809715839098135	0.011223942484547826	0.046369086936191066
-0.06104582059574837	0.012676749714590858	0.04847895268157993
-0.058920525895494354	0.013927088426787554	0.05089849335543069
-0.06019039620915142	0.0103063515102855	0.044468264701097014
-0.05748376028318701	0.007032286315365968	0.03819800499141316
-0.04440545227271137	-0.023196939021734825	0.016249020102743914
-0.013989975462483168	-0.04550903916602041	0.007240336583535555
0.0014643464579869971	-0.05121846663479283	0.029391916394677732
0.017649045714915133	-0.03273757077944172	0.0456746578536002
0.0009186939518316026	-0.03768917272927883	0.015654007621065807
-4.395162943328713e-05	-0.04654260906438912	0.019544046537984056
-0.012879870072197097	-0.03839489758124122	0.00868521254681436
-0.009700588695117439	-0.03892552441265214	0.00809820529634746
-0.005333848904500706	-0.03406449222844242	-0.0007528485873616441
-0.010788467209459628	-0.051728302080922654	0.011308162255393868
-0.03612384298628636	-0.031856803870472135	0.018216978478488494
-0.045591238804076055	-0.004309163328192681	0.030851946960742116
-0.0516535669156378	-0.005769928161857246	0.03515913546614111
-0.052071912389612465	-0.002782515773472196	0.037471655254457135
-0.04437388224135089	0.004459609457207084	0.032186467710911104
-0.043459113278374484	0.0027272752939660146	0.04509681384321635
-0.041344432373861074	-0.0022519513930421703	0.04367035037449815
-0.040443817762084486	-0.0014876327806499362	0.04069578223153678
-0.04789990411448569	0.004030665989630687	0.046534689571239136
-0.04358695469702793	-0.0018979649782264285	0.03731517451788432
-0.038902304741274665	0.00019016638319931724	0.03822250909844439
-0.03935345758812595	-0.006753659353777266	0.04413402755294517
-0.03349722899693996	-0.010199187094708543	0.03505205879422965
-0.041897389757135896	-0.01251360545809991	0.03378140909343562
-0.04217882232942719	-0.007270734553418471	0.04905192636754618
-0.04194655191418474	-0.005506116310788166	0.04309735324176174
-0.03237444092238548	-0.007738301830385051	0.031665328091509695
-0.03484810166828054	-0.01058503708152795	0.04975265414528372
-0.03713110960492483	-0.004507615334974982	0.04430069942377826
-0.043519849582806996	-0.0052461016529461455	0.048238421094726584
-0.036271675653608344	-0.002532833548884878	0.03798105429424063
-0.04346385025812512	-0.002207896846862914	0.044852217364645085
-0.04245192743892805	0.00524316729735954	0.054631678976422966
-0.03625363106431828	0.0006387730912340792	0.04179902289193371
-0.036235808986417366	-0.0073209958605835335	0.04829837163150974
-0.03187596231190636	-0.0044807554031648265	0.035491617727130664
-0.029571749680608175	-0.0024540523685635633	0.028766144642138527
-0.042539846995374664	-0.005187381241688976	0.03873561759536455
-0.042693435495222906	-0.003174384312508768	0.053285796989789094
-0.04146862252939633	-0.0026931786215508894	0.04344628683707522
-0.033234210398299845	-9.1562292383309e-05	0.03872825578301712
-0.03508154519234643	-0.010320764127005716	0.03772030362411598
-0.039881879217325895	0.0018148259307777203	0.04222189196412817
-0.037781701895728624	-0.008049002140184225	0.04319396476400173
-0.033967759483787344	0.0008736193955785204	0.048660343541450185
-0.028997573982395507	-0.00290461062251383	0.04981278323142092
-0.02486565860595361	-0.0017345982712907893	0.04613878464681562
-0.029529282630317323	0.0011129640640339003	0.03781535126101121
-0.0321575177258265	-0.007869473111447669	0.0489306000835407
-0.028570346593058696	-0.010118872563544417	0.03825021037633437
-0.03752373480365636	-0.005277774759819271	0.056018811522473066
-0.0390164247447055	-0.00038430625128878763	0.043122112403844816
-0.02772998822880275	-0.001347189274259066	0.04395315641439082
-0.025720043500405007	-0.0024081376336262516	0.03203746389116367
-0.02793898103067152	-0.004202882889282165	0.03495017840532323
-0.039374685151303046	-0.007310919827717726	0.03291327274949493
-0.038598682828449235	-0.008981624810020917	0.029362025847765143
-0.024543161749272707	-0.017645353154659607	0.026704091130341483
0.008982803498805389	-0.036731756476027964	0.030407747941834234
0.012538077256168751	-0.025612177911395577	0.032455473324022883
-0.004636235465524251	-0.038534620819257195	-0.00782108791000731
-0.0034169777457899123	-0.034776135718428934	9.79232433356487e-05
-0.0070061805022267635	-0.043982967883807816	-0.0066647418297001585
0.009228263950528252	-0.03408478995810316	0.021393780973082116
0.02869529761644956	0.0030700180252060533	0.019810597404670165
0.032648159447331494	-1.9408931904674472e-05	0.019376458997134926
0.025945085201889078	0.01214571247870175	0.005374093730856101
0.021477541612157716	0.010326395428556416	0.004528168142981553
0.015418586106691543	0.017039919914588517	-0.008574145819195897
0.016427535035104933	0.011787976852848471	-0.0022803935988555887
0.02916887521389069	0.011390649813247078	-0.0015881379051851732
0.02592070106845071	0.018725505488133544	-0.0049321245236382885
0.02526932961045141	0.01183381318866081	0.006240572672148489
0.02726313510665116	0.022301386775329345	-0.006272330990965941
0.02308436607482178	0.02145465312601084	-0.009157982661329885
0.02242779677323383	0.020202581336359188	-0.007797149572055774
0.026377178509030968	0.019278680403503393	-0.0029002113195416776
0.02306613995001121	0.015137939193810788	0.002922074878235037
0.022450901921149336	0.012891815697847218	-0.004812364776721208
0.020246444670206816	0.01948495360195473	-0.010342295166941667
0.01692743994944131	0.018670489243953186	-0.006710211476041304
0.01797418276572148	0.019070403061661308	-0.01659622048694436
0.020928385059574513	0.021208845435701146	-0.0214652297861034
0.01990976644280623	0.00899162652972887	0.0009591689803562682
0.017753475563900476	0.03001727301401327	-0.02815575555085826
0.022198615691843216	0.03102637487581656	-0.022576054335442065
0.026843763647332437	0.021913892266615314	-0.017221292560692304
0.02904286481581323	0.028262452193417567	-0.025601203501969358
0.0261362198879711	0.019416376928734654	-0.011372580364396607
0.021205354657730154	0.024770087534656943	-0.02167639874147239
0.014968870977849907	0.024838569293300212	-0.020745344369786436
0.017899956240008705	0.03262351403111669	-0.030080634557981583
0.020539343442383482	0.03296009486138667	-0.030265411921392454
0.023046926181923225	0.025743079170916977	-0.013347994283321573
0.03193875548064414	0.03211295592343775	-0.017355486418575858
0.02361428916677695	0.017164714151408064	-0.004371935557685249
0.02951361325773717	0.02549052556552583	-0.01067923634341339
0.032778142631424624	0.025217645447211768	-0.008014153469081013
0.03170686810667899	0.030297284872269847	-0.019191831495826532
0.018266416432168787	0.015169537050012626	-0.0016379589555186834
0.025536621662786984	0.02600176700759887	-0.018517941558470186
0.022634944840734694	0.0160216343342967	-0.003977810181639882
0.02559719634887771	0.01587675201416298	-0.0029104099223093323
0.021857196636025436	0.020480188538641808	-0.011480475430117335
0.032587895552805765	0.01781234979360175	-0.0022431417897956774
0.029085776385590456	0.01685371899999518	-0.007192240026318013
0.03599185959595841	0.017981826408050447	-0.002876090999221273
0.03558314402278114	0.014822430200213422	-0.00548000276790532
0.03044242411371408	0.01745228301408351	0.0005752249255821691
0.025043718156028037	0.018782199571453495	-0.007899674182295327
0.03582872759466014	0.013962452058406528	-0.005949187809612497
0.03135668092811024	0.020390986041783108	-0.005763880871915587
0.02602426631856374	0.012166626248535579	-0.0023446481425182346
0.02825350881368595	0.010774338667266122	-0.0033151475005235333
0.023745927110448643	0.01505154531470005	-0.008315951967559028
0.030369457574914153	0.008788840868188333	0.0026410380863866635
0.02442896238950982	0.011406248616306966	-0.00467262531983342
0.02469091237233051	0.009379124564913091	-0.00300167191397668
0.024874476632995135	0.005531063928809048	0.008468182879634387
0.022674671413293455	-0.0005825853190368136	0.014619859433968619
0.018721322882592793	-0.0022829163027738063	0.01605245526314199
0.017930197221521914	-0.006136172917541512	0.01709258818715645
nan	nan	nan
nan	nan	nan
0.018268853126312483	-0.006738957568772819	0.01996943375638891
0.019180376217581646	-0.011124850324408445	0.02300156452933695
nan	nan	nan
nan	nan	nan
nan	nan	nan
nan	nan	nan
nan	nan	nan
nan	nan	nan
nan	nan	nan
nan	nan	nan
nan	nan	nan
nan	nan	nan
nan	nan	nan
nan	nan	nan
nan	nan	nan
nan	nan	nan
0.013890971937378366	-0.015448026147499166	0.012709762822408556
0.008148746386874904	-0.008255183143442958	0.00925623539818898
nan	nan	nan
nan	nan	nan
nan	nan	nan
nan	nan	nan
nan	nan	nan
nan	nan	nan
nan	nan	nan
nan	nan	nan
nan	nan	nan
nan	nan	nan
nan	nan	nan
nan	nan	nan
nan	nan	nan
nan	nan	nan
nan	nan	nan
nan	nan	nan
nan	nan	nan
nan	nan	nan
nan	nan	nan
nan	nan	nan
nan	nan	nan
nan	nan	nan
nan	nan	nan
nan	nan	nan
nan	nan	nan
nan	nan	nan
0.009321164548758702	-0.0036741667504579644	0.01927845209830238
0.009289735560536548	-0.003885133872841687	0.020162245464162523
0.007142204077603613	-0.007991315723422657	0.023465091587498335
0.011405488747814505	-0.010109745017255641	0.025059618076023724
nan	nan	nan
nan	nan	nan
-0.0011722029535027765	-0.007898818146564181	0.004623505765332585
-0.00015906558626373627	-0.016231079133586814	0.008784950673980363
-7.957255498825959e-05	-0.009978924823571322	0.006896239226611688
nan	nan	nan
0.007691517693329814	-0.005733633308181232	0.0186504486755995
nan	nan	nan
nan	nan	nan
5.036243140994228e-05	-0.0074335432162739405	-0.0004905507133060567
-0.0022820522411753034	-0.010099687814888783	-0.002731956973235007
nan	nan	nan
nan	nan	nan
nan	nan	nan
nan	nan	nan
nan	nan	nan
nan	nan	nan
nan	nan	nan
nan	nan	nan
nan	nan	nan
nan	nan	nan
nan	nan	nan
nan	nan	nan
nan	nan	nan
nan	nan	nan
nan	nan	nan
nan	nan	nan
nan	nan	nan
nan	nan	nan
nan	nan	nan
nan	nan	nan
nan	nan	nan
nan	nan	nan
0.008068899888169598	-0.0054323272650392005	0.026733909534242928
0.010904974446506911	-0.010853147703800047	0.030477582979171074
nan	nan	nan
nan	nan	nan
nan	nan	nan
nan	nan	nan
nan	nan	nan
nan	nan	nan
nan	nan	nan
nan	nan	nan
nan	nan	nan
nan	nan	nan
nan	nan	nan
nan	nan	nan
nan	nan	nan
nan	nan	nan
nan	nan	nan
nan	nan	nan
nan	nan	nan
nan	nan	nan
nan	nan	nan
nan	nan	nan
nan	nan	nan
nan	nan	nan
nan	nan	nan
nan	nan	nan
nan	nan	nan
nan	nan	nan
nan	nan	nan
nan	nan	nan
nan	nan	nan
nan	nan	nan
nan	nan	nan
nan	nan	nan
nan	nan	nan
nan	nan	nan
nan	nan	nan
nan	nan	nan
nan	nan	nan
nan	nan	nan
nan	nan	nan
nan	nan	nan
nan	nan	nan
nan	nan	nan
nan	nan	nan
nan	nan	nan
nan	nan	nan
nan	nan	nan
nan	nan	nan
nan	nan	nan
nan	nan	nan
nan	nan	nan
nan	nan	nan
nan	nan	nan
nan	nan	nan
nan	nan	nan
nan	nan	nan
nan	nan	nan
nan	nan	nan
nan	nan	nan
nan	nan	nan
nan	nan	nan
nan	nan	nan
nan	nan	nan
nan	nan	nan
nan	nan	nan
nan	nan	nan
nan	nan	nan
nan	nan	nan
nan	nan	nan
nan	nan	nan
nan	nan	nan
nan	nan	nan
nan	nan	nan
nan	nan	nan
nan	nan	nan
nan	nan	nan
nan	nan	nan
nan	nan	nan
nan	nan	nan
nan	nan	nan
nan	nan	nan
nan	nan	nan
nan	nan	nan
nan	nan	nan
nan	nan	nan
nan	nan	nan
nan	nan	nan
nan	nan	nan
nan	nan	nan
nan	nan	nan
nan	nan	nan
nan	nan	nan
nan	nan	nan
nan	nan	nan
nan	nan	nan
nan	nan	nan
nan	nan	nan
nan	nan	nan
nan	nan	nan
nan	nan	nan
nan	nan	nan
nan	nan	nan
nan	nan	nan
nan	nan	nan
nan	nan	nan
nan	nan	nan
nan	nan	nan
nan	nan	nan
nan	nan	nan
nan	nan	nan
nan	nan	nan
nan	nan	nan
nan	nan	nan
nan	nan	nan
nan	nan	nan
nan	nan	nan
nan	nan	nan
nan	nan	nan
nan	nan	nan
nan	nan	nan
nan	nan	nan
nan	nan	nan
nan	nan	nan
nan	nan	nan
nan	nan	nan
nan	nan	nan
nan	nan	nan
nan	nan	nan
nan	nan	nan
nan	nan	nan
nan	nan	nan
nan	nan	nan
nan	nan	nan
nan	nan	nan
nan	nan	nan
nan	nan	nan
nan	nan	nan
nan	nan	nan
nan	nan	nan
nan	nan	nan
nan	nan	nan
nan	nan	nan
nan	nan	nan
nan	nan	nan
nan	nan	nan
nan	nan	nan
nan	nan	nan
nan	nan	nan
nan	nan	nan
nan	nan	nan
nan	nan	nan
nan	nan	nan
nan	nan	nan
nan	nan	nan
nan	nan	nan
nan	nan	nan
nan	nan	nan
nan	nan	nan
nan	nan	nan
nan	nan	nan
nan	nan	nan
nan	nan	nan
nan	nan	nan
nan	nan	nan
nan	nan	nan
nan	nan	nan
nan	nan	nan
nan	nan	nan
nan	nan	nan
nan	nan	nan
nan	nan	nan
nan	nan	nan
nan	nan	nan
nan	nan	nan
nan	nan	nan
nan	nan	nan
nan	nan	nan
nan	nan	nan
nan	nan	nan
nan	nan	nan
nan	nan	nan
nan	nan	nan
nan	nan	nan
nan	nan	nan
nan	nan	nan
nan	nan	nan
nan	nan	nan
nan	nan	nan
nan	nan	nan
nan	nan	nan
-0.0002099611709230746	-0.009950328778900314	0.004508306572598446
nan	nan	nan
0.017040642737358926	-0.01655006930799811	0.041897146156050016
0.012197874729294754	-0.016274386032793037	0.022486828829191577
nan	nan	nan
-0.0075574661186412016	-0.019620098441478002	0.03139140549296797
-0.01963320065777963	-0.025483248542048607	0.038830488579030126
nan	nan	nan
nan	nan	nan
nan	nan	nan
nan	nan	nan
0.012376991273037588	-0.02116287150085804	0.04091418023122596
nan	nan	nan
nan	nan	nan
nan	nan	nan
nan	nan	nan
nan	nan	nan
nan	nan	nan
nan	nan	nan
0.0015951913684064268	-0.016634029429308816	0.020497264109878524
0.00026878225040646495	-0.02025321757595077	0.019636288592803596
-0.0008159797647668245	-0.018831882165532825	0.018870772067389165
0.004290793773172464	-0.024072187275072116	0.03524346542645816
nan	nan	nan
nan	nan	nan
0.002311462838159625	-0.027001213036922357	0.034902354411347696
nan	nan	nan
nan	nan	nan
0.00021900308390320627	-0.010509953329164927	0.025064502994809102
0.0111782323897835	-0.01381087472579731	0.03854880604152437
nan	nan	nan
nan	nan	nan
0.0070764094230670125	-0.009244274351798283	0.02676088663281591
nan	nan	nan
nan	nan	nan
nan	nan	nan
-0.0015466780048069538	-0.012911283124265321	0.05190893084937161
nan	nan	nan
nan	nan	nan
nan	nan	nan
nan	nan	nan
nan	nan	nan
nan	nan	nan
nan	nan	nan
nan	nan	nan
nan	nan	nan
nan	nan	nan
-9.145703909288602e-05	-0.03156655780770148	0.018955375280536934
-0.00749138778856951	-0.059316578863030094	-0.007667954868340042
-0.0056030664308927836	-0.06265752557890072	-0.00025769968871205366
-0.009823747352641847	-0.06639330347638989	-0.016797104809985322
-0.008400605556025925	-0.06323655268986719	-0.025059639006885057
-0.0030451583119806987	-0.05135944095675608	-0.02046342901223098
-0.005797467955861588	-0.06780888368763864	-0.015026481212397656
0.010403479350062552	-0.03624999813636734	0.012881736519704185
0.035631379189488555	-0.03473446083705998	0.04622564444902809
0.02902952213191273	-0.0452471029728351	0.03528978529197669
0.021037402811224813	-0.05271931263996091	0.017177643656476334
0.008029760946115853	-0.04981079338709134	0.009268162238988945
0.0027224036913324396	-0.04853534930837691	0.006177972774621104
0.010237588099334073	-0.058476107337432734	-0.006273068202574509
0.018533491939336354	-0.05195491990757513	0.02981381992972369
0.01683119819260447	-0.05034894063194756	0.025702242266632425
0.022932967365902314	-0.044836857850791924	0.03267490688724045
0.028632807160452946	-0.04512900577682783	0.03719304263180043
0.009241905667369864	-0.05720144016821313	0.012634854208894633
0.012724013923676865	-0.052186226443735405	0.018229628281392844
0.02659512328273159	-0.04886330474332171	0.04169249683704266
0.028693527310588416	-0.034168144181238605	0.036264574510260016
0.01342979344017317	-0.05417491162073042	0.019707958375458946
-0.009056613891886894	-0.06214359845986382	-0.023619096772487767
-0.015267772029013495	-0.04991177140112161	-0.029302809856089983
-0.01796760377951834	-0.06150849532660972	-0.041618814807423694
-0.022439207754740845	-0.06402757548826898	-0.04135405087876387
-0.024141538347831264	-0.06783020684446374	-0.04899317921967146
-0.028725568256686138	-0.06707062970267523	-0.04883084534354484
-0.024158384245715366	-0.061258917721960966	-0.04176524059765925
-0.02472152040851705	-0.06940953466011618	-0.04063323072102653
-0.02785844744731561	-0.0668527582059232	-0.049533485377172115
-0.014909600944745142	-0.06576270293699972	-0.033074748434967875
0.010752848514762641	-0.05033611932994003	0.02674389104189355
0.024799539073782174	-0.049785225677353315	0.02995347766403588
0.015148011210305786	-0.04195052132477077	0.03210787360864123
0.027324197219008695	-0.03722285855998171	0.03946692062426424
0.021964427764793605	-0.027037588207506076	0.031771762801376245
0.029069410099145914	-0.020045277075257203	0.036489729086209344
0.026234286253425422	-0.02991219590050484	0.04171235386262341
0.030904446744215882	-0.01443938141367315	0.03421517160381197
0.03806891618611943	-0.016398472079016155	0.04635174754695083
0.04011042547712536	-0.011894796612725427	0.0475469072365475
0.02245588959839346	-0.01642203884799223	0.03404463433075632
0.025490846902250702	-0.035360919395392626	0.03653936709873995
0.013917223546588304	-0.056025849154921016	0.026663422686281312
-0.0068481589185006774	-0.0668191419054523	0.00026240616635142284
0.0033601645324588584	-0.056127992190032235	0.027049061404137053
0.022502466319401077	-0.04192844128270616	0.04615898151455344
-0.02156894471379938	-0.05081520168693087	-0.02068556838011194
-0.03000684244816562	-0.06039679770210288	-0.034476279986806385
-0.03304980708116155	-0.05916344961440827	-0.03495802483722247
-0.03726015659401016	-0.06048204689676714	-0.026550604023282822
-0.04574822361801894	-0.034048759092196464	-0.00509722203572046
-0.055927525712829836	-0.01020855361716109	0.016878066848429768
-0.05834009796027729	-0.007554433308226592	0.023713637646841396
-0.06256930290583881	0.000481465883406656	0.03245815394565443
-0.05860700031737658	-0.001982677651751233	0.025842316846744352
-0.05866028124602815	0.00011326530100515287	0.028926514602937783
-0.05812062207604666	0.001167361648739148	0.019967872687412437
-0.06551729725008558	-0.0020220197165974176	0.03125237590247913
-0.06324637083220427	-0.004829714289657812	0.02078613291052979
-0.043660938681640976	-0.04655476507866188	-0.020500534320540338
-0.02929439126571728	-0.059196338907948315	-0.028019300161551748
-0.015340572872461197	-0.05980233515403373	-0.022668031003991524
0.009511903895410945	-0.05835128033263706	0.01713503464554388
0.016276560710857913	-0.04601212468953612	0.0376531759513203
0.01817615767703756	-0.041358679466450485	0.02792481721839597
0.0010549844968274573	-0.06601903715805532	-0.0026790506231880954
-0.014730212743075956	-0.06282153790637696	-0.027171389880307265
-0.0257876619773908	-0.0588155949868319	-0.045664669030684495
-0.02153278933587142	-0.05736120118387966	-0.050955332260970584
-0.022964209541432315	-0.058595983444602984	-0.0476946681375303
-0.01996408019984051	-0.06229024030977197	-0.03846849922273185
-0.020559674779621322	-0.06070146523070299	-0.03910409928573598
-0.016474141262220177	-0.063821676949962	-0.02247904820364404
0.019677105771541272	-0.050996072091148675	0.02349097826691989
0.012905978938456611	-0.05851572403134582	0.0024880949641012673
0.005922343390975184	-0.06882053974749175	-0.00010259312587910033
-0.005372204877531287	-0.0642859415334094	-0.009821214697511956
0.01241285208790651	-0.057249026915604996	0.02207840630003017
0.017858132998135424	-0.04423932490137441	0.021279095868103483
0.004606376614999195	-0.05044128416007462	0.0005016140974883343
0.0037109629656208163	-0.06471350731337859	0.0012973004854396502
0.005667012429032293	-0.05902166214745552	-0.0020667306751434265
0.008552362991703547	-0.04361682084539277	0.005030682311848174
0.007944633011106645	-0.05505151207045022	-0.011623010353964739
0.00826460462078785	-0.05240631578784861	-0.009014700044111175
0.01167355671967083	-0.05220009452040749	0.00975731525188439
0.03197407006848931	-0.02301834990276068	0.03815438667444908
0.02754381727077242	-0.033496422579700674	0.04067224682989542
0.01715426596030937	-0.046459193755311295	0.023212654753908615
-0.005349637400365641	-0.06266304491031857	-0.016776633694224122
0.00027773762244984195	-0.045021195512125495	-0.0157611486356597
0.010460151143184424	-0.04645788943603979	0.004377513082782834
0.025742524175280973	-0.03753269347591386	0.03443310734147785
0.0363818868355267	-0.03963697881153592	0.03658793271557837
0.018276396922704923	-0.03420549679638518	0.019948150503137353
0.00906513002242282	-0.05139638106564001	0.013246128613353544
0.019495231038210895	-0.048299416796647704	0.021941118882445616
0.004234873354686395	-0.04911811704382299	0.008795270840708753
-0.02513173208821968	-0.0490563660031044	-0.014248087159838335
-0.02376388889393141	-0.05408376407302497	-0.004560810544921329
-0.006892302920915071	-0.05384548195026903	0.01785289029618171
-0.0064185429176891	-0.05944989784130344	0.01277001898079001
0.00865686959568214	-0.05335301132399345	0.041748543583305694
0.006555148544889158	-0.04955391618291684	0.05126009895081602
0.01179673638057897	-0.04913580657171128	0.043464781672224825
-0.018536054265627728	-0.051070651004554816	0.016818438529476745
-0.03587389778860246	-0.032110977377722213	-0.006822386361441009
-0.04702362248114949	-0.024653503592327815	0.0075615780653942935
-0.05038764656373521	-0.006538340589735846	0.013555098582755915
-0.05387134418648815	-0.010697738782337313	0.01923680491223631
-0.05804927526052639	-0.003800754124532236	0.022916292363887765
-0.0576233328400047	-0.0030885832317739175	0.025585752919592128
-0.05879074958967702	0.0014845975607182815	0.0284606726261364
-0.056438665141699984	-3.1308621093766145e-05	0.027418303160859213
-0.05368123702290588	-0.002278153522106297	0.022968468681087498
-0.05745155862860606	0.004930166334773245	0.02924307122842648
-0.048417251421509905	0.0022959260162546116	0.02780284202613737
-0.06135843260786098	-0.0001377973075623904	0.02629860736901979
-0.061461006684882594	0.003619306667038237	0.034321549274201
-0.06165218293243769	0.0011623090792911037	0.029359460909906265
-0.051536030393820396	-0.0033840634297809635	0.02656698301982431
-0.05693007752582218	-0.0038244800955626055	0.023329805417023217
-0.0537656834525796	-0.00019884023150741292	0.032506713721298354
-0.04840308856523307	-0.0119663003586575	0.031825868955410536
-0.04442627763445977	-0.014621231191322255	0.03712647189262147
-0.04306308267814111	-0.02500797582945948	0.02870528286583629
-0.03893956819274481	-0.03135147080793897	0.014466360519506734
-0.027715168590067767	-0.033639314550278195	0.018058960680034635
-0.013262047597743024	-0.042111247451274245	0.01534340399733466
0.012987210335073232	-0.04301725316250949	0.043332556907310665
0.017548585481262938	-0.045904127218311476	0.04156710716915357
0.01369902169344593	-0.03514823682357853	0.03434035357419222
0.008343809726498312	-0.04856083348193971	0.03582563525106647
-0.005281028344101716	-0.04667006995851151	0.008662484861023802
-0.004456311376947069	-0.05332043596669291	0.02582712822230569
-0.031255830557752856	-0.04492943685608822	-0.0020200691802415224
-0.04894409495168321	-0.024257296041172684	0.01426974383609405
-0.04436868185461559	-0.018143473071002707	0.020629649541643945
-0.05159088911458613	-0.009822394257868046	0.021295795683081625
-0.050629209817884845	-0.010675967504448311	0.026548304917792358
-0.05156013550637462	-0.010920869053865766	0.013156659189022674
-0.047444077056451	-0.00746209895798699	0.02050689043115679
-0.05121299202253408	-0.010177367926611005	0.02471793454438074
-0.03784008463402631	-0.0143826822444792	0.02633485531768613
-0.03788340579975844	-0.027171071526532406	0.010675240781891929
-0.038689644984730015	-0.04082132126739457	0.000753248187671994
-0.018622581459331274	-0.056002053559840836	-0.005473329058641733
-0.014449213531918515	-0.057271316749141134	-0.02343106562109319
-0.011741857697696124	-0.06347291226090189	-0.008748830896638304
-0.008329783857103517	-0.06548121857433585	-0.009142917422017716
0.016411330640712138	-0.04969443466873719	0.021635417683316126
0.0235368171013605	-0.039419126835108606	0.03755457595243095
0.016274458210157917	-0.03571406891180371	0.022998524537565592
0.028949216181202504	-0.031694483207630283	0.04013659320806883
0.02450641276074932	-0.034855690282849364	0.034200707115284494
0.026090965610129815	-0.05464236635704538	0.03923520647554655
0.021978274307225026	-0.04060938764688164	0.017729242650856084
0.010894535891434175	-0.0499350616658406	0.01645614339791459
-0.005198782642795071	-0.04097421586489539	-0.02115570382203246
-0.004961485471677829	-0.0567498952496536	-0.02205261690383415
-0.009503044168495997	-0.052967523703804205	-0.021485305449384193
-0.008572362359686682	-0.06777766930766153	-0.030468630478330955
0.004183249778359808	-0.06167315354796877	-0.013050932688071587
0.0014649523692339163	-0.04607062429999356	-0.0028061647655368903
-0.0031177523439767213	-0.04935696572767487	-0.009436858560574453
-0.005359351498979007	-0.06001208494072813	-0.018841080085198542
0.0023417377360351547	-0.053859596327524475	-0.005409987438648756
-0.0049113246274665665	-0.053570957470403406	-0.02163655124971917
-0.0051729048788882025	-0.0663270004163798	-0.02124280440431483
0.004367971217452216	-0.0522965462715167	0.0003488532802568955
0.020298488411889463	-0.04677051001815168	0.01609696135760684
0.021751333015011486	-0.04186696419574753	0.027081139935863162
0.030877745280388627	-0.024349549522115606	0.03202563978274118
0.03537870990414177	-0.019083656507427008	0.05138553770939444
0.038380648181408517	-0.02330386185652528	0.04688116830114474
0.02965229233147032	-0.012407534615477066	0.041035216879358696
0.033917237876556254	-0.02843229931521272	0.043711977463813945
0.035289068300621756	-0.0391353984310241	0.03678572731686765
0.010743911143771281	-0.04331832425956791	-0.00441316896803313
4.458225042095913e-05	-0.05394441568545723	-0.023716900509718922
0.000683319187815667	-0.058154535470237995	-0.0056784644229990675
0.006386676072328029	-0.0645750304141051	0.016150222622411052
0.003478344784008834	-0.05806175536590679	-0.017014974100921634
0.0023564301318223743	-0.05780553065071061	-0.005609429811399634
-0.0033028810914211607	-0.05603978743001305	-0.013519523834545666
-0.010758338307265696	-0.051016376923552195	-0.01966550888989091
-0.004863087900290286	-0.04837171336741391	-0.016691443860616474
0.0005031076751694885	-0.04732817790168078	-0.0028035085231852357
0.004131187852512499	-0.0539845324875193	0.0041948421452499655
0.01129343495380501	-0.05257564945198775	-7.573181152330764e-05
0.0030491533301702785	-0.04249059251602438	-0.008560171203417965
0.018284590439291978	-0.043414657405027986	0.02394233572313455
0.018594755741014324	-0.023409807052883317	0.020592485522031044
0.024838007245745353	-0.026467772326135158	0.0324461454871333
0.023741267319850247	-0.02919956851842408	0.02990389552289003
0.020621562887263203	-0.017219141315074436	0.0355859616795498
0.024879719362132787	-0.026999495552814057	0.04995172158896074
0.03151490355789886	-0.018830231306399832	0.040811822511673444
0.03600192882442746	-0.02339126479633141	0.05780686433177061
0.021822540228015077	-0.017894984840265138	0.024615827017275445
0.00181233074488265	-0.05022679224940108	0.00029904433669211456
0.003671106745936855	-0.0529725551831164	-0.00480548169228453
-0.0007869994404868228	-0.0516769354773362	0.0010996956988563967
0.0010701742569567615	-0.040476545842676966	-0.006069486690192489
0.0011772525038047962	-0.03468241355595696	-0.009667703150066
0.005232729086554449	-0.053621581629013135	0.0006204187928008243
0.005857480774765249	-0.035574293121592555	0.009747470300096248
0.024527436112346503	-0.023747352185034928	0.03075282505800133
0.025940291683241298	-0.01740393147931486	0.01625424208558366
0.023779657782802173	-0.026461795287697723	0.02692195047099832
0.006404010419501347	-0.03721476453779114	-0.002178423837560696
0.005778168651710454	-0.03406716111636954	0.00821417339851817
0.005409009190719111	-0.037335699413582314	0.005871016312051446
0.0055831538206458425	-0.031045687343457983	0.009367896262069849
0.002610512136631287	-0.018709255489955147	-0.00823286058652168
-0.0007617094752757081	-0.029871790853498295	-0.009091359440968179
0.008748373271602853	-0.05021004043079184	-0.006522384419829131
-0.004068178441098209	-0.03853468782202811	0.004236925981084394
-0.007875680702761323	-0.04998227673625847	-0.0179284780583431
-0.00946024736270128	-0.055319027165756346	-0.023601055867502267
-0.008778324875778336	-0.047850722950639635	-0.0111587264196352
-0.008909946945059493	-0.04903897128277157	-0.01393689714525604
-0.006947955261815166	-0.056822551802364736	-0.020765411526357906
0.0036422970896321486	-0.03970718818180174	-0.0008714674430653291
0.011861436339276336	-0.02694819944054878	0.027342107346478614
0.021775049906635577	-0.027341252003973804	0.02979282256401038
0.031892312146121725	-0.01812647290745926	0.05180943523134103
0.029192856629649322	-0.00954305596600856	0.04345181501075998
0.03567039323279817	-0.017091491848288117	0.05823634848519449
0.03246332208936704	-0.02224384145310904	0.0579941579503479
0.0199149370323219	-0.030511942608695008	0.03721200606118852
0.011981604272542759	-0.031152034107523454	0.009859039075058317
0.021791073585220137	-0.030124764520629115	0.03013976050129754
0.02409412407988516	-0.014102356848688569	0.025776585741452505
0.025149806527786294	-0.014820731296735005	0.02884480255390513
0.026029245638552814	-0.0037405402058428927	0.049047183077384066
0.03022168723561281	0.002181397665720273	0.032064690509185596
0.030076897024922746	0.0013262181282435526	0.04391449536500423
0.028872011653407244	0.006649266961406264	0.0265984212026457
0.038145669576181096	0.005386012404613483	0.04526570976551701
0.03880904508023451	-0.0007952817861023153	0.044963694940937084
0.04107390868530231	0.0032161226172745952	0.046183827021712864
0.036860859354007534	0.012932514698110242	0.032325905770043586
0.03732800699131246	0.016953446278044553	0.034781702598670264
0.0339656608102922	0.005630590783312937	0.03560407856309882
0.03619818197179589	0.01615204051328343	0.030669110664998375
0.027395455638036356	0.018466590323189255	0.022519341975737434
0.028832485591965603	0.019683160627063784	0.011058129882336225
0.033516161220744134	0.013519968510900935	0.02048005559726783
0.03557361237599869	0.012555747370957613	0.031096350439510475
0.043835907259678016	0.010703558080849794	0.044991540108351984
0.030406767749100373	0.005752919873285414	0.03457754816826704
0.01392233728188248	0.006465064776956391	0.009773442922898624
0.014995069015823299	0.004206186067266043	0.02080726206809723
0.020047760554764038	-0.0006693458664293224	0.017190372447694745
0.023409576123389193	0.006717461354901401	0.02290014859587191
0.03787725958074398	0.009767464731581743	0.04574064492703976
0.0308615185906892	-0.00035419203757882837	0.04647556665575839
0.03061700220371894	-0.006995505270972366	0.04333302859079332
0.030901727934622588	0.00973737781342384	0.02319350251308421
0.032621575685943593	-0.002019243711326289	0.03873720596438472
0.03289019981834484	0.01249637445683863	0.02479038304234938
0.035583811378452325	0.00433587227675124	0.03842348330779331
0.036432914368019334	-0.00021931426245132868	0.050361934486197094
0.04024523607419193	0.009363336847149647	0.04084230626390033
0.04017872631872289	0.00792709424651343	0.04324098604053122
0.029766109007803493	0.0007950858250067265	0.03705929901510836
0.037206985309297363	0.0006028293803638061	0.05099211071922331
0.030308297350864776	-0.003646501843343373	0.04106222755488169
0.028773746584761964	0.006966768847823045	0.03709933349276638
0.0370649183886689	0.004752615059420888	0.03159894001399768
0.02770412878581732	-0.006745124428109607	0.05380998558776305
0.030246249014894203	-0.008985919823916373	0.04031398559350271
0.027782605284243925	-0.00516022521207408	0.03119268639689661
0.03477047434461002	-0.0035342465253888657	0.052175772478576174
0.03250566373573502	-0.003445446244922396	0.038743841339296085
0.027072300765783836	-0.00246195766614035	0.0324608941036159
0.026479576572973635	-0.0015760102798297445	0.03160538942312316
0.029692513807547557	0.0028944937896581333	0.037211757037181104
0.03299813328770153	0.0013837088769612736	0.05280713247418238
0.03815255603787251	0.008479081872086987	0.04337841613855988
0.03724186243670436	0.004707134889546749	0.04480061593707593
0.011450528792883921	0.007048153369702787	0.03477446535895384
0.0005458137797175	0.012730659307278548	0.052824845560350185
0.028741168632329093	0.006933427320727459	0.03776630120933871
0.03273855610834456	0.007605467994177619	0.04453549601578528
0.02946361493820629	0.000477388715841015	0.05112527365472928
0.02238284821129457	0.0033088323164897617	0.03907021647124291
0.013553742031718241	0.0034505166406249817	0.02206295661200918
0.03358228455269656	0.0024521237557091355	0.04163347752391852
0.038363308435727134	0.010299320203825955	0.04211757628151182
0.0322972201984739	0.0011343323788130751	0.02969005368121759
0.04110767804043662	0.009576495762663098	0.04947018007727877
0.036006670568783095	0.0029962212723550208	0.03586874710917409
0.0398289071115176	-0.003693387628779099	0.04166459216300704
0.03655289403279699	0.005276976829904051	0.04294350963398737
0.03368728441380003	-0.004966177321410777	0.03858607528222754
0.03618980376847267	-0.006743779761339787	0.04273182233304852
0.035385650487848634	-0.009555934713679678	0.032457824253175414
0.020011173292536336	-0.01670119315352872	0.03271936150748295
0.02564311113353489	-0.013300586798603839	0.025704194456412838
0.027436248499153836	-0.03290488848248041	0.02797835632664431
0.028581008395836358	-0.020955240385289745	0.037078642222872465
0.031829552606603355	-0.013570502889772365	0.0366372157320902
0.024204816113716457	-0.03724386098743491	0.0223961135535567
0.024387444759442375	-0.03805001081202773	0.02778813846485069
0.026382501347090734	-0.04187167703837214	0.03432053852067861
0.026334386975939796	-0.035119381770277784	0.03564826009418079
0.014124197338971254	-0.03930653113279953	0.0080407623436922
0.012566755309463908	-0.04878046667357093	0.01453476541399641
0.0047903751827869274	-0.05506248984468253	0.00893612090891564
0.0006621878983944035	-0.05091366917978594	0.00337160151644069
0.0010792747156598574	-0.05890962071865747	0.00495303379232715
0.014784469736028942	-0.04862230473905965	0.025924352792865417
0.022208941910786012	-0.0450993151188337	0.03923752842946622
0.020875852023948732	-0.03905334775993933	0.04498491276643901
0.02450381230931701	-0.035303531892769455	0.037635523227436074
0.016996247848909324	-0.04380366025406163	0.026572208808248336
0.02329271819508575	-0.03884020581375029	0.02949334260262048
0.02473299386304637	-0.029051423648077196	0.034899963060618294
0.020137634453768108	-0.044334541062629074	0.027641279918981958
0.005393210475077681	-0.06286819583236325	0.0013488229886122922
-0.018300775203460143	-0.06783244977080853	-0.04683303273185872
-0.01769394313723177	-0.06037287419726131	-0.03843377399071342
-0.01837044617977439	-0.061100372746155464	-0.03434155677960522
-0.022458908358769163	-0.06278655188758486	-0.04622854646751973
-0.021182358013633718	-0.05888594080223104	-0.04434687247355275
-0.019457679232956535	-0.06102262232428463	-0.0491436449129226
-0.01138758099360556	-0.06417129170119593	-0.04412355189766949
-0.0065191160655041274	-0.0688753634825587	-0.010827427881846412
0.010173513493906668	-0.0649732486934129	0.018734304604933437
-0.011535698730373821	-0.0597619226658789	-0.017893422962675022
-0.027637197159156898	-0.045081221605720374	-0.0237266479806484
-0.045592000454923155	-0.023727459776429947	-0.010764658795607188
-0.05391083207244183	-0.014273811627060304	0.016830461600272795
-0.049199294040714325	-0.005286434729815067	0.016726653521622788
-0.05407331971681397	-0.003163136403772675	0.020710348620136543
-0.0529088565495222	0.00023340583618163512	0.01776508674713461
-0.05339448053709311	-0.0021601108469876664	0.027817095988490657
-0.04604694423173879	-0.008583687238933243	0.020463497617337185
-0.05291096286368549	-0.0035191984854588835	0.029984991758458104
-0.05376454438215228	-0.005601513518079367	0.028319025833812614
-0.04972341079965181	-0.0038304825476535185	0.027206973623295397
-0.05693089162525667	0.005209786373690649	0.029685556795552605
-0.051975576594106294	-0.0004098802711506722	0.02940617153681846
-0.055840258145338426	-0.0027211508077557263	0.03411320364440742
-0.046242861584950196	-0.003093852827365819	0.029518655038751875
-0.05294746806317935	-0.0035498097999471564	0.0259604130610051
-0.055266270712646275	-0.0003553560836405106	0.027321913829716937
-0.04463795588113374	-0.001293572485786556	0.026519644301824068
-0.05393488366378445	-0.010469782594103177	0.024578487071590133
-0.05474503881359278	-0.005914068745549045	0.019642350474702246
-0.04723036959260345	-0.003267536340683843	0.024054343472219422
-0.05389683072676965	-0.004678460477269553	0.024248942327288463
-0.04656892807462479	-0.015259666543512058	0.01786177707973681
-0.03889790209204236	-0.03635624061466377	-0.0018768378523376858
-0.015234911482459455	-0.05854256060183669	-0.012635634324261886
-0.020631263408848546	-0.05407196676073681	-0.017937519663068023
-0.024427474233525658	-0.053780987613207314	-0.025304511691046284
-0.02973193830071163	-0.04262691138965003	-0.014248500449482391
-0.034908495479454335	-0.04125763840591257	-0.027066741250812185
-0.02621948898087426	-0.05980917351545739	-0.026414024785883915
-0.021845895034342172	-0.04831059243425841	-0.013697424566797393
0.0009876940475998077	-0.051953907390917695	-0.006372497955696611
0.015224644674206816	-0.052648312661883634	0.016026839505981348
0.01935176948694843	-0.04188384074689006	0.036415684263593345
0.02016212233296761	-0.04688702301906315	0.03697576947218141
0.016524625549323962	-0.037858559146026614	0.015392683230008999
0.02198252336120655	-0.04322444161836483	0.026515237186044427
0.0146674835527615	-0.055332197978901904	0.017704651112709774
0.01084960344740605	-0.051932828138893	0.012363834744514973
0.008026176121517238	-0.061068356826553344	0.019808611295146494
0.0049020738363252	-0.05556147697905297	0.005736169698569799
-0.012838333126637699	-0.04538563717168668	-0.003845420614057394
-0.0074647287449870195	-0.059863336915925575	-0.024860888130753822
-0.01874167568193099	-0.05492360536977811	-0.03321913604150502
-0.01621385838398032	-0.056835473223885956	-0.03806846401581478
-0.015497752531738943	-0.053575474054599295	-0.03325363356323019
-0.016527524652312924	-0.05126458951512025	-0.04090478131541927
-0.017886866339671858	-0.061086656960857084	-0.03274043087053155
-0.013344827164723967	-0.04485697775133563	-0.03127894404349936
-0.01375387876101849	-0.05091397235910509	-0.02947437729567979
-0.007904530123337942	-0.06070380695360954	-0.029853350805266902
-0.010715565942625483	-0.061359124770065485	-0.016152858379527558
0.0042537996250811986	-0.0544951310935254	0.015413323725391882
0.0009209301620646068	-0.0624342005696026	-0.014488689495932267
-0.0009816132883493742	-0.05949471678927831	-0.015170914364546187
0.021298695258818116	-0.04193633559740204	0.04010177290452567
0.027258564150326303	-0.029793748783008302	0.04471846873029474
0.01564470462656614	-0.01818061538018948	0.010572439244503695
0.019684942498144446	-0.013465447370145258	0.03216977418941218
0.031159830940571745	-0.017625504012211163	0.04637425966660859
0.025996322936395203	-0.010132154829074874	0.03417853083798663
0.032955583986490254	-0.021688471351871536	0.062334095174001514
0.028386940349591435	-0.02907041827370112	0.04765578234007943
0.026843633744911426	-0.019564613654413008	0.04969537395760851
0.0260100609266524	-0.026570957805870345	0.05749439784599418
0.023549750444751872	-0.02490937576477193	0.038246318124724274
0.023972736060510945	-0.029981163361402288	0.038858646346930134
0.019797244053704748	-0.026352692479983453	0.023271600834814752
0.02251344133378252	-0.01686836908178215	0.0347414626505447
0.023277686121006613	-0.03410940423029383	0.03394335696659808
0.01774595603827905	-0.03346982857977292	0.015663061505345344
0.024246492697628456	-0.026772034098843007	0.032482265858801186
0.028642911497592086	-0.014197818502448776	0.029680648244592253
0.037968686130200345	-0.016752624609815546	0.060327100786187894
0.04099885021350185	-0.012018061908688078	0.05915998352213287
0.029180069129455973	-0.01193715291132303	0.04220711105114486
0.029748043119664322	-0.022359336449238265	0.04306455164911832
0.0227543482864258	-0.011262961679518159	0.02527897206676646
0.027754397397893267	-0.019764227699924627	0.04007741624501106
0.010079779019494702	-0.0440718200245205	0.0033386725752841797
0.010289196057230556	-0.05351108303209222	0.007970410360369511
0.012424872346236694	-0.03987915770260575	0.00417367914409935
0.015544596542211499	-0.029726982333380194	0.033749399828971224
0.021206024717593915	-0.029468838466747676	0.03874965456457167
0.02456294910554081	-0.016221996560295694	0.033834248008063644
0.02639908301358465	-0.02547016049473879	0.04018707455866861
0.03415990764249314	-0.0148772169558117	0.04056644536767877
0.019021637785912676	-0.02258542264126879	0.04341275664888629
0.020787190739374416	-0.032110976152365134	0.0465096501806975
0.0207866110332824	-0.019487619814724667	0.041261054329619865
0.028168034107479995	-0.01277560297237558	0.05243270443326455
0.023515134327034146	-0.01135208665253675	0.052831141837549805
0.024570762745539737	-0.01511740800633952	0.0520417899885707
0.026650559543129344	-0.016356283609366164	0.06348222673737668
0.0274044629722329	-0.017105521334108514	0.05883655326415263
0.022140749490161073	-0.016696051888955173	0.05370615077445503
0.02123364440878045	-0.009850776828426971	0.02717143920409137
0.029784597479425964	-0.0031497995270331042	0.04165595616488115
0.02890982502894766	-0.004745487457606119	0.054710514847295624
0.028958188265786652	0.0014774785556900436	0.054468205975640976
0.027938815195511786	-0.007899543785591729	0.047671295206243997
0.030903080950801128	-0.0008716645240601457	0.04713321990122832
0.03624542410343195	-0.0008520289469559737	0.06501366544696618
0.03412811818419095	-0.002207648015021468	0.05723977355706593
0.028413770458964864	-0.005094671340685759	0.040285181064923126
0.02875041115194695	-0.008798508929107218	0.04814942547536472
0.03338919462881457	-0.01028139933977805	0.05995033080775633
0.02899605829713215	0.0005510000332600929	0.03565641009223085
0.03217915675840098	-0.00923745112514159	0.04358825360497749
0.03059925149781299	-0.019628200763351825	0.05809760438914459
0.0274959346250162	-0.013133245858800146	0.04614222998642936
0.029528449537516575	-0.015421114160873637	0.04138230428416867
0.008050416443126722	-0.024146619361518608	0.028620291252695926
-0.01567280814658773	-0.0188735829179527	0.023914239550030567
-0.013541002104562662	-0.01125618057066936	0.005427769223399078
0.019331725754494645	-0.020834247618114327	0.0382685355360546
0.026337724883926352	-0.017982132989515887	0.04480253329437272
0.029180290421234364	-0.006770801293273588	0.03694012209880314
0.028866592707164972	-0.011133369508767308	0.042153127108942756
0.029105288131095208	-0.002386875357238179	0.042424735918227645
0.025895395376543628	-0.007567991712136304	0.03805998060368525
0.02987092947151428	-0.022802902900253195	0.049833854088632196
0.028593907539986772	-0.021643355198542432	0.052893294206798405
0.024993846280553636	-0.021139424316262336	0.034781864914663944
0.019686671807150457	-0.017408720715042163	0.03354717596299713
0.027924979913167173	-0.012647443344417246	0.0372333334868222
0.024383888246989966	-0.01703459566196388	0.047673575057375545
0.02319326691805237	-0.024589462932665236	0.029337558989129396
0.025785207689102443	-0.027287620580545336	0.042540387004677924
0.024990227063275004	-0.02931740836605436	0.04642187010155081
0.009683465501319025	-0.031548087911236124	0.018583061432936303
0.000127339440236261	-0.05507934663254007	-0.01442769312255118
-6.052991173281372e-05	-0.06141655637494774	-0.009185059171446462
-0.0037955721347850166	-0.05002777639399401	-0.010500545244013384
0.0007505436196989517	-0.04277215481584945	-0.0019028611828080441
0.008886831443146979	-0.05052001850136147	0.0026876213765730994
0.00023614841932729561	-0.05769104485457193	0.007142217459240831
0.001511292608604091	-0.05438580058940796	0.010950470207408606
-0.002664413880811053	-0.05292259482385683	-0.019241750884122815
-0.006825215444921271	-0.06323419919318833	-0.03575075266603198
-0.011352294456518504	-0.051273839500310635	-0.028346527453148498
-0.015504004217082232	-0.05778632726875162	-0.039596881831864605
-0.009024011198821192	-0.049769793170332324	-0.021110722226669473
0.0048127015242112854	-0.06335031320895189	-0.0008804689377401543
-0.004955405627139833	-0.054679903421854206	-0.018086615138505204
-0.01067588708541106	-0.05684453141559863	-0.03741405431015208
-0.011230999022514608	-0.06680886271627322	-0.04379702678519477
-0.0025744195244996274	-0.060800317219155395	-0.018522176536818886
0.006646702572389436	-0.04511664159580616	-0.0032972096976150497
0.01049904764560441	-0.047108108046339324	0.007056378070466444
0.00225266347609887	-0.05497727483372022	-0.0060724759706660926
-0.013842506462029319	-0.056092117397549275	-0.02423992466472865
-0.031158691019947803	-0.04260256142574518	-0.023592700213212546
-0.04249940376660639	-0.026216194645737934	-0.004148214631240335
-0.040798871147362574	-0.021221569752740733	0.004929963504704468
-0.031582858561092234	-0.013476008491533112	0.012843635976094489
-0.03777260937616623	-0.02023338052086343	-0.00014666116316428696
-0.04005336584643747	-0.020930465166037464	0.013582107145723707
-0.0442573812379264	-0.017609354041188772	0.0021284307023920063
-0.03869121542126476	-0.01044671041217791	0.01189357922616914
-0.04035582962583908	-0.013274428765149423	0.008875983099951065
-0.0423155364446035	-0.0074152484743637654	0.025733710360706825
-0.044507452103223724	-0.00962700148934357	0.019589858150372737
-0.04703040650041531	-0.008938452045800608	0.019065024445632864
-0.04921276174241032	-0.007164101485509517	0.028420324936119408
-0.049629966100652866	-0.00983230920603306	0.018409297747878264
-0.04394539384448867	-0.005555049645719436	0.014658684116206237
-0.043915646010025	-0.011593824186998508	0.034767442580767645
-0.051401095577558314	-0.007696168934298763	0.02029234118233158
-0.04674809196992207	-0.0006725549750529881	0.029522678758298962
-0.04601896963182415	-0.005086243613670772	0.01931744228815712
-0.04158815479800303	-0.013121069446162857	0.02441911566988967
-0.0325869304402622	-0.008909773364185839	0.029519703455405638
-0.038319247999342526	-0.009284943991532124	0.016021493589097935
-0.04802652996897634	-0.0069349563965419025	0.016479131411326987
-0.03972533198502916	-0.014138815095463785	0.024343434288311018
-0.031477675652930116	-0.016178598933498014	0.02148087780944964
-0.040605661366572975	-0.014408505459535217	0.011292787927682471
-0.040352494840179096	-0.014208934509810553	0.014562995333967425
-0.03536794505593294	-0.014263052901488523	0.004711437500151967
-0.04169629837753893	-0.012913082892772813	0.009613567378258872
-0.04025633607914833	-0.02033067566414572	-9.71450203659796e-05
-0.029208048018086005	-0.02885377244054515	-0.019022536404306695
-0.019610899446743844	-0.04741568158414103	-0.022898082333779816
-0.017265848150093892	-0.04873247732709966	-0.033852626731247545
-0.0131895543532158	-0.05263786359631168	-0.03693293083505436
-0.016128772117289355	-0.05326732425333373	-0.03699462110118464
0.005090518868993453	-0.04762532023971947	0.011326165955941922
0.011799249918675711	-0.048529805308609814	0.017015036905764412
0.02407766339594758	-0.04301882216295797	0.028264327864051936
0.028386836508037347	-0.027930447684420944	0.04707457879260557
0.02755209104312838	-0.019057480427264836	0.041588687578494175
0.030368143992792068	-0.01012603107786911	0.03097693013337191
0.03391804496181769	-0.020764358428090077	0.04380948240324239
0.032495753909431234	-0.020453848446267634	0.0422293938108418
0.03476994206926356	-0.01755544458862034	0.046670859985464344
0.03049113956107227	-0.01107527862112488	0.04440038755459276
0.03305462946779288	-0.013100817402256501	0.03925127358823708
0.021550909614475307	-0.02189674680693024	0.018948317281311407
0.029482279846906954	-0.00835064333795809	0.03165441663335408
0.024462450866436045	-0.01068265467225766	0.020921266219745844
0.022920176623916506	-0.015088566147381285	0.02820586099770312
0.02877409685830535	-0.013007653071957835	0.03025444895271429
0.025233508999910424	-0.014183751780737426	0.03792316149031997
0.020422612048566168	-0.020195374043891386	0.00986180980542997
0.02537042456221653	-0.026638143439660523	0.036951536247041866
0.0307813898570539	-0.012046692730884172	0.04819738456519948
0.013345181157602023	-0.027690977597470683	0.035190318715194555
0.0035730608002129175	-0.036620381413856325	0.01494010844754025
-0.0070226125626327756	-0.05148492911041435	-0.014711778973507384
-0.010892812942645382	-0.04598058751002716	-0.013817375175169712
-0.006851771081928962	-0.0394965778844903	0.0026181408434538993
0.02883410472996257	-0.02332705722021498	0.052707844138863355
0.022346982678019878	-0.02028791347525767	0.02666699504127499
0.026945737879884548	-0.028120452881930925	0.037824094044705936
0.029713397084961124	-0.017944815221197844	0.03704544633696543
0.026065895210372156	-0.010996327221922397	0.02849526500369815
0.01579047808085992	-0.015768285959089405	0.01799747715510399
0.01884393624272977	-0.02268970990019591	0.030048127182868936
0.020307216281416622	-0.027307860683669943	0.027596929586712716
0.025624062760023592	-0.027379168362472374	0.053609636960697996
0.024409668293163968	-0.022550123933801205	0.05106691648440924
0.02934436171537815	-0.01692847659757493	0.055308659398464535
0.025552050426296793	-0.006149352876461403	0.027060252282264406
0.014418174924565368	-0.00999115970150266	0.024521337122359883
0.03356150178064477	-0.018415410506924846	0.040784642646520645
0.016782232665997265	-0.006443848847306902	0.02056895417344685
0.029620252579645016	-0.006009030963311244	0.0330789126973159
0.024132918204735794	-0.001743264057089396	0.030130023206141717
0.029739300443449756	-0.00785416369080933	0.035828833751423726
0.03299321141826358	5.245649741251257e-05	0.03972706030542583
0.023334250973997737	0.01001534522260544	0.022909223924331392
0.028751262211706163	0.005185213759873578	0.04222808704165903
0.02442527229892565	0.0044168060880639464	0.03769755160365741
0.028469638732506727	-0.00026715962298308016	0.0423267857642178
0.027172151703516237	0.014808316490792789	0.027092494631551493
0.018990430961626552	-0.0027816290560196385	0.030768885127643614
0.014229768149914874	0.0021777578945698308	0.008043280420063968
0.024126840327329285	-0.014126699251073273	0.0380759576417342
0.03362223958481165	-0.009527917325861602	0.048187591118139805
0.029004371541282995	-0.013569870573541757	0.05759052898128972
0.02482086311575788	-0.015226037292399144	0.045076293111891264
0.030897494270104783	-0.017108038637204784	0.054428300938556565
0.019835364912166305	-0.01260079574657584	0.04023835752256982
0.012708732758765176	-0.01277540136543056	0.021958805354335666
0.016506839338244587	-0.018384217755030165	0.036011772289179955
0.026859762451392245	-0.019708776229984414	0.055878237533620326
0.023507465597336255	-0.010793476887278578	0.05308259293643565
0.022403799198079905	0.005348791661047671	0.020464482384983634
0.027094593799375236	-0.0018967846977368653	0.03749594341261813
0.024897584075758542	0.002699570504888698	0.03766516512742814
0.028105610330138288	0.00800996477909081	0.03335892561722793
0.02981974341830441	0.013796738024596529	0.03966691163741464
0.028731104655604467	0.005805592459156822	0.04465910691642079
0.02324939722340416	-0.0005070616451859235	0.035457563648494415
0.02345609086701081	-0.0012191542476921358	0.03523041288027784
0.03058485928355958	-0.0008227088720674058	0.05064817615463469
0.020249256051475092	0.0012452999499732735	0.030574593362973048
0.016475203323111462	0.008564374896380561	0.020829397448408175
0.01987921332634354	0.014769408737249209	0.01833802767802858
0.024715799303627967	0.012072982514771435	0.030653167912964744
0.00799857508063115	0.003746361931922448	0.0038194177618071697
0.012520562796059575	0.013347065921033232	0.0018283741466673664
0.013828361420720438	0.01358576793402486	0.014037182273953555
0.014845159607372897	0.011940369481321595	0.01821180655089521
0.01286493174348423	0.008209597324187303	0.016234342141118022
nan	nan	nan
nan	nan	nan
0.018162450361021973	0.018109304121781886	0.009114458750640108
0.022505849503396576	0.019397441217971604	-0.002482113282968157
0.014144111198731818	0.015308134177464768	0.011537866527951454
0.018248642032215587	0.014484713023720997	0.012116811323667692
0.017562950040671245	0.018017770452385475	0.014118267623703966
0.015223416489731795	0.013227897541812252	0.012112377029649651
0.010385738310847107	0.010407243063030595	0.004679373398360298
0.009749309721122614	0.007366008303279844	0.018812599856241806
0.018490845236065385	0.013691068419773246	0.022515450564515146
0.014314307948545582	0.013434435995474853	0.013260325676160879
0.02010314936331523	0.008365810734111497	0.023490218842013126
0.016644300215150606	0.0024592574288389364	0.01852457888002384
0.014689982445908658	0.00899514584690265	0.011647256009181605
0.016853290309913914	0.009121939115407035	0.02096035741397725
0.020930960327649815	0.008278025394252497	0.028374749684648506
0.021007827155500276	0.0014753083841981638	0.04306384280974139
0.022133784096140512	0.00904939896523626	0.03797626894305384
0.01615301282814389	0.008673212504057146	0.027009591137744746
0.0213570435791674	0.006943791246522905	0.034823202257569165
nan	nan	nan
0.015327932923211551	0.009575535808968014	0.011855418402281203
0.01675153170564742	0.008627035527279498	0.016120785241183724
0.025903527616252982	0.005141846649616497	0.044228664105721675
0.01809588504023582	0.009177757570949591	0.020403148676546204
0.017908080021122166	0.0019633934219631033	0.031177784510436315
0.017708742692326793	0.005947638861780226	0.02034368522805537
0.014742677662356426	0.005256887857124887	0.01621832929405889
0.013421844030486903	0.007057594871602094	0.02113354884230098
0.029352184703033826	0.012533749509366055	0.035608623970289924
0.017407111490630723	0.01045411040281969	0.01742225799637435
0.01180418121992018	0.006901893690020833	0.01033504067604912
0.016656928137474922	0.011039807847875298	0.02056505891906478
0.020530899049348794	0.010041756324912944	0.02368717669810723
0.02254803922934374	-0.007419422002029969	0.04600862900612976
0.01790961046548584	-0.0004124968883598248	0.033657049972398254
0.017894731657777788	-0.0070953408674521235	0.027295226611536105
0.026128648807187325	-0.011312900860603627	0.04676379389378707
0.024413266644841444	-0.0043446595067079185	0.03521874697056278
0.01594771682309278	-0.0036844193936911465	0.03032215728066439
0.02616834766365476	0.010837192732092223	0.03194400614846973
0.019082826776525952	0.00432999336314392	0.03256067606401636
0.017497944021347734	-0.0009245233803986308	0.023160965163553628
0.017865839377759672	0.0034317910149300776	0.03133861715230456
0.022587045227707884	0.004779561480314592	0.036667572329997025
0.01856373237329381	0.0039235623696789275	0.03500517887841173
0.01986274443574669	0.0011725843458699249	0.02964532465485232
0.02190302876995558	0.013967508906188997	0.029429957224301688
0.014428745710398198	0.009692966305706891	0.010056826791431247
0.018819306360684768	0.020134577494894904	0.009156076411646064
0.013529473580652015	0.0009473563064511808	0.03555314817604678
0.01665222996673107	0.01773559978356076	0.012481106970321156
0.015939759949318046	0.010683428969137949	0.020485814830998643
0.017807781149514514	0.0045400504276488065	0.023058759618950146
0.015479421884684905	0.007567792739666859	0.019047081040468223
0.015811588711568052	0.011127474592590942	0.015165141913129615
0.017010118309742667	0.007141443559951646	0.017047043077242904
0.018710607415202904	0.015355219890761024	0.019036847149435886
0.013931232815551572	0.00952542994363448	0.02170719973893354
nan	nan	nan
0.017108025924135926	0.011426003153510177	0.01646039114347468
0.01646744195327441	0.00423050505728289	0.031095613117046617
0.012867594271911498	-0.0039351824807113715	0.026954147939577768
0.013021173825061674	-0.0035606181094697217	0.026643580333476535
0.019248905113370424	0.0016387533543447	0.029742501152697838
0.01213081069811751	0.002379410830237822	0.017611026708748607
0.01527204668718441	-0.003171507716399247	0.03176512850332179
0.015168222998132997	-0.010190295445295318	0.02859926552316746
0.016366052875716262	-0.008189074661204285	0.031473752357005676
0.01315778604322991	0.0032431767027288187	0.023553061208358542
0.016292105135227376	-0.0030060544829856447	0.027251058169924746
0.018938738242361676	0.0015328600239525511	0.030091110729649873
0.012911595922410198	-0.0004257754461241557	0.011243183604476042
0.014887440760279952	0.003337684313625167	0.02741268587361382
0.007937153900521533	-0.007024696698291831	0.0197764494168456
0.010616773098301556	-0.0015185975087387892	0.020817816539526707
0.021157031693650814	0.009811326327448468	0.023474358340304723
nan	nan	nan
0.010840528845743845	0.008006063989804291	0.01732560916394872
0.01030653784076424	0.0070989863033188326	0.001107544807171781
0.013165833704393443	0.011213875002216515	0.010918667098827866
0.0032656740584852506	0.007264416840794638	0.007034457547628631
0.01180799452185856	0.006729242624002073	0.01493055745949852
0.009919413235652397	0.01033883112011478	0.006392596841671346
nan	nan	nan
0.009182503922901474	0.010590443871623292	0.0018750758089583382
0.011403700181672739	0.015519803265535724	0.006919950415426845
0.014277665692602153	0.01243009238012252	0.00992762841487757
nan	nan	nan
nan	nan	nan
nan	nan	nan
0.013521407328853778	0.008445666846818956	0.019002118018956474
0.009400245945491669	0.011801278082376625	0.012561784858479265
0.010538124073230225	0.007844354661565883	0.0066268552833829665
0.015143834665800866	0.007047579482587815	0.02125188471090527
0.011675279260360836	0.009403818007666865	0.01182008584817052
0.013010490396545204	-0.009187502143753962	0.023119503806871347
0.011609617534289558	0.0009039495423959489	0.016930961860313405
0.009997617060218388	0.0002582345630328296	0.026386674861381833
0.010510760845507262	0.001254725457420924	0.025394010445832928
nan	nan	nan
nan	nan	nan