# EV_1 (17.7049)	EV_2 (6.4450)	EV_3 (-7.1934)
nan	nan	nan
nan	nan	nan
0.01914200444093896	0.032271932225357874	0.0377961492217644
0.016281439521104994	0.029805445074834673	0.048356236554525485
nan	nan	nan
nan	nan	nan
nan	nan	nan
nan	nan	nan
0.015976368200274326	0.031935379667396874	0.047903735022166036
0.014728216242230297	0.030613371627124946	0.044664149862259674
0.0139441129402989	0.027932132113392436	0.040665351230629164
nan	nan	nan
0.012326639978678725	0.02407643851721964	0.041344477915851635
0.013218799832582676	0.023895939813892896	0.041440512315228835
0.0143241912301145	0.021263896129772933	0.04300092776195752
0.016335794606930763	0.02289110644977946	0.04320581855675952
0.016923553521844943	0.020154475186538436	0.040992019745718325
0.016880689251354473	0.018119035700012304	0.03876736981475197
0.016293509870012695	0.01645260575742522	0.038536974213970815
0.01441624355879387	0.01623996148309382	0.038188899184351414
0.015916705877289404	0.020464548863300003	0.03538057851397534
0.017710147018749484	0.025742671981403592	0.03389038884215323
0.016757505837330287	0.02371266842169733	0.03674748746356582
0.017343870121655343	0.025026059292030778	0.03244355887151495
nan	nan	nan
0.01676126427571379	0.014403204270102419	0.03220588902412723
0.021486259586091235	0.014050320414256301	0.026072610911528647
0.021886675841375915	0.011577623535799789	0.03190536726175116
0.020913202275683298	0.01983905152140931	0.03498171607985849
0.019927364043479542	0.024834164016586915	0.04154344954214392
0.019137332942147308	0.03014220709240044	0.040814042392158106
0.01903811508922692	0.0308306310038032	0.03878419302501285
0.01778329846333168	0.023550924530145147	0.03505166361606069
0.015698350299479268	0.021613828702814128	0.03678816056973336
0.013028943926719359	0.0165930240707239	0.03131325099058221
0.01338297598700887	0.019837373893119892	0.030692270595917094
0.012767888202026154	0.01676107802601649	0.030112381352289344
0.01696153755402051	0.012976851028105094	0.031744355628785914
0.017806604503614466	0.0071026613145839645	0.031741807282125785
0.021690050963795497	-0.0007592131390626033	0.023891149948884062
0.018578914099276783	-0.0015041751821023817	0.026033269835656143
0.014740754817686899	-0.003261550853962729	0.028062441447609054
0.006819848239301301	-0.005563855520172188	0.03137761839284575
0.005928662011923729	-0.01209972959922968	0.031699797444793294
0.003792043585923244	-0.03038950180813053	0.026546623331127273
0.004486827681065527	-0.02921980972120869	0.024944017360734917
-0.0030176742417885767	-0.028843642607195748	0.025882535027380634
-0.007194880253001093	-0.01859412728364316	0.02950392209420062
-0.008118697341846674	-0.024557200081109367	0.02883115479694085
-0.007685939247082803	-0.02740118462951574	0.020737891582141205
-0.002744808427139987	-0.023814477666979385	0.02164918795524763
0.00535992339709967	-0.015415231870035783	0.020100913016087338
0.015067577302927355	-0.014230981325222412	0.019680074938078433
0.02348608806835351	-0.009493356168244833	0.017646263230431593
0.022343903560669145	-0.009440885624907289	0.022261637950530377
0.020887422550821575	-0.00780529938428445	0.027496047450531927
0.017301327752633627	-0.007045568673990619	0.032205058957147654
0.008805645753509648	-0.007678166702424959	0.02978557749620151
0.0037420388397244935	-0.007630214002436372	0.028348525023907688
-0.0031017787421984784	-0.016644133576202376	0.025370366826148436
-0.0011536268345865544	-0.023864573621491296	0.025095422988906532
0.0010688360929291623	-0.029031045591523502	0.023495318529184073
0.010956453006048687	-0.01939774669722104	0.022767494177935124
0.0179158831402672	-0.01154070412998922	0.021208699383562676
0.019814263231837215	-0.007094444316387574	0.023408135534681237
0.0195200416107847	-0.01184427641799576	0.023612031530262954
0.01505742011597465	-0.012835190701506363	0.033698304737686736
0.011600106529380146	-0.01903588965384396	0.03369711458019445
0.006970809650352072	-0.011377835727555997	0.035608095833425266
0.0061794943780213146	-0.017084161166048845	0.030852647484891874
0.0021806189036832476	-0.016636982331965918	0.03167258291503047
-0.0029766022150721798	-0.02709433732353538	0.02548380876160794
-0.006584636585310839	-0.03101578057415152	0.021455874162177143
-0.004645351184449262	-0.02637969939595343	0.018865098845853676
-0.00036202390664097177	-0.024188140096225302	0.020167339182411658
0.005093942611649242	-0.018411896666888947	0.02154083634541164
0.004239507368570521	-0.02531124560331835	0.02266189160675403
0.003633659999086038	-0.02581409539198855	0.02213124678820067
0.002549149479427586	-0.030329516523122848	0.023514103082872752
0.00561079877573884	-0.02817701862625391	0.023287072274607277
0.00849634046782195	-0.01808350543206061	0.02407777859710611
0.011178399858127476	-0.0068427481408917246	0.025257241659463046
0.009782728094735215	-0.0037291903509851267	0.027091550740526483
0.009541894957219615	-0.0063690846829370165	0.023923158375981166
0.010541912723018895	-0.007838453030227455	0.018012629433854087
0.01572772876171447	-0.00590378830199622	0.017738674086574396
0.02399597094347814	-0.0037916370440634894	0.014687792353763923
0.025872815851708194	0.0017132461892422832	0.016975961359251758
0.03060845136080024	0.014125792180783574	0.01596259981057996
0.029097795975356958	0.019700803631365702	0.023571093942740706
0.028642169548838102	0.026111509413655618	0.029307661764148393
0.024718366929126708	0.02336772009432428	0.03318993108635064
0.022660629291595676	0.021215010818849637	0.03343406289562013
0.020166834833268685	0.01601191354885164	0.03384030156271255
0.021077684548242895	0.01770953899763289	0.03334999520988576
0.021191534392436092	0.015433953050974664	0.03027013935111213
0.022805267256971726	0.015061623566429181	0.02997713597634406
0.0219928211331876	0.007100541655567142	0.028046153442736487
0.02115409397684877	0.004418718794112365	0.029847323505064673
0.01887919114968308	0.0025216463446451273	0.03181772768546843
0.017009522396079675	0.0026753227501650784	0.032241656810310694
0.014867021781017226	0.005641610948609524	0.030874599192373696
0.017598208556470374	0.008681022658194246	0.028763796253152812
0.023073410169162003	0.013922545988331965	0.02738589500202763
0.029504719795157636	0.02045080892139316	0.02812506867724403
0.02845426182605538	0.01960273322479502	0.02909337475570494
0.026026427106427996	0.01887721631130733	0.03114042146215362
0.025510960471863096	0.02110996571147621	0.03233418134339415
0.024571045557843937	0.021811406384897467	0.03262673926540316
0.023729367169604807	0.013766444237773864	0.03193220578164807
0.02256019156628512	0.014098684891053299	0.033553531416221034
0.02022963705580653	0.011947138255616076	0.03565959663560016
0.02017736977785549	0.009744407465121578	0.03372604338002313
0.017568589245841978	0.004354138863614777	0.033714419887842614
0.015700730161649013	-0.0030452910473329833	0.03320089162618808
0.01687438295481477	0.004819960958252484	0.0375998117602766
0.021725757242259405	0.008186967335347755	0.033193368015601736
0.022883898954625677	0.008302538688013523	0.028228158827966737
0.023070268300204297	0.014166005640621447	0.027044239892675598
0.02117217106136287	0.012798894781790297	0.02355717998180651
0.025902055610696167	0.01461482009051384	0.023364575055336304
0.026660800574340386	0.013695844293344394	0.02629997194525936
0.02244630296983296	0.015834862807939366	0.02993195038771638
0.016429615446921144	0.013914510818009478	0.035401241743851106
0.014707977137234707	0.008219610673849187	0.031619866409012536
0.017400816884027566	0.0038275684202487854	0.03200009261103648
0.024338102837206096	0.005728959092848006	0.024424905904718006
0.028412032083071262	0.011544342431129478	0.021359310024037608
0.02697274615341021	0.010550620126694492	0.026148921594824757
0.023698174402840597	0.0038352607963705043	0.02518586393141498
0.02127311927238498	7.858773256499973e-05	0.025276249442228137
0.021738425664559278	7.61334488662245e-05	0.02109758928154422
0.022407483963267215	0.010710575438181278	0.02265367296812263
0.022469805194345237	0.010562439821077393	0.021734703731630733
0.019353159522767446	0.006783555085808539	0.026806492849316313
0.016589242552597874	-0.0003510642344115092	0.02538191778960499
0.012548980875677875	-0.0024877630212977037	0.027092294030705993
0.015937868536594242	0.00220924758083749	0.023337387365724126
0.018520589002092046	0.005300331975829301	0.02379685232940007
0.021248676793416257	0.003352667336664363	0.02172728576483617
0.02016852854870083	-0.0015619579929618058	0.018466073679029978
0.018479574173771874	-0.0037178845591360615	0.017581715498271592
0.019231856731999827	0.003459171320586634	0.023511349296926207
0.020005198913883037	0.0068153137769957454	0.02564197365083465
0.0197667082451836	0.006865325265051927	0.02540416022602594
0.016364025808476033	-0.0018422517639001233	0.019411387854535025
0.011382342956817462	-0.0033583548114290065	0.022957346647956685
0.010988520115008706	-0.007475084857953252	0.02418130119482845
0.0088766016879848	-0.004499045797846709	0.023953062000727207
0.00787487782817687	-0.020017286393077444	0.02200739153380605
0.008914970377184198	-0.019589871924983876	0.018659744850721485
0.008441908411012992	-0.024034639570878244	0.021593378574549134
0.00558179068513793	-0.017532750139767538	0.020249514664826992
-0.0009681035375969423	-0.02248618509886792	0.02373094820021874
-0.0058279702400270555	-0.026847597588654213	0.02214894350176066
-0.006569424934232616	-0.029016017586052288	0.026783166687222228
-0.004175294903546636	-0.028006355617933316	0.02525035216074783
-0.001433603045704739	-0.021477375790613585	0.02640311786135631
0.002388621892560911	-0.016269619540247488	0.027108068344034026
-1.8113255830354067e-05	-0.02176598529406411	0.027149940157160105
-0.0012718208957417706	-0.022412436662185373	0.0242775996572284
-0.003088401127423448	-0.020989103962895002	0.023791503583885605
-0.0010696701124256022	-0.02181375934388687	0.02411533924061461
-0.003157836716769967	-0.025571108086449218	0.024781436541732038
-0.0056117638886055195	-0.026269326164775477	0.0252084473310783
-0.00141125303547599	-0.021501376836691195	0.02399329437485372
0.008405276247029728	-0.014722184687269203	0.021386590103423586
0.017298964298068126	-0.0028489892779998346	0.01784719905198104
0.025339154343263025	0.0077079411968916	0.01799713794723599
0.022657081971594606	0.011111456156640418	0.022189586932761306
0.02510061284095301	0.008892671371942766	0.019613047306986906
0.022620423900654572	0.0044174420469182095	0.020918684892821875
0.025798659518483334	0.007733866975326034	0.02272153094163118
0.023392821335391233	0.007933748637332327	0.02775715221563565
0.021529842377465892	0.010906660765933081	0.03262763618196228
0.018891722742083766	0.003780297897241644	0.03372949607635652
0.015539665162075762	0.004908360827037881	0.03633846414724307
0.013205319878101685	-0.0024146574510182407	0.0313451993559901
0.013105594586953333	-0.0037892189135251483	0.029853576216591335
0.012949960080275965	-0.005380656920524571	0.026696553678361004
0.013977838950300643	-0.0010492665305015091	0.027988319076243284
0.011057985872759225	0.004488745960850312	0.03245122159046984
0.016261004573407813	0.00492017499153039	0.03048385889896492
0.01456830815226147	-0.0014588148309425744	0.028632094978326715
0.020169342202388113	-0.0038245685736456453	0.021270788050862192
0.018372583583548194	-0.004014184877905905	0.023396872198514322
0.020869538435696052	-0.004664824145453397	0.01915547784320888
0.016025118910169764	-0.005615602989555598	0.01801979638506924
0.005710890775237077	-0.008364475105378749	0.021418135683400324
-0.00021677101682116093	-0.010027952886074075	0.027677811220067815
0.001773704856613227	-0.00881773865820332	0.028633627547188564
0.005509160415910697	-0.015909045999725348	0.024806572481412062
0.007400095518856125	-0.012709587406168042	0.023736241772701557
0.00039428818055119044	-0.016153023793235795	0.023624768109298557
-0.002179101586386469	-0.014841175820553606	0.025055786783220523
-0.0007830797953666735	-0.01666827678338078	0.022950864456581326
0.0067488922715780875	-0.012108068594147503	0.01955238173926618
0.00979846905521877	-0.009440234091512225	0.020591820420818086
0.008213885953123907	-0.0008879548338794601	0.027496426527825808
0.005245030938552182	-0.001997551366729392	0.027522136743168838
0.002885510464625849	-0.004373688597619454	0.02793252316473902
0.00033516808967516134	-0.010869845680044397	0.02544585767149933
0.0015836201240919893	-0.010911292799713462	0.025549895551082353
0.006784749995862735	-0.0022027125848186994	0.018171175722561706
0.007047955700963195	0.0018738694304056601	0.017152530499738625
-0.00048335555229021766	0.007654962327579772	0.020852639540109737
-0.01740569579149972	0.008839218944709258	0.02365020898740654
-0.033853676283253906	0.0043046337625059425	0.030196329334050497
-0.04854969932940752	0.01450486497506992	0.0273286929377834
-0.0548429884358369	0.03188084508386176	0.02993270570519646
-0.05824284395430564	0.03690457145871908	0.030073611803904304
-0.0562887215074948	0.03822592346441554	0.03234416006247408
-0.05590951857097448	0.020376147338714234	0.028701209021917896
-0.05365916838627643	0.0176502088986564	0.027727644910909295
-0.05073591243259868	0.005328834597734686	0.027117643408451506
-0.051417821018881524	0.010727678466005024	0.028919151937825405
-0.05482564247666484	0.017676711979077123	0.03236708749948707
-0.058368264383671487	0.028702627475445094	0.030526711174022614
-0.05416003289607578	0.02843843424828664	0.02748622555591443
-0.04761178360560339	0.022756145828507178	0.02863761296160374
-0.0393595269012918	0.017257580666685403	0.03209491679461415
-0.031422582706809414	0.008370971486756987	0.026797960942644194
-0.02704605011353304	0.010316129324632321	0.025613856490056455
-0.025007262039415508	0.0034519310972081045	0.02216005910091699
-0.03052524905112238	0.004786573242484809	0.02775785899183377
-0.025743203316859052	-0.0017829783458696083	0.025755835190992286
-0.019687880291215914	0.004478378523205685	0.028082241819568587
-0.013475914225498325	0.013750373117820996	0.024901817894602482
-0.02545036612407488	0.03081724945068437	0.02831771422221942
-0.044004530879612175	0.0399330415589752	0.024629349764096253
-0.05926620638774717	0.04960629713742191	0.02875339005529319
-0.05791860859669941	0.04763791121520242	0.028838735134387984
-0.0634564678789484	0.04845517076558038	0.028020446159217435
-0.05634834891774696	0.03874287366595786	0.02394204242604773
-0.056689706726365426	0.04201996591526627	0.025982446692151814
-0.05145725255293707	0.034101437748532915	0.027287326502569417
-0.05766298013367323	0.036019066786714814	0.02886356710455091
-0.052927644713521495	0.028588410240789744	0.027407614289041718
-0.05586025642155668	0.019730458866728043	0.025127650120647292
-0.049963841314017945	0.0178378651143294	0.025021517018845328
-0.05456657088561619	0.025298049928188654	0.026951517936092267
-0.04555820464222944	0.027854098346447885	0.02762087748885418
-0.052988117502701576	0.029150658464383014	0.02539000563553683
-0.04503451787935891	0.019310799933517378	0.024970804767358544
-0.053074740416069625	0.03325941786585468	0.025835275623654105
-0.04602150996589649	0.034988896305677156	0.02553200407177842
-0.04682184981423423	0.03871611877951771	0.026802947909338008
-0.04921651481396052	0.03686917057763868	0.02284719027628205
-0.05164026950915359	0.043141453712724376	0.02712822814238449
-0.051046682036764254	0.036159737179943134	0.021731788647939898
-0.03957050525283473	0.02935901829969744	0.02697090831909984
-0.0403738483665593	0.02361376499414991	0.02556987658499467
-0.03808362214767547	0.02814345727938139	0.029523652374553885
-0.046644493619856314	0.026609627076559395	0.02222034914263732
-0.03911925140267676	0.015435528027455833	0.027021307607745522
-0.04403299940761371	0.015688609216990945	0.024105154056253193
-0.04117932060625608	0.0185575153927562	0.026991214036453777
-0.05675543123213317	0.0415005524722675	0.021900404674735134
-0.0587073109628014	0.05450003689377543	0.024684913388806115
-0.06727634256192559	0.06030965191501894	0.021800513482845493
-0.06336285360217121	0.06242961874726216	0.021918163497703785
-0.05942595060614201	0.04905854944530305	0.021691992770240844
-0.050888853694686764	0.046029330998064014	0.028142885545491506
-0.0518645850935538	0.038783308208958936	0.02499446290761332
-0.05230284440046631	0.039609841851509106	0.023583928071754967
-0.0549217619974266	0.027862578109506916	0.020768949473536635
-0.05142399136457322	0.026321471277485575	0.021507965600914114
-0.05733461579445655	0.03697830555048775	0.021310221159260442
-0.061856812388016824	0.045727732802055374	0.023913752516928954
-0.06173106551536914	0.043784306233363754	0.027439566799543305
-0.05597660604765626	0.035440329548351565	0.026789381044065724
-0.036946345367610434	0.023161117449438315	0.022956280441582703
-0.007146177477977078	0.006460667381474643	0.024923067905232084
0.005130653476298848	-0.00358595311882454	0.017979255662206158
0.004147744242409297	-0.004933459218160694	0.018078658912091795
0.0014802712589963105	-0.00942653677038661	0.015329516650953952
0.004096848692812257	-0.0036265497970510967	0.017567373627129325
0.010260799716835224	-0.0024955119137529368	0.024896031907103544
0.01852247016815034	0.004369052753466291	0.028412276593627883
0.01901205103270367	0.007662851748231381	0.028275827780213956
0.017297984301757746	0.008428707967466633	0.025423174961109057
0.009626006724918285	0.0032161720616618638	0.029770836544904478
0.010108295931142482	0.0012536327747091833	0.02740198159050214
0.007914647179706675	0.003789999516942263	0.02732051598504282
0.006177125200538125	0.006059891780328076	0.025289200337231962
0.004571154024176183	0.004468912826295855	0.026180719669083093
0.002833807565113099	0.0023093790543551405	0.02559304892200817
0.004542382775197322	-0.0011950417563984152	0.023161800746644506
0.0021732740933820467	0.0043847194327581735	0.022855787879262145
0.00472394351600394	0.004168554939429483	0.02439400960111594
0.0033157183803175466	0.006191772281659155	0.025760115169186807
0.0028484588217298724	0.007184346541691587	0.026901037977419648
0.0018478135582282434	0.010542560944684271	0.02917203341317787
-0.008102592019682452	0.02149975342833871	0.026798722205917565
-0.033279572140559835	0.03650934808121231	0.020211257797733445
-0.052536872134595514	0.0316846859027123	0.02240567815255439
-0.051175722133705845	0.011315258053797517	0.024604692102022624
-0.04926210950398243	0.005894195211650001	0.02450075490744183
-0.05275075883713021	0.006019774403796384	0.021269389768273986
-0.05660922674112616	0.006212954485749725	0.01840523536056749
-0.05516094922535138	0.01563115785672383	0.017713899403569475
-0.04209718021314644	0.008706541429541463	0.019294869225989005
-0.02546636112353766	0.008644472283618598	0.02560624130191625
-0.011840211750119746	-0.013164800974905945	0.025498444856417987
-0.009015232082276422	-0.020409500352468024	0.025838530979981802
-0.01452002401937483	-0.02920970803058209	0.02579224983183874
-0.018873807966984943	-0.021895730681454586	0.023572809248630134
-0.020211655025731527	-0.017743258559556996	0.022334249924346464
-0.02209526593309089	-0.01473807318093634	0.02093413524816172
-0.01706373977488199	-0.019777936404847526	0.019881117213423553
-0.016378515654597352	-0.02248599770396891	0.020075166261759054
-0.011218208719985974	-0.02627023245751657	0.019105079543240366
-0.0055861732074764595	-0.020007057376464903	0.016487693124207652
0.004508869102399728	-0.021850690758940333	0.01953317251692027
0.010806773451719924	-0.018296458952698186	0.022290976253358998
0.006316658448405467	-0.01688092039944811	0.028599937918512203
0.0025915115995751832	-0.009560062076417002	0.02316765322520391
0.002488353484696914	-0.015222572359000961	0.028193347921216454
0.007033864475236453	-0.014380853214949228	0.02516601732790466
0.009053405168934024	-0.016780885706521458	0.028114412536407653
0.010965265311216053	-0.011457056883610851	0.02558855392474177
0.010498721873967035	-0.010473882851147538	0.02778667565532935
0.013152757565467224	-0.008469947205769613	0.02446642335367432
0.011833267119039693	-0.0013865782063684443	0.025518636980702017
0.012262726999062027	-0.0004916809724028071	0.026751976368858437
0.013596377920149599	-0.00019715150135835371	0.025853294621931786
0.01648913962853333	0.007435631382195319	0.02759576209784481
0.023355611502066116	0.013931862426505149	0.02345864776225229
0.024453709448939952	0.020146512767168247	0.02555771134794655
0.02921648524414788	0.02592886557504803	0.020014782326890454
0.02728762108116907	0.030254180321151646	0.025106838056631466
0.027646942916293018	0.03363006578173732	0.02394735059821071
0.023092181345316414	0.02520641351277306	0.03455163860396589
0.02353221417779992	0.023501006683194096	0.031863735924351176
0.020930359211327777	0.016105904488510573	0.02906786402386595
0.02303535244849633	0.020089079258211663	0.028776260432525465
0.02530943657504453	0.020962303331284796	0.028810499702118443
0.023263790389345125	0.018811635051794937	0.034688843916292136
0.021084210565259748	0.011182631819293697	0.0342708807547097
0.0186684509862753	0.014275560444791217	0.03898147612802079
0.0215939084890885	0.01942363698319431	0.03879366426510534
0.02206094926061552	0.02463911486753266	0.03788362760495709
0.024182203075773005	0.02136845166168293	0.0336186520173741
0.02525804245226291	0.02024869661852209	0.030922603302356216
0.025444347499625628	0.016940269215934917	0.028903033854265098
0.025431656266034962	0.017802659276299867	0.029269987421548904
0.025559284236195575	0.022704796216128337	0.03182595218795555
0.028474676432912967	0.02594627371609878	0.03111648585461829
0.02404698443657515	0.02293884366809003	0.033588320227633105
0.02355681761764814	0.015542266627361722	0.03275442278872822
0.021636796723489414	0.01415498274626931	0.0326235669803243
0.021268074208054377	0.01808418225806277	0.03445463538578755
0.022842027411126183	0.02387269514096374	0.034101362434877894
0.01756837194513551	0.02075137950118415	0.03307297603654111
0.017010328787434064	0.012931720682007358	0.028499254771891056
0.014775236723553275	0.00673191559489713	0.028246333290648698
0.01412391542428288	0.0004890829678016843	0.025432904835321894
0.014911828541387772	0.0060009705224528045	0.027920057789623177
0.014288238683166395	-0.002346761862531608	0.0274219064716486
0.014342024560882337	-0.0007101893592832021	0.030498850221360875
0.015205044015562299	-0.00035797119203417535	0.028172968504127573
0.013256629245855014	0.004972955577803468	0.02875991929830667
0.013375518846682938	0.009890234179450532	0.023521100289818145
0.009172769792606044	0.003438294297365401	0.024810454007705433
0.0066056740710973075	0.0063692886299395925	0.025748201679102543
0.0005793676544203973	0.0060136387603437974	0.025700095805789483
-0.01002651469740886	0.0031501714258364757	0.02101149988526774
-0.03269345898315566	0.014052102793571157	0.025412935263943975
-0.0491732373527084	0.030653618537765263	0.02766924140778445
-0.05788351709560348	0.04520147853778218	0.030197076646292592
-0.061535961992509956	0.03362414189296846	0.02576509962473833
-0.06661350291813754	0.03786089796972353	0.026104002420127406
-0.06831037591699005	0.030718520790363343	0.024706013574984018
-0.05266489610232029	0.026981184740735353	0.026144196151797347
-0.05068590241396945	0.021903485246327598	0.02721035524045553
-0.05225718166049644	0.037131428324016294	0.027039559403030308
-0.06324441182557528	0.04645442079421239	0.0275974472926786
-0.06152128151811105	0.04916125518481944	0.02793509731774413
-0.05636908788498449	0.04133695566649653	0.02939551811717807
-0.05683863942920658	0.0392861836870257	0.026177630506128938
-0.058988922224527486	0.03938031447353533	0.025272894795823307
-0.06091675731372856	0.04315963868048822	0.022911717140204187
-0.05785741008303452	0.04241847943035451	0.024896591307354443
-0.05699439259158684	0.04131938326537909	0.023677813800238263
-0.05552234307753453	0.038485326226121594	0.02342455884011229
-0.05722317694307334	0.03485701312339112	0.020474398191039078
-0.05914903139157316	0.032121713626411134	0.020603183791627712
-0.06175198396106621	0.04346696242315247	0.022996056829383327
-0.06144156296831052	0.039789043859858333	0.021518276675973717
-0.05719855268197564	0.04459371656241473	0.025926013835023104
-0.06058489900409199	0.04643796550925884	0.025181401261472842
-0.06590111442384847	0.05772915762393303	0.026776131993147143
-0.06797811001564028	0.050454966914921115	0.023501449578988434
-0.056953419892162634	0.04125664485996402	0.024831283684863578
-0.04714028118896213	0.03579004428268806	0.027225802470926284
-0.043198226507767695	0.03127371647738912	0.027400343076348255
-0.050959094380750324	0.032252709970920036	0.026670595710274803
-0.049764077446785474	0.02652477204385699	0.024170881822217737
-0.05823318789080584	0.035448986689137124	0.0223272290913877
-0.05973046734173063	0.029373381092304085	0.02082575319022039
-0.07076013840894803	0.04113262897228867	0.021122268706318545
-0.07008904265740501	0.04773521198966221	0.02564393179969178
-0.06315524195310426	0.04466758791729153	0.022967682373124326
-0.06151858924423329	0.03325839437992467	0.024701244238828725
-0.04936905865500582	0.02689681323886242	0.022417540130336693
-0.05355610976580385	0.03724179476589495	0.023938966371628442
-0.04703060953469637	0.03742902924357579	0.02351605654487532
-0.054121280201442176	0.03765201931480411	0.02691616148033303
-0.05696199367817532	0.04030073313492409	0.028228583832992024
-0.06259315487716668	0.04101142057845868	0.02748149724378099
-0.06974210976768876	0.04340919047311935	0.02484748892936156
-0.059904025227242974	0.027063631651312862	0.022805209059695852
-0.06512998491883301	0.026955763566127625	0.02012106081389696
-0.061600140091055494	0.02951318811450626	0.02105811172052885
-0.06666070356357581	0.03848650122836633	0.021087850433636188
-0.06384705783957609	0.041366823779885306	0.02318386923396172
-0.06859284131707966	0.04289035571869054	0.02249522551453932
-0.06580460551234546	0.047029335097145394	0.02471927883894398
-0.06667636466614671	0.045902002432161956	0.023269497865134367
-0.06175222308040742	0.033745295574609424	0.023684821125858818
-0.07054568767015268	0.04094775081243658	0.018711405257743813
-0.06752311876040534	0.03507235767474598	0.02198658453795853
-0.06888653678741803	0.03711524651898007	0.023670648095903926
-0.05565800830522255	0.015297821946780199	0.022536351406732137
-0.05769681192211579	0.02074193277773541	0.023042220606369984
-0.061620075803304725	0.024588728569355005	0.018423756311137372
-0.06409800573482621	0.026697637441521052	0.0204462021754567
-0.05863130442109926	0.021983551656383937	0.022227310192115962
-0.04932324362234798	0.014927086639017935	0.028059396935012762
-0.05192332598579462	0.019472664123983824	0.025764896407970146
-0.05184510204965788	0.022408704608171973	0.023836844963275435
-0.05324807992826631	0.021214334306342245	0.021224779792736244
-0.04077519139315003	0.012386721431411493	0.020866633555952065
-0.018375141666399027	-7.122951294770766e-05	0.02218494120769975
-0.0039422686413759876	0.0017770916612390962	0.016297947873088896
0.0010155837277606764	0.0071869431760053434	0.01787363692126359
0.005430900027477146	0.0073914577161208065	0.014606297624268152
0.005789210543973794	0.01620474339283086	0.020449621433970736
0.010487546907951254	0.018291898008722544	0.02139357541341818
0.009797914456165024	0.018211224848165578	0.023259890629446604
0.015278227762135301	0.017361272289614562	0.022846382190490587
0.018361128828149016	0.018343056858620758	0.023850785520000136
0.020463555777712805	0.015808557787102405	0.026816665161464345
0.01825486542996014	0.008307222295483457	0.025449321254570455
0.017515113264311356	0.007795365479659869	0.02755540106607992
0.0190360464982598	0.01148912652581136	0.026319434820436773
0.0230024887339021	0.017184411419684794	0.021855681389848745
0.021003771194828692	0.012030548076257832	0.025694257510801875
0.021997826932579824	0.015039390608436808	0.026333738642489602
0.02141794530242014	0.016663179808578562	0.02954103325616822
0.02124076688550914	0.020057745380920276	0.030773738228955076
0.022555222280182263	0.01831271162609941	0.02600446279686556
0.02203833107758244	0.018781763624513254	0.026469313780265482
0.022901074134881468	0.01089178016162968	0.023977828664096507
0.018311808699123713	0.0019395743997795666	0.02794656673138371
0.017348146354944083	-0.007339422045866802	0.028022775546102177
0.01654381636522303	0.0021865976900886305	0.02900955746981353
0.019726918270486015	0.011503125966266315	0.03143046688196599
0.022084023658532563	0.01930602328680624	0.032172045273427756
0.023121280546368056	0.01273790763392757	0.03322493540856061
0.026754900456049273	0.021120613135047015	0.032778718170347
0.029127342318291925	0.021619632243038374	0.03157854218796792
0.027577229020403184	0.028782693138687195	0.028775337265592556
0.025315974455790386	0.022762756525668962	0.02913321283775901
0.023938742834884594	0.02495839202082397	0.03222832582611061
0.02253962751014179	0.02716401135666354	0.03720107008333534
0.023579179052595642	0.02978973100377435	0.03819374873306113
0.021545343481986966	0.02551975573876699	0.04118854947889698
0.024245531696954953	0.025124447885475	0.03715507723942492
0.0246633860108361	0.021013371785191602	0.032973757735696205
0.024488703940393597	0.02038554942015329	0.03247080159552006
0.02119236535709732	0.018779195638529807	0.03266989196474388
0.020373157517056026	0.024086934850405937	0.03512279616229946
0.01984401889208422	0.021922504314960983	0.03653945759535679
0.019900069584375797	0.022236689926026423	0.03775538046561425
0.019411823956463375	0.022256147542156678	0.03593279613730745
0.02173199722257727	0.02751051048068512	0.03548609248214298
0.024751268744085075	0.02339784280593435	0.026942751592893627
0.021977712993412446	0.010972174514568852	0.026601728881536835
0.019640802916674912	-0.0013046474255311788	0.022808946458059205
0.01393679318234384	0.007506680958193394	0.01577134027936467
-0.0019913926862947205	0.0134031335902134	0.014644295334928874
-0.027590015968216235	0.025923653757295956	0.01937593225410607
-0.045601625633586065	0.02260910418484441	0.023460550709393818
-0.05061584546760867	0.011325619272750123	0.021536279437910574
-0.0681106390343972	0.020234309395535638	0.016472011076167636
-0.07915108223881273	0.026976787183483147	0.01569846044945937
-0.07607573090862371	0.03570846352510838	0.015416019201685532
-0.06284520476301773	0.03866781813216809	0.02056394138489269
-0.035484903988998125	0.025253299633982172	0.023069373855139956
-0.026331712710732216	0.014369756044943671	0.025876235147647888
-0.022413023552662545	0.00738881821154979	0.025010415795950595
-0.04148436101812623	0.012439501160330393	0.021696184968085036
-0.04195441237007117	0.016183946963251768	0.022175501485395134
-0.04833872363248578	0.022954480014315035	0.02208092942109747
-0.04083359449177135	0.019474926597833467	0.026385339168127943
-0.045122939910442375	0.018951178152299006	0.024605427718687713
-0.046483217465757384	0.018225643395892818	0.026822615295778604
-0.054555320038143285	0.028158076193245424	0.02530357508390047
-0.058638113542247725	0.04163466534040587	0.025617307407728836
-0.05893868523997114	0.04176789682159646	0.022413243001140122
-0.049520025566789895	0.03777477073455869	0.023338033998568757
-0.05018975894459282	0.02669171375523427	0.020119115104881083
-0.058099309430112954	0.037930906730319174	0.02200123394818531
-0.08124444366785041	0.040182323212236234	0.016739006180033378
-0.09840352675093586	0.05126120610012366	0.022076810922640758
-0.07275577193247856	0.03275718559648377	0.016974402372013128
-0.040160416145964134	0.024674619876595028	0.028388568363828033
nan	nan	nan
nan	nan	nan
nan	nan	nan
-0.040598140596002294	0.029010580942110564	0.026081263632234945
-0.05361592357364794	0.02940615152762925	0.02602908107868354
-0.0648849435788656	0.034141725484547344	0.024552369777723862
-0.04569494318018317	0.026080821222242867	0.023568349040108072
-0.034489509049613495	0.029060419024492995	0.025094255588786807
nan	nan	nan
nan	nan	nan
nan	nan	nan
nan	nan	nan
nan	nan	nan
nan	nan	nan
nan	nan	nan
nan	nan	nan
nan	nan	nan
nan	nan	nan
nan	nan	nan
nan	nan	nan
nan	nan	nan
nan	nan	nan
nan	nan	nan
nan	nan	nan
nan	nan	nan
nan	nan	nan
nan	nan	nan
nan	nan	nan
nan	nan	nan
nan	nan	nan
nan	nan	nan
nan	nan	nan
nan	nan	nan
nan	nan	nan
nan	nan	nan
nan	nan	nan
nan	nan	nan
nan	nan	nan
nan	nan	nan
-0.03920130468966816	0.03930351628807309	0.021232817828825884
-0.058019849098414567	0.05265416204856996	0.025107672921988344
-0.059684931233284375	0.04059424513532976	0.027493787480845612
-0.05088635333976832	0.025445087771752813	0.03181087158982806
-0.04850826100797884	0.022892628098284948	0.031347165144170845
-0.051621819373150454	0.028288974562066527	0.027633773260757208
-0.05346649689752897	0.03571684392750995	0.027375857527053182
-0.052387022276399166	0.03188552343904756	0.02709210606841185
-0.05587275853170101	0.03141205914496152	0.02840190907121331
-0.050676736205558466	0.018140540257460633	0.02163506291492274
-0.054523352386698413	0.020041260946535647	0.021504780680612907
-0.05216230335141014	0.00845705356109288	0.025045317916393084
-0.06215817153469556	0.027472292343930477	0.026815592330949864
-0.05722233166298009	0.02607921058350176	0.029879657895513313
-0.06041542344402131	0.03982033142508164	0.0261571392696386
-0.05791502133754656	0.033623539419450295	0.0251855526248376
-0.05843596800373842	0.028587895115886178	0.021361258338792044
-0.05219598309396003	0.026999402532649902	0.022174937164883238
-0.046980179006991314	0.02627086953862731	0.025439688516718448
-0.045424899184451736	0.023010966058087362	0.02716530697780145
-0.04046951516020708	0.016145228299049658	0.03083514854824021
-0.03099804954211556	0.008135618323693732	0.026364796276948016
-0.012428145695791927	0.0017566804396398662	0.02651269468073235
0.00042515741156457345	0.004740872459606032	0.023922915151307716
0.0088461069396257	0.006861611666075142	0.031063361558554176
0.014446923625178642	0.005825688656129429	0.029881188614704464
0.01667369528588817	0.006734381762803419	0.028051233383099256
0.020025481934086372	0.0071738231912066314	0.019755842695374365
0.014094066579294661	0.0030784837052028613	0.021645227235397704
0.0035121262272400366	-0.0011376453529153858	0.024250029439641243
-0.00274629158917279	-0.002344275523130328	0.027826939535265
-0.005363162242109338	-0.005391673147909567	0.026621565452665995
-0.009773209074566793	-0.009920974792136562	0.02916970551858717
-0.013650598489554348	-0.020100657350530442	0.026156514413600444
-0.01127848405895111	-0.015590628613562542	0.025044229105605803
-0.0018063872507536496	-0.012644694801056162	0.028237768838500613
-0.0007063402005390096	-0.006183595785143054	0.031296892730978756
0.0021267448848748035	-0.015426089439851538	0.03158508654644583
-0.003782299211707336	-0.012422975980956402	0.024216344651082525
-0.0026352893078925447	-0.017392494871829364	0.022503998341551708
-0.0022231644157978967	-0.010136629588684488	0.020244520416460087
0.0010592799835270985	-0.006630334140144597	0.02376893683528099
0.0013131862068463702	-0.0007770920270703556	0.025009553877834483
-1.5919854761663184e-05	-0.005052054570181872	0.027022628862598194
0.001318897896156771	-0.006657173216370212	0.023531985295886026
0.00711227928151729	-0.0052515572967237086	0.027031008714301898
0.01498557502320869	0.01416920243702745	0.026875320337775083
0.01964294816735959	0.012800219059466244	0.02594040605750372
0.018149820972529908	0.016483788279981024	0.021030899965554316
0.012285124963722308	-0.00017091220062633375	0.021706895862554546
0.007214062680906094	-0.0020410911549418632	0.020026578449008306
0.0047831119739883635	-0.014037252068411245	0.02177807394667038
0.013741014835304027	-0.003875251666644361	0.022305115793898742
0.013643682016566183	-0.009571397427049554	0.02441193552569255
0.010868324615550026	-0.01612120520154247	0.024662345046282202
0.003976309254875373	-0.01929974277952852	0.027430630246502132
0.006826087148267619	-0.005730203602235053	0.026598692019258123
0.015453338901955525	0.012749114048845359	0.024560622255842553
0.023322443127095867	0.022314817448448942	0.025821673583388754
0.02133202295424244	0.021286861173487878	0.03147193639728105
0.020812670959917994	0.016737389228934425	0.035842257745109865
0.021292439838740802	0.007848449955578912	0.03434745867115642
0.023671087498389483	0.010981920911821885	0.03617165659471937
0.02434281023537869	0.017787331526884692	0.03813436376784183
0.02473282905574415	0.024346622903784088	0.03723782508326208
0.022818881247191343	0.02732646373477681	0.03925256791000288
0.02146320038775524	0.024954251590249107	0.03908028919933789
0.022193407115447986	0.029121358511939407	0.039954835137778595
0.021209536428953187	0.025506947424890295	0.04517825101200847
0.022803315794992497	0.024224764103491576	0.04077637965464481
0.021695075768907515	0.023126401215661126	0.038311296587372756
0.02191059789645691	0.020062666170954317	0.038024191937848395
0.022531336020636332	0.020267692213016518	0.03929465773425428
0.020062643104265403	0.011393220463423684	0.04135508041611809
0.020383429728156054	0.009018508411032976	0.03952104396863463
0.017284776913651028	0.01188975602053258	0.040779902371904674
0.0144605658213957	0.017738594919064064	0.042263366897882314
0.015152690984084838	0.019847274491937246	0.042674960076491235
0.01817259262948926	0.019315392782988754	0.037813951049310957
0.019397530234070856	0.007989655785721491	0.03832659833645931
0.013221116035355055	-0.005521787286556227	0.03427898246072978
0.008513686602881123	-0.0092708408854301	0.031175690541727457
0.005493583369228261	-0.015306985740869548	0.026492248279195864
0.009821110036060033	-0.009304194706765492	0.0256645907305104
0.011160678937397405	-0.010901490531760063	0.027719081994519792
0.014554033593538032	0.003617782068611724	0.03371917644565728
0.01712824871352582	0.00832020289021789	0.03878332977095733
0.017470448329593803	0.014343772611792972	0.03927028260880694
0.01926535945424239	0.017388817254586773	0.036336583602107314
0.01573961368489498	0.01670105988665499	0.038148924459320416
0.019629024074213273	0.0169044267977335	0.03317677245105759
0.018325199818950488	0.02112617873721469	0.03558569497647559
0.01801975702213123	0.018151916804780004	0.033132935825720994
0.015553927348765737	0.023925492919834965	0.03745889076497119
0.01682248241629028	0.024572017615821284	0.03869189709238623
0.013659061620316618	0.02081223368080267	0.038264226672714084
nan	nan	nan
0.010311681444064599	0.019172161219786175	0.03754286918376263
0.00928173316993492	0.018016933623341197	0.041796046388072335
0.010651718096103022	0.02018298937106413	0.04634439230067234
0.013356504676799318	0.023683534043512217	0.04068183235946088
0.012720820301922085	0.01967791008546661	0.03727459822265189
0.012597734249926646	0.022204874552290477	0.0461656659778039
0.012590589197965294	0.02319986775016144	0.04403499490800557
0.011100672775645474	0.020915006200433878	0.04121507988248963
0.010048417029363436	0.013695398285887311	0.037963694090082316
0.008744047979190065	0.011126664031148606	0.03958557193779761
0.009321474864894446	0.010232215462962902	0.041125691518010654
0.009930691257893004	0.012812873310684694	0.04207059026074421
0.011362160896201845	0.010891233727796637	0.04154918612933038
0.014971048744608625	0.013745689936383912	0.040279992093673875
0.019020677180117525	0.014943816089829174	0.04034233499462858
0.019534469709220046	0.020998483566859766	0.0436853650996363
0.015945783545062917	0.020881068739154247	0.048034374901776845
0.01566187105183896	0.017224485421917516	0.04911462742352268
0.013881911256060675	0.016773326074168114	0.04211914055623317
0.013499970673586683	0.01562847414678546	0.04326330693813317
0.012048642644888145	0.019091527952230007	0.04428984017417876
0.0107145954229785	0.01642454883382728	0.043489083824208345
0.011422608754542464	0.015173569335499733	0.0428911808759599
0.014922396117828376	0.016414016233937713	0.04269183644060695
0.018339599621273718	0.024026373615162577	0.04242639904972755
0.01580161414162465	0.021523669376409912	0.041999628044929266
0.013177004628212039	0.020317580961153228	0.04281818442537515
0.01368413509543323	0.022570478850934786	0.042870909082391426
nan	nan	nan
0.014141893295046793	0.021021036238420884	0.04428355834610631
0.012804467261325874	0.01630278351945564	0.039626310898401226
0.012986766459727381	0.0171640203766048	0.03395553440510036
0.014965797620597939	0.019123685036450257	0.03173439906224915
0.018750909979658743	0.02285767690997357	0.04053243559898852
0.019716826718465873	0.018375883774413005	0.04451739933080606
0.018663225789097033	0.020489150137150535	0.042641665635112624
0.014447939269380013	0.016278454102452496	0.04536548855851048
0.016752953731784898	0.018686990534388305	0.040674053327461546
0.019913186164634177	0.01898891260093685	0.03894128817989992
0.024987031489303816	0.02664448264697895	0.034222196278333714
0.021508789964143262	0.022110810871764593	0.04069596430313514
0.015303999396588787	0.015378566891448191	0.04390803549607811
0.014209575474390404	0.017700778118092866	0.04549238110776866
0.014679099595135223	0.021752052677152293	0.045550097465715866
0.015706214735011298	0.021174041946668047	0.04524076113960612
0.01670063427406255	0.019492475045618997	0.04584778211606989
0.014224462917484235	0.01686184716411681	0.045138949839808845
0.01706590503067236	0.02320994787800534	0.04004263192252123
0.017793722052206164	0.02088080448891424	0.03995539053712742
0.017199348851574148	0.026717779758381008	0.04030600103324969
0.01689435741183198	0.024952628627428565	0.04141560154814737
0.014328129672491302	0.02365745713266683	0.04170282694535461
0.013898226765951878	0.020726308876235056	0.044970534588792715
0.016545856771430556	0.021529228865011674	0.043040878033844474
0.013876241507580647	0.016992470182357708	0.04086413798126805
0.015369250401202655	0.018573728750522583	0.03740450071786143
0.012920081473114745	0.015674084570410023	0.039436870267862335
0.015555164085988817	0.01906876332045531	0.0397686616753685
0.013198776939536982	0.01196658961369418	0.0374877442146028
0.010706180145525126	0.012577049022717026	0.03572629141497033
0.010360269588679508	0.013637588222625237	0.03356952404903572
0.011950826250627173	0.010358493093278298	0.034374693880883524
0.013035915488872663	0.008994044853239309	0.03456833612804378
0.014053798805310491	0.008535307186135179	0.03651092382931197
0.015166410958463177	0.011676907020289673	0.040035078026427834
0.017586941100510713	0.010115148540314846	0.03842174336108853
0.016922754580826455	0.013036911262450395	0.03889682243829926
0.013517312563789106	0.012864517317150277	0.037031519581168994
0.015499060568447909	0.015310956429391575	0.03538849743765634
0.011202105714616615	0.01352236303564464	0.02847439096846631
0.016213556612523498	0.0126789960347347	0.028431796013656252
0.016538373906996518	0.014437310027623143	0.028566392449978863
0.025048932742160405	0.02887888040286121	0.03321684362064658
0.025291046247815842	0.029035797405286383	0.033601028461361974
0.020706195267253584	0.027856732757184068	0.040060380192295686
0.023480217586902666	0.02412215113192754	0.03445620663490157
0.024082685446011776	0.02224353714504898	0.03768187031388513
0.029708335646079182	0.015451226805354889	0.0325343392978195
0.02401924921107961	0.005440010884948384	0.03865113080670426
0.018675733390129887	0.005791454421696743	0.03977543358901907
0.015790854258441536	0.014592632699614496	0.043358124603376916
0.017246730046761832	0.016422420239267273	0.039475735066554295
0.024092009680995428	0.015967317309328433	0.03499480365748377
0.024001910351302322	0.013514915626897904	0.030041187177598978
0.023170958789143728	0.01917169340076294	0.03613989123601539
0.018455828402910532	0.020988912515423296	0.037549426119127496
0.02352281630557116	0.024734372996129798	0.03976928784475571
0.022380922953958837	0.02197694908727454	0.04049889789408165
0.0234925521136611	0.025391411314405078	0.038269546110794944
0.02107789323098357	0.01856646589066794	0.03919313215899416
0.01911012016190491	0.020533474633961823	0.04249614893581288
0.021025939836908158	0.019334826814221273	0.04288205628148315
0.022768147602052653	0.020050584462845224	0.0364976707908428
0.025209333761205856	0.01949042968196589	0.0336230310570175
0.02589441761169585	0.014908484335154211	0.029109016194281134
0.02380484780662172	0.014980808857543344	0.03330373584347959
0.024609084734609946	0.01078993433726074	0.03111921048879921
0.023156221117651768	0.00557957845966691	0.027408985137095575
0.023168250547285683	0.004426899735827872	0.029086942458149585
0.021838577273557515	0.004474119894345301	0.03169820624226703
0.024194827982423638	0.007192211512248546	0.031032815964253682
0.021817950564260443	0.010360518374871007	0.03485047501353635
0.02353022402533224	0.009001395337154801	0.029387931185805655
0.0217462099073348	0.015225267616014686	0.02635932694920291
0.024242420903716377	0.01656985732474121	0.02604430053009253
0.023184766023340082	0.016803697575831115	0.030483140181400074
0.02471856716519005	0.019967736385512316	0.032034052922984106
0.026355275469934752	0.017657238239805025	0.031826428527709665
0.023885314792002586	0.013693865577664296	0.03149175209170514
0.0240052605943434	0.010881855813240578	0.029782595130456484
0.019917200753885766	0.009713458583066395	0.029047669453735957
0.0203613567108924	0.004960520318182164	0.030000941356525083
0.02014360659970949	0.001616711238015104	0.028160044658944606
0.02471431227407184	-0.0009585493872336891	0.029100359372424906
0.026906038247970908	0.0061248894620070694	0.024860498280559126
0.02407979659433987	0.010438433808861202	0.0324401681705281
0.02395216768489153	0.012361281826065232	0.031013952376880254
0.020856182150177774	0.009427356114518903	0.037066177411333556
0.02398168059056725	0.004069524460360005	0.03101066345142393
0.02484969434296897	0.002583147696872224	0.03060234797046907
0.030862331995946325	0.006801369424772635	0.02376479040920195
0.03163784719203803	0.017497753420833186	0.027063427599688765
0.033085962158500744	0.021105090831292028	0.023137160883507084
0.026754181349749176	0.01700544747563332	0.027670099567707905
0.026218577654059577	0.0056805189141971545	0.025591294653352702
0.02533925884787668	-0.002868979862809092	0.02556209296506635
0.030083194228825664	-0.008694253373985814	0.02238060280622103
0.023865203716420015	-0.0006541401760763524	0.025008654828463404
0.02699126081080489	0.007013142132393391	0.01903326341271154
0.02245007009169523	0.007789808306076139	0.021301207614312118
0.02374066735240739	0.004542690778870397	0.02315205937681215
0.01900243669380743	0.0008104798009493201	0.027359240103336326
0.021889373124233176	0.004150915533789445	0.029112030204828145
0.02422359671201914	0.004722790406838057	0.026808590049177166
0.024453836373420905	-0.006299780619288833	0.02686841460277621
0.026130602530886973	-0.018544580555835424	0.018896007347842844
0.025248689890048276	-0.032536876388605945	0.01568251455827528
0.02263899275813705	-0.026926278298907938	0.015997379925339998
0.010479219388281748	-0.0396709199645747	0.01817800535372998
0.00456588144602333	-0.052206255156980796	0.023154385550999346
0.002125282404932572	-0.06352010407307779	0.023217283287160412
0.003924257308890755	-0.06789307385743124	0.0239870452016238
0.0010163852531413818	-0.07131070089263168	0.020788561042559765
-0.0024804638406535715	-0.07515411873490219	0.019824573680893985
-0.007677311527154529	-0.07164402371040994	0.02636022290869745
-0.016867336406555203	-0.06441748224968885	0.02517721675027342
-0.031313863564092145	-0.05980242183357991	0.02404900435118009
-0.039599003138158104	-0.06333560650097815	0.021909983985601185
-0.03942824012155648	-0.07084347382089543	0.02176152929521917
-0.03859331113295698	-0.07552740636075486	0.024397419420194154
-0.0350991454639351	-0.06353235822394854	0.026262643623623023
-0.04482938538910139	-0.04896512942228296	0.022456989118316138
-0.04523431128885819	-0.037091847073925856	0.022444413737577565
-0.04558525089683683	-0.0394412264970405	0.019945199974471105
-0.045279392434296836	-0.04371181705854489	0.02126421860489351
-0.046925346303907225	-0.0411613225392078	0.02023225245723064
-0.04172916898830766	-0.043380174106895736	0.024638035684796902
-0.04157152225866647	-0.03846532304694425	0.021943477283800784
-0.03304432698759582	-0.034564591727225945	0.02623863992624525
-0.04049262303243202	-0.03176780540447472	0.023271747751883058
-0.03896613513283697	-0.027366701663283314	0.024171642756667187
-0.04820364303569212	-0.03296225371772361	0.023119398576321643
-0.04991868465831488	-0.020535406143466394	0.028365988039061943
-0.04904180906603414	-0.028895365793062424	0.026982691530993003
-0.045574814643213155	-0.029913598530562642	0.02666700672502672
-0.0325479046425395	-0.028751559194502153	0.02648368812537847
-0.035559638026912706	-0.025019450923925195	0.02895833875873731
-0.039897228764579545	-0.027392428699071575	0.02705885193199354
-0.050726034186426294	-0.036357735894090124	0.02209128464939747
-0.05109503245135284	-0.02854647753265705	0.02063853219223305
-0.04804708577213648	-0.018595177368316507	0.022846654894071894
-0.04466971835026225	-0.009722252318486252	0.02936951193512377
-0.039489125599402486	-0.024345595499228295	0.0320090674389546
-0.037382440092370614	-0.0380676283477708	0.02950348924350952
-0.03828263707603962	-0.04620225063010607	0.02296222727221895
-0.04355353176083356	-0.03628999249728069	0.01850633776804901
-0.03761583168750377	-0.02687617296383908	0.021587026629021296
-0.04224102096338508	-0.02662875678940982	0.020105699134534465
-0.041085526662105305	-0.03802103504480373	0.02058826654965222
-0.034686955921188034	-0.0404547683829142	0.019344359444628013
-0.012583059412481161	-0.04293453349376111	0.023759608676517857
0.006212346892348199	-0.041046163935463245	0.01917052805158842
0.015221175427821042	-0.036190284046110834	0.01840213969949073
0.02298221129111003	-0.02657666602509642	0.01970935078635016
0.025182900934631523	-0.02850910103182632	0.015185811117476982
0.019495907945676197	-0.03665477672455794	0.01626232796627868
0.006053911614698473	-0.04385149503865436	0.016309543989506296
9.470678033319282e-05	-0.05102268925663173	0.021021929333179715
-0.0019587424247598665	-0.04996513294522199	0.021326281241272824
-0.0008555721012960423	-0.054049110557302806	0.02123886869825913
-0.004184720471746133	-0.052661783063562395	0.02143697371386708
-0.0130285361530918	-0.05667401749678973	0.024364689410251793
-0.02023497608834461	-0.053956192291422	0.023863551174972478
-0.02656628595454994	-0.05274360222993968	0.022750310421507124
-0.036252362816210824	-0.04497372022551725	0.024862011187848608
-0.03446537940951861	-0.04136107799296734	0.026642304545020055
-0.03742255282408563	-0.028707879211620945	0.025232633137906198
-0.02425800968935943	-0.03929696598513762	0.025752493314419225
-0.02308566293240046	-0.036314537891447896	0.02614457332718166
-0.019324215657181086	-0.05202563640393588	0.02522315735069563
-0.02163783747677637	-0.04994589675647587	0.02469885559466389
-0.017607746841271428	-0.05839582951727025	0.02251837502988051
-0.015165134970534216	-0.05887335325608263	0.025724731767452436
-0.012915035750354138	-0.056117551685291714	0.026654350734741067
-0.0155525610324105	-0.05571753778287418	0.02736217443777176
-0.013140094685267684	-0.056023360696896785	0.023082459058596308
-0.009183488391735151	-0.0531095228120184	0.025449226272445398
-0.004442154726672233	-0.0449362733044273	0.02594562512683387
0.0034064052180932114	-0.03441206133118441	0.02417849899282944
0.014479392426126989	-0.017427403071954055	0.02212582931151742
0.022221387083877255	-0.011445614086798107	0.020332156409243535
0.024011061501488122	-0.005725142661554557	0.019449054582272973
0.020286444014152333	-0.006856487198437105	0.022535536892967025
0.023578958430102586	-0.0008809353015483239	0.023097656070874495
0.022942478702494173	0.0034248546978157893	0.021594018561784136
0.02577516630864296	0.0005739255923298305	0.0215424532355452
0.02579461986123306	-0.0010049086938432351	0.022882157599722047
0.029946142973558895	-0.00503164190219544	0.023322324734988596
0.03052818753459713	-0.004134993623706722	0.025388601594686346
0.028941494747710152	-0.00558052244477527	0.024919545768984322
0.02622980689379349	-0.004290232482948644	0.029864461928504164
0.024005679891912157	-0.010870729154221655	0.024229826552145357
0.019627495421530708	-0.009646575857266634	0.02549530435397892
0.018528050961742377	-0.010503335136025957	0.025384913182925985
0.018543644085550873	-0.005017718841253373	0.02508189314266458
0.01840429844803505	-0.012161913035712155	0.027335563388343417
0.013798173121667243	-0.01749450638753293	0.03144487563862371
0.00950793754497636	-0.03651999949384752	0.03125360346503977
0.006730256119299399	-0.03672825892232914	0.028571500088577853
0.0029275150940328808	-0.03696429218556372	0.028444330261868128
0.003420961295750453	-0.033598612657316965	0.029233967427165053
0.006003022587141171	-0.03365005563902941	0.02976803387575313
0.006497612586608777	-0.03629019840709377	0.02839755864108571
0.009417423489957121	-0.022920569166666897	0.02989985152875803
0.007885273237329356	-0.025232399672714213	0.02552962825682235
0.014797341390244908	-0.011926202236314475	0.024874657815364985
0.0174565424821856	-0.006972393784081803	0.020815467601410807
0.021527772139917786	-0.00908879759199881	0.02432007522248263
0.02008026353104108	-0.016946529043742442	0.02911022437821769
0.015097907841084248	-0.019538795996695425	0.029368366831039626
0.007811198102418721	-0.013026310599048938	0.026577824080753994
-0.00090018816314878	-0.012241168355779042	0.018310955037832352
-0.004264875855455269	-0.0133779412902042	0.014798661245969083
-0.004234337957509032	-0.012591757314874795	0.018560626710918293
6.387695831462165e-05	-0.00919240813653492	0.023725726550491467
-0.004271754614782386	-0.0032190320084954467	0.023553508061535864
-0.0051033865340007365	-0.0055649759760035425	0.023608594115075508
-0.008552874298635714	-0.007108925446327475	0.01980734030308615
-0.004880736597523194	-0.01751240705617751	0.019759307656581616
-0.005683060984497722	-0.0080577460172877	0.02328791365766791
-0.005682040771792995	-0.00733590671868121	0.026386723891673187
-0.006986153086255287	0.001189341144440647	0.022340132555856672
nan	nan	nan
-0.008152442613299024	-0.008150144540699766	0.021031779642277183
-0.0058580241679637	-0.0233478528515393	0.021854553276302945
-0.01617422376932249	-0.05294313249999086	0.023677004679999655
-0.028857728255123054	-0.07338321403974968	0.02241952573849546
-0.037093692210679596	-0.06865830706310319	0.02418301123616931
-0.03811329570198976	-0.06462912392125053	0.02574586443104649
-0.0396395482774602	-0.059761178815186874	0.026026541280513855
-0.0368722396870029	-0.057655170037098566	0.024384150672627163
-0.029279047358455185	-0.03829143564618113	0.02577246147366809
-0.02390692335421546	-0.0270503967723288	0.03303952692713311
-0.024646130238421493	-0.03933678113962902	0.02867569825275413
-0.03024333918369362	-0.03656648779208086	0.02635832592060551
-0.03693040813211941	-0.035237429281190155	0.021855905797484212
-0.0413611337124667	-0.0254362547367947	0.022580122401565338
-0.045778755672355564	-0.04473165410446448	0.020768027202355974
-0.04967137834751574	-0.05831746578884564	0.018096271266667317
-0.052473394207329285	-0.0626941486222293	0.020099157719291383
-0.04922533469163678	-0.05688457117981947	0.021829330375876622
-0.042679200407633476	-0.05941050865014498	0.02075101836335761
-0.03397694282985363	-0.048129535171054796	0.023672978833735203
-0.029643217529002282	-0.051134250302872754	0.024922655608508426
-0.031138925369326546	-0.04358526393705254	0.024261312931952262
-0.042954443447848246	-0.05050651315171012	0.021628144086160907
-0.04983446873203985	-0.04763615216612498	0.022651503552018774
-0.05624040703265619	-0.05574359210330469	0.020845640852258186
-0.05455597564984035	-0.08553507022710435	0.01928574980562906
-0.05166100394658965	-0.08587440157482426	0.01658179614493486
-0.03705387187615052	-0.08972280398360682	0.019603849912570852
-0.01987098681189446	-0.06226596790691169	0.025392871485047777
-0.004209351658576794	-0.04899633545105814	0.026276366406447156
-0.0016249574890954532	-0.033938795181428366	0.02519783041152203
-0.0004708435473328176	-0.03180306840220473	0.020909994279443088
-0.00691319454603004	-0.03683651966403132	0.020205077270159022
-0.0014345076940169505	-0.04947580934042211	0.01788938151783314
0.003848834041405599	-0.04706469250088267	0.025701847937227216
0.010658644105199084	-0.03908003571794651	0.025343043867141715
0.016445703574504554	-0.025414922022892396	0.02787916895989203
0.01727208024415467	-0.013970283975389217	0.025827845086326004
0.01472275496903928	-0.014795955144379709	0.02713067838475112
0.006855937382904111	-0.021101647667536017	0.02623172566999018
-0.0005815788276883611	-0.021173844786660803	0.024624520545372917
0.004706188370546264	-0.026750673819598645	0.024083511817636127
0.004752167852903232	-0.02181425114379789	0.028329157731718554
0.01065107149947083	-0.030022688802439045	0.02589635633815239
0.008689874910271494	-0.026119398886435694	0.02733537392301587
0.014491194160031636	-0.02117830452533804	0.0242084654303744
0.019561640163320446	-0.011265815964674894	0.024260741817965656
0.02383459070236706	-0.0006708074603647557	0.02114282419888259
0.02679161429750793	-0.0013748996340865113	0.02023270432758076
0.023957652596002257	-0.011965599461643966	0.019786491687632718
0.025903062440410178	-0.012117783417660219	0.01734813988943956
0.024854163480107827	-0.011329498851086587	0.021208260651221344
0.02026138805592242	-0.01059853599097951	0.022687757264493725
0.015780381928365485	-0.0063636049701586185	0.027719821473796112
0.014310998988868277	-0.005728994592028851	0.031272212712505715
0.014057077300332822	-0.003423717186419359	0.02920661849533464
0.016792117322922157	-0.012071439995873009	0.02900019320890323
0.021308946189100657	-0.0017980657898079393	0.026016759432362813
0.022760611220667564	-0.0008898884212249734	0.024158581472960152
0.021840127341165794	0.0035739066065477096	0.023513025287210974
0.02141136676406532	-0.006292431382515111	0.018190742598667792
0.02473818839121165	0.003065492796035185	0.020625758207916574
0.026643569218358282	0.007613420157952331	0.024319941145819302
0.02178735212663115	-0.002925862650278707	0.027258940209074836
0.010375005299001351	-0.026432823084884552	0.025368401797237698
-0.002129903851441274	-0.03113420525418438	0.026336161919659765
nan	nan	nan
-0.01204346423377125	-0.03921502887277089	0.02456730143245443
-0.0228819986984555	-0.035273602633193075	0.023008016056276448
-0.024319751738246846	-0.04019837798349944	0.02912904017916573
-0.024403413283265785	-0.03577295749050081	0.03223496513490872
-0.019583651406830244	-0.03219091225936252	0.029007143407876853
-0.02033333279504549	-0.025913811405688256	0.024539948122510955
-0.013780014576673718	-0.01936728842110517	0.021833104651608315
-0.009465185580040166	-0.016417071752478207	0.027427874259743107
-0.008458621662146545	-0.015777521691521468	0.028782030744554758
-0.011555592231355893	-0.023110648035286202	0.027044904746101377
-0.016420860437806765	-0.029320722928339822	0.024608188128540303
-0.021027200307039286	-0.022782641363136076	0.023563285240337788
-0.016495511076501088	-0.015219557551875242	0.024546791220667205
-0.015924181188791683	-0.005343406459558804	0.02755957795277844
-0.016008654302802003	-0.009801809160288407	0.028135871055438202
-0.012510366546936819	0.0006946684522144662	0.029089565463600055
-0.01161202809709885	-0.00042454888727685124	0.026371766301701335
-0.0063757036593724255	-0.002972992842087102	0.02964434675495191
-0.01349987031881993	-0.003531921354350067	0.029774776588431986
-0.01182272414048693	0.0025258350113632148	0.03443076866361492
-0.015491664160758216	0.004373070347266916	0.029263043181939778
-0.015847526218466162	-0.007818700738040946	0.028279029580270256
-0.014963076071777635	-0.010861554009882462	0.027208170857298243
-0.01224389084708594	-0.01704688430694773	0.02847953211393213
-0.010150878148044804	-0.014611016734124557	0.03152037153170032
-0.012220532770458856	-0.034865172876427146	0.02929031240207732
-0.015412640917549111	-0.019583550787392302	0.030640601811783824
-0.013319646772745709	-0.018312785632602885	0.02770337878418707
-0.011468001743159558	-0.009159510890193217	0.027662946130432388
-0.014918758340874723	-0.01094864507322394	0.026415658139860902
-0.01687316330778647	-0.01424044539857329	0.027101114444597365
-0.016047810700182727	-0.0122170722069785	0.02989447958018404
-0.016612512153954526	-0.022365921845935544	0.030144720844398856
-0.018373996762265442	-0.028699259225880812	0.02716165201824709
-0.022345884280931684	-0.03549966462655297	0.027193400862627663
-0.021753430049361304	-0.03165671636908088	0.02291293214537723
-0.02229229834913296	-0.02001858649725049	0.02554343934574074
-0.02415495442917391	-0.021731671470163423	0.02287981831959878
-0.014740524379616322	-0.02134183141190856	0.023094802342014477
-0.004174157892661538	-0.027381381233496052	0.019998512830557102
0.009464624829170088	-0.016323958220178028	0.025645203731361185
0.01673094727264227	-0.007461929479253105	0.02947554124362463
0.022866087329367957	-0.002240506641099531	0.028714746150048043
0.01693246775333418	-0.013422293851576273	0.029042126895501296
0.007501386652711446	-0.022777931873386257	0.023872755013854184
0.0034838152178256936	-0.026757074060308635	0.02151093318115435
0.006064788900384718	-0.025204580333226485	0.016099591122222392
0.005817975131300701	-0.02434981107184662	0.015036562610375236
0.0035480428078117354	-0.022247988796127827	0.01758142309935369
0.004102279357060907	-0.011137584360537744	0.02390509352000892
0.006937603612124317	-0.00455802305977502	0.02649950359802905
0.00946494998555884	-0.0014215751183950104	0.026572588470193396
0.01466279724298068	0.00012042985264440996	0.024698482749393513
0.019405618314783536	0.007151496833491474	0.026739998510645617
0.023592589258167578	0.016322248342527636	0.02602061955369957
0.027945164473814718	0.016214612173865217	0.024164021700657883
0.028787340828929003	0.018849101860238575	0.02342284477810047
0.023584036673202097	0.018161754080514864	0.025395627753784893
0.022246614284904622	0.017895335862817927	0.03230676489429954
0.0276608589508818	0.019908620916683013	0.02432543341339815
0.030563478463790716	0.014181013637634306	0.027529516049760158
0.027872101212144687	0.0014635958565091742	0.02514268570029224
0.02546552797590626	0.0003621350936403832	0.025851154233354004
0.027246348845263352	0.0066916801461393075	0.02320220229210364
0.027093863594614756	0.008844467142727193	0.026085658700409586
0.021357226260484113	0.005584153656761648	0.027194772931776433
0.018698178535122414	-0.012400368182016959	0.02428266275572563
0.013395389636227228	-0.01862057746062012	0.023777876982945083
0.016324799834778702	-0.02144048443931193	0.022048845878532224
0.014061344560586449	-0.014626353504243517	0.02553560063694691
0.009982381242831233	-0.009892915658756156	0.029396837622912647
0.0040441105594063815	-0.007895120474921183	0.02928624508076079
0.0033615244070528414	-0.01141946186472607	0.02851895725822743
0.004127151491798119	-0.015448625565977179	0.027563203836548582
0.007792126731880254	-0.013526829272009759	0.023472558758457
0.007858508940440101	-0.007177295679016779	0.02173749477995376
0.006416752001721399	-0.0030256346214019673	0.020353655904296303
0.007255289318778644	-0.011241587163050598	0.022033757474392297
0.008618979621425321	-0.012830767526402737	0.02362358667472695
0.012760847039479587	-0.014894155370081718	0.02241855256281399
0.012658757929063716	-0.012982142962575346	0.022013728721151052
0.012309813323863522	-0.013219322628206884	0.023413258777485874
0.011170806047940718	-0.011889202149903116	0.027922831933346277
0.012232476897519173	-0.007799727663797332	0.030260129322702552
0.00899354658876998	-0.00359745453538342	0.029648778193782366
0.008767354057268844	-0.0052414069807408415	0.029201877560595276
0.006224651420825694	-0.003394225624297951	0.027663757205412507
0.007980710680706842	-0.0038109466507841357	0.030438309457301076
0.006337503347961054	-0.006095302004390204	0.02919222519618697
0.004963142716091854	-0.0009439209532298327	0.028819520196226397
0.007865568516168346	-9.218428191916546e-05	0.02590658070590896
0.009809546202149428	0.0006040055814975111	0.021905760341771045
0.011109159555802679	-0.005606168704360861	0.02350250947797155
0.011912356497918816	-0.003992846099995029	0.022836077690570653
0.01234627590354432	-0.0012984683860652914	0.025935358241144107
0.009054301777043307	-0.011938880429605291	0.0256064960196975
0.007522500656060624	-0.01028833715609554	0.030568817297267036
0.0066423613794009614	-0.014524369736298354	0.028824063177830657
0.01104818763343213	-0.002224224166914009	0.029989431007155877
0.010758522872738003	-0.008975798786343865	0.026520082664405836
0.014521235287932796	-0.004746421065858335	0.028115650234064864
0.014124138413410842	-0.012919596193913037	0.02791582981042547
0.012394098546606903	-0.009076229183294551	0.026020310603681165
0.011498472582490238	-0.012320690211005228	0.02082345862882383
0.009526440280674613	-0.010238872669631208	0.01890209706162035
0.007420898314052344	-0.01992247574739429	0.021016253991799103
0.004093712662974865	-0.02476367118646882	0.023328515297923444
0.0028381178493203886	-0.01986629041261743	0.02778131777482144
0.008429818680178069	-0.015904425668512127	0.025905903218446973
0.01432586491768759	-0.004434036801462619	0.02549615750830889
0.021173686674410934	0.006063668006719968	0.022128729174236424
0.022206085771172435	0.0145259544581838	0.022036268702053066
0.023661818171672056	0.016443784418303034	0.02622597664626921
0.02445008033460986	0.013933552092704362	0.028036838153263896
0.02749461936602639	0.012597540957977297	0.028161019706082382
0.023808723033793604	0.01007098591632656	0.026309719382768347
0.0235947172299845	0.01341920066970589	0.028589454568565723
0.018162720808720577	0.010328707982706577	0.02677588350632478
0.02095638131567956	0.011662942898745393	0.02580535551707632
0.01958808421018117	0.00578212295508586	0.02362727398910163
0.023507014813841005	0.0018712409192103673	0.02708687014637544
0.02301976209775539	-0.002293032440199041	0.026803144689179135
0.026510957055479494	-0.002745416792013646	0.025140317920781162
0.021737009950574374	0.007507548847337604	0.026272856582520446
0.017405852858358058	0.011559221101339855	0.021462285407003734
0.010187689017552895	0.0070104966798180835	0.025719517693971912
0.006065895741564864	-0.004887775144060934	0.025947977082315755
0.004383169367436925	-0.0011553087300940562	0.025692773916587263
0.004752011856939261	-0.004657396019783154	0.020025450867555042
0.006432352386611278	-0.0011569852259104467	0.018411086790581878
0.008545888029290766	-0.016407030656600357	0.01607350825877904
0.010365298870992232	-0.017516675645283142	0.02327619579927792
0.013025728892749344	-0.017662311085440148	0.02317587720342515
0.01387860856397502	-0.01810413093773881	0.02373329638073505
0.01509136107668807	-0.018246229543794554	0.01971820316121117
0.011822915790214286	-0.019147111390071976	0.022403126474436597
0.01580868849103563	-0.005243616390962283	0.025017590694656547
0.01714458522299461	-0.004596586256079727	0.026466721006293353
0.01566125627572038	-0.016577826790529673	0.02592724826113091
0.008942108138614967	-0.025781126351858596	0.024117247654538244
-0.0004856045645946839	-0.038941854496378825	0.024875919771804218
-0.0013430478584158115	-0.03310396156758236	0.024547894691340735
-0.008731199524867027	-0.04648669567746157	0.018989200106931916
-0.005670961084459853	-0.04263500955458291	0.023752508035720078
-0.0065237854601445135	-0.04800486878187457	0.020760225139580382
0.00042007783041821253	-0.041292695494806686	0.021281390904125383
0.00276345467041116	-0.04140813178226094	0.02069765824293427
0.009788536466192637	-0.035674778473212564	0.022817719906441616
0.014865075786827341	-0.02439821479620402	0.02662291316503547
0.01696373200313707	-0.017462653893793756	0.020230127962275034
0.01808145034631518	-0.00727779534828011	0.018057313105258092
0.01817336596648461	-0.007788157958563819	0.017896057408443262
0.01800937502802299	-0.008009097131728819	0.018211662222843473
0.0190263362757518	-7.908580110150068e-05	0.019681036696111293
0.02281765717739489	0.0061334505106979895	0.017253212837729532
0.02660620228642277	0.006362993545685456	0.020854945060141773
0.022489543773430334	-0.0156946633462374	0.018841104695845948
0.014020289987042748	-0.028039208287522085	0.018249481730286492
0.0031450908915903516	-0.035895706477905354	0.017978522547446828
0.0037674632851649363	-0.0243151269764749	0.021841339228465442
0.001487830904578125	-0.028618376030686555	0.02238404898364849
0.008099714493571077	-0.028567662493849625	0.025722731275786496
0.00023037414806867628	-0.02612822314634855	0.023641786977794312
-0.0005476756768109637	-0.02781958870978268	0.030347791155501517
-0.0050141104776220986	-0.03331711035989136	0.02660623542557099
-0.00343273700424835	-0.03869097835852238	0.026706863835140413
-0.0013552303604975886	-0.033249719847649795	0.026454471688601468
-0.000610411726842539	-0.024354542933816798	0.02783266327876616
0.0026151711553425664	-0.02765942312802421	0.030205430027431108
0.0015169214369751454	-0.03184789309755716	0.024385463204995544
0.00014412832326002865	-0.030906433970910755	0.023011516592840973
0.002080113199326292	-0.028872311868436765	0.021876702750176672
0.0053875803711177315	-0.0291586356300324	0.02266961300796571
0.008006129645881245	-0.043180063486507006	0.0194177083949757
0.005090377219595	-0.040826227441641556	0.02134219166413963
0.0017941525452276575	-0.038686825620254134	0.021734821521972456
0.0008181361084173935	-0.041904641491975494	0.023071832503405127
-0.00021105324606447132	-0.03969649422797135	0.02042582444797249
0.004028230954435778	-0.040508459623129905	0.02337700200926003
-0.0008630656031517945	-0.03633438184727519	0.021565345558327145
-0.008497241033718801	-0.034739328348956586	0.024844815132033113
-0.02033858533073452	-0.040838098915021936	0.022379528524127584
-0.031347082258799674	-0.03450654531594882	0.02241317796877533
-0.03567048849568674	-0.049352936516733004	0.02099889021338098
-0.03520256059551207	-0.04453630158320546	0.018377865569228706
-0.03810872710965968	-0.059686812204106265	0.01705911181121103
-0.03748153069015296	-0.0467364409824379	0.023270005963984312
-0.04329690675435079	-0.04605368933451129	0.023634900761092377
-0.03933906087678699	-0.04737273339672646	0.022325909504744695
-0.03880176509176843	-0.05870959766284237	0.019679758670761473
-0.03533434274838702	-0.06450126393845337	0.020554270727759102
-0.026533733337570097	-0.055713356843675815	0.025285660988703745
-0.029460720226208586	-0.04769627092588283	0.024825091876798957
-0.026868862839008203	-0.03696296060504317	0.026854483965811523
-0.029326753677595567	-0.05585756314964871	0.022338704369815762
-0.022912073281181992	-0.05059572337838024	0.022430065167679994
-0.013877977779804287	-0.0662442086707222	0.020877157235792178
-0.010830749576799106	-0.0681083184253849	0.01931760317181795
-0.004042297318282755	-0.08475906878037669	0.016458191275317665
-0.003354889179053134	-0.07246372978051022	0.020953456470656686
0.004298713854320161	-0.06007934650975566	0.022261406815787144
0.010112954168875147	-0.040777625829208276	0.023490901237682067
0.01884746707233692	-0.02681071354623941	0.020838587830296535
0.023060616920383584	-0.008443084139653844	0.019750131371447453
0.024060035918685392	-0.002225455624945114	0.02206078160722664
0.022947547654891327	0.0023002696761763412	0.024730715001714698
0.02335567429328083	0.004097469209632349	0.029617369472839314
0.024374479358959096	0.007887539521673148	0.034233480846934325
0.023958453891101725	0.006633564377417665	0.03458558117433322
0.019446385956206187	0.005112058508344253	0.03136626884396713
0.015715742590335983	-0.0024175895176225225	0.029108088588344457
0.014783565577304026	0.003100110974542228	0.029307528700608244
0.014270087404670222	0.007722256080468746	0.03681448023447683
0.018291381287320916	0.015149056940161162	0.035613032067257605
0.019994404800768813	0.016851862106974255	0.03273448247992146
0.02196712890582266	0.019792966943225312	0.030632495006834466
0.024702912414454114	0.02473300344397328	0.030512148178969183
0.022671141828973732	0.027853883786120404	0.034566105611101586
0.02839184078411476	0.03372060059181561	0.03794335414130205
0.023265694340858817	0.03366393103133417	0.04283002713003119
0.022241435626483133	0.03311011594368232	0.04475055374792883
0.018894561435246045	0.02958683364025034	0.05027810417931159
0.017590414502865755	0.027968001012776425	0.0506225102538788
0.016112874895539236	0.024475758725419832	0.04948448175353484
0.017748688085432333	0.028922138515542532	0.04450560086054073
0.015582843725816286	0.02422514454675217	0.039811282067829495
0.020410663135047753	0.03088359316349086	0.03725513229002628
0.01965996063139919	0.02647949943754342	0.03474281348970838
0.02571742267805712	0.027148165633268547	0.0354443928558908
0.02454037127694502	0.02302435292262551	0.034866479422195826
0.01888626443258694	0.017998774458723162	0.03865321960741691
0.01886744361536931	0.024904571260051005	0.03760517113704338
0.015657920405857315	0.02041510313142489	0.038492384334746915
0.018769577515265236	0.022630793050484335	0.035813645293208865
0.017524822744464343	0.01761603884834135	0.03662786193252379
0.02002763117374168	0.018925039989951188	0.03707949145674758
0.020119592412109213	0.02333402153290272	0.03615183004910147
0.021758027693788005	0.028030066502819365	0.035175846836033454
0.023417132168760887	0.021685075638284076	0.03266930269075125
0.023826954285128824	0.01660819028130978	0.03285851029307425
0.020423550469613312	0.010939646981181099	0.032547640090239194
0.018031753291538364	0.017132944307541503	0.032916698381951104
0.014443970433081817	0.012325672507722148	0.03424234913985057
0.014177427035070085	0.0049452279220829135	0.03183299760349438
0.016231861902245626	-0.0019339876835767454	0.029038202930056226
0.015198327319386409	-0.0014059042950299219	0.02678798401737661
0.01319413217732141	0.0061246001773799736	0.030733922502620595
0.012458810228113317	0.0070507576025315545	0.03226958352347442
0.013674408718068999	0.01275086712025543	0.03087940280725994
0.017583949219638115	0.015885802465886823	0.028334967643142132
0.019775357579068707	0.01503814458789185	0.024140604767909555
0.021514580507799346	0.0016230729873809024	0.026899851528967712
0.019110174131149214	0.001013430590300051	0.03102927801321928
0.013819695653677383	0.0006154314012246642	0.029424202012306028
0.012985100339360095	0.005081867528843039	0.02676981775453558
0.016263038887961462	0.005993129342819549	0.02659031351803584
0.020737691969982586	0.0026288689250529435	0.025853253808679314
0.019765182507550973	0.0038325876557169375	0.02468589687639136
0.017413216637759715	-0.002845099381694669	0.023089321559262358
0.015229490390582807	0.002784963307946758	0.02589810968840677
0.021697501191080003	0.00372880945204105	0.029292686905676737
0.02574766339541809	0.013404233464921176	0.027663188714444065
0.028051705508430315	0.019113386360939087	0.025341987265787583
0.025743759896192764	0.015532040520032507	0.022018428162722703
0.023143710535603122	0.011344707700247763	0.023569612263537706
0.024272544188755754	0.006163647849189834	0.023874041909553723
0.025552523659563724	0.006109859836299043	0.027522514827320307
0.02325082941104117	0.0029917185195243064	0.027839262515569917
0.02196284299325597	0.0014096749056733207	0.027959436350271198
0.020951772032855694	-0.002264440745946051	0.02811182680328292
0.019919011827205117	-0.010299633476644802	0.024597252563018108
0.01309454796436341	-0.022551951452378753	0.021285688860160298
0.006284500493501877	-0.0417347296443667	0.017172648174784158
-0.001994099578163538	-0.056565804151143234	0.018350648378733722
-0.004937772544404764	-0.060006342932014935	0.015532373477418001
-0.004960523921562243	-0.05570825765903583	0.016266882127784762
-0.0031229563213573796	-0.060673111274853864	0.01468146295096641
-0.004766702860608386	-0.05990546299064694	0.013987288977848275
-0.005188787818483507	-0.05963333783256095	0.013128998127457934
-0.0027780110706270454	-0.04239792306324467	0.013399162959554754
0.006116268009405372	-0.021061849390511818	0.0200001905129872
0.012307061961239133	-0.00650338400596933	0.026846723650958127
0.016425293536811235	-0.0020152869704692968	0.028878663602199678
0.018621886540053357	-0.006101783319612666	0.026798446884426837
0.01876946421160311	-0.005214503261904455	0.020847404410591647
0.017087411298548738	-0.0008753679803723963	0.02626357473550901
0.01745782642914815	-0.001973139496399174	0.022839499461700084
0.014779154429532742	-0.005630717812440646	0.02775190191864426
0.013019682606094594	-0.008635417729160526	0.024464654151323255
0.012210963867504065	-0.010904953296333895	0.02555655291718685
0.0077208196390141405	-0.01357805033483141	0.02663017816995822
0.004116981691480576	-0.023967813521309434	0.0225676137213999
-0.0005838551645235216	-0.026940825902905394	0.019821151134424158
0.0018887529445108528	-0.034807916909369185	0.017468029166796878
0.009672679058606058	-0.021653879779816275	0.0172486668524158
0.01420878435087512	-0.020442894936004957	0.019486663102801102
0.017650443657837227	-0.010704782315805832	0.018375057011563892
0.01381803178255947	-0.021684733555244667	0.018442091588535815
0.010296764737587342	-0.030251862772521593	0.018073779902770388
0.005474332574938517	-0.03676688041617442	0.022465364782310593
-0.001572421008603744	-0.049282634857850255	0.022819460945572034
-0.005041262358698867	-0.0570172428742567	0.02429821751962593
-0.013675620198926697	-0.05628447077034448	0.024154306137036098
-0.017901304554487754	-0.03914799996940688	0.02495152669248642
-0.029028801786723072	-0.035849994443499504	0.022969541443744048
-0.03485570279881896	-0.06028107747031383	0.019264542390574374
-0.04114346689697081	-0.07332026980176773	0.016720132437649457
-0.04254234915031281	-0.06756747024033326	0.01732443081040755
-0.04344190420405593	-0.06039379550977549	0.017186274789070546
-0.04488739315947488	-0.04881809806086275	0.01753371963000628
-0.04539506703305179	-0.04467298542240578	0.01671484921432432
-0.043300855356815764	-0.03859685115172723	0.01695340945529368
-0.037169541276019756	-0.04341091373397777	0.02026438212438819
-0.02964895537637974	-0.04933157334614308	0.022514577590118025
-0.022708551885406984	-0.04244035435838389	0.025800663232568462
-0.014460677169179783	-0.04003251817988758	0.022565760918615146
-0.0031670301450723356	-0.050876153927619384	0.021950592600346975
0.003907489166067595	-0.04445751062495266	0.019243138665796692
0.009482193348086813	-0.042425507922144785	0.018951664133797685
0.004527835438995577	-0.02884792254567173	0.019389037284111357
0.004415672426187803	-0.04625971531866376	0.012300357890116905
0.0018396324592745567	-0.04585138882910134	0.017404851462991342
0.005497206330365028	-0.04357903586610627	0.019267222427457587
0.010567705912439905	-0.02992872310476339	0.022189729738298487
0.015000392727842597	-0.02563965594188708	0.018711770397959654
0.02064116951111422	-0.014957018387870738	0.017880310180359123
0.0224496666987962	-0.014893797672680318	0.017854007588909152
0.0164366149385024	-0.018905380291483677	0.022094784022699945
0.008820040331726568	-0.035859747504689204	0.01926319626749883
0.006874807826877664	-0.0356107107651087	0.020675729243890047
0.009085214536173083	-0.045299022253375364	0.017380173511918805
0.014720283126060538	-0.0379174760217729	0.020091537984128542
0.018660098845024516	-0.041166217572230004	0.017004603959060796
0.021058744398716227	-0.02318975805037165	0.017016389354612256
0.026061937814497782	-0.016739551372884045	0.013832616621563435
0.022649731009598578	-0.02070484005533011	0.016118354686902644
0.021079867119404645	-0.027198897256067858	0.01739218974496108
0.015827470265755275	-0.03481818180652134	0.02087943529682585
0.009114577426882247	-0.04141821785513243	0.024132233184409272
0.005206885201591821	-0.04056218151206307	0.02241082422132605
-0.0007106772695382564	-0.03675468683575956	0.025555976762386093
0.0030895947078508745	-0.03706217501835371	0.026155334996400458
0.0006290897839500639	-0.04826577417578217	0.02533505146326397
-0.006754942085010183	-0.059983452583809785	0.023482855886328226
-0.018610928812156292	-0.0671136901645274	0.019641845232769472
-0.022844049392252132	-0.06948478441999062	0.020329404074390843
-0.021243181783530816	-0.06062370845946563	0.02408180287153504
-0.016603559025578238	-0.05037293142046085	0.028567522984197003
-0.02035782429311333	-0.04460278952528124	0.026293919134457437
-0.022827859927959618	-0.057868206035161254	0.026715730840931425
-0.022824128290940847	-0.0535368314832326	0.022769689532036945
-0.01703881963978142	-0.043210113334835	0.028106770020881418
-0.01642499459814064	-0.037755058045757864	0.02560731246863377
-0.02630768622221337	-0.05234568588368012	0.023877514443565343
-0.028200076356007093	-0.05588437170484484	0.017304615213935903
-0.02932499827237416	-0.05609992468776047	0.01869572032106544
-0.02391667971063418	-0.05338336045416519	0.020829656089271998
-0.031447672423808117	-0.05976182846548132	0.018787373101390135
-0.028250708024462154	-0.06311666684122659	0.02030251320345305
-0.032679140226457654	-0.06277706374025326	0.021356798587628706
-0.026951387424717144	-0.06307030426702584	0.023689567256522107
-0.03017327128826869	-0.051993250131752794	0.02196912491091343
-0.031061137164545838	-0.04296415148889818	0.021952092064656942
-0.03440163885820534	-0.05275079891315275	0.019065848573472703
-0.02570214365511103	-0.059378193071823265	0.022866171152272925
-0.020108279427234428	-0.06494031176175812	0.0254089553279446
-0.020810715902064385	-0.047007640378667004	0.02431506577797685
-0.03062825210617484	-0.04299279949063241	0.02353567126862478
-0.03450583415318821	-0.04291291196581475	0.020611167146938787
-0.03730843840852299	-0.05208037025881947	0.02205362743265804
-0.03165716145270535	-0.061057640959308435	0.020047591730987954
-0.02843300179157754	-0.06253934981201498	0.022989773534900722
-0.013317825863567286	-0.04983489933029675	0.02459581987939978
-0.00018271095892676237	-0.03482003687037809	0.027515134512271704
0.005884873206672792	-0.022176802960587702	0.02540572762551239
0.012353948667038726	-0.029300654115630632	0.02084437585550549
0.0122511562509517	-0.028345535166490562	0.02247740884555737
0.01632913073505101	-0.032337044713951685	0.019627934957150137
0.014315179436016758	-0.034765705733888416	0.019574326359565068
0.01079372097277978	-0.03035655009208031	0.024516123018654766
0.010215593831919934	-0.03505001548464712	0.02849899399211961
0.006971777072332293	-0.030833838469231756	0.030609727777889836
0.007557035814480133	-0.03274994088524476	0.027763107570503417
0.003449778667616329	-0.033133205350048524	0.028948721357845607
0.005963321174801306	-0.025988785777732646	0.031076065581902002
0.007425316527046817	-0.024856219186047624	0.02669589019453375
nan	nan	nan