# EV_1 (13.3378)	EV_2 (3.3603)	EV_3 (-5.7923)
nan	nan	nan
nan	nan	nan
nan	nan	nan
nan	nan	nan
nan	nan	nan
nan	nan	nan
nan	nan	nan
nan	nan	nan
nan	nan	nan
nan	nan	nan
nan	nan	nan
nan	nan	nan
nan	nan	nan
nan	nan	nan
nan	nan	nan
nan	nan	nan
nan	nan	nan
nan	nan	nan
nan	nan	nan
nan	nan	nan
nan	nan	nan
nan	nan	nan
nan	nan	nan
nan	nan	nan
nan	nan	nan
nan	nan	nan
nan	nan	nan
nan	nan	nan
nan	nan	nan
nan	nan	nan
nan	nan	nan
nan	nan	nan
nan	nan	nan
nan	nan	nan
nan	nan	nan
nan	nan	nan
nan	nan	nan
nan	nan	nan
nan	nan	nan
nan	nan	nan
nan	nan	nan
nan	nan	nan
nan	nan	nan
nan	nan	nan
nan	nan	nan
nan	nan	nan
nan	nan	nan
nan	nan	nan
nan	nan	nan
nan	nan	nan
nan	nan	nan
nan	nan	nan
nan	nan	nan
nan	nan	nan
nan	nan	nan
nan	nan	nan
nan	nan	nan
nan	nan	nan
nan	nan	nan
nan	nan	nan
nan	nan	nan
nan	nan	nan
nan	nan	nan
nan	nan	nan
nan	nan	nan
nan	nan	nan
nan	nan	nan
nan	nan	nan
nan	nan	nan
nan	nan	nan
nan	nan	nan
nan	nan	nan
nan	nan	nan
nan	nan	nan
nan	nan	nan
nan	nan	nan
nan	nan	nan
nan	nan	nan
nan	nan	nan
nan	nan	nan
nan	nan	nan
nan	nan	nan
nan	nan	nan
nan	nan	nan
nan	nan	nan
nan	nan	nan
nan	nan	nan
nan	nan	nan
nan	nan	nan
nan	nan	nan
nan	nan	nan
nan	nan	nan
nan	nan	nan
nan	nan	nan
nan	nan	nan
nan	nan	nan
nan	nan	nan
nan	nan	nan
nan	nan	nan
nan	nan	nan
nan	nan	nan
nan	nan	nan
nan	nan	nan
nan	nan	nan
nan	nan	nan
nan	nan	nan
nan	nan	nan
nan	nan	nan
nan	nan	nan
nan	nan	nan
nan	nan	nan
nan	nan	nan
nan	nan	nan
nan	nan	nan
nan	nan	nan
nan	nan	nan
nan	nan	nan
nan	nan	nan
nan	nan	nan
nan	nan	nan
nan	nan	nan
nan	nan	nan
nan	nan	nan
nan	nan	nan
nan	nan	nan
nan	nan	nan
nan	nan	nan
nan	nan	nan
nan	nan	nan
nan	nan	nan
nan	nan	nan
nan	nan	nan
nan	nan	nan
nan	nan	nan
nan	nan	nan
nan	nan	nan
nan	nan	nan
nan	nan	nan
nan	nan	nan
nan	nan	nan
nan	nan	nan
nan	nan	nan
nan	nan	nan
nan	nan	nan
nan	nan	nan
nan	nan	nan
nan	nan	nan
nan	nan	nan
nan	nan	nan
nan	nan	nan
nan	nan	nan
nan	nan	nan
nan	nan	nan
nan	nan	nan
nan	nan	nan
nan	nan	nan
nan	nan	nan
nan	nan	nan
nan	nan	nan
nan	nan	nan
nan	nan	nan
nan	nan	nan
nan	nan	nan
nan	nan	nan
nan	nan	nan
nan	nan	nan
nan	nan	nan
nan	nan	nan
nan	nan	nan
nan	nan	nan
nan	nan	nan
nan	nan	nan
nan	nan	nan
nan	nan	nan
nan	nan	nan
nan	nan	nan
nan	nan	nan
nan	nan	nan
nan	nan	nan
nan	nan	nan
nan	nan	nan
nan	nan	nan
nan	nan	nan
nan	nan	nan
nan	nan	nan
nan	nan	nan
nan	nan	nan
nan	nan	nan
nan	nan	nan
nan	nan	nan
-0.017734469774490964	-0.016728098100963856	0.02741431730572176
-0.017396230919003237	-0.023631768006435246	0.034724932096399395
-0.019054417594141622	-0.0442335970556776	0.035596264796060234
-0.021771351016057535	-0.03842467554476964	0.03576570370857669
-0.02544785930961544	-0.027342457154841304	0.03526562300643468
-0.022212949959551143	-0.01727618935993431	0.03900426109556963
-0.022882176237912034	-0.028135039477823566	0.038268417850675016
-0.02113176917031591	-0.0375643360000302	0.040277540535151854
-0.021329575799964137	-0.02279828430024901	0.035070120839930635
-0.011113442299293048	-0.021457929028996965	0.03559434441905957
0.0036812768456982847	-0.015595877923780567	0.03531765372140256
0.015743401998541497	-0.025800546307763995	0.031221624414696295
0.02168642988837855	-0.014321612101742105	0.035219480683705506
0.026015087713122925	0.004695760915698899	0.0324562320027511
0.029329034060843827	0.011100550696202721	0.036343641085933576
0.032345273203801095	0.01678258031115542	0.03620187476627593
0.030357027538773597	0.006314801024322591	0.03750556241678488
0.02620459787351135	0.01906486895274842	0.03334014126873617
0.024507171521201097	0.01940932176979015	0.030448301640317366
0.017551822400433226	0.03001054250113809	0.03234474728511566
0.02068612902288217	0.033739130095880684	0.03403574994033995
0.02185508933981893	0.015489910350494848	0.04292885782788961
0.029672477531136922	0.011331809310899919	0.04576841983124417
0.02758260641987293	-0.0015370165558229038	0.04573595517101471
0.02817137225667254	0.0011361612190262833	0.0429452248076856
0.028295975894301516	0.004597512951247752	0.03799933335739679
0.02588400061453989	0.014773863622178364	0.03680306377618443
0.02339035971688752	0.01608252307262046	0.0389261474790535
0.02098688778166108	0.01611881478501145	0.037346073535126395
0.024828820143693246	0.0125549288714467	0.041712499596059834
0.023666750483087418	0.011217252838468528	0.040409073245157356
0.017991312493735145	-0.0005794717203995159	0.04485374956513309
0.013342266086474694	-0.004603212857658287	0.043935469981729515
0.010944889771882897	-0.0043742212314655735	0.04614912961695567
0.004223140586768851	0.0072052148781688845	0.04129219876888039
0.0035248182482497748	0.020086676491516787	0.03715257841596686
0.005844312588640557	0.019461831109874882	0.039684365039256084
0.012998407527054522	0.0073427732386132805	0.040691439792955836
0.010200998093873145	0.006132990348766271	0.035631627646902364
0.009333030722462849	0.007463398063716108	0.03301923313716765
0.008615612747719992	0.007093014197490706	0.03179779782300994
0.008483376922175614	0.011384779028420815	0.03325243265534285
0.016797849817669627	0.008969588972910282	0.03583536833673906
0.02176909398296314	0.0023501564263897663	0.03680601652573734
0.024670404557793707	-0.007015231057065682	0.03964606971791107
0.017216383011894237	-0.001289307363082158	0.03461568328117286
0.011739319616046408	-0.00029546828176146324	0.03661171228411081
0.010811775700899324	-0.004433782499343751	0.04365586172497923
0.010217133385742146	-0.009608763861238583	0.03978902285697221
0.015990219732465533	-0.0025696651898966215	0.03865160457144479
0.018857876687143997	0.012242310828999771	0.03088110915895482
0.02223269546584591	0.013052412395288749	0.03832459241702244
0.022696019292762486	-0.005222007802945208	0.03424116605556541
0.025770745504017662	-0.009360978387178642	0.03819883096071787
0.026883490291944978	-0.0018415400104893967	0.04178085047482516
0.03287007117729207	0.0026445375878134045	0.041162880769353635
0.031492838702112315	0.004616547423768082	0.04514960885576347
0.027355517884275142	-0.0077557374281506455	0.0482607943621801
0.024298767076981663	-0.005698920755549914	0.0464106894570604
0.02217636506381914	-0.011542956560195647	0.045172167925611184
0.02126633628570976	0.0003518212826857693	0.036711431844374795
0.023978726503192885	0.0070557685125608345	0.04244546682800765
0.017550948235078464	0.007797214860792951	0.04260994831139901
0.017423551585262088	-0.0036131675338595924	0.049282452910527366
0.01480840996390002	-0.00436073380850089	0.05082193432650763
0.01497184910926831	-0.00613061380380631	0.04446630008477356
0.013306080141044521	0.007816919731672114	0.03912804412066343
0.019023158041794833	0.008320251783165299	0.03899038933193264
0.018519760109429944	0.012401093753917992	0.04456290528856567
0.01776000846900419	-0.008358393454193824	0.04326516983545413
0.011591320849494997	-0.03262295924196757	0.043349483926662706
0.008531872001573532	-0.04245770743951938	0.045607218109911925
0.009582618017450372	-0.03817722081577113	0.04668210680833222
0.008987760411982113	-0.03054190733599097	0.043733232016936276
0.011283129379077925	-0.02740612095052128	0.047827650162607614
0.01280585331799712	-0.02715182508782031	0.04824144552998315
0.015203453135013974	-0.031457729924465924	0.04140819326472103
0.01947169639520757	-0.030283644397235784	0.031109372391165548
0.020278157089329757	-0.018088754386449607	0.027145119025033023
0.02095488190974603	-0.01985988941785092	0.027398706822200122
0.017311502330896827	-0.020129138034129204	0.03298202186915453
0.015053641326512143	-0.0238071005549204	0.03225069766461282
0.013941827239108969	-0.014492847909251077	0.04486101677120772
0.017176388912703656	-0.01684510122254028	0.047628339989725516
0.01802857646749298	-0.019536493364215327	0.05206345487646886
0.017886820834865806	-0.009492903251819375	0.051668222629271135
0.01892384833892022	0.0019871195463250016	0.05296767589898582
0.022569268193822288	0.0011575558457770675	0.04858234832834255
0.030338539789325304	0.001141689767787897	0.04946912356448234
0.03248744277678785	0.00011061380027817258	0.04595760798140721
0.033100321333918145	0.003194528494223515	0.04572833654085153
0.026538919838508306	0.013500085392784408	0.04272848392251816
0.02057343413389528	0.009824071089529863	0.04445226011743063
0.011767554161681359	0.0076104920835343174	0.04299042541713689
0.015912618617525114	-0.0010762587806658688	0.0459211628614809
0.01723014283591251	0.0006962415437366774	0.042651773125285036
0.028268626850559902	-0.005103347261126229	0.043965402266537515
0.026783500671603303	0.007288009666384192	0.0389709800727476
0.02743711808751875	0.00719623691597469	0.04375423334679398
0.021547256791226006	0.0033648382723808212	0.04373678972573608
0.02204864057990996	-0.009919963074718131	0.04822421369137778
0.02461004096073785	-0.014494907473310989	0.04832047507228858
0.02662543050481493	-0.013816984474896425	0.04329709014299219
0.02171529275058424	-0.022900779684751755	0.038590368227880374
0.011786686746378915	-0.019857686703161462	0.036495315235038586
0.0037374263992729162	-0.029937673236401494	0.03702332032879876
-0.0012866877932752089	-0.01506450456085403	0.03572897937784127
0.004394798756327263	-0.01820464879544016	0.0446156829696394
0.011826865069663486	-0.020032464651954164	0.04723052696226667
0.01564195453523277	-0.02253711070446833	0.04474601740668904
0.022907003995935003	-0.028344262982160855	0.045589531742924044
0.02195354413787795	-0.008882208474849298	0.03741988209070953
0.024155273294746638	-0.006532158367578297	0.03873375126627166
0.02128639195114259	0.007789031059802672	0.035686416215840046
0.020317201615142763	-0.003726392558874185	0.04016447773603071
0.020378043284181028	0.0018034648957844374	0.03622038829742152
0.02235021476133041	0.0006451554524424356	0.03711699853704062
0.025263368606160262	0.012206760629824044	0.031534248719009436
0.028882904137234364	0.016218046218715622	0.030179247712517888
0.02753424457730559	0.014031745738632431	0.03338104450897738
0.027538901144338143	0.011149613733712888	0.03744479331319205
0.02916642533717055	0.012218097824324092	0.040241522970039696
0.03419886015373172	0.019307496070357963	0.04359683218172762
0.03325241060459609	0.011894634215658825	0.041520057304047064
0.0318177145375233	0.0041973645771423915	0.046867005413712956
0.026882198904631827	-0.004211781748662432	0.04451810157394548
0.029649628809671515	-0.0019171218953924589	0.04671678883905571
0.027502055978083174	-0.009116214188725161	0.038285079000993094
0.02403685805548802	-0.027918691791745484	0.03841021145151283
0.015363344768313192	-0.03404651502587987	0.04327768769856994
0.005927175257840192	-0.03327156442195824	0.037551463183788575
0.004529500577962137	-0.0366308292732129	0.03388285368625845
0.007844133499394876	-0.031034362546213647	0.044230305151956015
0.014938485853117339	-0.022600891284819798	0.0466811065405979
0.015260137419339008	-0.006107958522228361	0.04935836512977575
0.017532797655131153	-0.008024208910272883	0.04639677150289993
0.018140908619315936	-0.0031104888071155495	0.04824242583339039
0.021389810588842675	-0.002516402394880147	0.045615690422230334
0.01931680631017895	0.0016809095576366152	0.043647767361431125
0.020249255500671554	0.010285736761137993	0.037827308578512964
0.01931731377296449	0.01108772143291695	0.04200349949656597
0.021720158900255904	0.013227530002638538	0.04830534870184719
0.021389203644434113	0.00953924916320393	0.05099561175193608
0.02073803401326002	0.0029114662444446465	0.05133071199823486
0.024743173320276604	-0.010673005563180942	0.05107157950772809
0.022150637642921807	-0.013775068059401298	0.0452235428372781
0.023262649602520627	-0.006361206871498704	0.04238737631761946
0.019721059818193602	0.014082266274268736	0.03364425027566027
0.025284316394495413	0.025666559428318417	0.035320543821861124
0.02463599815107028	0.029211655043063528	0.03881357120819437
0.02486145407210936	0.020090289514311806	0.04259039710254107
0.02014419409760925	0.010757947081183657	0.043631156254627865
0.02136146552905574	0.008202945570351282	0.040570585841148685
0.023405458242860663	0.014990807665214025	0.04031910502974051
0.024782758692729865	0.015454281077670998	0.04036415371816981
0.025830676082700316	-0.001212776357426365	0.04243989752541273
0.022751707710436376	-0.011416194396056692	0.03600539570344584
0.02432952180525141	0.005755640529811746	0.029224670053961073
0.018745149769638418	0.0056969807224560715	0.031177671698324375
0.018663605890890497	0.0019263017840350227	0.03453404812514024
0.017745061156160216	-0.00817738631925194	0.039058447147518924
0.015345370612122185	-0.01060042663798658	0.039533487990989685
0.013314415652491748	0.00041030960765699176	0.04169935616059012
0.010535213907817908	0.012037205213771216	0.039605109427054655
0.011159610179234301	0.027608070981056027	0.036570866220307086
0.009553675345141288	0.023616524820409508	0.031975763173043466
0.0017732882680308176	0.02552639680342873	0.029604181414807834
1.8762854505897885e-05	0.01444917336713854	0.02530355992956212
0.002981547688855562	0.01700795739773344	0.03298729311049633
0.003930993433600549	0.00027227469817606804	0.03411696690956554
0.006035937305179619	0.008579609398585843	0.03713536440911526
0.008530280484876671	-0.004222674980967499	0.03306898897070183
0.012391898008917063	-0.006742122063313316	0.027341287688340234
0.007514351818145694	-0.028710199458803903	0.024857422828337004
-0.000600587852578427	-0.03325104745214513	0.028226605669667486
-0.017739938300424696	-0.030946073155615497	0.03146585180994649
-0.03940421129198573	-0.03313958380586281	0.024013752426934286
-0.0506441393786498	-0.04552876583923681	0.024485954936303483
-0.049148780993340135	-0.05366057566951837	0.02639196367818137
-0.04177404164896931	-0.05941651526952644	0.03246061051774945
-0.03216878293512607	-0.0661858837703307	0.03661974231666894
-0.026984806483521764	-0.06320616335177336	0.03627044816306477
-0.008530834918434434	-0.05902961899682532	0.03823846624440411
0.010519761755646412	-0.04582825708221762	0.034373321961940546
0.02102496866266465	-0.029558208250074193	0.03546559681406375
0.0211477790389915	-0.02195357118310605	0.03610924961492754
0.0007014337687536816	-0.03227016807814749	0.035766593167266096
-0.023381615704478897	-0.026495899646218384	0.030196543461911505
-0.04032737003680144	-0.019753567878022397	0.025001798797576948
-0.042464333618706995	-0.013037807093192706	0.025162971270257732
-0.048964864411972196	-0.02276647291313721	0.02325345267514862
-0.048989479025787645	-0.0261060242613991	0.02521076102504719
-0.05116427701685888	-0.026806066567446538	0.03017355699742333
-0.05703451537398642	-0.03746828331453264	0.025702886915488138
-0.059834835267214184	-0.0273221468877812	0.030357670797942528
-0.05482152823473088	-0.04418691284133631	0.028713706886060557
-0.04747573514451865	-0.05563300687326518	0.031123248806943775
-0.04217353873615327	-0.07183325990389604	0.03244153406806237
-0.03478232851443993	-0.049451272140530494	0.03277784869149183
-0.040536704498175175	-0.027964404802083287	0.025310263852899702
-0.04158728524469156	-0.02365453425966835	0.022797396973233353
-0.043739562822359884	-0.03705093575489597	0.028804562985770825
-0.0380636213202556	-0.03485312409792744	0.03704470786059181
-0.023491601624630376	-0.030864525737444456	0.04264430758318191
-0.005950121366072918	-0.01616628878552974	0.044720195787199324
0.011894861141433857	-0.02022593311990814	0.044377974637383646
0.019105699344912387	-0.03053000364509231	0.03815652467918497
0.014111142630479388	-0.027161683393226343	0.037142825792992995
0.013215479548516464	-0.031090901031959606	0.03803097531852129
0.009773928658669509	-0.021970629743035354	0.031311635311699414
0.015244657879704231	-0.035295238190633293	0.03548179148998207
0.010355222408641378	-0.026589955236205352	0.02621903240135178
0.013822628632683364	-0.036650443184758213	0.030072247502228547
0.014288155281309046	-0.03492879352469626	0.025384406201358515
0.014560274546252382	-0.026496017031104196	0.03238721390739335
0.013069004314541742	-0.017258701238972086	0.038163970382844546
0.016133597183375877	-0.008655681032752147	0.04518475030101412
0.018906512248940424	-0.01705568976288934	0.046480267306252404
0.02069756551462216	-0.01951704579729598	0.049093140319034986
0.02370487312923174	-0.018233501160135633	0.044748857044639934
0.024142905963590953	-0.017092847626510702	0.04136584103682647
0.02895034129920562	-0.00965770803347351	0.03952477752076658
0.027494730433161634	-0.008503644468259526	0.03897662065965074
0.02610762848519293	0.00032355022314289883	0.04099557771744157
0.023480808039624643	0.014439839985351463	0.030343709955099916
0.028370887138271347	0.025197027183181356	0.031851873250525464
0.025549981495618084	0.0101802763867772	0.036834938797594474
0.02494212521799589	0.011603272296995773	0.04057046962778699
0.021694364970441225	0.002485037809509632	0.04349820586909015
0.02364060246327613	0.012029635754380038	0.031773218364320815
0.02352202209090333	0.010346406646864663	0.035551980074586466
0.025147170673927553	0.02914276559620669	0.033497081871816096
0.01670660452276114	0.050485579549835985	0.03944859740688666
0.005362933644004465	0.05909885488357039	0.03459108669223112
0.0034799919129035227	0.048433704417375385	0.03819853722877953
0.015869896720619735	0.03299589558754934	0.036061710348657766
0.022200503404895666	0.015319710163565927	0.037339165325875355
0.023128880967564762	0.009580129243107083	0.03285857033321467
0.02091363478413262	-0.007696781672205642	0.03721505091926326
0.017374564330787535	-0.012419356811928794	0.039515258270398076
0.013269348141999513	-0.02381015308476335	0.04340087859128595
0.016170833250690693	-0.026154108592504794	0.04561942229894797
0.013868856333224818	-0.01737517743854255	0.041845780420691314
0.018277443899840488	-0.007159552674592225	0.038654281205809354
0.014808876063054775	0.0020996571342570512	0.043767840426485044
0.017652333352648354	0.007557559755318776	0.04348097045085003
0.018063744800199517	-0.004544945666861682	0.049107375481854044
0.019373337058937477	-0.02144753381145937	0.044181320632891
0.016077274320613025	-0.027070433698297598	0.04954799240773394
0.014050330338798543	-0.011027868449323623	0.04613832949052539
0.010406399603075451	-0.006893554684509872	0.03857414949072276
0.010364269372479995	-0.01202537099866989	0.038615049895335325
0.01423330054018089	-0.012635315959180143	0.0417840638121568
0.01963759437300365	-0.006289360935500574	0.05171136838839509
0.02577400341982964	-0.010792868443651411	0.04995401040462207
0.02588279082418666	-0.009322084980567195	0.04389512000448677
0.01911449941877487	-0.0049852785241172835	0.0460794942455115
0.019803476684972406	0.002922750605514342	0.049094380472755335
0.023451582604003714	0.001522792070731683	0.05148944067250849
0.03174086632928176	0.008859965872666926	0.04659189693064279
0.029375503607141945	0.017982557927961728	0.044708369797936735
0.027806554909885435	0.007878257634615273	0.04906367466446308
0.03046686496546743	0.007077989391350709	0.046402885432996505
0.032334069629148754	-0.005705277147394917	0.046959175978911444
0.03602395002221317	0.006362278178842641	0.0432751290582185
0.029168994421130728	0.0002384567701815138	0.045930795295930665
0.025259858060965496	0.002269557288788606	0.05230623149884227
0.021272296013926294	0.006574992438111257	0.05500713751519008
0.021269831991146695	0.009784796441943145	0.05144554953485448
0.024998660724519724	0.002250430906094069	0.05123118301170748
0.02931569690375112	-0.002553289490482752	0.04777764416722137
0.02896426609476857	-0.0017657983886012509	0.04683581630957102
0.030191230984863857	-0.010217803689798674	0.05369234690245908
0.027520081772566353	-0.0062384384953628955	0.04898833140791144
0.027053358463133483	0.0006261767261467668	0.04917885357168756
0.027324405462122586	0.012989231163158114	0.042121005438686354
0.022127615987629485	0.015689235765991814	0.041585652745606855
0.024207182717335154	0.020456597974515392	0.04236409844357046
0.01759824511828933	0.013505105415253665	0.03998698833320939
0.020813123025159384	-0.002981999877209412	0.04132465162338901
0.02113622059882287	-0.003697493730951778	0.0376053019774274
0.028343367288907767	-0.006332785936478149	0.035943924060218374
0.031022337411897874	-0.009657714477638624	0.03690149534341828
0.02755105662910024	-0.030052077837280398	0.0375299539514853
0.01157841985797755	-0.03840032108984564	0.03255279341044694
-0.010140477110963397	-0.049924546749289984	0.026806411148959736
-0.026843830413310014	-0.055041119785580406	0.024706423377069787
-0.04251640457983349	-0.07292937638984488	0.020278409383860663
-0.04595374622212675	-0.05726028495100141	0.02646142096849305
-0.06051589479824493	-0.05669424328288638	0.021551133840958615
-0.05092846900131588	-0.06363535850863654	0.023458662295529842
-0.04209973811436137	-0.07949013359032556	0.018611139474822458
-0.013960961404078615	-0.05938045517826135	0.03364520565300956
0.0013560288905306245	-0.04965102057444365	0.03778230668933028
0.013664274726578354	-0.034863456274590136	0.04173873675527781
0.019382441144106817	-0.03135606032210565	0.027872133180620855
0.017207038095205334	-0.018329354979646297	0.0313691932482842
0.01885678370708459	-0.009760165684947489	0.03277662134682704
0.017784969795822177	0.004689397490926686	0.036462229032780874
0.018415026202658107	0.004012903735981167	0.037849698301094276
0.015444517410580203	0.0005438113866853122	0.0386604195022818
0.01675214192925219	-0.021441307612024195	0.034050564166712344
0.012688836519528974	-0.02926362366450388	0.025470256848541567
0.014015491912295851	-0.014867924971598459	0.03198114660704944
0.01929898718630759	0.0018001195397134954	0.03593976909979539
0.02561519494221849	0.008183294439090796	0.044301594985669775
0.025246865669142825	0.0032281462615877214	0.04308830293709728
0.028885390592324305	0.012312080747042035	0.04587338095606453
0.025092356704064463	0.025138645457312165	0.0391529155033576
0.02504177631329798	0.032952122989509385	0.03987301154476477
0.02427921359169273	0.03291010854329495	0.0386780654501886
0.0262656322233213	0.02941962500270482	0.038043282028015706
0.02892694363850582	0.012800262738320339	0.03999047278192713
0.02063477050783095	0.010027944828832229	0.04264072957383158
0.01933042226305978	0.013723253941304615	0.05218285411903781
0.016430916402511125	0.012955800895179247	0.05606795131436668
0.020625771019285075	0.017456649668469913	0.05318948723256532
0.018629662993401335	0.01818065649356034	0.0462076425614136
0.01906718604186772	0.04212030410212773	0.03854565331249196
0.0166668276169895	0.042190745522837345	0.03718799769566896
0.008149487133849068	0.05768198041720833	0.035245839287808105
0.004194666568465594	0.06042249318083078	0.028186488515047778
0.003426749512810209	0.07564233239340981	0.025327439845731162
0.010695878323460903	0.06143287372680207	0.03364349897962106
0.016917283923867474	0.05363723372739699	0.042090940162382066
0.020718201785641335	0.031140887966932516	0.051123332305708785
0.021940029139249428	0.0236277965516041	0.04743969823834239
0.021582495619279614	0.014963365902477696	0.04979656949383182
0.020577483569721874	0.008644663070237596	0.04828983571169149
0.025857804821452585	0.013642128578995	0.051217617752753755
0.03649018121997686	0.012293774149959885	0.04126176437693602
0.03834994244229996	0.01042817361878521	0.044717758180648486
0.03819955937992065	0.009589919986098542	0.03950682893436752
0.031889936879560224	0.018839401393620555	0.04133081284315337
0.031859513032551905	0.014565741277504207	0.038813921800897294
0.02954810196763205	0.011355500249478515	0.04133748339569106
0.034258740533994525	0.00830845741122278	0.0386657560148333
0.03156774979508194	0.009525968208411444	0.03135065771176111
0.028074677296809382	-0.001867105101210867	0.024576210319827197
0.020679813415251554	-0.0018182185993827794	0.02766888893175338
0.023391983352010794	-0.014315384712281491	0.029559933556805515
0.024308460410510994	-0.015971069802997038	0.03488083221104095
0.026391045438305935	-0.04304949015613761	0.03142853111569255
0.02243055879179902	-0.048936417892228495	0.03923429059298754
0.015378721447878028	-0.05448938324661108	0.028365553669070398
0.002578843008783539	-0.05604643988778453	0.02907727299077144
-0.0169749291124872	-0.06308598257654256	0.015188451210191824
-0.04314690771926185	-0.0587153204104459	0.024822252707560735
-0.06722067388318406	-0.0542106502474618	0.023581874196281688
-0.0743583868496551	-0.029065592681573438	0.022804803537249355
-0.07424791005942591	-0.021459985686608778	0.022627361847750438
-0.06489619510742646	-0.029523276513703074	0.027838392746245916
-0.06387606108756519	-0.03292156463114715	0.031415630556027016
-0.06315726102732777	-0.027586040925451687	0.03143907644615748
-0.07046271630783059	-0.029993452498529152	0.022296377066213
-0.07506115420116524	-0.013246004750618434	0.016768543926812193
-0.07580841216024614	-0.0077123306292792015	0.021484465815390125
-0.07947384471198692	-0.016246121519191442	0.02220606587049581
-0.0657097645550881	-0.007849904111162063	0.02590424714083632
-0.06733007119717993	-0.023949125498055432	0.024777944688750497
-0.04998548133805895	-0.011509973313276703	0.034142882539664354
-0.05690435329873788	-0.035078431201873095	0.0279537233258247
-0.061338887477116744	-0.038689306352590526	0.023484553195058162
-0.0686279721049846	-0.034351793244914434	0.019881815445852047
-0.07210746491322109	-0.04598963224227716	0.0224283031841985
-0.072870522162618	-0.025870802491876184	0.021288610404651673
-0.0713133844378434	-0.025623949627593297	0.020678592975816548
-0.06696701885965023	-0.005863630767368851	0.026415282069028975
-0.07099163671616548	-0.003065393981916534	0.025005124668218387
-0.06693967117683887	-0.007326824007413489	0.027635192805606903
-0.06251248299045817	-0.0005710257280228601	0.029147354364952083
-0.05838366831408749	-0.009915003239791005	0.03253663350521623
-0.06576448536970642	-0.01102517325136633	0.031636852882182376
-0.07114059567793748	-0.038462386237131205	0.028861407451109045
-0.06536766478610716	-0.04432336103773599	0.031923085623074235
-0.05919968844461661	-0.0446550778165688	0.0305936470560206
-0.0637183017006788	-0.016016286162258732	0.022785436061399073
-0.06656462837290833	-0.00034145891056186484	0.0194242331972862
-0.0777047503017865	0.015168414433514868	0.0132105200585734
-0.07250329971438008	0.003339653476186505	0.014811741708527323
-0.07774059613163481	-0.0033045662358228423	0.01626657751824377
-0.07453745458807969	-0.0056106239423086846	0.018513604555721083
-0.08235596966736294	-0.0018836283068869725	0.01484536417071207
-0.07332798299594934	-0.004167446400722044	0.02112152519177976
-0.06523520262306468	-0.026578675993087178	0.02425540508136599
-0.05309204101862826	-0.032240103701306255	0.03277213227001396
-0.04865548375259869	-0.036585012064075134	0.028432171163853652
-0.05165723548064871	-0.02729614899280757	0.022884379664916174
-0.05935135315084744	-0.03640175931336855	0.018259869010305657
-0.06904731173134987	-0.02729775320077959	0.020642974833692734
-0.06921751939325131	-0.03873966444592582	0.02464087195723104
-0.0686261874213916	-0.03615577640877322	0.02222117146083595
-0.06872437091845872	-0.029642998187190232	0.01914305658358574
-0.07760482250752411	-0.009941174183055082	0.01627311317033578
-0.07308047459531632	-0.01684220111764216	0.016414731713814953
-0.07971153652643237	-0.026870456675161178	0.01744844445591401
-0.06367741733072747	-0.03419892362598545	0.020753165041492078
-0.06909414722780938	-0.04024172413815384	0.03190051853169712
-0.07110067983508297	-0.035353922481411316	0.024972633868889718
-0.07585951770339597	-0.026141450761270543	0.025094410537573802
-0.0768519038322486	-0.0064463121388129985	0.01658931010169437
-0.0698988068663208	-0.010005408497034698	0.02194788486813201
-0.06826254503502571	-0.012120530158132942	0.026867752778358428
-0.06764443036420795	-0.032918530199660144	0.02672085553689217
-0.07092917380869214	-0.048710164868186814	0.02619138599826082
-0.07353531646227009	-0.05691901933627984	0.020202897694636332
-0.06928757018886608	-0.0656865272821889	0.026039832232005025
-0.057740905222880376	-0.07248206539363272	0.03062459662799808
-0.04084344823393929	-0.06764614747877634	0.03567525084935596
-0.033750453156939614	-0.06487588926935135	0.03885054869782091
-0.01815536098616701	-0.0644624398640796	0.034338090502082676
-0.012239667082135641	-0.06366007450396961	0.028586472984928196
0.007560757602246235	-0.0458743960046647	0.026873273657228535
0.01122468235792539	-0.018071649385422918	0.021815696839036575
0.021222495498408083	0.0013805559436740888	0.0277490582355081
0.019008554966759232	0.014942246079112358	0.019501898774021056
0.028937226669324145	-0.001862661123545304	0.020137690469807963
0.02201440635929197	-0.014092555579767931	0.00379131067623718
0.02894575910082455	-0.02842394155572919	0.0032103057922766055
0.01863456926006039	-0.023583508925511063	0.01183981803135856
0.018584750947545484	-0.014296399773973154	0.018871265271814767
0.001964505566736909	-0.004945357194892533	0.037382533973505626
-0.0027950281665443987	-0.0028297374068806105	0.040777180910446326
-0.013258592354743033	0.008428094838229944	0.04144278985944028
-0.024448141939132046	0.004709737790702658	0.030212252584491683
-0.027654165204370463	0.0022016307744558462	0.027648787818009345
-0.027301079964891974	0.003210039356770642	0.027506832146572263
-0.023329695440031346	0.009353311526463341	0.02903707847520872
-0.029488571546325344	0.021200785461265102	0.021340270924900897
-0.03720537113702891	0.0427128543696078	0.01937884534598927
-0.03534900221934496	0.04742900712000033	0.019074736363066315
-0.033334572374296864	0.055396613966989396	0.024519977222921166
-0.0257258207309951	0.0391668331955662	0.03119381117172107
-0.027720905721873995	0.030899056952624966	0.02933575665298662
-0.03018876967073609	0.03303656145233086	0.028873536005334863
-0.03287817704942783	0.04724371498075301	0.023816506775384515
-0.022607706630620582	0.06576857065411164	0.026070555725915146
-0.015311504743924873	0.07684215887579643	0.025170035346092107
-0.008009108656803429	0.0859472162830728	0.02325434523489612
-0.007119782236338383	0.10083197574796862	0.022679605797794263
0.00026980892207298433	0.076803004208853	0.0216069286945471
0.007183903356329584	0.05795437509223546	0.01931269685665857
0.0007940184482631259	0.043709944858232375	0.020400601247692992
-0.0034718857784255715	0.05585638239871667	0.027258121429570244
-0.0028159398871427307	0.04866361147116416	0.03548165802031184
-0.0018371482503307707	0.056941349789623945	0.03355326092494181
0.002072661060298516	0.05324387682573716	0.035385377825755966
0.0009102182089570073	0.06255708116424562	0.027093495274194662
0.004038687208094418	0.04772701312644803	0.029704348411125542
0.0035372413175421115	0.054770491385736864	0.022103633327111197
0.007015870651797932	0.048756693567762105	0.033386651457581316
0.01119525314521538	0.047117052643694396	0.03558388069216807
0.010865425123144482	0.03783339768610658	0.04120726913655409
0.01413709081998054	0.04007141090860475	0.03843000538072316
0.014888329211786455	0.03670431886658697	0.041330383993583776
0.015055338684739353	0.03281477932671255	0.040479890714276545
0.0075460075235133355	0.037437325382579434	0.03753504918999884
0.00024861768454003796	0.040588062080827395	0.032233103598605185
0.003023519102194179	0.04799810110546518	0.03899106146943146
0.005295399608320657	0.05384720099854258	0.03574852849950134
0.00637965765396847	0.0439437636296989	0.03379956584510073
0.007370828197270389	0.04079041033903945	0.023851889808889984
0.0060105379254829505	0.03176801257628872	0.029727608165273763
0.006490185652382935	0.03350928948201384	0.029897950549891313
-0.000761352300011118	0.053866900147125134	0.0342764673199026
-0.003963453607485947	0.05934037330930311	0.028486554466997868
-0.0025800113603326267	0.06703801723729062	0.031605964583775056
-0.004549650068234547	0.06012894928174109	0.031070927072111308
0.0017702723127041467	0.055772896869606306	0.03418820260515969
-0.0015548748484065828	0.0552056691735553	0.03136392681250798
0.007131292321426447	0.029181581080399522	0.03536372569722207
0.0026396835500601323	0.03638441637613284	0.03439654134575052
0.0015521981552188147	0.034586749374701485	0.0383732868426097
0.000597818655311527	0.040067011870635216	0.03679345470211471
0.0038254244635571163	0.03160323588961772	0.04233243540997446
0.011864275905575511	0.012304673412886519	0.04408624823395715
0.013989337924959475	0.012356031006483146	0.04628439866993892
0.014264703904063352	0.009988113930107425	0.04668289465666675
0.010647064309844361	0.012297257793571914	0.046723239036131486
0.009322332137119582	0.022471603968314206	0.043378984732458784
0.00812367108296046	0.05355250550650635	0.03404562076606355
0.010720427378448128	0.052422308808693044	0.030653018862101936
0.009408338113841029	0.04383039425954498	0.02872088783106589
0.00794838357460716	0.03935573275454411	0.038567311522238246
0.005095232107645948	0.04602754628416207	0.03960835537612191
0.007915262727193409	0.05665731241252376	0.03656779341314238
0.004606571638762732	0.05648552925204031	0.03321948993370521
-0.006741616351679591	0.05473998479424352	0.030814469680459585
-0.02744612126601422	0.04564037557271626	0.02361254485904499
-0.040651359938468336	0.03953864858962222	0.019851562467264237
-0.052764922277825935	0.03605200540028107	0.017572075231462106
-0.05657486776168603	0.03898403320303736	0.02022004959189845
-0.058237829644555095	0.03955987986548856	0.01996952591196336
-0.05257369049960745	0.04104819159291776	0.025366627597875863
-0.042177374295562474	0.03487938274860803	0.03226186189543421
-0.03875418209513022	0.04292670551154751	0.030186914184780783
-0.036659221208782934	0.050329563404760774	0.03148615548970362
-0.043956604006331966	0.04759418726084179	0.022808450280938586
-0.05520760635162385	0.0457428707884667	0.020322425076106543
-0.06023358330319678	0.0521148431979422	0.015434095484013893
-0.06653180487674376	0.06187440993071888	0.01417202835899413
-0.06253480634147292	0.0545831681743737	0.015070995853068106
-0.05973013347586379	0.06228003349879663	0.021453528298266404
-0.056721903154084985	0.05303565749768786	0.019397628660513214
-0.05613073494284436	0.05326025146257342	0.01900737426403687
-0.06576436064002449	0.050970979571988206	0.011683993429130651
-0.07065537532504543	0.06530522255828904	0.01200357860474835
-0.07274474447709484	0.06240701259320315	0.015277373656024773
-0.05736519115285768	0.06643426088356905	0.023565477364965295
-0.05456889507360961	0.06156605303785076	0.029017080813520654
-0.04385291273341664	0.05722368139631166	0.03130655621837919
-0.05385747969198063	0.06079866859982174	0.022185157813433318
-0.052394927582020946	0.05735716272689369	0.01999164190737618
-0.05925755408922266	0.06485630720448712	0.018343980678125205
-0.05134785913563683	0.050373637264946036	0.022672177909850086
-0.04531556551932191	0.03254231998943667	0.02199414670172753
-0.044728979804861804	0.02505690825874362	0.02488610933624693
-0.05345753958691997	0.03619706408783717	0.01943179672855805
-0.05967755680331328	0.05354204329318805	0.01283531382134806
-0.054374052629602744	0.062349219404340225	0.01550483836272415
-0.04933413172587932	0.05270777330639337	0.022680566095630843
-0.04221963562387661	0.04684254542132492	0.027266791728118772
-0.048699139106178305	0.04911485125520851	0.025841265214156126
-0.050796043099381585	0.06726699776349684	0.02280477542157252
-0.054503152192636004	0.06802671291705877	0.01701214065118682
-0.046657938402149976	0.057605555852533234	0.02320713750841913
-0.04546181793086132	0.044531339020789255	0.0275010824509968
-0.04026082603590598	0.04848267717244937	0.03158540002505205
-0.052502437465305064	0.05255478224871418	0.02006289135683509
-0.04392960776296682	0.0496922846121256	0.023951984211589956
-0.043123003924140556	0.04732979581258291	0.024597623440210444
-0.03344608925424219	0.03879933676410988	0.03436111690888748
-0.029245315924262535	0.04118890864719782	0.030023728083994485
-0.035933244902975794	0.034033397297337384	0.028621529850948756
-0.04154256548055752	0.033146250233850774	0.024318117744407175
-0.05062814518646119	0.007596203333011559	0.022417603324480014
-0.034708906782682965	-0.012263678205248364	0.03211981166407471
-0.031443741969372094	-0.018157378648641725	0.027846558618249383
-0.02842278010998805	0.002147328513465732	0.022656887533072143
-0.0305758440101516	-0.001491530338450793	0.018908853024723525
-0.029370044722151805	0.002975650840115588	0.023416276766359077
-0.019540683346565314	-0.005307663620121236	0.03016076566143938
5.779863743693785e-05	0.006544525082667489	0.02386850584763669
0.019456208450990848	0.02533702140160047	0.026748817183089794
0.03242320941436415	0.03325398207304758	0.025389041526170306
0.02826935462617558	0.019328637400028405	0.030717818882662926
0.034847558620415955	0.01492923603756336	0.03223433112437632
0.035411131411652766	0.016089600430509703	0.03298937930728385
0.04138097915007667	0.028460802257550814	0.03460349794102378
0.03948922943768974	0.011256037240154133	0.03486166691956385
0.037649658242879906	0.006734416524912235	0.03716285341658868
0.03289230279822612	0.00042653809684977534	0.037975778496085105
0.027233135360305066	0.0018122314103631541	0.03629780195357938
0.012494380913939828	-0.00912292894692305	0.03476871182424257
0.0044698728519607465	-0.014151617346986469	0.03964782692012514
-0.003537798140724216	-0.027177914171057287	0.033690014032395695
0.0008795605114056994	-0.02373555473034089	0.03418911240504662
-0.0025992566495792865	-0.03617821459978007	0.035712199457041405
-0.006147967254387496	-0.03891950761280677	0.03348380138898112
-0.012304616060710765	-0.02495452890190103	0.03389143719704894
-0.016672326784617775	-0.024401093316622286	0.03137357645830857
-0.012022562355255997	-0.01253705504945983	0.039628109458779204
-0.004215030422060544	-0.017523816800698012	0.040399844858189975
-0.01047861377046952	-0.01696422969820439	0.03311566460329553
-0.014114022045808262	-0.02929316387368665	0.031122541357725957
-0.02601804332672186	-0.0397144205741011	0.03232861614447945
-0.018109785025285687	-0.03254332485188175	0.03535309250445384
-0.005916209999911732	-0.015315170416688811	0.03406212827419366
0.0179035393448756	0.01030357913534387	0.023191156074466313
0.03828282505230757	0.017204287728395527	0.01739889610873851
0.04163616722827441	0.009381477803364853	0.01480388572199666
0.036371681535938866	0.006660447187284563	0.026759819786048494
0.031675729675801435	-0.024746745170034327	0.03204287552808516
0.024561876023346335	-0.0416200163516728	0.03579697898252594
0.020653809956396006	-0.052567129155184474	0.025026985767733326
0.0034308417088903843	-0.03613166831904086	0.016248527677183513
-0.0023410964698664435	-0.026065816209282607	0.021857337055439387
-0.014596948484339258	-0.03478291057809299	0.027243333501267397
-0.017236432549759286	-0.04264792714623568	0.03099668545466227
-0.02176694395583511	-0.027450953574575058	0.029049942661550986
-0.02161567878401111	-0.03752921436297371	0.024011977471052028
-0.017872687369346014	-0.04676804203449189	0.022454917097275002
-0.008926096922899179	-0.05611829488209171	0.022039613094951796
0.004350175745582606	-0.04158528140358716	0.03225705602688369
0.018728357757318875	-0.03456747883376628	0.03423376350186601
0.020944634758478554	-0.035605939737315545	0.030487772765204858
0.029591155901768192	-0.028460670544848955	0.036669208225641584
0.028766133147986334	-0.016843983980264106	0.037303899503224845
0.030525134027083567	-0.008720275926190155	0.035306763269669715
0.02751056601264297	-0.00810378388745216	0.024909225393554963
0.018295924048246086	-0.022495596563663185	0.02300911529103655
0.0011828185030563097	-0.039205694939593985	0.02183121528361621
-0.014292545798642243	-0.04147728353764607	0.03030875933864603
-0.03526702415989717	-0.05359630236703265	0.026827392808050514
-0.026537519989154865	-0.04430145051143482	0.029922828096119392
-0.02360697674076942	-0.04577351395306475	0.02966124894187961
-0.017053639573241193	-0.024429912474482375	0.0331722675526142
-0.0227718732153995	-0.025007156106943172	0.029175476186442645
-0.021633083618321898	-0.027951896862380775	0.028271579560511937
-0.019176212345365026	-0.051843227437814846	0.029748686354671598
-0.008347821008771628	-0.05627077093177864	0.029610117809222097
-0.0015635310096809856	-0.06654843883117115	0.03080509567486547
0.008013827108747023	-0.0627788654437843	0.034586135456077235
0.005802409985931376	-0.07134284331307851	0.03911842827645217
0.0028911453641277647	-0.07085962327552492	0.03905206788549033
-0.006401488935296974	-0.07187396415366588	0.026257789069645404
-0.0074366415759477816	-0.06356393118477792	0.022331063579956605
0.00037023641605045106	-0.04243218874611361	0.025974361149855553
0.015871491256758675	-0.02099230808748439	0.025204924297319003
0.028419423043401545	-0.013122114845221314	0.02860564403257621
0.024624598291610296	0.006597708757820092	0.025986909404402413
0.010873209282356163	-0.013513810428835506	0.027644532733803216
-0.01281338081397389	-0.022097242781083347	0.02485093267791571
-0.014712390998287517	-0.03274169982490023	0.025356244388240474
-0.023951699833295148	-0.025379033467486864	0.020401688527300222
-0.02323445936005144	-0.009609748452761567	0.02092154866954049
-0.02988651993452026	-0.011592795264190506	0.020115003045408558
-0.020887621867460585	-0.006748479196802281	0.03208937692481556
-0.028179727545828225	-2.9298828572638103e-05	0.031077684331629017
-0.03310897931563215	-0.002321454107646656	0.029029509401594294
-0.04285670700339664	0.00984641769509595	0.019693340828853996
-0.03280545097265324	0.011874650055966593	0.02019353410979205
-0.03551660568109562	0.008915262564680039	0.01973329475800091
-0.0397704548978304	0.002514229146977215	0.020594524319162533
-0.0451924741448991	0.02030473514157257	0.01893431896903263
-0.04495791215082791	0.027041011787743804	0.016969093717993697
-0.041674573522524044	0.025271805732600308	0.02239981539486087
-0.03679947187548005	0.010337758574422345	0.030031329544892398
-0.03613046131903151	0.017723110586707898	0.03170700926566219
-0.04484440497844376	0.031176165223883306	0.02781663979097363
-0.04727032414040947	0.031249138937990376	0.02742492314346067
-0.03750628867927563	0.028746025347955034	0.029517231941456744
-0.03322472469073232	0.0367499954165633	0.034835686831223366
-0.028354300295673387	0.04105691750066809	0.036584490875832425
-0.03495142939028858	0.04925730956540422	0.030391853439231592
-0.03271623959810096	0.049307293841753946	0.025652748986582374
-0.03499480480716624	0.051268249058122856	0.023416997491938617
-0.03635498015377556	0.04708224668072514	0.02292664400476
-0.035110778135136446	0.05126188766440976	0.01889206036973333
-0.04705994825552498	0.06727231532256242	0.014393243980657854
-0.04565000809339312	0.0707977361840455	0.02201655694957369
-0.055355604764492555	0.07326464010732475	0.022320449227356036
-0.04864517911154376	0.0681253774285625	0.025591521083865885
-0.050477805238574466	0.06763732381877166	0.019279913009655876
-0.04146251887011905	0.06889365271907322	0.01672711061031726
-0.037559007432210266	0.052583728207522454	0.01964231322251757
-0.0326539692009732	0.03509597116427807	0.02228398171990196
-0.0316535783261763	0.020990523533470327	0.02647603216975134
-0.03426750813484472	0.008745661903201446	0.0274764512856401
-0.04419493661178456	0.02108191787087571	0.02418854371050784
-0.04509706572076755	0.03675156344564517	0.022849040871214386
-0.04175909099628669	0.041164756793013124	0.019593711190659065
-0.032662337278214264	0.02992390175733138	0.024225765833973754
-0.030393269309564833	0.015349466368306693	0.029320633037745094
-0.03722768458890578	0.014082956930115256	0.028768286927723548
-0.049551702970654095	0.03179467892785218	0.018361625522455127
-0.042099873365868165	0.02352021625849411	0.02299214676151788
-0.04268617763018093	0.03912624894195586	0.02208956046309253
-0.031962962838706685	0.029940990584455436	0.025141950918042492
-0.04115505068718205	0.029226187968287694	0.021613001591441083
-0.04119686753791423	0.028926319431654857	0.022187856609879958
-0.04737101110452595	0.040436866105826204	0.01932541591671188
-0.04027559694056409	0.0477175041933084	0.024968593010480232
-0.03943424479983314	0.054773497106094096	0.020877902862204527
-0.03764241252709434	0.04965387524478443	0.022423894568222018
-0.04136651577156249	0.043258517935004154	0.018163343412876745
-0.04216654091810857	0.017694332066753082	0.019308778158359324
-0.04308485102191305	0.011380709477639903	0.01646191627768586
-0.03761022998639653	0.012067145226762395	0.019652429675757477
-0.03801992217597405	0.03368635790086995	0.023266443685709397
-0.030916214466589854	0.02516010301766965	0.02832650786466333
-0.0329929773940915	0.02599811919974357	0.023464027493345224
-0.02466807563256392	0.01952530266244155	0.028602232032725404
-0.026680265309366104	0.020780603241176185	0.029140237356115702
-0.032806670033749305	0.035437059992401196	0.029272850689712165
-0.03377137822806581	0.02971738559847084	0.020274653070679383
-0.03788046710928362	0.04663350389429556	0.019896125910146938
-0.03450320211852436	0.03912483373626159	0.020868670763405615
nan	nan	nan
-0.036940995858526914	0.04908740741271442	0.0230969217451025
-0.03613435926380178	0.04626254355329956	0.025615861279233633
-0.034164564297981384	0.05161847958914488	0.025421311585515784
-0.03969160572024157	0.05312160145826762	0.02156418405344023
-0.03660766234092027	0.055592128804954864	0.019070570295382012
-0.03152761420076952	0.05696056522614683	0.018185341445697084
-0.03736827218755852	0.06017815932941136	0.01982620093647834
-0.036909553834864814	0.04365268206597983	0.022338488891954895
-0.03662384942738612	0.02904986890188574	0.030768753562866374
-0.03799583076815709	0.024214239997589725	0.030159786394640682
-0.05028551907101305	0.04422149090501079	0.026781403129034778
-0.059349684678975695	0.040465862204074	0.018898674644224032
-0.05696881820666247	0.04598615964576406	0.018735567300414015
-0.05709950293612177	0.046007698119206616	0.018936261005556468
-0.047555107067561844	0.045009677498357575	0.02712080690653295
-0.03632257079156648	0.02684665976127601	0.03364272918524505
-0.02478937041579161	0.022043029366433667	0.03656530829261778
-0.02429198309526888	0.0216985586071854	0.033793202075029935
-0.01996079336074292	0.022235720353853648	0.033496024666084215
-0.03272848793090695	0.027367230803614993	0.02656167893774722
-0.035420113633651384	0.025764656810011007	0.025045503178129314
-0.04005614858503695	0.03404846308072888	0.020723343647479492
-0.03264409199803432	0.017686907929918894	0.018111857953472706
-0.039569097002740625	0.019432629741742556	0.015428558813290867
-0.047951480855244616	0.04550653182031727	0.015608956183751264
-0.05908648463674932	0.05619100902747653	0.01650047853590083
-0.05006729841484548	0.05491857543796478	0.018251471705255685
-0.047179900671833544	0.024501668578471386	0.019511704104022323
-0.042988511487477545	0.040158201921605435	0.01988240906368763
-0.03888443817094362	0.042008178307126415	0.028316990299572894
-0.034572348871970256	0.05453801777294037	0.027328143224559814
-0.032756762670981196	0.043632584006008376	0.030600210697080993
-0.034720375939882545	0.05428530711459627	0.01989194397403838
-0.04066061141160446	0.054412746774835	0.01670325680731201
-0.0379525483574256	0.05548006565480241	0.01605573543332909
-0.03778038832847013	0.05703386838033862	0.020269667836568528
-0.03816820218703161	0.07978526508840933	0.018983374666159618
-0.04368800589421759	0.08363085867862202	0.01497100326199708
-0.039942129324683856	0.05822670733643205	0.01781007210518662
-0.030730565105970237	0.02816540314543518	0.019263694637442593
-0.02452218913679499	0.02996393304204789	0.01982224984567557
-0.025661604527965065	0.0456134906207768	0.016040700040330185
-0.030255795762244825	0.04835345073867199	0.017632406195517192
-0.024997889426456435	0.039576755041512354	0.024044729456953195
-0.02439385259155502	0.033832739614376856	0.025883406734650366
-0.02689084364852376	0.040280416617710355	0.020052770082631722
-0.03332423457425205	0.04828791577059195	0.021953460149709426
-0.038466364773283565	0.05390703858152266	0.015064121320505386
-0.024398858697952445	0.02866641384978889	0.020035209458769663
-0.016864063143664267	0.00045980303951364404	0.013172585676419445
-0.006778024555714843	-0.03204641552002313	0.019464358914405726
-0.019028786229112016	-0.0412236670001644	0.020613284658011603
-0.035495580654147665	-0.060292459971581405	0.022343040923550633
-0.04823308896652648	-0.0495128941348915	0.024299534038163595
-0.05088288676768306	-0.04211314387485522	0.025356107518303715
-0.04232359083826563	-0.023844252968640553	0.02502005160146225
-0.04594064320139698	-0.030561875765900637	0.027122772242148832
-0.05123034022948381	-0.04159600636324708	0.02379961770478213
-0.05175161432361003	-0.04286965132866788	0.025975839707069945
-0.05383192781411962	-0.027754488648368776	0.020568666001968883
-0.05245242652715658	-0.024674421327815277	0.024022788262185957
-0.056044008570428995	-0.026805866610869568	0.022255953591197253
-0.0627218702844151	-0.05360717773209531	0.022249410718867255
-0.06444395165550773	-0.06315279106904395	0.021049714986035722
-0.06591981493844071	-0.0776345605216706	0.026451327272706535
-0.058335113770893114	-0.06601028353193679	0.026909648699526043
-0.05190310121477153	-0.06254887593063274	0.02929437699766957
-0.054402253479578715	-0.053816694260626276	0.02438012641491357
-0.05144429335423678	-0.05810264956422372	0.024431406026482035
-0.05313575420131841	-0.057773881391681776	0.023470764361206063
-0.05244183274343811	-0.05718063187166901	0.019400084325655535
-0.05686643418661633	-0.0635022060061344	0.020184306796837984
-0.05479346652892845	-0.0587563416328074	0.01875452837932543
-0.053085125319214416	-0.057800085807788504	0.021910570781975246
-0.048009513034378476	-0.05590083572292796	0.027102221200434214
-0.04593048662786629	-0.05393842383393901	0.02993678831658096
-0.04314666980966188	-0.06063041452109168	0.03233327453101732
-0.0439508452890395	-0.0579387272033188	0.02630020217897714
-0.050385925989254614	-0.07537234964669615	0.021079445863354265
-0.05282459881921599	-0.07094605233757947	0.011255674751805202
-0.03671351166076176	-0.07955439590710583	0.009508754634472788
-0.005490480026970598	-0.06066761463613469	0.014299529160596946
0.014285542369089861	-0.05284835011469472	0.022469454125420174
0.020852204081029863	-0.0337175932105651	0.025123035263147415
0.019291223519991397	-0.02273553381632752	0.026073983325027847
0.020659703467753206	-0.013870636854774451	0.02929796922243358
0.017909198225191107	-0.021597179878345363	0.033874044572683934
0.02082483579807642	-0.028981517545878174	0.033623138779304784
0.023459249950904953	-0.02104207422793363	0.03864447197618599
0.031155900264313204	-0.005167415499723941	0.03426602193093142
0.03180879880631754	0.0014699033205656208	0.036959117294255606
0.0267807111272593	-0.006924877735078706	0.034792497631220796
0.023857918691105026	-0.009478445896198489	0.03245045705666297
0.023490253881434928	0.003934681144646936	0.030035776773659675
0.023003674966706866	0.014340931599143784	0.03243966248024885
0.02045865493357147	0.01365048652993366	0.035757911004196855
0.019510516795358722	0.008439984397238434	0.028631887669095316
0.0214217903450418	-0.0028498261858603997	0.023235176927777275
0.019309258949720166	-0.007029810995988192	0.02126658978050349
0.015503430577090301	-0.0023614373246193827	0.028172057944717804
0.009736789978154527	-0.0019278947539087769	0.03403353446967097
0.005256100492721268	-0.004370794440405357	0.027589305409775423
0.0011203839962156772	-0.013901695987164935	0.023131716925216424
-0.00022578669657097945	-0.029206416927569517	0.028669974452110482
0.0037786018831743673	-0.030390542836917386	0.028809206399072005
0.004317445787396956	-0.03823326467405877	0.02378435400926994
0.01206956470005371	-0.028042479733303996	0.016491750146908207
0.018769319838235626	-0.00964756557721037	0.026518477851052956
0.02812375329434929	0.011180759198955458	0.03204474789589379
0.026863810078846147	0.011298521731463222	0.03638995543288604
0.026894535315126998	0.0069675632703221566	0.030471771880158035
0.020963524912198078	0.0023802071059026222	0.039282973797569176
0.02480916778922799	0.010927364514796816	0.034834232399174846
0.019509925997057344	0.009567549737706347	0.03309997320041905
0.017488469308958927	0.017972888731141123	0.023252039861284844
0.016258333668284178	0.010412800118927337	0.02501663425910701
0.02106864691840474	0.01237069158942003	0.03285728130671438
0.02760298146944811	0.004562030614959852	0.0401999936687095
0.028777813709078115	0.007684984709440835	0.03618543982991661
0.027982034022716352	0.001227833190889413	0.031065572974633183
0.02919020954046042	0.0062883857666067924	0.030993785246078723
0.031309222070238986	-0.006927280813518975	0.03405772265307672
0.03355913081194749	0.0024120404595580937	0.033546994603669035
0.03065943575877913	0.010830421090393557	0.030175546023099457
0.032670072374084314	0.014163806538478752	0.029640374690272555
0.03388703373943169	0.016993673359246488	0.03214466265419897
0.03835741039837541	0.008820529963331318	0.031829488573540635
0.033851101205695566	0.020079693049999844	0.032718796494551304
0.03469723779487505	0.01569113558006314	0.027476181447752206
0.029273208290577293	0.01086525045485343	0.03392843278566182
0.024797732638248943	0.010755768280174658	0.03235609393674195
0.026276439218853857	0.01721984568494593	0.03110392154337594
0.027494729231583193	0.017302920154298223	0.03563590398029358
0.03105194510845157	0.013612294003893025	0.04009138004954189
0.031700824239295856	0.005554797471787873	0.038351810053580696
0.031333283008518904	-0.0008518469117267599	0.042522050290869404
0.02958279298424765	-0.015005955776298888	0.04379307677375777
0.02486096931976474	-0.001661531406546301	0.04247727598743942
0.02363925505524016	0.0033500232360211997	0.0376105576388012
0.027741822878122973	0.013828894036320363	0.03232740125071813
0.03111776684628859	0.01091368926962739	0.036516586110505074
0.03045556112397413	0.011074843660954323	0.033339337633711594
0.02563423428068888	0.008080886308925027	0.025756186644573992
0.021966148036425777	-0.014134015148362121	0.014917192887067535
0.018113588938237016	-0.033957572570380366	0.021443259307807164
0.01794345518718147	-0.04431486511489072	0.028319291180319117
0.011731213144965075	-0.052317333217671035	0.02887573569494912
0.008495822403775458	-0.03982903002875958	0.029748709521844913
0.0019657010770516344	-0.029183474606175836	0.0215767567200499
-0.0022849687414814718	-0.011136210160588305	0.021996084201364275
-0.013522548866971108	0.0002757108642035856	0.015021044122463119
-0.01823186189955376	0.006214894200418396	0.01758882954422295
-0.02304194898084744	-0.0007712215485205787	0.016041169711226412
-0.021928601982698206	-0.010884313288745336	0.020201799662600377
-0.023202276427162487	-0.016237339167617645	0.020830083970484824
-0.020418935771873224	-0.010092497520884822	0.021298619533843766
-0.017473091378631053	-0.00947401737915745	0.024955350781370997
-0.019479712511501157	-0.010639780170928873	0.02174494832831235
-0.020975982137613515	-0.03137822772620602	0.02028827288779066
-0.025943146226224973	-0.04021924794027967	0.013899009136344776
-0.027991124583170306	-0.04964036168423031	0.0190451876347128
-0.02436297093365306	-0.04834321165884475	0.024882984522397063
-0.002674313677451942	-0.027981669819218635	0.029833530491492916
0.010737193687742674	-0.022378115374700677	0.028368643244869422
0.024494339538019407	-0.01227504314129962	0.025486756270276974
0.01683375524865979	-0.02001080083118272	0.019123772699905443
0.0074182650601618185	-0.015281244119226088	0.016733468266501367
-0.008778819163240942	-0.03244370135833946	0.009799401847461878
-0.01105112027046341	-0.04804545359549174	0.01292947134874618
-0.011560498266334873	-0.04693067867984621	0.014285426440191266
-0.005041193850880013	-0.03560215286223663	0.02387317025320459
-0.01401245206315323	-0.021088234347130284	0.022193266827948893
-0.018263480433210355	-0.010759284281311194	0.018972489161933143
-0.021831947584272447	0.0005239034119142241	0.011507080033094481
-0.020972974849835235	-0.0053963040219606965	0.01184081610767039
-0.021476318072346436	-0.000931922890195256	0.020354000084275774
-0.019536095848437608	0.008767963885578052	0.024036678935163078
-0.01166178833928488	0.026241599268703637	0.022534513341792232
-0.009596466364690876	0.027960982387907594	0.01962548416399261
-0.010669814429961191	0.018586487236251344	0.018176693736133037
-0.011518867455356208	0.013501934432319208	0.013962435503844883
-0.005127534881177067	1.646481151135106e-05	0.020679293053655318
0.002579306342688966	0.0009010075576408457	0.025775760175483525
0.0090577507728926	-0.002022517293571037	0.030615754805775396
0.00753448546637833	-0.004004989326751744	0.03061454069110428
0.003856389854610362	-0.0016645295978418104	0.02372678769507614
-0.0009568788516128284	-0.011889866876158763	0.026893038651263333
0.004395090749503604	-0.011226349007201753	0.033112201965111915
0.007245226046081474	-0.015306886280554991	0.04303878328652884
0.011018316760154826	-0.001549912374710317	0.03873325303035796
0.011137441821057685	0.01586390592482821	0.026421697720522844
0.007792255312065019	0.03528730959376222	0.01168956321642891
0.01061713514747804	0.043309738146809766	0.016070351348900568
0.014684839884298442	0.03676049926836192	0.016122868595722713
0.020661798878687007	0.012669140631749821	0.020428415576562636
0.019426515917671493	0.0057705277847435	0.018762549438328557
0.018500517179605883	-0.0026273600418229986	0.029149623627011553
0.019286068787444474	0.007817112992097334	0.03162986899233256
0.018989666478469988	0.011166969278971187	0.03210780595164658
0.022957705063717325	0.013973921826995387	0.026031161005217837
0.025536695255366004	0.01307252569832842	0.02456777913100393
0.03170311849148222	0.013733722121077426	0.02641983267636412
0.027862644932842108	0.006066833262278904	0.02247752829802649
0.011113035778500435	-0.010360440143740062	0.024724135141098984
0.0021899892197647037	-0.02968099517757382	0.027143645106504397
-0.0068930401113894806	-0.04442154039743823	0.02865783396738443
-0.004505123622487388	-0.042155851996596404	0.026341365593707644
-0.015163830092169511	-0.04073599415228122	0.023174352321629323
-0.016623760800334578	-0.025957527118607708	0.02237341614792207
-0.017640684566232894	-0.014143145719162406	0.026999262139676176
-0.02157973944728003	-0.013468295089858601	0.025824866388299273
-0.028673738424871857	-0.01880800122132842	0.024281728015891794
-0.03505544428602479	-0.016527121984679715	0.021762336208293646
-0.032708077604772935	-0.0057270265612637435	0.020146103142780848
-0.03403206676466195	-0.009690398090732358	0.017371321085553205
-0.031121417237239105	-0.013438556449848309	0.01593382570904799
-0.032159519359588024	-0.009731558149295688	0.011370349526159222
-0.03291038730710798	-0.013154649963569829	0.012241222724541576
-0.02013044843924691	-0.019525244186784124	0.011891823394155385
-0.004077143843213128	-0.0044384748363990815	0.019953650061006443
0.008498077195329207	-0.0039061371343656216	0.025697978811106886
0.006535857692529068	0.001715044615786053	0.02501678052820249
0.0072035471463568436	0.008189869312208681	0.025310058472247324
0.009695939699493845	0.0033518734410648973	0.02666341485409828
0.012047567723848043	0.0023912272974266954	0.024677750998805995
0.011524288987366873	-0.00522849193541345	0.020742775469766644
0.016173269117701394	-0.006493090779278621	0.01689717064753318
0.021553425916854524	-0.011719350132560761	0.01943472910369634
0.028583974827790418	-0.006357042658222376	0.023051833510436173
0.029283071574738834	0.003047924989434077	0.01988446167221594
0.02410606512972745	0.026261211845383076	0.01512209039726887
0.021232490742614813	0.016300939949620695	0.018574013342204158
0.018351488064737957	0.010250706107442671	0.02745913823772262
0.017139292126450163	-0.0038044464068756577	0.0375240093978675
0.016898804598904513	-0.0033653576940992636	0.03920762457792907
0.02378779860188735	-0.008679740386674444	0.03129852836578204
0.02923352095068709	-0.005733227001673009	0.03174814624788515
0.03143819998601877	-0.00922477193730465	0.029368029529037557
0.027361208973262042	-0.0090421608328036	0.029090083498412366
0.02293400010755764	-0.011709151668091132	0.03247212883049301
0.018343343029997204	-0.0009478990873401198	0.03548448267390339
0.017197739249341232	0.0019617442011290506	0.03378374868081023
0.022843053434939538	0.01192832049976322	0.0322697394283541
0.021531567563731417	0.009746180200045688	0.03443496258895043
0.02015991558595792	0.017048095291038918	0.034880212381679175
0.020259893614152574	0.01593833988524079	0.033315899581525595
0.024320190704798496	0.01263479288772716	0.03302619750737715
0.023787220471532027	0.0030508776310032536	0.03245944915837476
0.023587638147639846	-0.004879350367235549	0.02897523135223225
0.025152830663083027	-0.015386474922520061	0.022163813732097998
0.02475072039308032	-0.01966577914547738	0.02154939079398716
0.02120065672758128	-0.02102008574910352	0.02747112130782592
0.016785883787731132	-0.008771448105457588	0.03788240422503713
0.011693718320236949	-0.008810293577989597	0.03523170288443025
0.005146998716408011	-0.012231749053836682	0.032124330383899086
nan	nan	nan
0.0038222810167626757	-0.013845391046214763	0.02950934594778156
0.00654146512394467	-0.0148143137294184	0.03547729109751967
0.010877403335681591	-0.008617979541461266	0.035744608906997606
0.01198363129676442	-0.008093050493776312	0.03956470439869147
0.013071694533275696	-0.019427150026167045	0.036377763553817194
0.01321789838968114	-0.01880390256872511	0.04075973691286068
0.01386470099144297	-0.018858004640805313	0.037451696780119684
0.01685309435896779	-0.006891958043699298	0.03742059002301941
0.020714794859959404	0.003016435403912457	0.031541075163336
0.018785211855656986	0.015146305627531106	0.023030931984261874
0.019647746389394732	0.004673620442537963	0.024842493089448133
0.022019540400369086	-0.0016862857419835987	0.03292805260722978
0.02174011499082385	-0.008239313394850761	0.03454524035815557
0.023088852202919296	-0.0008908837637781608	0.03288391503458315
0.021860803310158772	-0.002184731619038257	0.033396440792927744
0.026666361457265822	0.007602931608557489	0.03930916031592857
0.02731043217166338	0.004267880894014597	0.0400173888223369
0.021280653199346734	0.00933137439618066	0.0316623482487859
nan	nan	nan
0.017891629872547082	0.004781043389876177	0.03583292644265271
0.01660524938584913	0.012159164414079677	0.035585403507172514
nan	nan	nan
nan	nan	nan
0.022401978977197055	0.006332219682992708	0.038614272268487376
0.02456102602082842	0.011527254713229117	0.03310187513123844
0.031598165863779504	0.0017111389625864455	0.022011476439890862
nan	nan	nan