# EV_1 (6.5507)	EV_2 (1.4373)	EV_3 (-9.1569)
nan	nan	nan
nan	nan	nan
nan	nan	nan
nan	nan	nan
nan	nan	nan
nan	nan	nan
nan	nan	nan
nan	nan	nan
nan	nan	nan
nan	nan	nan
nan	nan	nan
nan	nan	nan
nan	nan	nan
nan	nan	nan
nan	nan	nan
nan	nan	nan
nan	nan	nan
nan	nan	nan
nan	nan	nan
nan	nan	nan
nan	nan	nan
nan	nan	nan
nan	nan	nan
nan	nan	nan
nan	nan	nan
nan	nan	nan
nan	nan	nan
0.025190126036805444	0.0020029117659253227	-0.023363217962308138
0.020261644060173715	0.004348734065080625	-0.027880769742812
0.019469068263389743	-0.0020377569519575735	-0.02736820473512498
0.02112980627727993	0.014552774959661917	-0.028899981762469808
0.022366944296058053	0.016921531273135015	-0.030927274198517023
0.021962522808221918	0.02949647082832639	-0.03200897627270341
0.01850701376393832	0.02423710210768033	-0.030493417479617712
0.015110476148750628	0.024272992513023346	-0.0257767731961242
0.016161793877275323	0.013919746371568148	-0.02649838316616872
0.01475351583987419	-0.00500849201191699	-0.02674076760293851
0.013865746448247153	0.021303976711124804	-0.029477021631019888
0.005058300874321492	0.07559349559621013	-0.02802543660474272
-0.004498552671809174	0.12469407314377123	-0.027984015838111064
-0.014997147972624879	0.0919644567805458	-0.025830593324929284
-0.015380613273263007	0.06512463115862852	-0.02420570143136326
-0.018884017791327843	0.05720146537195686	-0.02356302177790327
-0.016744464915911826	0.060898303574715346	-0.023583404850419484
-0.020582657744611856	0.052721138279641	-0.022336112235837847
-0.015837121482892565	0.04102807424383072	-0.023483860927936615
-0.012633319066546585	0.024573075755360954	-0.02421745819288905
-0.011523007978261706	0.01832595362374185	-0.025619914889094136
-0.01964260970152415	0.015425990914868369	-0.02488573959990794
-0.023381532922597145	0.03858517016521984	-0.024371717244334564
-0.020594594066220256	0.04253309060679045	-0.023776829305880414
-0.01721813705213038	0.047122771456961844	-0.02447527768286166
-0.02070341730288351	0.05058334385132267	-0.023473268210842547
-0.0243598427378324	0.07704016871768965	-0.022752790225248197
-0.02259177428762513	0.07292181490249004	-0.02306820097606243
-0.019839871843330057	0.09033343275712143	-0.02235111837411818
-0.024648764594697243	0.07393273497567304	-0.021486323632323244
-0.024802368920402953	0.06439868231298626	-0.021142450157639603
-0.024655705665822814	0.04085324132594391	-0.02353214400495233
-0.026984545678721165	0.027959117043810024	-0.02314367408623087
-0.02837218485726776	0.03576286655491677	-0.02296442459275788
-0.022195000102638654	0.04387505777387723	-0.02156094271219518
-0.011281165958866581	0.05411545193024729	-0.023519914818578784
-0.010274041655637639	0.06125362642161248	-0.0234662414226304
-0.006976977062145827	0.04888656877064968	-0.024822432896816935
-0.014141845512366653	0.04164355105530851	-0.023046533355915166
-0.010806687726375348	0.02254170437477488	-0.023360068666877905
-0.018907847883574382	0.022077849481625875	-0.021870149013156273
-0.012895289253140582	0.028722437881620693	-0.022505366641729564
-0.003315739634518808	0.030995664851536573	-0.024862684753845864
0.006691283752324998	0.034248524203675544	-0.02411905456972105
0.002186904208217457	0.03241149065360683	-0.023881698022696747
-0.005991824779060068	0.04866487994186581	-0.02040035317042569
-0.017354438679047252	0.03761991067029849	-0.02179417649114899
-0.019142098044324714	0.043723855452468624	-0.02157526992092525
-0.01740931369151137	0.025060095277878516	-0.022181946705220584
-0.015163674135630266	0.03823328271129021	-0.02169384649836447
-0.011827005703636833	0.0469131851268707	-0.02335805484051917
-0.013812489228097859	0.0568145768391245	-0.023466203012060267
-0.006710300696860844	0.06267127495174114	-0.02455486645705562
-0.010343468539009672	0.054448463922267404	-0.02413632825375621
-0.01819753787307518	0.08126910322788228	-0.022839472111468213
-0.02819560504287502	0.07420586182938899	-0.02004596742654238
-0.02295487564239855	0.08315532686009372	-0.021768235737752085
-0.014988521310045015	0.08521407274117752	-0.02318813265084593
-0.013053921055847528	0.06878924181116053	-0.023368324720853723
-0.009689155287445452	0.052918760506091574	-0.02503266954072792
-0.007308855141634981	0.01745120958858281	-0.02472144629154512
0.003675577214124098	0.017195046346662263	-0.027422225830189426
0.008904771457388425	0.019128076265080687	-0.02741544312339026
0.009930106484748295	0.027626111860709603	-0.02761701290351934
0.014608711384525852	0.015150814162839987	-0.027239296941325934
0.015966346746132058	0.01696171668582157	-0.02698783666622965
0.0168628207219872	0.00422069750335077	-0.024290715757719503
0.016646739632707283	0.01167151946147189	-0.02529890750538072
0.014835969034632232	0.015178696252165079	-0.026448690404169327
0.01943715673820587	0.02054972347046259	-0.030388157778067353
0.020383247632464734	0.02118184096255328	-0.028720120680847217
0.023870327183488076	0.015044665510455368	-0.029360086443176624
0.021214757442659125	0.00884463988452026	-0.028139198902065246
0.021995740725233737	0.009833304064552333	-0.027815285648176872
0.01899415901930454	0.01588186682755333	-0.027960934422231364
0.02316454581231524	0.028120346654598487	-0.02851336907532541
0.02778830495079864	0.02670595224359048	-0.029647375361487763
0.035661827500194504	0.0006048751238947395	-0.029238290124731347
0.032764589501080035	-0.02080797411554971	-0.02904014886646036
0.023784215130121845	-0.01155820193984639	-0.02804881364830256
0.018677486263173105	0.002736528650946285	-0.027239824844136406
0.016507801478338212	0.009745484827965382	-0.02559540308310281
0.015963556320181538	0.013816506855607869	-0.026398824063249504
0.01252371597719484	0.01750081433172545	-0.026920241494484864
0.010337184481185521	0.01938718802015707	-0.026142448096482883
0.0068574012458356495	0.010541698262559721	-0.024647123737773564
0.007769604761125258	0.028859787696726143	-0.024797211146673527
0.007401001557994288	0.03439114596633905	-0.023165189744987026
0.010666473603637514	0.03993042512645415	-0.025420641881839817
0.007012796793616471	0.024272922468858815	-0.025951982406791176
0.0007328223232049248	0.03302895848529864	-0.027406975764560713
-0.009098897012518604	0.04790660691574822	-0.024706347285068136
-0.024069637868246976	0.088489823555646	-0.021757611669803417
-0.02937866439367327	0.11164185878699633	-0.023048314099759923
-0.032539395898375206	0.09100449667747948	-0.022908886061082483
-0.029039403318867302	0.06655777188917522	-0.02373163260037141
-0.028230655608745728	0.049733507424652594	-0.023253812499612853
-0.02205514353686616	0.05150010119017839	-0.025138827608149793
-0.011610152336643758	0.051303213772217526	-0.027636968613738416
-0.0017458229222030164	0.01927406111331389	-0.027783765569721147
0.004200053244710986	0.009379347364563608	-0.025521250666694202
0.012085362885355824	0.010199314446168206	-0.024725674804734126
0.018356937640787524	0.01897236511479525	-0.02520733170171919
0.02201108208917687	0.004135782013510943	-0.026847049857105666
0.025117648647375382	-0.014187944870773642	-0.027504740826319297
0.023397980634662502	-0.004151775441470246	-0.0290572971016587
0.02012115696408071	0.003717582753255382	-0.029046320585512247
0.020370419133136114	0.0205833133648581	-0.02794668435905312
0.018556220806431455	0.01825866941099049	-0.026631463996099152
0.026617315844693644	0.009632466992589666	-0.027533222940096545
0.023589699754059588	0.0016714543449522952	-0.026807319476621735
0.02545614587300884	-0.010427067402695204	-0.02967554457150134
0.0210481587187403	0.012007844034021938	-0.029613774361652488
0.018314377145047914	0.0032073693069703986	-0.027503228204522678
0.01320103456003724	0.007849801146155199	-0.02701604417786438
0.009759783965156102	-0.0037734749673553137	-0.02667687561788767
0.005826870568680365	-0.0041575045618652984	-0.028160946496247705
0.005283063586401522	-0.008175489809716087	-0.027052466756716218
0.007296188769268772	-0.012942872829350409	-0.02684715867637604
0.009223021835287486	-0.00908346906693067	-0.027050269179497436
0.01637551004741076	0.0018530676964027895	-0.025794312720120383
0.02142414282955607	-0.011323968440249195	-0.028221188811419773
0.02061379300024139	-0.012497236796050772	-0.02807975028150061
0.02006022768722559	-0.018836378766423648	-0.028273830066770343
0.016041714213232937	-0.006668710692392851	-0.027981337212139874
0.019563560335235493	0.00034446746590163085	-0.027417577316420156
0.023023648907488835	0.0004988338140276376	-0.027452012388868033
0.025506777883346675	-0.0020424678380205896	-0.027305669284023542
0.027354939818321048	-0.010254167551053947	-0.02713801497816381
0.022266693750866887	-0.009333480963839342	-0.027550160144981975
0.024244454164471373	-0.009802948875383194	-0.027828869101194035
0.020667083515536724	-0.004096848898805423	-0.028465860379949335
0.023151968635435692	-0.012557562015106277	-0.03062032594659713
0.026231876526464547	-0.014594389769321262	-0.0315660948566629
0.02822367464274183	-0.005120274549866764	-0.030537360883149175
0.023474649553548596	0.006885544880029536	-0.03055679720169043
0.018938491375111565	0.010366698688724738	-0.029497507558469947
0.018888586716798217	0.003391764415553524	-0.02871311859353163
0.020545495714793242	0.0018868712754928837	-0.02522398445765798
0.02442064542724305	0.010354877398554976	-0.025025339958615122
0.02308843290369812	0.01065639156690636	-0.026418705436006096
0.02482110637005567	0.0032418766321985863	-0.029843692542224153
0.018528767528406216	-0.010477453344158982	-0.029413375496830013
0.018956969119333318	-0.016846915637367697	-0.02790655754280643
0.018157312203264497	-0.01025009172577389	-0.02638143533620181
0.018018814919528926	-0.010429899740171758	-0.025574875580447475
0.019873126136353697	-0.011363998840882222	-0.025941190272743442
0.023095946398194525	-0.009779803107989498	-0.025861462353964314
0.022235554059011862	-0.002693502911608997	-0.025039163235522632
0.022113341806251362	0.004696108356129096	-0.025859489939882914
0.01817253228301649	-0.0012542849124306046	-0.028643034668391472
0.01738922825037257	-0.004843919765949372	-0.028824458698299082
0.010055524516004229	-0.009454506736076057	-0.029390291332868596
0.004938528093619471	-0.0158002070299473	-0.027976191882652542
0.007142396824343682	-0.006926683851099847	-0.028243918817636243
0.012367134518275187	0.02191598011781673	-0.029308671442693533
0.017624383211411347	0.019935192038870307	-0.02704464185245673
0.01817931022134992	0.014330300926333264	-0.026801424475561535
0.021875492905693773	-0.002514665590791946	-0.028387867039220555
0.024034370958021037	-0.0006400873147310512	-0.03239246374230389
0.02563868008879392	0.0072763730492904945	-0.030814637659058595
0.021627485792325943	0.006556785096585919	-0.03122630683027464
0.020022282968397746	-0.004670514592495208	-0.02868546470674667
0.017073058508697805	-0.0071628167547850875	-0.02739654543852712
0.018496586593753764	-0.01117694995188459	-0.02642071474919093
0.016992462571629056	0.0023596239309584682	-0.027506654577836145
0.018008453787345582	0.0012077306005704204	-0.028593633282853092
0.01782655540927501	0.001481437618573965	-0.027740853155688243
0.021099010197924338	0.003717699070668729	-0.026308506284331602
0.02326982434671509	-0.005024572391462	-0.025047724583986422
0.02141346683671717	0.0034918208437150836	-0.026802239072043415
0.016915917562331198	0.006257613195677046	-0.026075413369164722
0.01778297852789832	0.004305941612720184	-0.02690941548883155
0.017604196202468645	-0.0012668943956606095	-0.027249129669367024
0.020718785922997227	0.002132267045599809	-0.027599032946237452
0.019110871805367458	-0.003752263363197922	-0.027437162865359584
0.021832027792432086	0.004040707453743471	-0.026778109350830578
0.025074721543244655	0.014394430941690288	-0.027109683648544006
0.016995368817271466	0.017704156438015727	-0.028398508700866066
0.0036504057538362493	0.026477946751916556	-0.02752556630256506
-0.006679700752204226	0.029790443125074506	-0.027103661319023916
-0.002811522655642641	0.02174636314610546	-0.02797853356871305
-0.002718548958458855	0.02125740193617623	-0.02725704520074538
-0.00311051318936989	0.021142666212323184	-0.027642307819089145
-0.004341456251082572	0.02079727059856367	-0.026949280243617015
-0.0043889202297570235	0.018006407674929066	-0.027340507778099595
-0.0037765898684216925	0.0054539961543729545	-0.02556022217134347
-0.0006000012876450252	0.002398622902290827	-0.02326891034946081
0.0065658780746583635	0.0047903173981549375	-0.024217176179218862
0.010446102646549812	0.008238804078285696	-0.02445932600852344
0.017709379082646637	0.010304367861832801	-0.02623004967682701
0.021134777541847005	-0.0031495864887911944	-0.02618040708620236
0.02900385617951396	0.006595178968438392	-0.027052322105041132
0.025636648464875664	0.009887285023223998	-0.02504550113995359
0.022758398445214427	0.013644278874453963	-0.02586685380732098
0.016922501693685577	0.0067874972002175925	-0.027654856455277124
0.0174421283968541	-0.0050784668752062775	-0.027816453301603067
0.01591405416974738	-0.001208771124616738	-0.02863336743808653
0.012265444318228153	-0.009701141032302692	-0.027459795399024302
0.014680384269689761	-0.006547564163836433	-0.028197939847220996
0.016141903548742245	-0.008766984493255638	-0.02912725825211867
0.01984699790535797	0.003010545447547284	-0.02938707101705086
0.019176764692666534	0.002259849925012821	-0.02946647021162553
0.016947136402728276	0.015808900124989717	-0.03067514203817527
0.017756240597477102	0.008345444738349413	-0.02889032441046321
0.013455625052308642	0.0035207905285284877	-0.02461621153415989
0.01376604488286053	-0.0009936626268934289	-0.0240562418346147
0.012938120537463772	-0.00013435602603154018	-0.024238384271836135
0.018827517193245286	0.0056110250124843004	-0.027585227132060137
0.02244463053326307	0.006819044945134054	-0.028692042337004366
nan	nan	nan
0.021702646387501072	0.011407574379121675	-0.02867158735847258
0.021576318588106144	0.004971972285746723	-0.029575316538985118
0.016320278961895994	-0.0018488758833185327	-0.024628516609668288
0.016928894892624682	-0.0057101798354586425	-0.024543240874400674
0.01871005243973936	-0.002086465283234945	-0.023520781888858092
0.02565774887198322	0.0037436855412268204	-0.02766579152103334
0.032588013176219885	0.010259154806980204	-0.027412742724308707
0.026804765395990856	0.018590027825661354	-0.028602690588303923
0.021313824598207017	0.00987337482649471	-0.026298514073308178
0.014793695851074356	0.00159115768710817	-0.02679498955653688
0.018245412032930487	-0.010369777617112021	-0.026609104085812296
0.026311707330775154	-0.02007842830140668	-0.027285269389217794
0.027151045627746957	-0.012076821479867989	-0.02897891189235121
0.01773587095435736	0.007592090628538092	-0.027255716128651186
0.001464070522933035	0.009384208230133731	-0.027080519606511193
-0.011668216039440217	0.0096693331470997	-0.02659654209200046
-0.019049337744000274	0.02093824637625343	-0.02483437531232328
-0.020968580856385026	0.053520021067382614	-0.025107530947799203
-0.02112188205291122	0.05402401515297085	-0.02497526914669484
-0.019771057823846125	0.07078262671015108	-0.026541708649239222
-0.01590860275773547	0.0440256760550586	-0.025039342444676604
-0.015448573314339402	0.0607904841583279	-0.02445306354042773
-0.024069304788218768	0.04666678864853098	-0.02144817946129671
-0.026833117114128127	0.06857595418159151	-0.02253427206333556
-0.027778544982711786	0.027445982113111705	-0.022338026701131105
-0.0203887983462212	0.023462457863504736	-0.023545452371128008
-0.007435086834489405	-0.0010045714421526046	-0.02495180787749299
0.003917253948535239	0.016619947499254533	-0.0266045994348649
0.012240325999155928	0.03021838233087496	-0.026148050798978164
0.013550748472324362	0.03165272168940522	-0.02692299333272253
0.00981172482664933	0.012018255539166165	-0.02520167246373151
0.013449934357674151	-0.012391261048563935	-0.028955325214425474
0.01529000339834341	-0.012761117049401586	-0.03004965969959457
0.026315594127936257	-0.005270838287869804	-0.031423506671880534
0.021757058363055505	-0.0005901436284750372	-0.030743238395181175
0.022183758086602185	0.007051102692463458	-0.03019255207991703
0.01872682594019256	0.008949092772860587	-0.029262754589186365
0.024411136521541324	0.011433701259649771	-0.029656983966278517
0.022877760469577173	-0.0006876328397435426	-0.027485463276030905
0.02505771850841358	0.004838674856568949	-0.027593616234104997
0.026017948436817963	-0.001073320109313481	-0.026450092405441033
0.027962812117268004	-0.0021769118221779404	-0.027575506671885724
0.026077825506482674	-0.01431988461081775	-0.0282404421008479
0.021179676058319045	-0.01608107290809922	-0.030319466620312912
0.023236256769644886	-0.003951224992781149	-0.03046701555474211
0.019080902914411724	-0.01468431566102939	-0.027469413302356634
0.026085833229313148	-0.008781577409953143	-0.026332832705885174
0.025736943555440983	-0.013935134372444225	-0.026275198288557514
0.03527569992992246	-0.01438062549840266	-0.02774634872336397
0.032610836917211554	-0.017631097461044222	-0.029245118077403705
0.03378061080751642	-0.021243039743969107	-0.029276907693964013
0.030657667995202788	-0.010304057207776503	-0.02781111031672744
0.025241037071298024	0.0017628701770606055	-0.028478283216555846
0.02365373783202147	0.0013376123441859664	-0.02840131227316296
0.024031423455410796	0.001962213350986227	-0.026761299718709435
0.024426866786918258	-0.010485971278344098	-0.025975150776140415
0.021655236736534605	0.0017147240133434175	-0.026256069466937988
0.018741773345076054	0.005622831893768946	-0.027780068437324605
nan	nan	nan
nan	nan	nan
nan	nan	nan
0.019232555103207802	0.015716115643250234	-0.02759093889244751
0.017953900880221235	0.014165165762484323	-0.027865195584599822
0.019176816535441222	0.00423385162266272	-0.027783951932667295
0.020988070208983613	0.0007206737342516575	-0.026143973637300724
0.02347565560360155	0.002659944472225822	-0.025298838543028626
0.020866096054123887	0.008647063948360244	-0.025780756272886448
0.016948890353145556	0.010163967915453972	-0.026700980061739994
0.010219025014846034	0.016451562403425282	-0.02572794469369388
0.013431907872449012	0.021986547462792404	-0.026857339226271287
0.016456188942367188	0.012618198735958076	-0.026582220346402383
0.012614651997007509	0.007458937849238954	-0.0286549339263749
-0.0015682446866259261	0.01920368164411187	-0.026657376094205328
-0.013371220290898388	0.0515678273993068	-0.02530156207079873
-0.027457197806605625	0.05666684343264736	-0.022622236760852413
-0.030029676757278488	0.05942148793410069	-0.023827099877642484
-0.034344747304317996	0.066086768743437	-0.023431632820054372
-0.03423341886930831	0.07028182011267786	-0.02223822794813318
-0.02634364942813771	0.057248378390658786	-0.02238397131340659
-0.03203952004258875	0.02644395400532013	-0.021666995047260024
-0.03623197391149733	0.010766307752568455	-0.022270596616846577
-0.03577465340768157	0.006317248969739158	-0.02301977344639348
-0.02864480713312239	0.022165515850743955	-0.025408766143195597
-0.025524087448645434	0.04739156205151995	-0.02505435893484352
-0.026244065462584114	0.07973562972834816	-0.02302948609613346
-0.032061511498284956	0.08802433561945879	-0.020988991571946666
-0.03467754797114686	0.07595178390289536	-0.021122909211800055
-0.04256595832602688	0.03794879264601466	-0.02121873629142517
-0.0397350228530342	0.038145375918464015	-0.02092835501066093
-0.03711270729939755	0.04278660773881283	-0.02218911648677803
-0.03558185754299546	0.07370566216158433	-0.02242716647115564
-0.03291108152098623	0.08095485360413926	-0.025179351941057315
-0.01786738063589379	0.0685885784488836	-0.02535419859310321
-0.014135071127008715	0.044562722685892536	-0.026024442255697496
-0.016898193095950576	0.04916224618599876	-0.02549293013564363
-0.02610390564008909	0.06026297368162168	-0.02442015291266873
-0.026886122087918605	0.05040526275278304	-0.02550176616156966
-0.027755990229859494	0.04510236296739653	-0.02407129689317616
-0.032034430366766536	0.031629650162441056	-0.024400400608851045
-0.04298168420646519	0.043783671348642784	-0.02225526088828748
-0.04718822153867637	0.041321742752316384	-0.021703888857932115
-0.04199649207884621	0.04788555605717241	-0.019480230037111218
-0.030225386474350413	0.05695404348405945	-0.022021882086825453
-0.021976256786569098	0.031002699573767122	-0.024315279573339784
-0.019902376386786214	0.048134606534517566	-0.02496869538746821
-0.01959759889200925	0.040268486198353604	-0.0243720471727462
-0.019614045067836792	0.060143861398726	-0.0243132127093601
-0.020326227674051404	0.05876491394450118	-0.02469059162359458
-0.020249367620303008	0.05600041765739698	-0.02503329588573986
-0.025725861599079042	0.04189814444393342	-0.024640578783565775
-0.03229140145612093	0.0395599683945244	-0.023493326081264476
-0.024286692537511347	0.019930294588711282	-0.023906510027473966
-0.027909259004670988	0.031101200256855772	-0.0231678114435916
-0.02393911267191795	0.04258102394881856	-0.023207253498362782
-0.036231667693436304	0.07956226810126414	-0.02270530140751668
-0.030687390699848452	0.062416902888063605	-0.023402634369632604
-0.028580517748474546	0.07718851679049979	-0.0249095669071744
-0.03101547631926745	0.07243550046159736	-0.023854476952649698
-0.026494399965419538	0.06090903357564842	-0.024155846093484756
-0.02872512059929102	0.06585398631552251	-0.02183154831455024
-0.025975835817024076	0.07075642020969602	-0.02157610107260729
-0.025291933982157296	0.055300888392433856	-0.02189845147288577
-0.0275700295527429	0.023708889742526554	-0.021561604447872116
-0.02885416546443563	0.03401512111122623	-0.02190755443201563
-0.0349790793558248	0.042940103955013395	-0.021478138023176222
-0.035226738665128085	0.0730229792141901	-0.022298663390233134
-0.03616666791942435	0.07062891145778075	-0.020604689573803008
-0.03247336400237604	0.06631971617254787	-0.02288683984987142
-0.03371518924490577	0.033091680337571185	-0.022844322940645003
-0.028922110913448706	0.043262905780140484	-0.0245314603356493
-0.015290408976654003	0.046372659556996466	-0.026441056782855212
-0.006075606489199763	0.06006334427628547	-0.027685858296737163
0.006785669324658326	0.019360382886468366	-0.027904938683390848
0.010289694316335876	0.011347478790384015	-0.028132066369352594
0.02141185598454331	0.010398418294679218	-0.02743863858707878
0.026169757856175757	0.009906863268573145	-0.027900364271632123
0.032264374620868556	0.004537298635897247	-0.027451365608630884
0.028955073535090463	0.003145244547140002	-0.027456015047043394
0.030085754825680475	0.00015933841992715053	-0.02917456602880365
0.031589697327883255	0.012921173510460342	-0.030023799699063995
0.031046759734038656	0.0006587674971269275	-0.030478242146952182
0.03291811601556144	0.02308702322345329	-0.029569794373818202
0.0345877281504062	0.0059681550036936384	-0.028586904187907863
0.031062842635303692	0.017398877897405025	-0.028196228881462334
0.03124163452351353	0.010828243927373155	-0.02788655136115072
0.024617164515502478	0.025133500744939283	-0.028749837898234182
0.022481975280526735	0.016262427561200134	-0.028646167702829753
0.021435331074131918	0.012342470169695089	-0.028790674067728034
0.020682556655194598	2.7580746001190648e-05	-0.028367411561966115
0.016820210809019097	-0.00812529875637751	-0.02767843783443666
0.016489021569656113	-0.008109597801935492	-0.025498468863288982
0.019321037294419037	-0.002083260752046713	-0.02674498520830031
0.024741537305343772	0.005473295415494208	-0.028084446000564055
0.0222845146198112	-0.0049958936750812526	-0.028827355274998346
0.015795191460730322	-0.0025528198133187227	-0.028054443505785575
0.016473428258838844	-0.004552577472859027	-0.029932901432562248
0.020848576238072708	0.00039072086481573703	-0.03104414145373512
0.026155065126053728	-0.011702791752101946	-0.03032041868281641
0.023598721762629345	-0.010543222975566832	-0.03153447424385489
0.02606450740849671	-0.02690607606818496	-0.03048160206481816
0.023552411408224776	-0.02409543778305848	-0.029785601560971414
0.019039521684889104	-0.014981001517018734	-0.02507013372228492
0.01749196325936894	-0.004425128332781381	-0.02575482920801905
0.01576433947833482	-0.013141086175921532	-0.0245000185480999
0.01920377055774598	0.0012573778941530715	-0.032451155133938654
0.014332936899838628	0.0025788449225888285	-0.029290502270119034
0.018953654971051954	0.006850932120026847	-0.0309610012183291
0.01946540596867319	-0.006136813715622809	-0.02903268612234782
0.02664918731406472	-0.0027494958477743484	-0.029864741557106236
0.02803527930075555	-0.002423765750530965	-0.0297609360742058
0.02946739839712828	-0.005120557633637352	-0.030294532367608238
0.02897226255503059	-0.015593276317481957	-0.02901972522946498
0.027384325584275962	-0.008911581727161454	-0.029384616313423945
0.021002250828094215	-0.003409444598274348	-0.02827055564412067
0.020214813470938956	0.0023168729986720003	-0.028266602340673266
0.01959175542479719	-0.004700729618511286	-0.027372484226975337
0.021835446811852108	-0.0017308431344825216	-0.03098019930597508
0.0191516960847239	-0.0036831129473867633	-0.029035604837966588
0.021896338576123386	-0.006051196872314507	-0.02737679261145089
0.02176842597143584	-0.007468817520926022	-0.024864668398380512
0.022787304184262624	-0.003182956549444168	-0.026578021483424513
0.02104576678093414	3.6339784804412245e-05	-0.026505750899412376
0.02256202522970267	0.006640926591341564	-0.03247790546848845
0.023541191552062742	5.794360521402253e-05	-0.03253298832463404
0.020116007179623252	0.00010881035679151732	-0.03035104469488446
0.015807060604126788	-0.006032093773798796	-0.030316683540056955
0.015541447159386369	-0.011187175941984012	-0.028062699078136966
0.01645700716792077	-0.01695960828935343	-0.027859274263235097
0.017013577069481273	-0.004667878204378174	-0.027590261521972866
0.01864302541069583	0.005125761019904626	-0.02916875470342644
0.020502069150035943	0.016800020773066335	-0.030056292011208765
0.023940066558254494	0.011424455213684962	-0.027439195887975814
0.025201543334044514	0.018207180256149515	-0.026446989497378403
0.02156754711616272	0.011416051172409555	-0.02772037313424273
0.017646058116724643	0.03158132855868266	-0.029471496619825198
0.026028157579229612	0.021208466141816	-0.03392966449220894
0.0274950029809235	0.021091653343966444	-0.031725447531406326
0.0309226377229362	-0.0054121709617189	-0.03152733618466825
0.028274718011104823	-0.01417687653435989	-0.030756413500531907
0.030129047590580278	-0.014761485903825351	-0.03236189743856758
0.027002415055052652	0.0003526663557577303	-0.03271605442937358
0.025672532298428488	3.990363362541688e-05	-0.031536010996174785
0.022694143850460043	-0.005055196354125817	-0.029002999793546657
0.023154143313675137	-0.01250148681900658	-0.029587743607092133
0.020193280937943647	-0.014268444402757978	-0.02970270780932377
0.01753069308933166	-0.014421824579318222	-0.0287283580001881
0.017563758397492298	-0.009382756010701552	-0.027445516213573308
0.016806727449232964	-0.0033601719015578617	-0.026367423282296455
0.02016648994037739	0.0024832133277003787	-0.02637377016670385
0.018340378549968846	0.0019307051807898878	-0.027128449036431714
0.023015600431122458	-0.0025014933363866655	-0.02776483444336857
0.022871758365431455	-0.011109814121358095	-0.027729219471140962
0.02426355901370881	-0.011716126549417543	-0.028094452379497103
0.01856106418057823	-0.008270792362362177	-0.03025359631284663
0.02121284739336518	-0.012282624651842142	-0.03055640096334541
0.021480614492242475	-0.01904830838281886	-0.0272968994987868
0.028195319910774952	-0.018298683058240305	-0.028089345723757583
0.02227348041071691	-0.005453677317984365	-0.028653502877050718
0.022311223528697365	-0.006297619613494343	-0.02882310841295714
0.020387177996018115	-0.009414327486595543	-0.028692021077215545
0.02589971437864932	-0.03344906558747163	-0.026658548746775475
0.018844106109958677	-0.013739617268369444	-0.027753307526432906
0.01701115467324349	-0.0011892904559520356	-0.027531739831623464
0.015599190036903457	0.006592645248830275	-0.02711184514326623
0.020076070960190404	0.0032525114117038616	-0.027529050763628955
0.02340438829341462	0.0001738719923812075	-0.027683907622971432
0.028289735207118586	0.0035756051395992756	-0.03117913291940069
0.02296544042635351	0.003715788881254043	-0.031153746066833167
0.021020761608349207	0.0002932548814015279	-0.030168601416759255
0.012498652908707181	-0.003540497382877799	-0.02416293594487364
0.017022737733598487	-0.004731537351757523	-0.02494398561440917
0.01702645542319947	0.0032009008587676156	-0.025860554401991906
0.01899599693909911	0.0036939644301684747	-0.029998175285918468
0.019724751457913647	0.011577148253262653	-0.031177450396163566
0.015486851512899925	0.0003421827623234352	-0.026015393236161883
0.013170888512815821	0.0008524712115781062	-0.02291834637980849
0.012499362330994138	-0.006672040876879039	-0.022200872271374017
0.01680088652506718	-0.006645912089690675	-0.025841733254164674
0.018459470457769012	0.0008620096671015584	-0.030068834430587863
0.016780623044504128	0.009376853687442122	-0.02991071602459441
0.015566437587223834	0.008645137171537243	-0.0263404101653375
0.013697123491593832	0.007195865225696619	-0.026573084337397503
0.014620104628146943	0.008917760214108065	-0.02473888491445612
0.01026175528684317	0.008899196959072082	-0.022213253025054967
0.014127365504371717	0.005765983343031075	-0.021848177531452122
0.013353578310660391	0.0006493930612820765	-0.02204479991914043
nan	nan	nan
nan	nan	nan
0.018291826286617147	-0.005519321160111465	-0.026656165347579065
0.016092356239678814	-0.016041725919480145	-0.027755913285530922
0.017300459543886926	-0.013401263073033683	-0.028883659242518286
0.01833056525662366	-0.012841137404937811	-0.029036623316676946
0.01931338303191006	-0.008338095434792626	-0.02965030824011869
0.016899023691832406	-0.0046758988359702335	-0.029301955448191384
nan	nan	nan
0.0162205411791214	-0.000801496384257085	-0.0279409842454692
0.017893378207131223	0.0009392858190378113	-0.0272234410622943
0.023069716278543692	0.008243850352305085	-0.02848111946130465
0.02515294247167242	0.024347397581504997	-0.028151442636767995
0.02611888656792755	0.02584921984765137	-0.029395156786151747
0.019607423947535334	0.020178980279655926	-0.02793601307122318
0.015497165257242651	0.009225870658444399	-0.028041932071894184
0.013951000155836463	0.0190164312324208	-0.027279717823049082
0.015301685621817513	0.02969460820238264	-0.028221839009084003
0.012736416264877148	0.02127396693189615	-0.02941220401376599
0.009704070639126712	0.03531401162239606	-0.028404330338022307
0.012937806587732747	0.021502201148954833	-0.027552414890723045
0.014779479478675875	0.01987441589691514	-0.028477253641151983
0.01795377377652868	0.003481248454667518	-0.027903884003032127
0.013838471399267638	0.014113327934393672	-0.029581539971170225
0.010092562273161378	0.018173945603346314	-0.028060678289014866
0.007773835250886698	0.02928444467795361	-0.02829109275809402
0.010994266775217589	0.06067155043944427	-0.028161203267109268
0.016705424545077983	0.07884839939156195	-0.029756783715755766
0.019080273509263602	0.06948851352669226	-0.030321842303680128
0.016295175917906315	0.028296538470930853	-0.03001010436487855
nan	nan	nan
0.015564541428506946	0.02318917125458774	-0.029369092791657597
0.013256915282045841	0.030586914417459393	-0.029413497216479807
0.010323903684868574	0.036753933054648046	-0.029369704161681023
0.011518729702159048	0.04114448864007439	-0.03045526652228924
nan	nan	nan
0.014450372114650424	0.034770504993307146	-0.028903480514183014
nan	nan	nan
nan	nan	nan
nan	nan	nan
nan	nan	nan
nan	nan	nan
0.020421166315404884	0.03198977910616207	-0.029676809607112158
nan	nan	nan
0.022455145388121316	0.008341995502118053	-0.0298303971617981
nan	nan	nan
0.02924777254339624	0.007661220766432341	-0.03131964397780546
0.02810592450486812	2.885066040701767e-05	-0.03148934112497312
0.025417514751087788	0.0014472740537540274	-0.027959895481168277
0.021599382625196506	-0.002036190496222945	-0.026740063485043514
0.0203398727707398	0.003168885217844704	-0.026340760820726603
0.02099007791829678	0.005005899144027218	-0.029026322363824096
0.018204863616211913	-0.0022740899764391205	-0.030106416452399823
0.019730911907759358	-0.002821519034911509	-0.0320474475876513
0.020436943902285	-0.0010597145937991208	-0.029993496683599984
0.024666545903874435	-0.004372160503053352	-0.029893407920889695
0.020024485023252905	0.0005932272415733186	-0.02781383755729264
0.02180746296232384	-0.003607509489881918	-0.028300903630276885
0.021841209832791687	0.004556882238829992	-0.028371332317403207
0.022172742915486904	0.0008295544863397737	-0.02621479588235205
0.021005163126586294	0.008333265313166457	-0.028260021606166145
0.019071792923277108	0.016424613530445498	-0.028418935975556954
0.022936818944384693	0.016116869868388763	-0.0326141955284393
0.020955467635235852	0.022092560772837923	-0.03035852993384157
0.020634538770371035	0.014532966579213345	-0.03203397303274099
0.01799038632803604	0.016270369885379277	-0.031345938746395734
0.021033466069305017	0.013465142795703197	-0.029885050602722802
0.021148773060697745	0.017897106027142	-0.02866984301923665
0.02334789231272777	0.046129118041915135	-0.028468021302727322
0.013724314681858744	0.056643584164874056	-0.03045914040865355
0.010137669966871297	0.11425002779198572	-0.029477776083478745
0.005737144986460194	0.07902683482394016	-0.03028231988904545
0.01047217658427597	0.05326934195965141	-0.030168415278514507
0.010463187319498277	0.017379063480156404	-0.026656552489909138
0.012193093446858348	0.016313600909697867	-0.027732663315743082
0.016606048421242692	0.009833443419699182	-0.02759709994138354
0.01697959133737962	0.01449051902563354	-0.030075804762183585
0.019992379421904127	0.01268662209539741	-0.03009864174249658
0.012141042925804573	0.030669760741969677	-0.03140896530497999
0.013862894640767353	0.03576971127608622	-0.031130069670157526
0.00827514462167668	0.04694892802539675	-0.030069891720510385
0.013978876723804802	0.04833949727409281	-0.03125709903725663
0.016625240480952982	0.04963887296729025	-0.032630694393403034
0.021288336541276105	0.03811729067202077	-0.03310003543932171
0.020858590067169495	0.013666306559450007	-0.03144577602933362
0.022091659040319678	0.0051342515083013796	-0.030616733600214073
0.018788957052181803	0.010202356952896893	-0.029337316594584713
0.018589703521397737	0.011951325965846398	-0.029762583491571272
0.015348564968095706	0.009956606074285407	-0.029498212263300728
0.015624467891011164	0.010604872605287927	-0.03020540700025174
0.015423064167464712	0.010209367654045853	-0.030258835654579916
0.012892939541623835	0.007837359117753828	-0.029559142166731243
0.005771473631524485	0.006805049814158875	-0.02933850623809288
-0.00175223185628514	0.007022099691509923	-0.02721215472728491
-0.0026549449038173467	-0.00785228191511664	-0.02676821083794116
-0.011519766580202068	0.006321491383964107	-0.025139880105610583
-0.01613642359509806	0.02318392363108417	-0.0257876251543816
-0.0160842810844139	0.04993051167504303	-0.02570586036288461
-0.023576322659293665	0.07374046796095804	-0.024436198495760397
-0.03979933269708827	0.0672753226693159	-0.022012123124613155
-0.03924519066237012	0.08498651657817466	-0.023319358476481613
-0.027475727134411126	0.029430819653789714	-0.026092692596050276
nan	nan	nan
nan	nan	nan
nan	nan	nan
nan	nan	nan
nan	nan	nan
nan	nan	nan
nan	nan	nan
nan	nan	nan
nan	nan	nan
nan	nan	nan
nan	nan	nan
nan	nan	nan
nan	nan	nan
nan	nan	nan
nan	nan	nan
nan	nan	nan
nan	nan	nan
nan	nan	nan
nan	nan	nan
nan	nan	nan
nan	nan	nan
nan	nan	nan
nan	nan	nan
nan	nan	nan
nan	nan	nan
nan	nan	nan
nan	nan	nan
nan	nan	nan
nan	nan	nan
nan	nan	nan
nan	nan	nan
-0.020091301361411	0.055236269611247224	-0.027529234623478525
-0.03977331282484661	0.026077019859911236	-0.025189982572770258
-0.05034673517846024	0.07074742253077368	-0.023899160881447893
-0.053982975939702305	0.008303908544999385	-0.022807332611324962
-0.04385014358927579	0.018557813298074866	-0.023438097365903663
-0.02433678305836419	-0.010185794839948168	-0.025386055686952808
-0.004429155571114279	0.0005967466845088875	-0.027165172532887798
0.007615618902094606	-0.011246915147689485	-0.029371434438793434
0.0167115736940088	-0.015307621957003952	-0.02915212926162285
0.01510228639700776	-0.030772368896733883	-0.02788567907433308
0.01375330968695692	-0.02403258321471503	-0.02884523589468786
0.014634233692128004	-0.035007671657417215	-0.02681702671056677
0.00984825572967659	-0.027783674383440357	-0.028129655341137597
0.0007052307156529825	-0.04512642764611424	-0.028066036672994028
-0.007954837843231102	-0.021633155329814933	-0.028075797953305056
-0.0030870294494969586	0.0032349169684511535	-0.029521510791526345
0.0003258261193755385	0.014205368899365647	-0.029772425330024926
0.0037575247223772916	0.007030866489280673	-0.028915997400400528
0.002671955577000295	-0.011093963049196475	-0.027391809714690584
-0.0052452268638117985	-0.010279147313439565	-0.0265205672259886
-0.014844640934594922	-0.004869685674564708	-0.025854049288311146
-0.021695296653122483	-0.01573631482703252	-0.024403668515941994
-0.02576912914930852	-0.008341054955140842	-0.024052859595753207
-0.018303344406906525	-0.005745847991017343	-0.025361824020377857
-0.019452235445085477	0.010593868077342297	-0.024869627236559468
-0.016947050685921363	0.01914362243130343	-0.02586032927173251
-0.031413065937409224	0.011829559456127712	-0.025210439962671766
-0.03228789019071462	0.0009712779506241276	-0.02596841064993828
-0.029918852450372298	-0.012164447785967876	-0.02502877500117909
-0.012370288952049311	-0.01831344919311488	-0.026468819337407995
0.008578116304506951	-0.018710756849451088	-0.028698179360199135
0.02197871761159955	-0.022403473627882208	-0.029859941117228634
0.019158521741005075	-0.017663390503838822	-0.03193805100713089
0.012292394922944358	-0.0339563515883916	-0.03189324822356725
0.008116952794358132	-0.02538966536126075	-0.02995995034213493
0.0016581981798706492	-0.020269297030231597	-0.028203032318139278
-0.013276349701093104	0.0009843512765712395	-0.026126305170930536
-0.025770144322652115	-0.0029967973966344673	-0.024294785940157194
-0.030461563220434383	-0.0076414756396583	-0.0248353662090623
-0.026354926204244164	-0.0142205970275548	-0.026133967964980995
-0.027794145181635203	-0.006515302159922836	-0.02762884709489518
-0.031695500595847435	0.003536126497176696	-0.024798096685875806
-0.03780773626061404	0.02362525345362528	-0.025507003918247857
-0.03217748220249803	0.002806327762208991	-0.024246864569290115
-0.031402545929527875	-0.005951097431739098	-0.02554658047115402
-0.03110290745424615	-0.020601047347671812	-0.022877949891056733
-0.02979245396208562	-0.004064689269837069	-0.022627483862599804
-0.03269477057067254	-0.005861896272297953	-0.021424995959164007
-0.03411833155914308	-0.006089820259219329	-0.023661581147049172
-0.04608534249389855	-0.02084465469530472	-0.024795151472775067
-0.04192300716566787	0.011515878160812124	-0.024601830814310593
-0.03938234138630263	0.041356942076028955	-0.024788537361922366
-0.03537106506271245	0.03426858500680991	-0.024599096888089915
-0.026406378123525788	0.020050510970524512	-0.024954240118439334
-0.017023244627192635	0.004776108065901714	-0.026617141164517678
-0.0004670908894672185	0.003387279950050919	-0.02912008057735549
0.01334962814438118	-0.010185955923811241	-0.029658747040682634
0.0213490262983871	-0.007396200240992284	-0.02879456670915886
0.026031951038905158	-0.02217661751766149	-0.02862984334768465
0.0297491192278578	-0.014076490920391024	-0.028938708102027297
0.026788671840864062	-0.028801079110062144	-0.02991347401979951
0.02168205136721906	-0.017127710146747865	-0.029323711919013687
0.019474365294128507	-0.006568383021036593	-0.031012116830445986
0.021721646351164928	-0.001711664091160154	-0.030410923060284284
0.019710765830578098	-0.0007560543493645364	-0.03138165183391624
0.019875567071614073	-0.011522341334587696	-0.03036291297482718
0.019006154847388206	-0.01049709917627396	-0.02983551809663441
0.021832855955820126	-0.025571268986559172	-0.02921480899539445
0.020090134643897025	-0.028485373157898047	-0.030322361580910676
0.022593896633972065	-0.040359718321747576	-0.03189531786542571
0.02176399301361566	-0.032877396638506834	-0.03322510644031192
0.020572933301013216	-0.03286959372782391	-0.03357371740200889
0.014346712052929839	-0.024230758161647284	-0.03220014823484547
0.010368785168861649	-0.022734491735779863	-0.027478636013717365
0.009593931271254675	-0.0140571648373994	-0.027382180535462593
0.015140336259852543	-0.018382468674446904	-0.026717533877794533
0.020964991094128645	-0.023541908250072432	-0.027336117327630458
0.020695959172996454	-0.012676044796832838	-0.02932715618234656
0.02218990396484799	-0.015194115424070074	-0.031376687271106374
0.02414376860982933	-0.0159582383413792	-0.031769551785172115
0.024186734721366676	-0.029805470803854747	-0.03162323516656782
0.024629350699602072	-0.019960935541615474	-0.03145807652421642
0.023130874391963156	-0.019160790235658955	-0.030731401314976318
0.02224094272730068	-0.024066786350859105	-0.030442078596239305
0.021013786143229442	-0.03334702982581451	-0.029682219697802582
0.01662060011346931	-0.01788595135762057	-0.029973310643120792
0.013646866429195135	-0.008145304054171213	-0.027588078820898868
nan	nan	nan
0.012765082668146063	0.0013376221187647967	-0.027715504093789173
0.015962636609190384	-0.0037463852455028104	-0.028237801265092254
0.021015531121242683	-0.010487351402048295	-0.031084164254141667
0.02299426098625333	-0.01914949016364236	-0.03228782838743712
nan	nan	nan
0.024283825264902366	-0.01830148888820783	-0.02951923688746357
0.02988141296224893	-0.012380471430870038	-0.033711317699955834
0.03394675875273496	-0.011662960531552215	-0.03201400031255008
0.03408848308351696	-0.031589744429687296	-0.03094159284670142
0.024643815489457897	-0.019296300345336293	-0.030005313241349404
0.022000711989283522	-0.02959893338662588	-0.030012803966191055
0.020143620772372084	-0.011719437787411352	-0.02910038003513357
0.02824631659769048	-0.0367226375812902	-0.028323145828639047
0.026003237901172975	-0.02396612126856103	-0.025396804111485295
0.014181877703971273	-0.026068679076679792	-0.024930125619027965
nan	nan	nan
nan	nan	nan
0.0008232761641532166	-0.02705374745352179	-0.021451875135331124
-0.009787499146550731	-0.048304723733348556	-0.021022062057985704
-0.017652361513205463	-0.01457953566428016	-0.023328836728151857
-0.02928121033947642	-0.01802299715729825	-0.02472296540741754
-0.022947961304472454	0.024996311684555135	-0.024101582674476693
-0.024433932769506242	0.00660502887084816	-0.02360914127885724
-0.01515959609618261	0.03619931522146853	-0.025428907313568755
-0.013486306035687411	0.00621981062325137	-0.026438075945699482
0.0034304464380312556	0.005003579295436947	-0.029265559365501865
0.011274020336366253	-0.02624739149316267	-0.03052036376770702
0.017141941160673836	-0.025138260232571343	-0.030339513748310936
0.020451911413192074	-0.037732581858736285	-0.030447530313872876
0.02372705958304818	-0.03672034557382765	-0.029846707343492204
0.023635286058022575	-0.03722409142121451	-0.02992209179325301
0.017421041618933115	-0.027566173966078186	-0.02897698867135654
0.015048307140100938	-0.024369922636948392	-0.028598700745099657
0.007358468022485364	-0.011576229801503954	-0.029232114595003487
-0.0023464366683733674	-0.003866169262063261	-0.029232928467871542
-0.008263315839953357	-0.010370029384976805	-0.026981714625296888
-0.004820780959659973	-0.009124701278773076	-0.025172877405053272
0.0006538120939018205	-0.027021718603222063	-0.025613164986470562
0.007865935754144925	-0.011655599157848764	-0.027967744528377993
0.008937086906589176	-0.024351745861081332	-0.029589291768131958
0.003962604327057244	-0.011208575199794714	-0.028777822706699697
-0.010192293268320602	-0.01822443461924155	-0.02558598802601257
-0.014040551187865423	-0.021469067518447536	-0.024723143922306155
-0.028448159767746374	-0.006119359658333809	-0.023585373997676365
-0.03331832779366295	0.018391432789398435	-0.024772788340671616
-0.038154066959229405	0.028214962199205447	-0.02512342486447766
-0.029408077613449594	0.024049600330979144	-0.025834106708465126
-0.02301768726405204	-0.0010204906691271831	-0.026123244339130578
-0.0165218749132367	-0.011001291510041051	-0.027042192429962076
-0.016800608518985308	-0.03771367236511574	-0.025678214648375733
-0.01858335381304588	-0.028571100369550302	-0.023643350490153345
-0.026010106350277333	-0.014940664466612998	-0.021983236441364462
-0.02456482268702434	-0.00943869466495089	-0.024810504166149414
-0.030449189536434888	-0.0036780722627688216	-0.02422734613416776
-0.033813966280782426	-0.011820620937553455	-0.0251621647865157
-0.037036923796454596	0.009649776759203997	-0.023978606963795984
-0.03668182729780714	0.0028625514804260857	-0.025279918783070995
-0.029320268701694328	0.009914487452551617	-0.02532470636989614
-0.0307677355603123	0.011313746302570073	-0.025641182952138457
-0.023113621643263606	0.020373558881517595	-0.025734981096854525
-0.01017961886765557	0.007156920786883494	-0.029841227592185205
0.009002385574483449	-0.001966502009545481	-0.028552396433818107
0.01717389070607584	-0.009976221881183796	-0.028834544378683
0.018745957142813154	-0.018650479268002687	-0.026892309455744518
0.01587847241732923	-0.025721811240693317	-0.02604751713963587
0.01658455687629879	-0.01783574143215286	-0.02565734984617175
0.01883023289828537	-0.008345485243192393	-0.028100374941772723
0.017494595011156255	-0.0074821876899573425	-0.027239848427488403
0.009430823019917581	-0.006664047220971454	-0.028495078254856535
-0.010225117100287362	-0.014072408243666628	-0.024527447925995254
-0.03059280882296915	0.002659312374132583	-0.02497123198107735
-0.0404130444815981	-0.0009543629026097442	-0.025473982964824123
-0.0396226816626281	0.0002265982597781102	-0.024421601315040644
-0.04448619756757637	-0.0021272674338719336	-0.023484920932802855
-0.043310424263742826	-0.00020284116254067064	-0.0229257576458734
-0.03788249336821783	0.010952545579674646	-0.023983752488236188
-0.033253105124852786	0.0006128528985052256	-0.025229902279993943
-0.02655556614731414	0.006967968780311435	-0.02425455268206031
-0.035567276055525676	-0.0014892369466633915	-0.024449778512819195
-0.03798695085583343	-0.009178601913917742	-0.024527469557395896
-0.04614790087383122	-0.0173201257354368	-0.025740304021471018
-0.04858130531473713	-0.011673914746322053	-0.024816789845620118
-0.048993280392231414	-0.016233665817684248	-0.024500092271043005
-0.05265098218141764	-0.019244410286982483	-0.021853901335649527
-0.045313234124409164	-0.03616989404793921	-0.024039401496059494
-0.04054740703750292	0.000838036006492883	-0.024714815609091823
-0.043639383861195376	-0.032059891518620084	-0.024481770798631057
-0.04572832551641178	0.02464198552026283	-0.02565775372930656
-0.04479824000497042	0.0014371736273047428	-0.023637823890419324
-0.0449135343349659	0.01900533671626506	-0.02331371841115041
-0.04245499131941162	-0.021889952337959956	-0.023017907268566982
-0.04328261964899741	-0.06437178140835702	-0.02477952328727497
-0.02655957746853158	-0.05214638586506158	-0.02514633654530544
-0.0048379131615238526	-0.04664091667438122	-0.02690324441724376
0.013282293615778845	-0.04054065316744919	-0.026917599037584547
0.012313035449332387	-0.03285366933197651	-0.02983272848692225
0.006178956977388864	-0.013650491810879153	-0.030668578346593027
-0.003203639816209511	0.008164420129010017	-0.03057156013676493
0.0035733170596441814	-0.007700246833873338	-0.029158624764233643
0.006408477689677152	0.0022875317069314654	-0.028450910581065643
0.009731127516173409	-0.013415944675383588	-0.027256315886620117
0.0007752537876503712	-0.006427077985935686	-0.026990422098904225
-0.010800537792382239	-0.01289819659117241	-0.027427766154127394
-0.02213311700869052	-0.015199957174972679	-0.028633079476268107
-0.015101692977633507	0.009269212232365882	-0.029803317256709195
-0.011930552805174906	0.015172473303302738	-0.028967963388928264
-0.007814135583320699	0.023540569551021975	-0.0287543581122714
-0.01934845095502038	0.01313521802833626	-0.027890021680170535
-0.022624205826235907	-0.006133700806398669	-0.02927327286348983
-0.024152070576590176	-0.028027063544969547	-0.027814469544821894
-0.01387911982936782	-0.02025392021723642	-0.026108533101773163
-0.00458556674379716	0.004471423780572038	-0.02640805652866875
0.0028158704354660077	0.012366213204518675	-0.028504248894821244
0.012900785642256364	0.007725941561003995	-0.029562532414950285
0.0165770833327464	-0.009420193722829765	-0.02992254220855353
0.01835901066191464	-0.013001956656840131	-0.029559831681911557
0.0123517882607685	-0.01553425253941524	-0.02885879688119786
0.0014139448563548207	-0.018117651776437607	-0.02717514158915957
-0.006202854225388684	-0.007116688633279507	-0.027287075364973955
-0.008719106127104168	0.016413127873660976	-0.026958933022014166
-0.009302479805857793	0.0069695960276018746	-0.028085949967051205
-0.010782968175038855	0.0028705890192868323	-0.028453987295441494
-0.009809502963117212	-0.0011595090359667118	-0.027705774773934228
-0.013404062815509	0.00028160015975251147	-0.027528158861062732
-0.02434476643068234	-0.011789474410280703	-0.025075478778289417
-0.031868582811574474	-0.03521101778348774	-0.024684562254057043
-0.0328256699667344	-0.02659932825771115	-0.025123999584471535
-0.03196782901457371	-0.026846495396896514	-0.027011038562843766
-0.029315635041311662	-0.011058117502349762	-0.025512073063987943
-0.024543127572132513	-0.0033104430568804584	-0.02577597341610313
-0.023020750686023182	0.010392175185680549	-0.027580529128205106
-0.03129719983125907	0.01808298164685975	-0.02788544012794061
-0.04132819063082928	0.0038234757170628464	-0.027479045513765257
-0.035495546936144345	-0.025830709242626523	-0.02609476438432162
-0.02472719936096341	-0.04097548375212001	-0.027107023086809904
-0.016193224461877147	-0.0215517316739996	-0.02661382224219721
-0.009532684372312528	-0.01384460124041302	-0.02681909011779006
-0.002130163317471139	-0.012218304081166531	-0.026395647285749453
0.0035826918070989474	-0.0207209169850808	-0.02481794910342011
0.002591670766861367	-0.026223406414801302	-0.027142632788878508
-0.0018506074007690427	-0.019849188452795298	-0.025955451333651017
-0.012728157666577786	-0.023518159116562545	-0.024517455838458088
-0.018763525643114443	-0.008783999271121654	-0.024411477699776547
-0.02997319980208149	-0.004625615987635504	-0.024921497316705604
-0.033154819443970536	-0.008107496872073058	-0.024483258446926667
-0.02250909194225406	-0.014824950670748613	-0.02636635949720888
-0.00124073597470588	-0.02119431501090416	-0.02614885512656514
0.004854265987290835	-0.00676074255061894	-0.0273536633876816
-0.006872097503893059	-0.0011983282997913933	-0.025218724515079758
-0.025509561670494868	-0.0014025590153474918	-0.02543440317703666
-0.038337057723972987	-0.01369859437897699	-0.023810114128745206
-0.04975671485247953	-0.018844465127490058	-0.022807353652738078
-0.048975660357276296	-0.008699768569098848	-0.022241537853468978
-0.049176741076536246	-0.016248095082270327	-0.02158661180687373
-0.04133804142656649	-0.02175106276866586	-0.024817552164204084
-0.04338590128669623	-0.05413970142903779	-0.02492356813763537
-0.043603930473630384	-0.03742945287764687	-0.024389462402230676
-0.04807921598462366	-0.02272407072139418	-0.02390132218551009
-0.043179317514331406	-0.013755563292513082	-0.023111220498455518
-0.041710313395993216	0.009905871522620784	-0.02486605976109588
-0.03885048442559811	-0.009589184013869892	-0.02547984089462896
-0.04998881682761759	-0.023386380771323184	-0.024331536394640235
-0.04521090870687371	-0.03809105382305826	-0.02351732237878915
-0.04390660225263254	-0.04820305536607973	-0.02348012298885533
-0.037915225705383616	-0.02343498199033718	-0.0239623742522473
-0.05321137612211605	-0.03562924985107242	-0.022383700894405355
-0.05464901441404911	-0.02099919467271865	-0.02399703265979644
-0.05499895159856069	-0.034149289059164326	-0.023404837767723726
-0.047425244248443424	-0.03040960718044909	-0.023106125044632508
-0.050063686154419466	-0.021791718440692644	-0.022208328112598465
-0.05434789447872586	-0.004437489952390308	-0.02169774618437427
-0.0559816445540556	0.0134183137108079	-0.021580371160911004
-0.04646976673342929	0.0040121756137314404	-0.024201547851620323
-0.051254985028328225	-0.0070263148054614324	-0.024974635064715076
-0.05857502287679886	-0.03613312581974572	-0.02211358715995722
-0.06831614148196413	-0.031086061094344364	-0.019306552271576214
-0.05974027374186498	-0.03180066203137401	-0.021694628364030733
-0.058597183496771524	-0.055437284918605965	-0.021537643624631498
-0.056913429626146955	-0.0745511558755619	-0.02183657545169211
-0.05344899100080294	-0.0784197699964293	-0.021577660893727865
-0.038665005155834646	-0.05004113132863475	-0.025392877606950442
-0.03331340991711633	-0.014943300041316249	-0.02710166019350875
-0.03827455439327509	-0.013844494032183685	-0.02486494137628662
-0.04501937714813071	-0.022518247977729923	-0.025560536930665814
-0.04474485832717666	-0.04023959233451596	-0.02521731082080109
-0.04786511783905684	-0.04325075361777043	-0.024544961823925564
-0.05153298865697992	-0.027638521354480645	-0.023460736153235504
-0.05628410610767072	-0.020162407437150434	-0.022451963695751136
-0.0512164704164865	-0.019656378437706783	-0.022681183941287646
-0.04479806014518558	-0.04265583845103403	-0.02345290686578567
-0.03755939867259915	-0.03362493367581941	-0.02372300807306339
-0.029475916572603327	-0.0277985177320522	-0.024727776462203196
-0.029239944768219114	-0.027485565850073636	-0.024568392631124012
-0.03004479105305144	-0.022087191990084586	-0.025792889540726976
-0.03396986543219527	-0.023089032191332716	-0.025021766540959393
-0.03994381756522881	-0.01875931591271031	-0.025089559357678985
-0.04552984820057	-0.03127072021387346	-0.022433075098626565
-0.046977952755052496	-0.03435540160464985	-0.02507894984297141
-0.047374747112866655	-0.04142482527986708	-0.023925244244565488
-0.04895383989771458	-0.04501193109084573	-0.025521011287806757
-0.04896144573877504	-0.039662051894393695	-0.024652731147990613
-0.04735139371566442	0.011277709130619179	-0.0238742810220827
-0.037644872436670765	0.018780656199943725	-0.02418186589987975
-0.02833526534252587	0.01976721330146158	-0.02384979896529074
-0.02690563770645619	-0.012103463122825567	-0.02277491090359984
-0.03185540364632138	0.009262253549067293	-0.021733207088596922
-0.03618162311672738	0.013452009999171979	-0.021706628266147925
-0.03975768713245526	0.002377018932791415	-0.021779933761821583
nan	nan	nan
-0.04017512333475018	0.0029950879808740213	-0.02200898999013167
-0.03689826601043643	0.003678833031275565	-0.022810133841900018
-0.03453192638524283	0.007468032885030767	-0.0217812409918539
-0.033052195355353024	-0.0020246455882659622	-0.021828412139456882
-0.0303217567050239	-0.01747109981291784	-0.023855824833964718
-0.026572982452138863	-0.010832491605260612	-0.02522709129835458
nan	nan	nan
-0.027211385560220444	-0.009467215525565145	-0.024569619735158265
-0.0352608326192847	-0.0009791767909859833	-0.02437121897249789
-0.0466869099301528	0.0028967602118728647	-0.021986384584354045
-0.042272432943614886	0.021852778638068726	-0.023297599123736395
-0.047457815949683846	0.017067704716319163	-0.02346368494876998
-0.04114014802475725	0.005198979145884318	-0.026533043348788782
-0.05442311667113503	-0.03789187839998467	-0.023496055768333288
-0.05396755764166751	-0.033895807002153173	-0.023353647155178427
-0.05687147789405796	-0.023548554416811196	-0.02143134803504067
-0.05186636131227725	-0.003487238825587942	-0.022192616744474328
-0.051491672511660744	-0.0022490855258043077	-0.023178675300733677
-0.05530611169268359	-0.026889602079017902	-0.022434264513232147
-0.05707645398979558	-0.043661188738818926	-0.02350410053858934
-0.058516020042903585	-0.04774888035164161	-0.021749777813738984
-0.05587444245724849	-0.02447051375996838	-0.023474267131014435
-0.050429040204926466	0.004587932828551217	-0.025746016457992096
-0.057650976100611574	-0.011207038592424785	-0.024940278210273305
-0.046512399542690486	-0.010372786281867302	-0.02417906975942545
-0.034752012867245066	-0.0211854289252442	-0.025871346552236555
-0.033368394540511534	-0.014478371687344435	-0.024702847325324292
-0.03847398407673034	-0.021196714122725557	-0.023443123069495156
-0.047907387010781725	-0.03473455582067741	-0.02238364065655103
-0.049365784065729404	-0.06500255219918841	-0.021559897545122268
-0.06307398797692276	-0.07324501869297007	-0.02110945591522449
-0.057126418487431996	-0.03471752213542106	-0.02096964469019086
-0.05730533310931876	-0.024310292020164673	-0.02185236752184502
-0.05313505907588942	-0.03587512340390449	-0.023704679809994356
-0.05925238259408369	-0.03977354732701861	-0.024443192374907708
-0.05590168714247319	-0.034681646867315036	-0.02417247440404753
-0.054840342171284265	-0.002087448327426758	-0.024358827922894965
-0.04761656261963594	-0.01283222307607236	-0.023842914581170188
-0.047357092335862036	-0.007278390894173696	-0.023250182516905412
-0.035986904728862845	0.0026387745788288702	-0.023134335438813748
-0.03734627049404621	-0.00804015700896566	-0.02373052966624041
-0.023660331188239295	0.007527552427110878	-0.025776583159691627
-0.013466948509903038	-0.0029492563567186884	-0.02927037778920589
-0.001773083146335338	0.014544938751442799	-0.02764932749552696
0.010358578361798078	0.002559367197412829	-0.028793856838085354
0.013545861960360409	0.004816381358651605	-0.025973909118935167
0.018404091370685088	-0.024610014197085278	-0.026664883741165702
0.014219547612596656	-0.04745320815335703	-0.025124509226025916
0.022578756825326222	-0.02935657969069705	-0.025745226768194417
0.02474874586699219	-0.011594936363873315	-0.02697861422480969
0.026973207822407447	-0.004629828115910922	-0.026840655248978953
0.020521180297618877	-0.011092719972072153	-0.02923426327837288
0.02328830130679068	-0.004885107212600187	-0.02688525428703418
0.02320876470137743	-0.0030121815029991762	-0.02678998502700276
0.02108614360492823	0.006339673299030655	-0.02662952544675615
0.013480882258433913	-0.0011800691477659945	-0.026841997524680555
-0.0021056899196025434	-0.00013374006040266055	-0.026602002732594377
-0.022492887446095244	-0.017542943137408683	-0.023055116155045442
-0.029589257459535046	-0.015795896427959713	-0.024101266274219175
-0.02821874365971972	0.005464639682968949	-0.022886546506292977
-0.03597592913979165	0.018593696858827297	-0.02360699363674929
-0.035421518830665785	0.021383372907086924	-0.022942225672047824
-0.04043812369732328	0.0003054878667778996	-0.02466357786274151
-0.03900980983466256	0.00046101074829039274	-0.025868878671935637
-0.04198947502281036	0.004001038001872556	-0.02604784805286325
-0.04312644172505259	-0.00021858093235080367	-0.025678322175663803
-0.055355847086176115	-0.024386958742624906	-0.023282996716857487
-0.06269305017857427	-0.059086648163039365	-0.021207971695142377
-0.06081652517115848	-0.03697552470277432	-0.02107570736286573
-0.05120347472176384	-0.03400410661981715	-0.023004690396997627
-0.05333289470208971	-0.042723220688302185	-0.02088108305239847
-0.054204462524062066	-0.044307151751778955	-0.022577683372580135
-0.039012467939110035	0.0199331584556073	-0.024365778088324217
-0.04155580407870273	0.02706774560886721	-0.024376587964683713
-0.03648130228956964	0.03545090408504003	-0.02314689231382067
-0.04824754295020116	-0.013150318206889083	-0.021392356237058256
-0.048296057422182154	-0.010105156466758837	-0.021296423698142608
-0.05364137816221494	-0.01703314570113753	-0.02346765358925829
-0.050638159587292446	0.008277916180279107	-0.023935403480423497
-0.05419365412814931	0.0016813439120539134	-0.021906366483580693
-0.045317839891047124	0.004051640772047921	-0.023133608478690414
-0.029372993241669768	-0.015863410982528806	-0.023708871190066587
-0.0029908820144056054	-0.00993750145017434	-0.027054277169518283
0.01173914560539509	-0.020962893043436417	-0.02700157563762225
0.02182809926706584	-0.006309738106625161	-0.028394911553154937
0.023744784060945556	-0.007301018923254382	-0.027507086114534132
0.02746929282923504	-0.011949203719065408	-0.028172744737050153
0.02627263561448326	-0.01327704627556394	-0.027737758966416257
0.025212254713496744	-0.006978568956994922	-0.027139516818965086
0.024339633706012394	-0.0015987587864747556	-0.02791744659756763
0.02522272776217914	-0.009812669219972314	-0.026587226561079914
0.029970063603057442	-0.012905511221662318	-0.03017276876509287
0.02609836420668482	-0.018247040275125734	-0.030224989287926156
0.020177068145224193	-0.011390727367607519	-0.02971338626279945
0.016020453640129738	-0.020099875741879727	-0.028212376368497643
0.016903106715461632	-0.010747277108259392	-0.027572312727661714
0.016769509682214433	0.0058153550179295375	-0.02791580590592571
0.014890271126660326	0.005527589794364022	-0.02972151081780851
0.00742049733085803	-0.00900958459933258	-0.028432114890402642
0.0013024606666865064	-0.029001387948467728	-0.028302877105503232
0.001884146407563238	-0.0405011773178304	-0.028520168359546728
nan	nan	nan
nan	nan	nan
0.011847286470767365	-0.010564352314292431	-0.03086054198000853
0.022028888599016624	-0.00793050478457736	-0.029644043104532263
0.024681450465482067	0.0036309321969379034	-0.02839073396996505
0.025464823479310377	-0.030997222570788678	-0.027434293329496477
0.02228826282186472	-0.022487364634468994	-0.027315715335540867
0.02315004518185288	-0.01918034298850221	-0.0258825797201866
0.022834892316731546	0.01590141958509089	-0.027384542448822005
0.02642979000431974	0.003297960893229656	-0.025767613270457825
0.024730585120762854	0.0132632244975033	-0.026360789229265012
0.027076651965632505	-0.011873676859991937	-0.027987191311442217
0.027573171207757166	-0.005259137240788671	-0.029292519435135955
0.03170602431928056	-0.016761319575354504	-0.02890560831427892
0.030278696558232	-0.022586422561790404	-0.02927837448946858
0.024759765458530935	-0.021908869361890692	-0.02973002986970841
0.020363794219524594	-0.01447719544112117	-0.0321369546771008
0.015495293600985106	-0.01107961894763419	-0.029727347776625158
0.015490542848117161	-0.013621475726976084	-0.02912213972316721
0.01694693947467763	-0.010951011332400463	-0.026410547332097193
0.011642792916366787	0.006147395482741418	-0.026785231535356942
-0.0019335725180323546	0.006927073501927693	-0.026051344551126537
-0.01595556276044761	0.023978698456960174	-0.02512159454983657
-0.025209317386931995	0.009144256622952544	-0.025495861380673578
-0.03203724787933432	0.02088270906576126	-0.023904461517959903
-0.03541051996520043	-0.009595389720449397	-0.024273365382004686
-0.03782800593837153	-0.015066882111322052	-0.023294259298544825
-0.04329303598512467	-0.00786871699198264	-0.021822216193213683
-0.039502432147733316	-0.03275192427609759	-0.020873689708922748
-0.03446351830507033	-0.05140152482229246	-0.020749834146198468
-0.029003993243158645	-0.03290390360811983	-0.021598868283900643
-0.03037910174582623	-0.013538828528753787	-0.02291055648083683
-0.030636294304420476	0.005673966297369312	-0.023018372092740446
-0.02026203053831991	-0.004777683310697386	-0.02509085107199819
-0.0054795928640198055	-0.004179675103926337	-0.026839412811879564
0.011798300675356647	-0.021817383153241464	-0.026326850220800717
0.02027280899338498	-0.021685568756980064	-0.024617554374884266
0.020214178652915506	-0.008999334314309082	-0.024642878907901164
0.022433057341492535	-0.00942994140832723	-0.02573199135783711
0.022304636474673595	-0.01157105089344551	-0.027519111287388053
0.026323778228471408	-0.018678711874511734	-0.028656956318441423
0.02824225012177373	-0.01297233881625794	-0.02750974116276868
0.027389728906235068	0.0004989277414852097	-0.02616703241442503
0.026403129800657437	0.005852497116047583	-0.026504899786080057
0.021827203295175495	0.0021835618231739497	-0.026491364600181123
0.025407915068408747	-0.014462004646782038	-0.026346690696596686
0.028654391943896393	-0.025363779337284474	-0.026382020616170915
0.03274015753027219	-0.041483208329721744	-0.02832710230331939
0.026073940861000084	-0.021551601784977593	-0.02886970526016681
0.02519650741060658	-0.00773533838921488	-0.02942875218503489
0.030244665028216662	-0.00479687048408934	-0.02896533976424768
0.030311878472859464	0.0002971494647591444	-0.028086887385908962
0.028732779212489006	-0.017664028744495297	-0.02923990020476164
0.026645234098491226	-0.02019498967447902	-0.027683665781022417
0.0257478206362411	-0.0351219994764161	-0.030159885845044074
0.028868934862233516	-0.030568003701712556	-0.028386910307510376
0.02957434804453889	-0.028639121144682426	-0.028112754415228643
0.030044394214863365	-0.018373160027259024	-0.028738216221995624
0.028190301401746692	-0.019391179878313146	-0.028912610503406915
0.02590214560242827	-0.01905699169375803	-0.02786847821203499
0.025266218354999904	-0.009807442996683624	-0.02648290260899972
0.0265622431826175	-0.002376312499017607	-0.027283831260744344
0.026081389421917112	-0.009220752938787165	-0.02734020919526027
0.022282110198720034	0.001870721375895515	-0.02938985167169609
0.016383537557544237	0.005632814052823464	-0.029057260318248776
0.012727450614195982	0.02459290883506733	-0.026786513108755763
0.006718667518090521	-0.008999669308802236	-0.026465904733247614
0.008428417675013553	-0.011241426365289514	-0.027495621268259864
0.006805294305165407	-0.023448307797960036	-0.03002525861839065
0.013163732089929894	-0.0005845390086915633	-0.028812790258306676
0.012668454250642896	-0.011000674812758526	-0.02869885165272926
0.01684309000028303	-0.006924527109008875	-0.02792321519993323
0.019320508877899135	-0.01794899296784564	-0.029434883894687475
0.0212104865763465	-0.008982577842401567	-0.029863005354717018
0.025211762792889177	-0.01034212942044177	-0.029726673467754455
0.02535315131647318	-0.008105663064821921	-0.02878007467202519
0.02955992191308487	-0.004233324461215843	-0.029685378219761548
0.026654696976143852	-0.007584779258907236	-0.030883738959905805
0.03017704915772487	-0.010031375619360891	-0.030079925177771544
0.03125207690231208	-0.010118597106498217	-0.02995135586171078
0.033361708906368324	-0.018724765890468474	-0.029044653834080805
0.023169145048253965	-0.013922242296122888	-0.028778611232482862
0.013478282960381349	-0.006334460079138951	-0.026770760834733003
0.007184561862039845	-0.002246778487911755	-0.024818871142748333
0.010394891575835176	-0.004530049183323531	-0.02456642606525076
0.011522516343245918	-0.00017747056697318096	-0.02563314003478552
0.012854835165639752	-0.0013126893266733088	-0.024779185942343997
0.011192570446429132	0.007193051839853602	-0.02588076125241113
0.012436492749715259	0.0004097367476614579	-0.025048543553835772
0.017560820940637285	0.0014904441486942206	-0.027532245993502947
0.018651569943766586	-0.013833686843973247	-0.02733017043951607
0.019917219404239336	-0.02189336392251805	-0.027807281702163556
0.016677137026704366	-0.021872240469267078	-0.027937807913656645
0.01821903443928727	-0.01649215330619888	-0.027672769480191074
0.018302312944412823	-0.019082723918173408	-0.02573406646935911
0.01919381022474052	-0.020853364521094132	-0.024753681503954954
0.01907285229209904	-0.010713973982654078	-0.02584129471400266
0.01658896788302743	-0.0029633287602912495	-0.02480952566112554
0.012191516071709579	0.00018884118382976253	-0.025198574528786842
0.013227617271460646	-0.003927743995505356	-0.02688125942081088
0.017242531214099584	0.0106771478937682	-0.02975353580732647
0.016684072066953444	0.015770553093192304	-0.03167276656337596
0.00982535073452525	0.007323140845754151	-0.028743426752462293
0.004315019717194057	-0.030839110205709765	-0.02641190273345669
0.009619752761219515	-0.04320210217591004	-0.02661528782916876
0.018040874248460053	-0.014092806486605299	-0.02678952792553235
0.01984995291396995	-0.006199681923023051	-0.026661547649561076
0.019529649652906808	-0.006874484751031085	-0.025381427726318993
0.02095027779236315	-0.016213202125555742	-0.027228429354734626
0.02114715357213904	-0.0218125165724895	-0.026022998103728805
0.02004935896425153	-0.002352600127175957	-0.02811401808479098
0.018518278456661996	0.006698204661071898	-0.029122915089113077
0.018242858203978904	0.010393030965546841	-0.028986758404041014
0.0175091317415429	-0.006299702567476166	-0.027692270396774493
0.014368318836786905	-0.023799659820078332	-0.025552906041902464
0.01593424507286222	-0.028351112883731395	-0.025782769009431022
0.017720835591382236	-0.021025805417737374	-0.025966010536388938
0.020655115380909975	-0.0016854472527604858	-0.02682390176499967
0.019436725634696277	0.002628589294188851	-0.030062557417168498
0.01754214417664928	-0.019190951973266708	-0.027346185333899983
0.017718071524119056	-0.03579738616387072	-0.02601838128976663
0.01797525214905261	-0.056480170200992594	-0.0211310221983696
0.021076637116078722	-0.04866365960869083	-0.02377268582840441
0.02207858478525912	-0.03593578131672685	-0.02609004574916007
0.019411782785916078	-0.025614065349386365	-0.027606493177753516
0.024819212105892642	-0.0204506029083896	-0.02765886023977033
0.02174017358828889	-0.026137968475935133	-0.026055161393142276
0.02164656409537619	-0.020010995663261054	-0.026182154682078983
0.017339592537450314	-0.03166949941747042	-0.024134684612480237
0.021754016353213432	-0.032770726258162804	-0.02550947214108796
0.027051887745567323	-0.02965761816920145	-0.025678836731191514
0.029879216719718788	-0.027995363514451314	-0.028653744522944388
0.029771044155226342	-0.028865844562094636	-0.027999602943647048
0.02798100919094504	-0.03445700942327594	-0.026772703367792153
0.02095751609483499	-0.04446771440056366	-0.02426557044091931
0.008798262357367175	-0.051881726691769756	-0.022422815012299337
0.0002119297714211696	-0.04046637321591512	-0.022790777676727436
0.005694963376207729	-0.013516765712900936	-0.024121330536975155
0.015099114940574723	0.009392081550710045	-0.025319541446849975
0.016688569804583032	0.006841139309582647	-0.026904811414187678
0.01095285689217803	0.004011141980208051	-0.025687444072209176
-0.0059035127889557094	-0.03457747326272759	-0.02312954366360138
-0.012992149729636068	-0.03577599213864739	-0.02235412889769641
-0.006658683144497409	-0.032447382697964135	-0.025780656353359924
-0.0029323097475281792	-0.00469707798505095	-0.02588367145884188
-0.0035364634205223913	0.022048525115675312	-0.02474946014055723
-0.013184811176458582	0.025035416722766345	-0.02347663325715281
-0.018481575806929725	0.03652181668634755	-0.02333100321186392
-0.023364245281402532	0.022525782160315068	-0.024036461895508576
-0.024712458802675724	0.02433470144546919	-0.02478478598865513
-0.030647498309344278	0.018236183323178334	-0.023926445620505284
-0.03154178234161652	-0.01760240125491956	-0.025091929371080873
-0.025739096867869	-0.009397605616468952	-0.024931197021210928
-0.01582171319090951	-0.016599075162499335	-0.026935544316260537
-0.006712432145925113	0.013294058175864636	-0.02670584618535042
-0.0015297166326818656	0.007084853343835335	-0.026018592602986605
0.006260496701970229	0.005920585649109507	-0.02675169921528075
0.009628294090225493	-0.004196918181321669	-0.025549300996708713
0.011304431628824586	-0.008393668303553089	-0.026500374497445085
0.01689301636029596	-0.016167965100208695	-0.027581707180320707
0.02329088300814659	-0.022876463976529024	-0.027546858337162923
0.030807503813154273	-0.019437407313664105	-0.02836027378445592
0.028271077351107756	-0.0011932053891155307	-0.03001621877954903
0.024138365174398446	-0.001871593091902636	-0.028716234932628457
0.023567511595162318	-0.010937170054200415	-0.02871231912563038
0.0247265584044586	-0.02605332172990421	-0.026473271128679685
0.029526185573007697	-0.046033824681190695	-0.025714848558373936
0.02865383262942271	-0.013875143863553626	-0.028320308296958075
0.02501605816083844	-0.002432046882560577	-0.029044713274780427
0.02576555939543816	0.007440421363327704	-0.031325342684017356
0.02511970688896976	0.0033307362228744038	-0.032146569018189255
0.028853857532331877	-0.014184710139023128	-0.031076479351892273
0.02960801771670552	-0.027318685115254385	-0.027464435356591838
0.02949505783307437	-0.02405305286237079	-0.03047109280215087
0.029411750621618337	-0.009062227368511408	-0.030717853316379416
0.02546868584378939	0.003871955606800443	-0.03055779470563503
0.021760877455503695	-0.0031950487066420598	-0.03027655324377287
0.0208146247319994	-0.006985517004469562	-0.03014564578840164
0.02523436441606689	-0.004507918138652114	-0.029278951133450682
0.02600807620539003	0.0037614312606453863	-0.029861815560992374
0.024195610587137227	0.004656460137337302	-0.028985418867462788
0.021121713976857165	0.007455658590507428	-0.02849297441014641
0.01971547285715055	-0.002134701005644859	-0.02797689965654334
0.015998146456117072	-0.00026308885137257126	-0.026330894758131003
0.013363322611728908	-0.010647281749017252	-0.025334060420906062
nan	nan	nan
0.015571164039608992	0.0015301038699827574	-0.024231759699223025
0.01630883671870001	0.00427728742501134	-0.025424937122782314
0.01763910668610642	0.011523952948407998	-0.02673831132023644
0.015969060765249225	0.01697720836956074	-0.025259452320791534
0.01606538347527145	0.007358057883326281	-0.02520321517073184
0.016608662743883743	0.009003743741754073	-0.02496180744469011
0.009931555899444087	-0.0050565015002772785	-0.026644561567873384
0.008656975979743704	-0.001792020416713832	-0.026995117214733893
-0.001532398438299644	-0.0052854760792844825	-0.0274065121927176
-0.0007511052281192684	-0.0030139450745723757	-0.02621058504704912
-0.010322358409356164	-0.009060645262313396	-0.024888788893760314
-0.012190529434305812	0.0014375771726739765	-0.02510439942353198
-0.02113884742762019	-0.019488996856110764	-0.025466638248808703
-0.022406575587743137	-0.007739865961763716	-0.024892990568870507
-0.03337324391298536	-0.005206928080833659	-0.022714018685340592
-0.03540691356231009	0.010090364432307562	-0.023017794065205825
-0.03901964125741707	0.00011091670281143662	-0.023493735199771038
-0.03895832120780182	-0.0008207534342764763	-0.022596756672676254
-0.041820883750844556	0.022590716993444265	-0.021199578081638734
-0.035828238245711914	0.02978150214222569	-0.022650231386007042
-0.0370775218852642	0.005324651164285744	-0.0232749649566984
-0.019827571920443994	0.02063328083922651	-0.024711886378009716
-0.008256405653974154	0.022303732606617326	-0.02451095741324053
0.0026483571445681045	0.019159695179616614	-0.024278149180433254
0.005122347221627608	-0.008815719739767592	-0.023160794923475767
0.01284311901594436	-0.0181848296784397	-0.024113096887944666
0.020786286511845886	-0.0017230793800529984	-0.024759082297868096
0.026960777126812205	0.0006397379966166794	-0.02820843954305743
0.023664164825740634	0.01033758273900236	-0.02961594806770524
0.019275078845968928	0.006629901439463109	-0.029224061381170473
0.017479809622552318	0.0005429397450705704	-0.026494932675662605
0.017013574409316223	-0.004880653315576154	-0.025433380488039187
0.012390341849977001	-0.006500258115035803	-0.025145737733614847
-0.00010363082592910675	-0.015961672197327286	-0.023627742798809102
-0.015293427120707997	-0.027230834358114943	-0.022053159937418642
-0.03784823855368037	-0.017234660531091628	-0.023817567661975927
-0.04463415952799242	0.017969491320029916	-0.02240994956896287
-0.041299831234409154	0.05570602338309753	-0.02281458381630564
-0.03059931533010557	0.05176545395496632	-0.023121492865114043
-0.029472756433718314	0.02544418597128798	-0.022881386568451508
-0.0406279112494893	-0.026720745273422795	-0.020645881907265736
-0.05016591203540117	-0.029810839711625237	-0.021545336834992955
-0.04803541009940282	-0.019444442481538537	-0.01999584457793575
-0.05097857225681698	-0.018081895822155636	-0.019264924621769704
-0.05126432403011227	-0.04593043411554318	-0.019615934113909907
-0.06025514719620818	-0.04249015749802651	-0.021345273306909288
-0.051067009843043736	-0.019330642881940356	-0.023449556817420312
-0.05178689463442511	-0.003453503973129768	-0.02255963696100745
-0.04241193829056655	-0.008415216932689588	-0.02212276210709125
-0.04738493891651385	-0.029354532160956667	-0.017962784542782904
-0.04099000875963839	-0.04279664159526006	-0.018484602676473755
-0.034504956386688955	-0.04410720511527533	-0.02014354145150775
-0.03752438219015398	-0.03328275352434196	-0.02188288726267648
-0.03609476201228108	-0.009764096128056364	-0.021486409002866375
-0.04720084439600031	-0.025901094080443735	-0.019407657891623763
-0.04035039468538077	-0.01256962365753441	-0.020773653927174618
-0.04674199472099071	-0.028358643532176313	-0.02131092950897107
-0.041388340035236795	0.008256056007549854	-0.02215841541810491
-0.04160841088177436	-0.01190281209526707	-0.021308617113479877
-0.05037372671089067	-0.04206894009595038	-0.019673963806517224
-0.0493930279577299	-0.048163502126912026	-0.018815048041387505
-0.0538059099467442	-0.040026002497256075	-0.019374175873731747
-0.04849228195768676	-0.03800849811621921	-0.01930308688238917
-0.048113689098568065	-0.0036624016287436223	-0.01994512024525849
-0.03874647263494082	-0.005829548854018499	-0.02057701316543349
-0.029587064804342783	0.014043371459201972	-0.01961980739298254
-0.02308217545825314	-0.004308199998796652	-0.021295027387433895
-0.026429140025674102	0.00413655227460397	-0.02056144209113603
-0.029124387449013342	0.010929540113336578	-0.023696120098038988
-0.039538688232733536	0.01657840300260719	-0.02261371295439739
-0.03955128957294018	0.022640344508653393	-0.023515470840963743
-0.05038532647723293	0.006277914970717363	-0.021765952805795328
-0.05524459597380602	-0.019032041536327614	-0.020943603489044265
-0.045570340654900475	-0.010289794490464577	-0.02182850234705904
-0.04502235337279582	-0.007662884473299346	-0.020065633177510298
-0.041970007339933585	-0.015281424833004244	-0.020867601369755448
-0.041660630787491895	-0.03315339569375413	-0.019667352319616135
-0.033743259043256264	-0.009992208353158977	-0.022177221872094866
-0.037699805841466386	0.003886810749409053	-0.020650688117478538
-0.04358273568154698	0.029930515170191338	-0.021930090639369446
-0.04592795651484763	-0.0040980197897340295	-0.020332366335009407
-0.03884216571266443	-0.01171655385340345	-0.02197955799773406
-0.03630604617602603	-0.005290008534758049	-0.02226204674080531
-0.029203755146142544	-0.018875305268634734	-0.021658449795844668
-0.0029681807604883675	-0.0329481267723242	-0.025486330692097502
0.010559900423670145	-0.036838441162503996	-0.0234170905273464
0.02129310734836693	-0.023256468824475792	-0.02557103792262396
0.021309736642734948	-0.018997710480805407	-0.02660142312438031
0.02094269308351142	-0.013922195843694751	-0.025798579231149442
0.01786857960729867	-0.005893413156306258	-0.02626096075061175
0.018315955692569847	-0.01002726078247889	-0.026037292193185287
0.021136703762995184	-0.003681663945534798	-0.026439939554752014
0.02331362595786292	-0.01380423675612378	-0.027166646648917478
0.018588232746109483	-0.018065235739508183	-0.027178979729824734
0.012453288884036899	-0.028799383468580995	-0.0271273390574977
0.007807762167077546	-0.012359523529045274	-0.027810592285305684
0.009932981164496407	0.004330108320977509	-0.027642357729952435
0.013685224941400544	0.016109364754896056	-0.027711023588356358
0.018988481467698062	-0.001913271349166152	-0.026994030998300618
0.016031232928194056	0.0006855269516591357	-0.02591267983767003
0.009400280528405509	-0.0103713739083806	-0.025387990247565127
0.004421393184801892	-0.007756110412058067	-0.023434573188495143
0.003797784626394563	0.005404339886889872	-0.024967102328096135
0.009766255664686349	0.023410288298725518	-0.026556522570927926
0.016622276054437307	0.03225697308834399	-0.029574453561318385
0.02295436952050649	0.006311735618362544	-0.029530604669270644
0.021910942861162432	-0.005150604310510221	-0.028878234307647778
0.016428282291004532	-0.003836925734427102	-0.027965282452416387
0.013827013523284868	-0.0052775918606886765	-0.025967755412745493
0.019112636992912248	-0.007601517537881155	-0.025877197419993125
0.018813330605044674	-0.004877003253023742	-0.026158866857499775
0.01987923908338253	0.00015295697111177703	-0.027750743760272912
0.015677119247895544	0.013795662667277903	-0.029232741450904022
0.017066055803882423	0.009713495561811749	-0.029525654411936976
0.020322507398390928	0.008718959638915978	-0.027513124319276175
0.020922408817046743	-0.0005336566265038145	-0.025108182446111686
0.024316801287261477	0.006727822528053564	-0.02505950063337512
0.02721925667581306	0.008494095305698696	-0.02657887908657457
0.025084505386487054	0.009967570391501375	-0.03044144257280107
0.021136499589930545	0.01028010514525066	-0.02921919602600167
0.01913543267476084	-0.00966701811243577	-0.026797285441012952
0.018360318208082614	-0.0052331936789868794	-0.027586472311682084
0.019630925958543623	-0.003931610863164337	-0.027818097100553735
0.022457519742796465	0.013895128195938071	-0.030355761255134662
0.022700131759365173	0.020963155897853903	-0.027548963285798596
0.019375826825724324	0.013092330445660643	-0.026558233999884835
0.017305161824513082	0.014822983420012977	-0.025976406638392426
0.018998785811598945	0.0114889972543018	-0.025921735841802507
0.020766632494530358	0.023847263638323523	-0.028404817262201155
0.022083021526043554	0.01975153942578029	-0.02865328155714578
0.02128265212654811	0.017097209165645496	-0.026372616611926344
0.021431791436620145	0.008349166806574621	-0.02648092479334151
0.019916776355603235	0.01525516138582167	-0.026169674376084192
0.022754192520977278	0.005372765720369613	-0.026249303675680617
0.0242608540612107	-0.010001559112423605	-0.027574101346598247
0.026617097966000265	-0.023915557588439842	-0.02897485133927511
0.02715187772515181	-0.01471501536035486	-0.02955281105689396
0.02316734996221963	-0.00976656689618881	-0.0310180870542349
0.021339036915599154	-0.0028279358889885045	-0.029552252432640883
0.017895780349305605	0.002339351393159248	-0.027449412537323005
0.016101622735316228	0.0047050645875749975	-0.025926931004110407
0.012302912419281473	0.004080366107154738	-0.025574384861988136
0.013725120685138158	8.790399485062578e-05	-0.02685542272758708
0.013504061260065765	0.0008223915699468419	-0.02761530412743664
0.012497812330288908	-0.009583420285471074	-0.02576453805861196
0.010299736665134746	-0.015093929377180054	-0.02406268442233331
0.008287557320786253	-0.010467060813498743	-0.02142735017835409
0.008195063734106884	-0.002533807329398571	-0.021296770712675543
nan	nan	nan
0.010506799376404266	0.009354273852224919	-0.022984454470145212
0.014495004299346005	0.007907936386937698	-0.025073095625446132
0.017949643111633128	0.005487385905106695	-0.02539194589368734
0.0190189020242274	-0.0037772822647901636	-0.025878693405210047
0.018921485611190707	-0.011056362533237545	-0.026436810308928978
0.017794907350580907	-0.004285978107951113	-0.028055341867979568
0.017177663300125275	-0.0150754632954499	-0.02633945617604861
0.019742617455668892	0.0009994611000827304	-0.027043421167979833
0.019234165098760497	-0.003580748717083717	-0.02379369691848258
0.016731018272283533	0.00430595858976017	-0.025906019976661813
0.01002924032591758	0.0019004507474794912	-0.025372640747332777
-0.003701827533698753	0.008574950337159746	-0.023930474552738046
-0.015359806918373811	-0.0042876626702800635	-0.023291921512492673
-0.027793884599577375	-0.0006868023107659722	-0.020751252168247244
-0.027056906416738444	0.007636548353066656	-0.020919700353501203
-0.019467407334908808	0.026368103499632284	-0.021173149381105035
-0.01969976647097324	0.02899125032199642	-0.02184174622108307
-0.02003753770285467	0.010868019464784325	-0.023237745977833308
-0.027058665001443036	0.006180453107995136	-0.024515194404297464
-0.03178034820094178	-0.026204211903815736	-0.023209622127239784
-0.029486582018365525	-0.03307799040842005	-0.023289812244530122
-0.02330398460412798	-0.016286835233162645	-0.023046457638117187
-0.01787209051690003	0.005002396774916956	-0.024647975095421982
-0.02173428810673822	0.01783762845906544	-0.023298541247406844
-0.03202430272091688	-0.010521309492939744	-0.02260092447812789
-0.034528537084260826	-0.018997539373337445	-0.021961061717896364
-0.03377217054113001	-0.03281789524120296	-0.02228164206218627
-0.029076914849516605	-0.01800156174365636	-0.023023678849023614
-0.02912967111643868	0.0033569577010309874	-0.022804856516077752
-0.025192270505311025	0.015732804190057056	-0.02329591651981013
-0.02347475657334227	0.019932707199656126	-0.023818851811937148
-0.01980349784791771	-0.005243777662905395	-0.024347578871595717
-0.01912473863194538	-0.011301746706445983	-0.026753214220619027
-0.01445638248482669	-0.01358690763278477	-0.022851972785111797
-0.011835356087053786	-0.008226036654912987	-0.02265314650825839
-0.007967333757771537	0.0003750316491019151	-0.022187141826767547
-0.005156809569024257	-0.004130445306079962	-0.023212142234999216
0.0015541945597806334	-0.023464423503263675	-0.023239891498557992
0.012508687027035524	-0.021923393244221878	-0.02438910955315364
0.01824984464485596	-0.007171491248586256	-0.028381605025602667
0.007375616717821408	-0.0026590299874518653	-0.02978662516931932
-0.010195791055997598	-0.012014435703423167	-0.026608527481794774
-0.019323023398115848	-0.0006387571249975195	-0.023502757337664864
-0.02188801949252313	-0.004356504327293651	-0.022555962496087836
-0.023790259339104898	0.01484472032883705	-0.02214855282318268
-0.025856033586377294	-0.00964397952686253	-0.022637606862304597
-0.02872048360837947	-0.005060686932543815	-0.0224252739560895
-0.03440696423478738	-0.03371303088176397	-0.02222233950708409
-0.04076606485480156	-0.0519380212987408	-0.021586481656836593
-0.04153701427861106	-0.050873377267889076	-0.021471522626463468
-0.03809841531924357	-0.02884323173490598	-0.022852002780843834
nan	nan	nan
-0.04244213288521195	-0.006619006182624836	-0.021758906388797284
-0.043466189962781045	-0.003923770716576812	-0.02171759177091657
-0.034732262888090684	-0.0022764884166486324	-0.022655831819257156
-0.030729588405506096	-0.011212596311454631	-0.023008604952169012
-0.022452769804539814	-0.02417244446582754	-0.02408034692796173
-0.030635056158974834	-0.051265798289938685	-0.021543565178770627
-0.03375285782348983	-0.055086359619087574	-0.01835390199667259
-0.027256330216651543	-0.027587601087794136	-0.02117136648020177
-0.021708273091796522	0.0059792440953643465	-0.022255208567228568
-0.020873589795558874	0.005248549371230364	-0.024205838866763054
-0.02594636026750423	-0.023506532917933094	-0.02379483667344662
-0.03931518470102183	-0.0644190558720548	-0.02122924742520441
-0.044559071300705286	-0.06781311398069328	-0.021092765995022786
-0.049042490801349106	-0.049882933925159766	-0.021567854305247873
-0.03905098320949117	-0.012604644980738766	-0.024564985508043074
-0.027877104612823306	-0.014933035134586901	-0.02350121226082226
-0.032844916259606075	-0.029318893409395398	-0.022177747466405107
-0.03257654027653131	-0.046967800410432796	-0.022647181673627913
-0.03300206463776313	-0.04006871097265358	-0.020671159401810822
-0.023704522765846968	-0.026149720064535118	-0.021695096244282286
-0.02669807390496228	-0.026484653745940227	-0.020701192436757075
-0.03261186766149715	-0.036834928000462154	-0.0218828913810566
-0.043163499487297294	-0.05623971361230248	-0.020963489702720793
-0.03893237685463701	-0.04871609540887842	-0.021413469463438584
-0.03425696813523155	-0.03590788198473273	-0.021165697936169858
-0.03202496664207943	-0.003767806284667337	-0.022295473372194674
-0.03623189198298536	-0.014092754902833286	-0.021331643363689496
-0.03661509105426934	-0.037127148211790584	-0.021656530588387908
-0.0326451120490356	-0.051445236764978794	-0.02170201708360108
-0.030198893780865342	-0.053614634604948634	-0.022417799627380594
nan	nan	nan
-0.03927503318505229	-0.056404050681254446	-0.021276897886948466
-0.03552158704313231	-0.048342756444366156	-0.022489704719890147
-0.03538456274150044	-0.033084887963932254	-0.023271465436356106
-0.029207543135817464	-0.03242220171827782	-0.024835194888082848
-0.03893312661888128	-0.04155289704830955	-0.02314313913593424
-0.038415966872992924	-0.04010151646668596	-0.021730597296590656
-0.04271651992247093	-0.05717142940339668	-0.02093116247832395
-0.037034196119348696	-0.042570257916130665	-0.02221476880943641
-0.03981105079389352	-0.04552371803132728	-0.02203583400355116
-0.03954957342161515	-0.03985732211230245	-0.02115520864239179
-0.0472697242610674	-0.04206100091931641	-0.020107099930800405
-0.03877920894112999	-0.0137562568032185	-0.02024521019826781
-0.03241063511344577	-0.005680730584836424	-0.021327128934300138
-0.029487218640257554	-0.005833977411151096	-0.02175308084240609
-0.027453334865144466	0.00046533347221694096	-0.021821998499576552
-0.03235916668794674	-0.028799292688300705	-0.021629725279513432
-0.02891140077771779	-0.021030513837452153	-0.023087528233501107
-0.0335773017823655	-0.04720838102871869	-0.023062651637818798
-0.031190987698585797	-0.012770825652840472	-0.023086475859087727
-0.032502865766553576	-0.0201357765020014	-0.020394945711666772
-0.02570107588826713	-0.0052055377115579685	-0.021558654355180097
-0.02582557965960363	0.010533257959526454	-0.021535033228689045
-0.024053706496185497	0.038459390860706814	-0.02264395575572441
-0.030224304350144608	0.028162409696319873	-0.022692627933301457
-0.028003432479662672	-0.0003152484866224929	-0.022900130579954218
-0.02637101931023479	-0.034055512149634065	-0.023427710066706974
-0.025879842104141588	-0.0307306734201427	-0.023395446181823775
-0.03424473952736057	-0.015904178361453684	-0.022718628371166522
-0.04140513485590174	-0.03041601362918473	-0.02018114681089961
-0.030830007308195073	-0.03948735858512581	-0.02256482623333212
-0.024800027781556454	-0.04072345093454986	-0.02148028880685174
-0.025613891722999778	-0.03546984920356795	-0.021226832329006157
-0.03103499901286254	-0.015163125870463399	-0.020726276571873023
-0.03641854830218144	-0.010908559506216005	-0.0215200856005206
-0.03299842095891443	0.0036486126463488693	-0.022761117347783313
-0.020607947247712137	0.007303599797296887	-0.02387285905407056
-0.011925888797146872	0.01271236113873166	-0.02431385244866521
-0.0052156020215476245	0.011514367744278466	-0.02575578931776912
-0.012726767380157822	-0.017594484620912478	-0.0241401736138174
-0.014257019292068736	-0.01178599813114204	-0.025239558672274547
-0.024139872964503664	-0.023601421338380408	-0.023739383732541357
-0.021332894251216757	0.002227003126935294	-0.02467208149396521
-0.01963003234741318	0.006711343044949096	-0.02368786612196744
-0.017394342199642747	0.03742475762009937	-0.024099722107770536
-0.02065231026961277	0.03683882129845873	-0.023672753109145343
-0.021173556200259548	0.04134599602729436	-0.025207386139571998
-0.022752023617963864	0.025341825024963193	-0.025611451425984467
-0.021467131514674435	0.0070361490435953515	-0.026243472475787497
-0.02778587068796704	0.0066819156789545975	-0.02450806475611551
-0.020845634704496508	-0.00040801119834531566	-0.025554431107380773
-0.011344108541444131	0.006537977269872388	-0.023727281201112678
-0.0006408633523897755	0.005481070060647282	-0.023598697699635386
0.007385881859674705	0.0007382425725043461	-0.02355781774863085
0.013208481988365857	-0.012799851906405544	-0.024239405907522386
0.013457764730169401	-0.019796815979763717	-0.02621526054357324
0.010521220416384935	-0.02590514708000989	-0.025552198590197264
0.010689963085356339	-0.024677974467457196	-0.025900023318764877
0.013521621715167504	-0.03361710033472956	-0.022898407898984854
0.01843832400026661	-0.015242276441474942	-0.023695303898213626
0.025599470852785106	-0.020590179784795604	-0.02472162114563948
0.02314856038884113	0.0048154045090909765	-0.026592865504595806
0.02164695755615014	0.0024357272494809346	-0.025916584603875182
0.020426629278736584	0.009298045027082955	-0.026641756916507657
0.019091236452937962	-0.019646117916081236	-0.02514602827639177
0.021818058103690283	-0.03180787480361323	-0.023250082253393572
0.013404616402257517	-0.020533486316866	-0.02024842076237988
0.012942114271873853	-0.0039963577826049295	-0.02167715494690075
0.010337601956381622	-0.010678870151016881	-0.02300395270806681
0.014206661600542202	-0.03432765892046377	-0.024979034041893024
0.009711423751172845	-0.026215798498076343	-0.027504875643423413
0.008632942589039084	-0.002835840259406786	-0.028043782059271126
0.002995574984703143	0.00870982586746943	-0.02661326816961269
0.0007561541819633769	0.02245144519452238	-0.026259779428953366
0.0013927528061157754	0.008301003653958132	-0.026146361581786695
-0.0007945975594773474	-0.004591107554304541	-0.02712846665612744
0.005722177187681185	-0.018647104155125306	-0.027888908057840736
0.009568093228727089	-0.020963205816999973	-0.02714680472639829
0.014045015279363075	-0.007133732709550606	-0.02566052574915551
0.011300894526272084	0.0070412401151721035	-0.026347603346272168
0.009386323514147074	0.02219550793043672	-0.027417974059524994
0.0066626159805709476	0.045468647142502885	-0.029118245239370424
0.0041768598071753454	0.036739042223048954	-0.027351504099800115
0.005244940144012514	0.03419859032014772	-0.026081771328095592
0.005151904417848324	0.0010031233819225698	-0.02553213499170532
0.012299931121092105	-0.006082185201982879	-0.02571665423292117
0.01617331881575803	-0.016425135021509427	-0.026077571184810886
0.01751380927963588	-0.008195936001519773	-0.026835246048055466
0.018869993123896565	-0.011952273148485494	-0.02938773290794892
0.016542588569981084	-0.002616845135392355	-0.02911208020573198
nan	nan	nan
nan	nan	nan
nan	nan	nan
0.01809584786093591	-0.00802210478934654	-0.029961015498010134
0.01865854475948208	-0.004457910571247212	-0.029337762311411098
0.019797195953629425	-0.010062082944254735	-0.029663833655802253
0.017444770653707045	-0.007837896461514783	-0.02602597556721025
nan	nan	nan
nan	nan	nan
0.013669006532550963	-0.006639233909248947	-0.025371575475287615
0.012965463997120574	-0.004911166674638163	-0.0262311948625154
0.016713994624310426	-0.017697359485487115	-0.02790277378837972
nan	nan	nan
nan	nan	nan
nan	nan	nan
nan	nan	nan
0.016984943865508077	-0.019804536862790482	-0.027813891538134183
0.019985272241730054	-0.02184372628940587	-0.027380538692362538
0.01711835544395782	-0.004591985667776544	-0.02813441183844785
0.02079135647108212	0.002884570501139421	-0.02963808600018106
0.019931585151764655	0.0034475070747813884	-0.03040789122198492
0.02151758443129316	-0.0050218590252395535	-0.030096658803692812
0.018977168406183385	-0.01165034016595809	-0.027267364378067673
0.014126242078041648	-0.015474842033035284	-0.027094801309829646
nan	nan	nan
nan	nan	nan
0.016659974593767505	-0.05955871257146479	-0.022561267287319307
nan	nan	nan
nan	nan	nan
nan	nan	nan
nan	nan	nan