# EV_1 (83.4256)	EV_2 (17.9249)	EV_3 (7.9619)
nan	nan	nan
nan	nan	nan
0.011338497770749993	0.0056864762644232	-0.012008808272680848
nan	nan	nan
nan	nan	nan
0.010961246251140897	0.0009428346947788794	-0.025789237373628322
nan	nan	nan
nan	nan	nan
nan	nan	nan
nan	nan	nan
nan	nan	nan
nan	nan	nan
0.014113523212768575	-0.008554051576276792	-0.029729118124645706
0.014539191047262187	-0.017928690628845747	-0.005768030415511381
0.01804965829131378	-0.02467816944124219	-0.0021743962118488114
0.01817618225570528	-0.024700952558750967	-0.012431436851309565
0.01853905975265341	-0.02624878351586514	-0.018462511290998344
0.018427912547709063	-0.026618983453511817	-0.027369991235381676
0.018323742627840024	-0.02833971196775392	-0.0077077980488515704
0.016998334616030963	-0.02404877484123214	-0.005814391158967782
0.01593661264487796	-0.02344299040014219	-0.0017645932294951885
0.017002824002224352	-0.03059108695465375	-0.004771009485189635
0.01718373663970986	-0.028721116828706882	0.0015765560580417379
0.01714174673780855	-0.029174909088795477	0.010022882788601101
nan	nan	nan
0.015599824302150818	-0.021093974864549687	0.009513140661213802
0.015956852224811927	-0.015013679754493206	0.006626714787474324
0.01574165583065027	-0.010925314875860402	0.000881471180866334
0.016192758797226932	-0.01280094402977977	-0.00016016237161594823
0.01749268747557068	-0.02511009439368473	-0.0014365804822305296
0.016841672780230996	-0.022892678078826157	-0.0011476517308139818
0.01645973060151778	-0.017832604540988492	-0.006761727705426185
0.015871653063291725	-0.017531041744130855	-0.005227231838569199
0.018121102936295323	-0.02082698306702278	-0.017865095470029978
nan	nan	nan
0.017754857972177258	-0.024790070869396778	-0.010646849999113951
0.019582802544226185	-0.028924186468086397	-0.009769882806611122
0.021261297181706766	-0.03038382405501229	0.0017476807484565864
0.021890532934693258	-0.03242582474889639	-0.0004387903199267497
0.019784741135293486	-0.02518899355573288	0.005526999640341427
0.019974423040722427	-0.026365830370240262	0.0075364949445641365
0.02269160500721473	-0.027207082640894706	0.0010436214968352793
0.022969143538808096	-0.022708605653616674	-0.015313101667799828
0.02075141590112441	-0.01579100840586674	-0.01828446724428985
0.019341950001437288	-0.01020648914888524	-0.009418081120540413
nan	nan	nan
0.01961110689595602	-0.019086468935269604	0.00624073285779294
0.02036611103778468	-0.02450618389365073	-0.007708145267589971
0.022110167369954085	-0.028634556583637075	-0.011204134350175275
0.019843354431716913	-0.020984623337071125	-0.025263601561873975
0.019867483984968858	-0.011389161950240725	-0.006862817704605929
0.019451588976519017	-0.011922041045526376	0.010534648211105366
0.02345148098476862	-0.01438446895681557	0.025536167529535858
0.02239149349372471	-0.01788316791458815	0.03315858072273156
0.02186731437137155	-0.020350943992981676	0.02152622955769945
0.02300329895222625	-0.026711779132844553	0.009432922057429896
0.027003192439824703	-0.03056177652710299	-0.010430758282863727
nan	nan	nan
0.028869783485325373	-0.02564878457658503	-0.011520459509069419
0.02766590350431026	-0.02374035379927329	-0.0030458926929239592
0.02348628822041087	-0.014883747509525685	0.0006947555103852705
0.01747375214351159	-0.017547199891346097	-0.0008999613781672869
0.015814452139590582	-0.00823238379320763	-0.01677489568885717
0.016968647159413354	-0.012293832388077245	-0.02067556328708545
0.019466940434490026	-0.013432330269689286	-0.031864735207864314
0.021929187336095307	-0.023575824016028698	-0.022347195082931984
0.021376870792152555	-0.023359714856398147	-0.005455861276439107
nan	nan	nan
0.01639350789523981	-0.01134974951799683	0.007568737662020137
0.013648987252633723	-0.0008762380003186081	-0.0038565921124806193
0.01416491331218362	0.016807004736077956	-0.03326379255193275
0.015765262096169942	0.013204667987915353	-0.038945305140094644
0.02054402618424713	0.010802443267845305	-0.025500123629474476
nan	nan	nan
0.02320622633819233	-0.005150431739798454	-0.007171751819275474
0.02599522856818121	-0.012508185706896283	-0.0162681539443142
0.023478831171780748	-0.004278659399509031	-0.03173307881032598
0.022411835281199232	0.0009959766534158167	-0.04711184768845305
0.021772334946190828	0.0023236368673005283	-0.06003153967815796
0.02502777347411726	0.00022731462387505405	-0.061939882324496154
0.02455591359497065	0.006740823825762213	-0.06102995321177854
0.022930466703354545	0.008124582589498759	-0.04802360444595952
0.019996859118068998	0.0038905090023019233	-0.05327412366427081
0.01986848771155934	0.00017005014000561063	-0.06065990517524204
0.021935525302802832	0.013108233218333083	-0.09224775589552767
0.018904085256487013	0.02603567758543425	-0.08594155270838079
0.004187354209036209	0.046213738001238236	-0.061961565269710785
-0.00488228620205938	0.04835802095480546	0.007300616808483657
-0.018392087516441006	0.0548334892181257	0.03029626861496074
-0.01997232298841148	0.05258340503614287	0.037936563088175834
-0.014016351296217002	0.06650826017836398	0.030699350699269233
-0.011571291033335316	0.05550911808196687	-0.013429861972339523
-0.018612184669786185	0.04337187316600175	-0.030930678583753285
-0.05824586622726823	0.009252640908743767	-0.04486542745397418
-0.07048255555292894	-0.002745817688879442	-0.0338626255899752
-0.06756660720913914	0.0006113834980366591	-0.05384792116767583
-0.05952172872865314	0.008083511228191164	-0.05765353187026716
-0.05851144466968453	0.01893730534247024	-0.05413355604655184
-0.04684085995172862	0.024622895852546706	-0.0610538574790974
0.0017189779266641976	0.04940776134940648	-0.0695462538812797
0.012679403463855007	0.044062980213866745	-0.07869276202500308
0.01875294283726779	0.0330791971675515	-0.0799772973477042
0.01789876132563951	0.01187119297088369	-0.06899052927914766
0.021038103429473955	0.0018303587727276484	-0.06296132140059985
0.021317614343322328	0.0019529362271063929	-0.061396385282308175
nan	nan	nan
0.02513633345529187	0.0021252789081788494	-0.07378615439610642
0.026380829323264545	0.0028304205600806908	-0.07112816271504152
0.031151632995463946	-0.0009695003719757553	-0.057202199849284555
0.02795226056633951	-0.0007489349168037191	-0.06173100208643852
0.02788791235351397	0.004374834313585495	-0.060206609892328906
0.022746121466861915	0.007910583160204935	-0.050264247013830615
nan	nan	nan
0.017979643403765677	0.015814151268435613	-0.058776671224827395
0.016552182322845124	0.011978620311195417	-0.0612830929158332
0.015520991320623631	0.027190817204057836	-0.08558242929993429
0.008787161431749593	0.03149846966302778	-0.050310966853049116
-0.039900431538391234	0.0245971117130376	-0.07380983133819734
-0.053952648794496266	0.022882588577443307	-0.04793706775394388
-0.06681281114774006	0.0144082633410442	-0.04157279615193768
-0.07044717089366818	0.0037021743634500504	-0.030398974719312154
-0.07134336174122928	-0.00106727001245205	-0.018938932986415892
-0.07463937942689979	-0.01289859684341729	-0.01910171452960461
-0.0755816377559733	-0.0068486144807028025	-0.020189006888787532
-0.06633980505472309	0.0044780158600572035	-0.03179095108554271
-0.0550564079183714	0.01570101966450743	-0.05852056388287486
-0.04312953241977643	0.015008589694177529	-0.0843911489384776
-0.006254416190121255	0.02864586024711646	-0.07348320764173515
0.01631599486777705	0.022491482977291997	-0.07256920270469638
0.023841349634972017	0.007551969217834176	-0.0782845447085046
nan	nan	nan
0.02620299604299572	0.005092420113127947	-0.054541222264163615
nan	nan	nan
0.024328774974109534	0.008702681919318157	-0.023228395570120082
0.01576818721068785	0.016602730048363396	0.012001419478984917
0.01377451346874031	0.028924043173461263	0.027309650381739138
0.015101797534100446	0.03470315955529114	0.017523667913723836
0.018325212342242207	0.023128572153296174	-0.00534434481114664
0.020721332136448282	0.005296241206629056	-0.011057616715021087
0.022698847008998813	-0.00762402842127	-0.014633400598480322
0.0231292467272481	-0.017362288693649863	-0.016991214375523107
0.02167404232506003	-0.020146767266501334	-0.007871198708424718
0.021906913103265774	-0.020715252908771072	-0.01748223399503594
0.02293547815455673	-0.018686654475368814	-0.023922460111180727
0.025136877226077048	-0.021159644011806998	-0.03539041787816937
0.023922302561765155	-0.0126761644904962	-0.037648213266057357
0.019601820091101525	0.005969345433891316	-0.010389236818818533
0.01604556820489856	0.043397238924276986	0.01749500263490693
0.011561933464181783	0.05505220359336764	0.053827133374996505
0.006836578697533543	0.06003314280299941	0.07191338698771194
0.0031546785440754064	0.05576477638606642	0.0795980384722503
0.005255297111615093	0.04685603705332868	0.04904984812660614
0.015349540689915151	0.03773600485721432	0.011007476863745909
0.020389257023292442	0.029408950276799222	-0.029152616003894717
0.021166816872588794	0.018275197083881582	-0.023426363428562406
0.02010394933215497	0.019172715142208887	-0.011905303468216392
0.017191635746134477	0.025683624137928462	0.027178505481454156
0.013766637207739204	0.03157226272861381	0.04621084875657818
0.01565290546331167	0.0216622515012606	0.02829904938151618
0.019589060081163005	0.014752706041073128	0.022124513826498392
0.02163176351982863	0.008672153382511887	0.010112235508478687
0.02151066807765063	0.00020032410852409226	0.00858795659778305
0.021724259794384176	-0.005985378850554486	-0.014406637004284437
0.02415937688802484	-0.016275822908762578	-0.022557556070404466
0.025135108369537647	-0.009984248136302654	-0.017908077926322152
0.02652081858654278	-0.013159316666834566	-0.015298803589514985
0.027477851800963193	-0.011808166483333986	-0.000892572180225211
0.026851324283413334	-0.016516649186783403	0.0006442507893852437
0.024630642411809216	-0.020196492251398034	-0.0011395015636839513
0.02264926042690214	-0.019380162576447875	0.007255840742108121
0.022323494117887553	-0.017829479092854022	0.009265466273720817
0.022318444025147217	-0.015048065379266111	0.007294803720960901
0.0235411112432212	-0.01589397600818517	-0.010319914403459984
nan	nan	nan
0.02419465573055217	-0.025200426682976153	-0.020630349940808854
0.025653487273153443	-0.03225739858812698	-0.021319596860459318
0.025240243205288275	-0.03319688878674191	-0.01450102118436708
0.026621958668767515	-0.032064577394582974	-0.013433458272679707
0.02566230432631275	-0.03188020620813303	-0.006559899138698956
0.02662281910097366	-0.028419317870156887	-0.019336632468497754
0.02617976576062257	-0.025310007683422737	-0.03574914097204531
nan	nan	nan
0.02777728288956501	-0.023502352420631336	-0.04752634288945933
0.027475182903954273	-0.023627781236133655	-0.053502042884744264
nan	nan	nan
0.029802229693383253	-0.018651203658021958	-0.06003937256966135
0.026259198802770525	-0.00854123260285866	-0.06667178051247642
0.024179894594244078	-0.00010012560708570508	-0.04919622024335618
0.021966200913360816	-0.0016243152306030582	-0.04064971507967227
0.02361132907828666	0.0012610412659236792	-0.046213827324802156
0.02511049943444735	-9.008097985868576e-05	-0.06844040292035872
0.02410730090672105	0.0111472371731124	-0.06959540338515009
0.022486013079316167	0.02562181162507987	-0.08956461374219465
0.020266017701248928	0.039810766225375036	-0.09691426332362812
0.020181020643414874	0.04612314091484418	-0.11013161902459329
0.017510817690426443	0.053307090543532325	-0.11343495066177106
0.010256183093366015	0.05825179220428565	-0.11379884220340561
-0.002294225763053387	0.06159059748801137	-0.08162098684139818
-0.05730077427750343	0.02526294050530835	-0.07788131236588862
-0.07474249962906553	0.006535039612525275	-0.053463631994676894
-0.08218711231213886	-0.016375751936311883	-0.026411165328656554
-0.08261631457190233	-0.026836377577662714	-0.012247850322130743
-0.08145514131205545	-0.03364577181570692	-0.009974706251924939
-0.0806773748099572	-0.03744274062829064	-0.007407484952882057
-0.07025407185541178	-0.03557618908751107	-0.007759031227826826
-0.07091989250272117	-0.03255005041372848	-0.012028032011683142
-0.0642483174208456	-0.023852023793262088	-0.02105910385981318
-0.0747725973200673	-0.028387673452827965	-0.011628048630723933
-0.07186476815772712	-0.030241758226177962	-0.005777399893715063
-0.07234339781154872	-0.02065077149379928	-0.0010841629551070348
-0.0730296910143227	0.0001362062690097991	-0.01020596789630604
-0.06502446588696968	0.036466767679543585	-0.028367494742379443
-0.05197233332516719	0.07020745232083891	-0.04431774520139368
-0.05158536026607812	0.06438303397247605	-0.05464948563442965
-0.06795179786744349	0.03550014797609811	-0.0517735971247683
-0.0754482639647578	0.009305032591169892	-0.05530986240687605
-0.07898729705315442	-0.0070359727136788735	-0.049604756123809164
-0.08028533191148943	-0.023360359698550114	-0.034762487710630875
-0.08287143494943167	-0.02090016686205031	-0.028059629062718743
-0.08398666413798808	-0.02015180704455906	-0.028120984600106175
-0.08647333061024928	-0.02271757621482672	-0.03288338720539765
-0.08375663048291589	-0.032937140965767726	-0.02921073563308573
-0.08476292982649854	-0.0341828315016865	-0.029941321606865315
-0.08461609260782951	-0.03762008232028193	-0.024618318477860508
-0.08545669605694439	-0.04005501885754396	-0.02530759998162105
-0.08563977390782691	-0.04080976293845146	-0.029804528732451853
-0.08217747343736542	-0.03864938811056935	-0.03457972523680142
-0.08274153531336129	-0.03489987241251687	-0.03882618199064655
-0.08066373433407907	-0.03890239588025013	-0.02873578367528872
-0.08286475942935752	-0.03277752673780664	-0.036091301695805725
-0.08225988220535607	-0.03068156762202456	-0.035312598235629905
-0.07767769385552624	-0.0208777666236211	-0.04399171442650474
-0.07669191624851214	-0.023014018690825953	-0.043730522017288914
-0.06678858119151634	-0.014255399383448497	-0.030120687986636925
-0.07297638633770923	-0.019711403865040358	-0.030767412814339604
-0.07281379242367725	-0.01885113492855113	-0.01888113531226919
-0.07861975508202139	-0.02565696086319017	-0.024892349436547265
-0.0741499995252421	-0.02568920812136248	-0.016869073370702002
-0.07439136097117054	-0.030804774198010365	-0.02251432142961607
-0.07699624899313197	-0.02999998804285576	-0.017793060332638624
-0.08216145878086331	-0.033399159315169194	-0.020438322115552195
-0.07770017910540312	-0.020824958011256764	-0.019826019602331026
-0.08111987818950424	-0.025161180924184668	-0.02322181444786154
-0.08455896723015977	-0.029172972473198725	-0.01789975196657874
-0.09228040305071702	-0.0469385013285322	-0.020710440311854955
-0.08683859956561067	-0.04175454934825725	-0.012417370830614144
nan	nan	nan
nan	nan	nan
nan	nan	nan
nan	nan	nan
nan	nan	nan
nan	nan	nan
nan	nan	nan
nan	nan	nan
nan	nan	nan
nan	nan	nan
nan	nan	nan
nan	nan	nan
nan	nan	nan
nan	nan	nan
nan	nan	nan
nan	nan	nan
nan	nan	nan
nan	nan	nan
nan	nan	nan
nan	nan	nan
nan	nan	nan
nan	nan	nan
nan	nan	nan
nan	nan	nan
nan	nan	nan
nan	nan	nan
nan	nan	nan
nan	nan	nan
nan	nan	nan
nan	nan	nan
nan	nan	nan
-0.08157248533856934	-0.04147851069547864	0.006857026817014361
-0.0829303415793298	-0.035822849341336276	0.016193367829439698
-0.09311975998632702	-0.0387985011525113	0.0029205475229320543
-0.09339496090245607	-0.030563473379591706	-0.0008505884767947697
-0.08129120470328062	-0.007247657801581673	0.005199000548821192
-0.07012566315794473	0.012102734052875893	-0.005173483058256642
-0.07003672787172593	0.014145028145143543	-0.0009079438745700219
-0.07745885276891258	-0.011296717402939747	0.0007210374549328075
-0.08159260764399674	-0.021193943232135557	0.015338009646863895
-0.07766453421777486	-0.030154910988314368	0.013071290510866793
-0.07759455421443352	-0.028860631138526206	0.012473412796563152
-0.0761263182784772	-0.02447400195817906	0.012199420902995195
-0.07904545465935478	-0.019579875964911016	0.012930426487514982
-0.07757016969290455	-0.015373418232792826	0.00947348624025346
-0.08038003765639658	-0.021301312686986155	0.005682598146688256
-0.0796431244052552	-0.020862912260467707	0.003947836038546204
-0.08072078945553963	-0.021018442702280905	0.003537747152551826
-0.0776883145849125	-0.016027392326346396	0.007903468418259132
-0.0730414758732054	0.0015535882134092166	0.009208364940690952
-0.06175349104286162	0.030116655153686046	0.023437467459935697
-0.053000870557393755	0.06368761322465899	0.03712796231056272
-0.04478639652277327	0.07577316158068027	0.05526721232559627
-0.04048992305089418	0.09559061890168878	0.05623377727538389
-0.02134226172041175	0.09570415042599922	0.02609189363495481
-0.004386720228192799	0.10194559310764346	0.012464062124273555
0.0021981791628973586	0.0918978218077504	-0.021810242996652532
-0.001916032672464751	0.11841008556468408	-0.013131479026278257
-0.0069495829904900885	0.12551603924802499	0.00011257810211567909
-0.016293603942104745	0.12329700571084823	0.04053759641045261
-0.02956482487870081	0.09958941688890446	0.061098919295058465
-0.04045268646362925	0.0857538492205999	0.07899892888354536
-0.048593574996952923	0.06956953502591555	0.07455654158918688
-0.05796724690737435	0.05077582974900379	0.06756799670878608
-0.05981819069619289	0.039379875771630386	0.05609422936772378
-0.06441298038385118	0.018697799045072228	0.045209740447159044
-0.06911372505767453	0.004019047804392417	0.033217473186333404
-0.07780140487821803	-0.01386373963411865	0.01158279983426165
-0.08174444151367148	-0.022017815740346475	0.0007614054627683997
-0.08268053593086912	-0.027749868883919976	-0.0020971949685670566
-0.08251168324141948	-0.026148000507769654	0.0045205794866864935
-0.07756685327521856	-0.02191781463837745	0.0039875918569927254
-0.07734406570072129	-0.01976852062544091	-0.005313115351821662
-0.0779520233316252	-0.022839756957150247	-0.00577268905138735
-0.08294424470040417	-0.026429724448821936	-0.003213346901036057
-0.08221963220019858	-0.023996116361303006	0.0031796883473697996
-0.08077372910298967	-0.022352323680453128	0.0025969713027936547
-0.08190391475429681	-0.024340173611716677	0.0008244951380938503
-0.0805918003896868	-0.02660714944075524	0.0021482056296237284
-0.08052854944441026	-0.02407459055488523	0.01424909478943713
-0.06978576121177377	-0.004001391915933942	0.03502094995238636
-0.0413242247082857	0.06376049366270507	0.057240620940501974
-0.01371044263424925	0.11933780452940308	0.032322630589222086
-0.010990780641130814	0.1266510316741506	0.028644195420824026
-0.00849074794227268	0.12453159155307728	0.02631233984722192
-0.010501326510176844	0.11685889759631334	0.017692783915896848
-0.0023925585875609755	0.10729873355998483	0.00019961340246447794
-0.0004528543680731647	0.09806211799578114	0.004239795171849724
0.007129612679791582	0.07942099844882337	-0.02761040156196619
0.010444701055280095	0.07571424318127923	-0.04634612547208142
0.01255200009473776	0.07080917078686909	-0.037284227053039375
0.010299387803314332	0.08748531210915046	-0.021255982152313578
0.008360281976777592	0.08452609535189233	0.01220367364331396
0.0020215177676633513	0.09145039525485464	0.03931703157663552
-0.005426327077791321	0.08571081248848374	0.060782399133827526
-0.008443855862273945	0.08315882530050063	0.05798978399992715
-0.007896545498729568	0.0890650498164907	0.06308494502338467
-0.008179794322764914	0.09665085892331621	0.06278491026743066
-0.00795921211466923	0.10877759920838029	0.0653170393185202
-0.005352024543988758	0.09947261244166601	0.03697567175358629
0.00884552982462516	0.07968452983239993	-0.0068584354091914945
0.019511627068795893	0.06627889720577898	-0.04371868297135892
0.020620418707948493	0.07015004422679695	-0.04541051287840178
0.011999317571389398	0.08738737559789914	-0.0003236399447019214
-0.023266243357134196	0.09189769954932768	0.029887939362861802
-0.032411275721263004	0.08427541753777044	0.0460219811175397
-0.039329243584931936	0.08109253469157876	0.0367524767867153
-0.039638905314458045	0.0658877319514995	0.0077928166461543255
-0.02991216726024265	0.06405859060843361	-0.03302557856392409
0.007774504248832769	0.05921945519661498	-0.06804648478183266
0.017442766289813175	0.049761023056798935	-0.10037907650945913
0.016515035084206382	0.04441024332117946	-0.09750774557544588
0.019119010401814053	0.05360001227343247	-0.10635867631317894
0.021207481435007645	0.0531627767705417	-0.11275980572777333
0.026120603320975724	0.04629027695004581	-0.12132383858533727
0.02597334968862963	0.04085877569943326	-0.11466208462551267
0.024955346316990545	0.0364955020643403	-0.11470511437503902
0.024524477928488584	0.04168931617751469	-0.11392182596743722
0.022506787344850405	0.047491259354501866	-0.11986407309439039
0.015016620961202754	0.06289181024857195	-0.12083029012061594
0.0004273407408703651	0.06980492890180953	-0.09836513317997561
-0.048776396557962655	0.0531925836486244	-0.07519956939474995
-0.06610840574444461	0.03799578266711967	-0.04202301768453405
-0.07335439870522407	0.016866567092696252	-0.02048024606696828
-0.07546014681966237	0.009342669746020554	-0.024922765927090466
-0.07586090083618954	0.0006124420354894676	-0.03173231921128161
-0.07869828933063724	-0.005274777055280404	-0.03136234661422041
-0.08035444608165931	-0.01875992140339394	-0.01789137604572453
-0.08114649145018413	-0.0303635804643335	-0.005633504459473068
-0.076160491424789	-0.012996750939312433	-0.01743625697230399
-0.06687948614232551	0.008690003422329335	-0.04694427997890038
-0.06644408669313037	0.014571087013858973	-0.05599798083740094
-0.07072722323490055	0.00020374808039845383	-0.03325734852307651
-0.08018627670228665	-0.016077976562160527	-0.01692657905426949
-0.07941624195505188	-0.009872844819139765	-0.011696055536459873
-0.07706882642750154	0.007801481536336259	-0.021032059844918495
-0.07160450570736386	0.026858917031689206	-0.016124326705769437
-0.06005945003718586	0.042441764183790615	-0.019648669400368586
0.005900902459577984	0.09885716862445248	-0.062023675397086225
0.01127757678317494	0.10362919080220097	-0.07610740694192634
0.012264177579564972	0.08791293716022915	-0.08077518585193627
0.01605879204963559	0.06490702462103581	-0.1189478934772421
0.01976152543413575	0.04285980813121395	-0.11376640123509445
0.020337179728941848	0.026938770318980745	-0.0818833045087645
0.020127216028728315	0.017610872264951564	-0.05327344868979181
0.022173557430132166	0.011627876208239324	-0.06177126884811348
0.022666752499155247	0.00624800679643555	-0.060471349226069226
0.021356392774949752	0.013406687246317833	-0.06386573017928737
0.0205225582666489	0.0037845630094343126	-0.04461312683384072
0.018893193265594875	0.010219670454274802	-0.054435630139463814
0.02121270705359539	0.012824802311305353	-0.05770676660464592
0.023798269806737517	0.02163425117456007	-0.07531582104662099
0.02416976370549386	0.02116769089528053	-0.0584071405846529
0.01825463277901449	0.02368422472806166	-0.03793792009269518
0.007439379826612016	0.05337800192905597	0.03378130537290251
0.0037104964705989897	0.07395982630070308	0.05759938606524212
0.006384963930992836	0.074520330072701	0.04421195935078455
0.012070247214302336	0.0549501595983008	0.015899923662204375
0.010800922342563479	0.04153463777741103	0.0056938705127152975
0.010752377125074467	0.03356606634615154	0.009835758441129905
0.014190143499738567	0.019615751223689637	0.005193675447054546
0.02016447023681408	0.002200422391101171	-0.0070250205524893874
0.023799457554135383	-0.012688174503499211	-0.01880180873740508
0.0244934070751482	-0.017325790730965473	-0.022052528980632077
0.02661169758741271	-0.02119465797622738	-0.035544583424375414
0.02686141011057431	-0.016676127789711354	-0.03642611500465952
0.026236590018293433	-0.004065166319307575	-0.01929989602651851
0.023136196359846116	0.015814352660058057	0.009619787259655538
0.020820204648506885	0.028595566875896376	0.018292626273010548
0.02244297912832987	0.02601632140266297	0.01111881477603181
0.023264683683672988	0.005603285593109446	0.004458530120090537
0.024521607502396268	-0.008767792228711524	0.0012856186388194892
0.024198539735562023	-0.0013479800319079814	-0.008746590142618929
0.021415714832740004	0.02124531895501488	-0.005705559811389184
0.016026494878359807	0.04319850191072738	0.018005465590085944
0.015427887862763825	0.06108896080451615	0.03524437649200561
0.019035386131513028	0.0628882866146169	0.021575609848642017
0.02436235893189642	0.03757696275776491	-0.029730857717790014
0.026618861804936157	0.015886532974003588	-0.052017335247547244
0.029064952457127497	0.010823352500679308	-0.06391837585141366
0.030654992215028515	0.014159276421448746	-0.07280539074613397
0.02854192198952868	0.012292174841577198	-0.07836832261530524
0.025209802052010035	0.028298993186700074	-0.07780649666099004
0.017017470274737677	0.06459642949270289	-0.029052530755795856
0.001131798553069268	0.10132310869862834	0.03603835848800643
-0.009632637725488776	0.10370520177831499	0.07408444737428477
-0.011220102251911418	0.10722616333888985	0.08002411640957532
-0.013237065676637048	0.10988252449310552	0.08881656232129397
-0.014562895590185396	0.11527647045939755	0.0824184941162056
-0.015502319364118056	0.11907211025839173	0.08522105011276776
-0.009972125006164335	0.12501428830506472	0.04468258111230273
-0.00423303167069169	0.12383404277255494	0.03529730787979959
0.001903884991805489	0.11330740545932143	0.004968247910715866
0.006836154796171369	0.08883684369730101	-0.03754520340981386
0.014988413732134019	0.06158114078637965	-0.07993101013924163
0.016612649656951084	0.05027925715714038	-0.0960295602189999
0.0089430851713542	0.043947868473692954	-0.07292210794030285
-0.056305695181251246	0.01884004344633678	-0.04917525278258738
-0.06587151588357523	0.023747282724101506	-0.03329842124226292
-0.06477767682008323	0.03755064361875625	-0.02384681850833613
-0.06107362814505478	0.04219043298552589	-0.026669195509906304
-0.06189684266605858	0.04452223916010943	-0.024468569166918953
-0.06862160294406454	0.02971408861653144	-0.03082481031526542
-0.0641281833421986	0.02844309559266513	-0.030675141888257852
-0.015379464569536884	0.06149626951333017	-0.0477234838404344
0.007284328882354127	0.059283253756439495	-0.07004966761343402
0.016847488805570958	0.03382429375651524	-0.06804749781711067
0.022731236056014705	0.014981384121581044	-0.06243120360487187
0.026987960242092816	0.006045220128256212	-0.06285296590231759
0.026236752404390704	0.006990490405207336	-0.06321425912310452
0.023364123688669438	0.004927016007505744	-0.05463244383360437
0.02219804342789799	0.003994544396522974	-0.04357110112770282
0.024324140091453287	-0.008529933694218802	-0.036271043850943714
0.02381701086217587	-0.021167225919044144	-0.022873997158160426
0.02198975161262087	-0.026079337131869808	-0.01316804121494845
0.023182334854380114	-0.0329978943905612	-0.008780051511935574
0.024734237840391124	-0.02875524251361944	-0.033677519993382386
0.027153691411867447	-0.024941813380398078	-0.032148820174691534
0.0254459095972981	-0.01906279629850264	-0.006918347139247414
0.02590009178927099	-0.018589040274411918	0.006846033453691572
0.026470828368625212	-0.021331939399004334	0.010339790728104356
0.02229482243769558	-0.02041471571999835	-0.005811769197951247
0.023052156657250557	-0.019332313563346148	-0.00029701215923946464
0.021708774119326934	-0.02375797999026153	0.008379109299742447
0.025068396616544086	-0.024786916801004866	0.0028719272778945544
0.02694775616112139	-0.02861713829561063	-0.008119489162205652
0.028322552213891364	-0.02813529094380832	-0.0175634634676447
0.029919499985076238	-0.027947050911774192	-0.01769311987600282
0.026944555960885765	-0.02702634138510241	-0.016898782488861765
0.02722646209979348	-0.029930238307347774	-0.013994218216714184
0.023434865643933225	-0.03343079883553666	-0.020420993657015205
0.02279063810273195	-0.034482464387001616	-0.006653251350910501
0.019231751143622754	-0.0288233271298493	0.003333138934879371
0.02011963240281824	-0.02749824630572818	0.012008273692868705
0.021703611708781805	-0.025348601543256098	0.0013719941348501775
0.021084223901251885	-0.014392620125745152	0.0030056811924455418
nan	nan	nan
nan	nan	nan
0.020376885293043236	-0.008332668347971946	0.0066748396405283475
0.013106209878156833	-0.004566074519084502	0.015675269989981692
0.02255179114905386	-0.01558509420613713	-0.003591141417808825
0.018153542007920718	-0.026573990260870102	-0.01672243715053777
0.025487684033436167	-0.029356936406226313	-0.02260375327483293
0.02410334430485164	-0.029440375485802292	-0.032797104475279955
nan	nan	nan
0.026240913614231587	-0.033810699962046574	-0.02733702956013202
0.025041630264935714	-0.03360952298748593	-0.03272396246426827
0.025565331940021502	-0.034401227465729926	-0.030748012126020362
0.024681983172082735	-0.03230172093294877	-0.0374436846067704
0.024763396439306723	-0.02792134343046047	-0.03565527519245386
0.023566994876723427	-0.029893747750688517	-0.016307006832612273
0.023975785254509847	-0.02790264982311639	-0.023192426651272066
0.023605226185789883	-0.030282619547167308	-0.019154475852533492
0.021713780579497875	-0.02231940388782334	-0.034286352466252334
0.019692486230429206	-0.018683367206861555	-0.027932561092210494
0.01931965395434215	-0.02057894908146406	-0.024261405315657427
0.0205662812169573	-0.02255877838500699	-0.024939452052336192
0.023134892036805823	-0.019408446028795937	-0.03724373793793531
0.023855961285094856	-0.01439357393537787	-0.03113316976427032
0.022374248693999926	-0.009082167739975631	-0.030812363575439122
0.02146116232851996	-0.010301344416190412	-0.013615386411661292
0.022708259177354837	-0.00955230972991902	-0.026350754758236387
0.02230918108599455	-0.010014638211446606	-0.036329197935990334
0.02232928007372643	-0.0008367587112431907	-0.051399313706770325
0.02056034873472402	0.0028957873611075414	-0.027877298139663605
0.022123281762566446	0.015500088563321338	-0.03241335602020513
0.022506999637948395	0.01823068955006856	-0.03798182070877967
0.02345868466923737	0.022850596767036158	-0.05476542052786071
0.02080258815123171	0.024640929291747077	-0.053168506614561455
0.01615505703801963	0.03793296645822918	-0.04098544987822742
0.009433863035733507	0.06262704335523958	-0.010380088080580609
0.009001315980581286	0.0725822517219696	-0.002824814785358421
0.003736427353972888	0.08355420210621413	0.005600875887882044
-0.0011933576228179393	0.08336959256185666	0.01448798659275991
-0.005416792006313215	0.09323809391245556	0.030893871622205422
-0.014649182705498138	0.09923941267488874	0.0420342857093846
-0.027040847058755542	0.07015524022048783	0.02333875028093141
-0.06172349756089515	0.032872008877068294	-0.039670184971799916
-0.07241266890280841	0.011680596166587592	-0.04242667835340513
-0.06868074870019822	0.01961811908053479	-0.041779164781263985
-0.05482851119420556	0.04018305827088857	-0.027192219462883662
-0.054082153991368356	0.03818743197594395	-0.033894108199012625
-0.06235353300888734	0.0036551544468941357	-0.012878916938406197
-0.06878372999871492	-0.004453471041606187	-0.013919164910483034
-0.06755642515998496	0.005645456990072547	-0.01861595584337837
-0.062270094531150295	0.021815421342055087	-0.03995071778715494
-0.0580806970265061	0.028540597955567827	-0.06048168602169001
-0.05180122510194129	0.027088738299568545	-0.06971449002377578
-0.05212521836605721	0.017074075537464792	-0.06079790861039542
-0.05601916869787706	0.008291941185941247	-0.03741912420404804
-0.06589089200446348	-0.001425582377957172	-0.022254845466458777
-0.06829380786201364	0.000758600700096925	-0.030116679263380373
-0.0683560832153148	0.008681060449811333	-0.04171444325293433
-0.0649460932149801	0.007229325838612887	-0.04346864918736999
-0.06862873857035272	-0.0011084058644988061	-0.03042956685591843
-0.06088061128650825	-0.005781513771437647	-0.02765584391840739
-0.03324678940403782	0.03212413238384546	-0.043404709550416684
0.0022369106215793504	0.06280239788110496	-0.061663901595772376
0.005836654101731397	0.06285515778125361	-0.06754051992790425
0.008777525219540378	0.05702790423311016	-0.059062878505601706
0.011141457118657086	0.041155211220640184	-0.04644211092384504
0.014796714409420385	0.04187204969711422	-0.042415014287670215
0.013759759680694808	0.054531557621753525	-0.024919237264586912
0.009307230282105748	0.07529221983983052	0.003274573678593078
-0.004167860059457603	0.08801025745698994	0.03847006909728384
-0.009858344746667833	0.0820199810427161	0.07020892492238825
-0.009489601780896062	0.07604797552132755	0.06337516230245824
-0.007342258134373667	0.06903615639228664	0.04524686820696479
-0.00011875576357566233	0.06542769579354014	0.0036928403165014563
0.014962009112829314	0.034823053068730216	-0.035088649888928805
0.022117243838728283	0.016314128534650398	-0.06877320326612993
0.024147647384410047	-0.00024308142177687967	-0.06107865265104344
0.022413955984956525	0.0024152224283339103	-0.06925285536841035
0.02003355417249521	0.005707289764535166	-0.06269284322734071
0.019363482023437836	0.010709238586169885	-0.06574296499595211
0.01510656107859041	0.03390758977883166	-0.04416997178795055
-0.009349319152333703	0.0730260286500992	0.01304046815580342
-0.02697793131541604	0.08261411739890735	0.051424511112540414
-0.03220246733373641	0.08461493222525193	0.07518406662864685
-0.02651588075026123	0.07536125409195861	0.05537990398265408
-0.011219937488073428	0.09195411364696675	0.04282557181532142
-0.011777719235505663	0.08713666244467842	0.0408183632687598
-0.0531570438371265	0.04960940852414604	0.020595072300498313
-0.07149650239535203	0.003568373654780028	0.0027847155983896227
-0.0775212819560174	-0.01837666078302578	-0.0035313632663965255
-0.07837299330328319	-0.025995584600066398	-0.007950986756921297
-0.07592147588081245	-0.02455493381649788	-0.006957101343273139
-0.07138127203392647	-0.025528206165613153	-0.005782731952700237
-0.0670006355108452	-0.01806963450002186	-0.0051995133876316935
-0.06420250219078308	-0.01000047712181091	-0.012074276913635336
-0.056121091652907365	0.008111813337430081	-0.019917209151549764
-0.01822909594499026	0.07133571542521999	-0.03186422486289264
-0.017789303503862094	0.07659986105417739	-0.0440448390642031
-0.039293939022939914	0.04807482043691279	-0.041759410156609916
-0.0575376790259272	0.025418918999326506	-0.021234033076573476
-0.06204476543729315	0.019540369557279398	-0.016635855533741133
-0.052696220304615335	0.024022483666452234	-0.039178630975093234
-0.052408122779199914	0.01752896893366573	-0.027678917175109053
-0.05741104328357477	0.006561323965600019	-0.00848778961931946
-0.06711197598587826	-0.0023098478580202003	-0.015314370246013273
-0.06240452460612753	0.0028240346061933577	-0.03875186320387457
-0.04415653773342563	0.019936585431727195	-0.06497225251280643
-0.004902778900533301	0.030145414994689524	-0.0578993894883371
0.00973978577144068	0.02747535745077385	-0.07852323329253152
0.017686832184982463	0.01735426993279663	-0.08460878349369691
nan	nan	nan