# EV_1 (96.7003)	EV_2 (15.1410)	EV_3 (8.3793)
nan	nan	nan
0.006549644118472017	0.002600016740245691	-0.022946243980159955
0.0074121367755967124	0.014314609074881997	-0.019826599973931103
0.0072582916707465426	0.023056240562910103	-0.017140531646351577
0.009254447643217898	0.02400538511366116	-0.01354227280157175
0.00908184017655413	0.020002467020941356	-0.01035825201076147
0.007262476115482116	0.020320556984617096	-0.013232060464244064
0.001201266788794567	0.015630308749058772	-0.01676340399774464
-0.005197917329500897	0.011162981820604987	-0.02451024319619316
-0.010641386565293154	0.008272018664675303	-0.025815246086292383
-0.01450965978775584	0.007321522054544784	-0.029229315211089422
-0.016809769123222962	0.010734595744104281	-0.027395381192004426
-0.014057562964880362	0.012340186368591601	-0.02449743021260771
-0.007986237107504323	0.022365341274481785	-0.021466104797940158
-0.0012571678834238098	0.028338406495103382	-0.020233209037635487
0.004599711888888702	0.026026837986218316	-0.016445785155696384
0.011168778449239697	0.0023812296333658224	-0.01697794469100291
0.015702450888924857	-0.011714575268557932	-0.013348486783469216
0.016881237896787957	-0.013765094731955533	-0.018727322136168272
0.016081311932619958	0.003326904228501085	-0.02685542945466185
0.010663069548604746	0.014177478482433437	-0.03260506295208923
-0.0021695175653197755	0.022683351818229114	-0.03025180969032063
-0.01852663708522276	0.015082580408329972	-0.05497317772956431
-0.027021439054906372	0.005121734855508341	-0.05835513046089282
-0.03575900631088871	-0.016047757134301475	-0.03263747135123012
-0.03725485410110165	-0.021544736972998132	-0.026019937650779534
-0.037306231643392	-0.020017814796445283	-0.023200960814506892
-0.03728749667460377	-0.01591208652881869	-0.019384326609036783
-0.041762570189141444	-0.0183342040170664	-0.014373307589487978
-0.03986103043591285	-0.018619319624408007	-0.014305717734756765
-0.04009448626899053	-0.021495583731353976	-0.012331416762895779
-0.0373650561354494	-0.018950242897019916	-0.0183463572669593
-0.035790562228289774	-0.017608392542116044	-0.02554027506127958
-0.03635031421580782	-0.01776511132537522	-0.023881250104311018
-0.03785211426155997	-0.01747655718786651	-0.01892024870774695
-0.038526260638715046	-0.018489737909280216	-0.012172990407495317
-0.037042156586199186	-0.017468802041882798	-0.013185961082366734
-0.038009921198337605	-0.01829735001876788	-0.0065732490531789645
-0.03987135367022403	-0.014929636600843394	-0.007369177626187662
-0.04107763430651466	-0.013244874729423749	-0.004754262591169074
-0.04230606047557123	-0.014239990394382984	-0.01160178416695605
-0.04119687508466677	-0.018909235339243262	-0.011941856771262426
-0.0412187524365879	-0.021993448735529147	-0.014120010866549456
-0.0410498547303028	-0.024303819769260025	-0.02121142659802664
-0.0414998410938754	-0.02391133863970099	-0.02101810333369264
-0.04299482375238955	-0.02413943742646116	-0.02362479960869088
-0.04126818552215343	-0.020630102796879858	-0.028051739459370645
-0.040089952018119254	-0.017850400130792417	-0.02945858717252362
-0.03862701249987188	-0.012661024098253612	-0.02662134247236685
-0.040216144580026564	-0.014729503639637046	-0.01922874179782636
-0.042079344647633604	-0.02050727042400383	-0.02064435868222462
-0.04179762099482771	-0.022240094426396205	-0.018744575630419816
-0.04018670050164532	-0.021117185889722015	-0.02581507875261
-0.038980323275535675	-0.01375110059584973	-0.017896066285532364
-0.03866455934650205	-0.01473916068319756	-0.029574557244268343
-0.03730556553121881	-0.009339794073674006	-0.01873876831179035
-0.03743048345916978	-0.01082578957065172	-0.026304068618354437
-0.03742658966121923	-0.010057699169841507	-0.02191824341597913
-0.036753859684703974	-0.006591652349539414	-0.031512469936029436
-0.03129537205997589	0.002900241469601781	-0.0328543474661836
-0.014305758145695065	0.023134154472634408	-0.036987940148803106
-0.0010247712192243295	0.025429360491753095	-0.03636350697926793
0.013291341885732711	0.00906078704718259	-0.032671469226346735
0.018113508071975707	-0.011567857480787291	-0.01490571813823494
0.019469467466616302	-0.011871585514348956	-0.006605545239311776
0.017588776254979437	-0.00037817705380769267	-0.013771179171283433
0.013593547792175621	0.021384808317372703	-0.024731196705042067
0.008435532811561532	0.032655193700605566	-0.02282553101663647
0.005863348481192569	0.03505567302422741	-0.02345284544027249
0.007251592314216786	0.02609775399402866	-0.022729458213568997
nan	nan	nan
nan	nan	nan
0.010528676902996071	0.020041937431190853	-0.025549448979512307
0.011554422444938465	0.016934488225200387	-0.01921103714995189
nan	nan	nan
nan	nan	nan
nan	nan	nan
0.01171648684268314	0.008753248044846465	-0.010543526764351658
nan	nan	nan
nan	nan	nan
0.014304580839110535	-0.01092252112991208	-0.005958735203027792
0.019729949648915213	-0.03396472893187595	7.6477799971289e-06
0.02071412254320154	-0.03779613287429633	0.011541291388226817
0.021589029361119248	-0.034057594611905904	0.010845509844906244
0.018161138711218335	-0.026063213350901848	0.010935584305717158
0.019587810678484897	-0.02904403976282028	0.004934679611210507
0.017608697312464377	-0.02784005622848293	0.007072697473559743
0.02005419501816166	-0.03213299826098785	0.008560910535205924
0.018956785760615748	-0.029639605633896796	0.010951535592988306
0.018389280359552854	-0.0305736365628109	0.009836182070140935
0.01742776246206004	-0.021026590519922072	0.007888407122278876
0.016757312129567638	-0.012248467742804223	0.007686776358015299
0.01558958948653658	-0.0006236801789740177	0.010874617523149648
0.015761447452644274	0.00038107737893843175	0.01628782963098987
0.016219742953054353	-0.0034316933253106547	0.016142367846005787
0.01779104394756809	-0.007405164904441141	0.0123242773659322
0.01646939371901861	0.0018556483933728706	0.004129458395919577
0.014927974596069574	0.01598916076912898	-1.0190383074265216e-05
0.013979561453427292	0.01378955131214604	0.00580132579769586
0.014450127941704964	0.004072954215470672	0.015216178627967692
0.014854464774802184	-0.0019042459318979886	0.015332088561932933
0.015205941720652025	0.010273492265551104	0.008901811169622714
0.013097700504999652	0.017450226612241913	0.00046296891644647016
0.011627691461525293	0.01557033102402422	-0.0020569975289470507
0.011643634590821093	0.009319561600678334	0.0014015266291680355
0.014582126376126468	0.005394144764571812	0.0009610420139982978
0.015008817680158562	0.012865363820656882	-0.0066859824016278924
0.011911760527602339	0.021597030322944098	-0.01047315845429624
0.00887184999577532	0.036036876057959945	-0.008378391711196986
0.008262395657607202	0.041839632448962404	-8.405569590755335e-05
0.010491866870990576	0.03499817048999904	0.0027899454762777493
0.013543733617555313	0.015255839696256867	0.0016811177325076285
0.016316754170006775	-0.000329672557885153	-0.0007291279733294895
0.014574317472661604	-0.0004937360975795815	0.003442296520669791
0.01172558404289648	-0.0035051417290870622	0.0022931745836017956
0.01211976014598489	-0.00999596579660677	0.004507468680272811
0.012934705562147484	-0.019357121955422527	0.0015576181214337226
0.0162470774523735	-0.02169179784705768	-0.0005564239803836808
0.013888074023251835	-0.0079141191136377	-0.005893690249976165
0.013415768667780813	0.005985053405741547	-0.012206916837527733
nan	nan	nan
nan	nan	nan
0.01244562693300263	0.015673650281555384	-0.020480216965010265
nan	nan	nan
0.013233873123795887	0.013379263538853036	-0.024820287531645925
0.012769934501700527	0.0214654304144312	-0.033684167943706426
0.007953784645192107	0.029920275506065894	-0.04508027794081381
-0.007314977657750316	0.03504624031061814	-0.051867207881882996
-0.0158008431237021	0.026943765457818118	-0.054754808426620144
-0.035159530447660174	-0.0019831975833700705	-0.025224788224249936
-0.04132437145272454	-0.01525015342020331	-0.026988304769918807
-0.04221575901849101	-0.018900720257108417	-0.024817816043487605
-0.04162175137548099	-0.01749896110884645	-0.02181192586373023
-0.040437713795972344	-0.015350531113394282	-0.023055724751062334
-0.03992777188539136	-0.015282858685806146	-0.024798913533147955
-0.03971413625932052	-0.01832361860094198	-0.023221466849645402
-0.0410093046930511	-0.019302335684202095	-0.01886449538965292
-0.04363425199268199	-0.01861733735834484	-0.007130218305742252
-0.042880924034017845	-0.016051150492342917	-0.008325530375940991
-0.043198477606202185	-0.01621046401106724	-0.008554684073190655
-0.04321147087520807	-0.018798575578102848	-0.005821177925152819
-0.0435139229057433	-0.020961630565480963	-0.010202060555882776
-0.043248800703140564	-0.021478436243687466	-0.009083250728912605
-0.043122935169033524	-0.022546742117317012	-0.013528237505848681
-0.04499813784960967	-0.023057424191875793	0.0014352145498935168
-0.04505321196181686	-0.0231464168334041	0.0010465761336358667
-0.045010454936023146	-0.021978138188889676	-0.008052481410444803
-0.042710286289775794	-0.020302305524054667	-0.020670344968372584
-0.04658237504786497	-0.022812190759805777	-0.02195051803570332
-0.04380465292267343	-0.017612682449037822	-0.01833322339832561
-0.043014749084631855	-0.014979142456503154	-0.01970245958550081
-0.04064205923975951	-0.013055357946018399	-0.025204698854365343
-0.039823032901067444	-0.01618480376087473	-0.034021202437423737
-0.03903698827337713	-0.0164408292542147	-0.02844112887283188
-0.0371692446659415	-0.015376262973890862	-0.023318519056010626
-0.03723982370921326	-0.009329030063608232	-0.01702546397954643
-0.03483298043785593	-0.010348323444086245	-0.02175008054554946
-0.034530936227000986	-0.006177833862896335	-0.014599720608065365
-0.029318741225190847	-0.009872055818558672	-0.006999916149810201
-0.029938109659136004	-0.006247744012317711	-0.002522027404275956
-0.028878843643912286	-0.007269027966859679	-0.0005699048561493732
-0.031911462743118436	-0.005189661233699158	-0.004484338193313349
-0.03150463543903791	-0.0038329115105550835	-0.013729003178601248
-0.02635058981311417	0.0037967550479923876	-0.026482033691176788
-0.01571067359250676	0.013343338882365137	-0.037904719962774835
-0.00558098811554145	0.014860732227157352	-0.0334882765753526
0.004559304275363975	0.009871647340698899	-0.024253955944533705
0.007817874356391034	0.009396299051451113	-0.01669963696812715
0.009490500121120593	0.010434662385620744	-0.01424785919032027
0.011443097870370282	0.007586356674991698	-0.014636582190269263
0.015706024460871583	-6.177257484174982e-06	-0.016470709036058073
0.017691311192730864	-0.00548149095864845	-0.014454294578533564
0.01741091190799674	-0.006169492318581659	-0.009411309750092578
0.017518031349471587	-0.012325914175374273	-0.006082433034611437
0.017769345272289214	-0.017695783233036593	0.0007571502591381014
0.01976496897530651	-0.028508598761521297	0.004028833900433557
0.02107640578777656	-0.038133884864610085	0.009558797177161876
0.021378202763023182	-0.03652184498358297	0.007922371996541219
0.020761038582528906	-0.02740244900256011	9.387702532956052e-05
0.0180275035788324	-0.014161829609192935	-0.004738400753793139
0.01644783269548617	-0.0040811264392602385	-0.0008643172864911605
0.015213854567962277	6.667183135370678e-05	0.002658003780421282
0.014679285267974872	0.006726847009052455	0.006597631059700158
0.01617795665530483	0.005384192346793533	0.006685891103217104
0.01715486132376069	0.0051100929149865805	0.007163069460352462
0.017810284861841975	-0.0022832132504766525	0.008755245866514027
0.01894737503013128	-0.010905451221282112	0.009878886410890646
0.019698062001639097	-0.02227403497390791	0.007991813684323477
0.022959700768258862	-0.031831869584759184	0.008182387602207688
0.021666601485753743	-0.03127491105015037	0.009291010150003786
0.019870669820787685	-0.022316834462115884	0.009320237587666369
0.01804486572838711	-0.0056687192326460864	0.0008826664614140743
0.016673044401240032	0.009129548373573434	-0.0060275963889160344
0.017871332215592454	0.02423956417190127	-0.009356245288583854
0.0167100124176993	0.022570082445301554	-0.0061327809291912075
0.01635478754206846	0.018014758738653866	-0.004640181323330786
0.01510581576312875	0.02071755045004293	-0.005295523491896744
0.012543064888495735	0.03184872955749936	-0.010972812112131575
0.010169600244496441	0.04033741847418616	-0.016096785577017436
0.010057951620941832	0.039266516379643575	-0.02277193626706891
0.011327086375215121	0.03175879281905403	-0.030548635002144893
0.011612310979353013	0.026799410324739512	-0.04056920983751597
0.006414805232401049	0.023702036765178278	-0.0469404012360249
-0.005948225733575736	0.026219980986477886	-0.0509233439154924
-0.02120508756339658	0.01797714620479776	-0.04534216744357125
-0.028459866376908137	0.013275263304464395	-0.05324553063506875
-0.032793580362971884	0.009326620440985235	-0.05389204928647253
-0.030511760942810384	0.010591469520956845	-0.049629397662425925
-0.02593704786980162	0.014843094902988139	-0.041964979378482786
-0.021945446088755743	0.017940486428968	-0.048561725817076976
-0.022134832851043732	0.019047355068354633	-0.060433829539925724
-0.01848689429984063	0.022906629562266575	-0.0531021996459638
-0.011677917013260961	0.035494179209598214	-0.04264913592869023
-0.005458334386615956	0.04191009223202725	-0.03434363044179476
0.0011705230354496607	0.04098929632939484	-0.030741054315511263
0.006753744205578906	0.03606213263331202	-0.028997597118612644
0.011573140430243408	0.022754923475244448	-0.01821795510953944
0.015846910919250373	0.0025616861421686454	-0.025075555671189152
0.01628300468753665	-0.011902717246882988	-0.02090869069835311
0.01407210169566889	-0.023039803897494576	-0.005319492637688409
0.013322754549370817	-0.02761967024758324	0.0023512279330195496
0.01492273972971634	-0.03104043016556529	0.00640502690660422
0.01860378455464781	-0.032931235330127456	0.0034027986973447465
0.015311573425271806	-0.03564645387478151	0.006864789201879105
0.015624093228995505	-0.03778318728805138	0.009930028817593294
0.0135229786606573	-0.03621647033563716	0.007791974727026787
0.015998080738252936	-0.03234304410621471	0.008804532263275993
0.016012372240165763	-0.02882930584674448	0.008391432196198551
0.01717687324832596	-0.033250542806193654	0.011309738601821741
0.015039225720750574	-0.0352463061842053	0.00921362716103125
0.015426411600718353	-0.041372279056476155	0.006559853399694024
0.01605113223053305	-0.03505657630858981	0.0063606222991040105
0.018781764562125488	-0.03637264882543952	0.006973845374557482
0.018590170857265685	-0.03283778489830135	0.008257297698934421
0.016483957236989838	-0.025551589049696653	0.007232963877700688
0.014725512199256535	-0.013026258751113072	0.007321229093917521
0.0153616696503754	-0.007274425612150669	0.004928004440326568
0.017360529691802566	-0.0038156826412101908	-0.000376752105600401
0.01816834322390591	-0.0003262616373921788	0.001960995301723667
0.01763268392291173	0.004785985567915771	0.0036078202731627436
0.015067146132288826	0.015310296347675677	0.0025491629434773334
0.013124953262292557	0.025756564916924542	0.0026793425212777652
0.011036211507786352	0.03831736755544869	0.00032595110846856193
0.008130270919135926	0.04133647967536161	0.001071010856563661
0.004270242820903158	0.04858030925800006	-0.00028679980491431306
0.0001930809045817798	0.04759847062566778	-0.004714195246686943
0.0020980685806884073	0.05125032386422307	-0.003708846858548849
0.0032191802704045563	0.04598350423743226	-0.003040115838071376
0.008275231709002176	0.04379037400797828	-0.0032411065185209125
0.011951195727360548	0.024430095414921332	-0.002226029578204225
0.014502265542886247	0.002723758543478372	-0.0035739257781007786
0.012583636022040297	-0.008507186195712049	0.004022124018280535
0.013944446944681575	-0.008477922928056271	-0.0003674731710579752
0.01347601946516998	-0.0004022598851409009	-0.003963105126950219
0.013398165623524047	0.010070377642627025	-0.006938331965208695
0.010370346014199784	0.019086137380246303	-0.0030950911420371367
0.009948205540634594	0.022851624263597485	0.0005901244333510625
0.011374972033449721	0.024452532576086535	-0.001440257752399074
0.011834991760347437	0.01779919550217547	-0.0037197374231268347
0.014168197014383665	0.004191747972988066	-0.0033249164783491943
0.014768487055229824	-0.008497151058447987	0.0032997805645126783
0.01609625219197837	-0.007737717738142192	0.007694314581621483
0.01406880687142784	0.0013992347062605343	0.0041112115809170836
0.01491345121107825	0.0022324547240528745	0.003041475173958653
0.013146750976043372	0.01416266661720034	-0.006464247623802068
0.009764542916848041	0.02732335075166106	-0.013326127951730065
0.005059891496069772	0.043879230318066675	-0.014174459298981076
0.0019758910428134204	0.04415095896453911	-0.00234276601152175
0.003954038868579177	0.04496524721732268	-0.013725781327315674
0.0047390370630362765	0.042504639986212824	-0.007853392055912997
0.00883065803105237	0.03152677202924379	-0.008916372636651305
0.013586222391916659	0.009185816105495098	-0.006132712541123908
0.015628821859132357	-0.0040567881783577335	0.00019851145802938716
0.014438328582445405	-0.006698705422130601	0.003779427740131465
0.015956378051153776	-0.011537070174723565	0.004118861664280127
0.019480209533578246	-0.02393860273829139	0.0006427825738489941
0.02054559252089393	-0.026897708325742634	0.0061028811952747505
0.018797091711416167	-0.028291222891110787	0.013127412874327067
0.017580484362632535	-0.023090082896097607	0.013752145990523847
0.017595228710101423	-0.0282678124198667	0.011187775872246503
0.0175889063155286	-0.029732672935159504	0.010758988305979277
0.01768006872095303	-0.032997220241697316	0.00979966014447511
0.018245067622188707	-0.0306273143858089	0.011011018191907505
0.018638426589654634	-0.033869602258056644	0.01194300234111942
0.018961084837975373	-0.03666223726418	0.015380294279512936
0.018534457443693104	-0.039789446145533036	0.012259875453764484
0.018632168183088937	-0.038360651045013794	0.011262848051704062
0.018246417157676012	-0.03179745798439354	0.015611341452140399
0.018103429957941106	-0.03003701985475142	0.017717187102972463
0.018302749926349022	-0.028222708156370308	0.0167395660030063
0.018908699543406172	-0.03476165612844872	0.013384022959841738
0.01802048761040923	-0.037217814093331573	0.010888918205641088
0.01704697453325568	-0.04118701503676499	0.01058064040888693
0.01591769759261716	-0.04108731512451778	0.016969590878995994
0.01672136525897265	-0.04136006104028884	0.014954236484524873
0.018608959862305922	-0.041578100846116704	0.01606892982107011
0.018827635793924366	-0.03933432736681838	0.013702394319890624
0.01804159343432014	-0.03694797467534174	0.013572969640054113
0.01818771179732866	-0.03847727707429209	0.00829156311217241
0.01954905991432011	-0.0344732900363721	-0.0015353585723831761
0.02052170004477269	-0.030055523269928674	-0.003699180992751492
0.018688828367337415	-0.018590647326183766	-0.001218503336740593
0.01917606989320918	-0.019120510113058254	-0.00154215734229924
0.02083442242024073	-0.01887083659997192	-0.004495780828808291
0.021071587606183467	-0.02797537461519876	-0.007918483613589166
0.0211636722134267	-0.023433879729736724	-0.012104107805316094
0.01978966823718585	-0.016535736171501964	-0.022348264214827718
0.01993930692658245	0.00236139722831262	-0.027426891322102385
0.019426655199764015	0.005092414089964676	-0.027420574364794847
0.016808778015911234	0.014242482787425868	-0.032050600733390874
0.009562130471946111	0.016057498068555717	-0.04929078134385946
-0.011314581181668908	0.01919963285245541	-0.0835017396573928
-0.033138578297814095	0.009198602015505049	-0.06865524566384008
-0.04294667281335245	-0.0013567650058376015	-0.08212805652086266
-0.04697153877335128	-0.00945103042133741	-0.07436248227470456
-0.04728948635486667	-0.009454467872115555	-0.06798937057245363
-0.046463771703814286	-0.00938054760577804	-0.06004796495405514
-0.04543215540853045	-0.010159546589894831	-0.06728460553027502
-0.045912587307626596	-0.013827504495324524	-0.06519706700628013
-0.04342213561224046	-0.011183079930350968	-0.05569642240528083
-0.041875712538163745	-0.005503428151178116	-0.04786316484418193
-0.037245879484941305	0.002805218860388889	-0.04970972673860398
-0.0308328810742646	0.008684185762690975	-0.06573390904511796
-0.018330569944433592	0.015575430658358523	-0.0633179597462569
0.0036066974566352676	0.02077822528036299	-0.04525212713775569
0.008562128905490818	0.01698434253487164	-0.029322536111214752
0.009077575405490456	0.01453591423627826	-0.032680357382356334
0.0068502020615608655	0.021073585830468332	-0.0395761354648424
0.006613882495606824	0.02832678429421699	-0.0450897286007864
0.006106121718369842	0.03439575873481127	-0.05012064594203794
0.006227726875679143	0.0389113219942591	-0.05630308344994399
0.008203313460699564	0.03222250039725515	-0.06247296481098301
0.012255107486137298	0.011362944292894783	-0.04700427859393433
0.013462004249424314	0.0018108389158251533	-0.04942685746851916
0.008179182886714051	0.005449736478106734	-0.05482084608394032
-0.02177804139488033	0.006631196772664109	-0.07558237949051805
-0.039289956977339585	-0.004378048082453685	-0.07590882573908678
-0.04666255308707968	-0.012300702446016974	-0.07447651924433457
-0.04842522700007389	-0.007837302409087917	-0.05805235832625347
-0.04688211640116243	-0.013097108738118975	-0.05338014282372899
-0.04647344150424728	-0.015163842893100606	-0.052878789521039006
-0.04542755064673968	-0.01954708264013148	-0.04964895459385549
-0.049100059578811396	-0.021936864434735623	-0.058268759957872944
-0.048697130841490986	-0.02238105445412297	-0.06085780237438738
-0.04916635480230659	-0.02261708869043843	-0.06613454464666806
-0.0479743906735883	-0.019985801240788182	-0.06565153622808076
-0.048075501731123266	-0.016097089398092516	-0.06976373850652616
-0.04808929978207171	-0.015901386554841003	-0.07670723734093883
-0.049248103659332645	-0.018492338769568288	-0.06832956824845318
-0.04757743163552108	-0.024816983521606058	-0.06522992862950508
-0.04843529827537384	-0.026240524027280148	-0.05196434568637618
-0.046044775573416054	-0.023317224446532975	-0.05653170565540425
-0.0469382139945043	-0.01981160759220333	-0.054738821374928526
-0.04493341026074663	-0.014674182968123384	-0.06620599217092536
-0.04655698600272612	-0.018342526664248557	-0.07887546338877888
-0.04646712973735121	-0.014659211080319695	-0.07013024057717836
-0.04776925991631399	-0.015153084127666321	-0.07148418912842532
-0.04544307945130173	-0.012997172272980017	-0.06252059892737245
-0.045745922517040655	-0.01657638262233994	-0.08513235796204244
-0.0471908796033876	-0.01785669592090811	-0.09277503813308803
-0.048869410941176264	-0.018778627238878555	-0.08265830701769142
-0.047994473690413084	-0.014532051677479499	-0.08383751878256518
-0.04542691553210228	-0.015277056989172378	-0.08366848422519373
-0.04458331588121823	-0.017518870822757014	-0.09250751613761161
-0.0447966580782752	-0.021106988540242563	-0.08930192821922606
-0.047331348049138355	-0.02065542786001031	-0.08942903240084393
-0.04658526674579753	-0.016578656736602557	-0.10349420673121044
-0.044907572222810686	-0.012095617154175441	-0.11779954599785389
-0.041181439955768014	-0.005928287553266758	-0.1176126458039449
-0.03657239057918394	-0.0013700229313167067	-0.11247266248701354
-0.028397218272328172	0.008298222868522066	-0.10105997040548165
-0.016738430646102004	0.025893365883968275	-0.09119337062898204
-0.006876356420315316	0.04221377098438085	-0.0960949615491364
0.0034857356639969115	0.046209590515174995	-0.0911076547367753
0.009432979471340327	0.04101811325603929	-0.08576071371226118
0.01368651483235616	0.024533425998903298	-0.0733608918986116
0.01742774272627101	-0.004942666273006792	-0.06408687517376842
0.01776177819817797	-0.026324656096219264	-0.030033968816103516
0.01567585402162161	-0.03527628465047495	-0.01139120111556477
0.01553538695152698	-0.03562785803421585	-0.01026339266016949
0.017990871143949975	-0.03794335374737841	-0.013677317405137873
0.02074019271181916	-0.042659820698423105	-0.007989270468977495
0.019286022855799397	-0.039957398938327365	-0.005067902530337436
0.01632147099874273	-0.039004396956238675	-0.005595404079272937
0.015008267888163937	-0.028581930956239145	-0.016975409263115325
0.016691060029658956	-0.029777909908464555	-0.021955981146452353
0.017890210143626902	-0.03032502053482569	-0.020061872920746075
0.01956544873842415	-0.03421160346094453	-0.018229121269842524
0.018480813337092925	-0.033601428793072714	-0.014256400137860278
0.01848377544241737	-0.029721133153764887	-0.014681245256543601
0.015462316759052807	-0.01620495077321436	-0.020383862328274924
0.012319877003735918	-0.001378982804396381	-0.02308995222252836
0.009092701660788226	0.008150253610500742	-0.028340766502086563
0.008208169008963663	0.010788482677563936	-0.02409811152280137
0.007433844195369519	0.015179035258850532	-0.029198429842927767
0.006784798473371269	0.023565650287575336	-0.030833525436685848
0.00652086457779954	0.02393600272808206	-0.031261181911906334
0.00587638154327169	0.026315418914936297	-0.036879672492204384
0.002666931786962979	0.02241962161899878	-0.04748916673580088
-0.0032057212217696707	0.03065981898793439	-0.061112830200032955
-0.00971366768007254	0.029754260284759096	-0.06829360473636956
-0.017565978911645633	0.026863584967199764	-0.07363601372183087
-0.026189068050070336	0.014811759609193913	-0.07937073378274727
-0.036634114400056955	0.0095088228850016	-0.0667145600917515
-0.03789280083180379	0.012721784045206587	-0.07776562863779607
-0.02878957732071597	0.024560541743433164	-0.09005465035817514
-0.01490108147219082	0.042838524818569076	-0.07054714475681093
-0.0028414718837622257	0.04560044707453867	-0.07358146193125437
0.007365164232960002	0.032535311795874676	-0.06668275134723957
0.014049964037734768	0.008816079432871696	-0.05049649172182966
0.014950042074945862	-0.00047417904157215975	-0.04596271708277266
0.011484074135033715	-0.001964209261584769	-0.03815611637211046
0.01227222025129895	-0.003646411104979063	-0.039339783198365424
0.014295739686561608	-0.013986064207667124	-0.025924483162088847
0.016818995146550945	-0.01913307659431853	-0.026388873851108698
0.017273232545341032	-0.02661109269766203	-0.0175114404372972
0.01691513428139957	-0.020389849125532815	-0.02037929044949966
0.01797501051039082	-0.025679802104406874	-0.021358475771844812
0.015589077985088073	-0.02669858997599411	-0.01485148539014562
0.0175890179746559	-0.035759391881030646	-0.013022995352554228
0.01654332380673234	-0.03154164460156793	-0.006414632829624848
0.017383069844149182	-0.030878721702147047	-0.007899093570784256
0.018691124782501387	-0.03446224780103655	-0.0046240007598191794
0.020850961177473787	-0.03355585331052578	-0.01053310875839971
0.02152297498152822	-0.028825808458462897	-0.014435846999024955
0.01880662530497801	-0.015050374233570002	-0.014805542895036442
0.017682203622696097	-0.01192349374843514	-0.01571170237576577
0.0165749926366331	-0.006841523062395977	-0.024395651316116988
0.016292291559436366	-0.011301906571611588	-0.03190020717026254
0.012974954949341113	-0.0011883326421214713	-0.044874607360607485
0.005200729718341918	0.015064552208549927	-0.052219866727663836
-0.009313375998052029	0.027070433578328203	-0.05028053851554168
-0.025891762632797057	0.018389253921277333	-0.07225935129186378
-0.03278165202980275	0.0005003825615090293	-0.08196129237284898
-0.03760643570059919	-0.00889116765955014	-0.0751542144327687
-0.042362239100024415	-0.014057316702953543	-0.06090818435553042
-0.04456109469076923	-0.011117143562708006	-0.05031056699469155
-0.03839078972348978	-0.012176279967041502	-0.04667601517687723
-0.024664005977886507	-0.014416959242681432	-0.04744428385963083
nan	nan	nan
nan	nan	nan
nan	nan	nan
nan	nan	nan
nan	nan	nan
nan	nan	nan
nan	nan	nan
nan	nan	nan
nan	nan	nan
nan	nan	nan
nan	nan	nan
nan	nan	nan
nan	nan	nan
nan	nan	nan
nan	nan	nan
nan	nan	nan
nan	nan	nan
nan	nan	nan
nan	nan	nan
nan	nan	nan
nan	nan	nan
nan	nan	nan
nan	nan	nan
nan	nan	nan
nan	nan	nan
nan	nan	nan
nan	nan	nan
nan	nan	nan
nan	nan	nan
-0.024894429335295534	-0.015292716075059165	-0.04935430207689019
-0.035967330134131614	-0.01301904165726404	-0.02838077009626673
-0.041059260114173914	-0.007378247205934274	-0.04202045113059525
-0.037137581294351935	-0.004331366591076465	-0.024399290530269627
-0.03609612547817877	-0.005354021886297532	-0.03361022942291764
-0.03678448570213867	-0.010982439532867486	-0.024223429599099604
-0.04100339413014385	-0.010858148809129069	-0.024516235804087818
-0.043226617546606574	-0.013338069239010767	-0.02107581108199487
-0.042428217242113944	-0.00954591429936693	-0.02931627773222942
-0.03408344932006724	-0.0016993650243473978	-0.031484015456309564
-0.014496983270617448	0.024695167016960794	-0.016447864845953755
-0.0004363817238248039	0.03415267344252773	-0.03479625771634451
0.006277611399862298	0.02200271472570167	-0.03272108392620447
0.012784579201825968	0.003492887780295002	-0.022144847545014935
0.014393587855172633	-0.005793688926168051	-0.01331854803487934
0.016561028517069202	-0.0015335626888346712	-0.012482678024186178
0.015635458806748617	0.0033717574362258093	-0.011565132034012368
0.01719429954797807	0.00022194652244084966	-0.019978323459117205
0.016847188178957848	-0.010078723828906783	-0.01667914247144882
0.01596901031436612	-0.02070902606712047	-0.012390428792913345
0.01618638804464109	-0.022909956771827417	-0.008556686241141944
0.014070761739083065	-0.009304994651896634	-0.012583876554813375
0.005962683112768636	0.02314329986206931	-0.01741300704811073
0.0014703666944252253	0.037216451155605984	-0.01990213468174618
0.00022573834749570112	0.02884822523256578	-0.01444494935473369
0.005635204054830563	0.02343863979888614	-0.003104797971026272
0.010229286127499767	0.018045714627144483	0.0023960117648813006
0.010395526343922252	0.026875493711374168	-0.0026233391464523872
0.00996517708356342	0.027975590013288736	-0.008410742841016942
0.0025224092509763653	0.0304647194834357	-0.018300727864166456
-0.016818850541980932	0.02258096168186716	-0.014366244344673299
-0.046737378083497996	-0.001758756653001141	0.0018154220861749532
-0.050973775288135695	-0.011258617399348652	0.004043915190465368
-0.0478722074787321	-0.013583589679402465	0.006931478025033473
-0.047110006842685466	-0.011160905406233013	0.018725273507325634
-0.048756308277444906	-0.01171177826723589	0.007605411193573781
-0.051388395286879315	-0.011862017860064532	0.010840113567686611
-0.053570998651406646	-0.015287540894290273	0.005545113313406944
-0.054621769949561694	-0.017480024395590422	0.007140212826137367
-0.05282774625051815	-0.017567047562700635	0.0041124825815144345
-0.05346028439748025	-0.01887582431232752	0.007906694179906006
-0.05160132289755011	-0.015982001261125253	0.019877141385394786
-0.04724805976323501	-0.01304792594552919	0.026206063265746406
-0.04676852521434738	-0.008422682851232492	0.02921166952267825
-0.05118981735676098	-0.011701290768947823	0.013381079362565808
-0.05571872959951876	-0.011907879573784167	0.011165365308141488
-0.054695389981493155	-0.015937089440858202	0.003053037719322374
-0.054571599599971536	-0.016964717435369515	0.007711066675169902
-0.05475681731062896	-0.01991546728312832	0.009382513041381234
-0.05474854990433218	-0.016323506747231258	0.014514660564181547
-0.05541332733258594	-0.0153855671051246	0.004731052624509596
-0.05595381514652568	-0.01495011575628141	0.007647824414568037
-0.05549512974414576	-0.016732263968905814	0.0034551136583336264
-0.051555884836527156	-0.016919514451235823	0.002272819434912199
-0.050539843634973096	-0.018530461430071532	-0.007601513107567424
-0.051137064549941	-0.017020469591469047	-0.015892978382196575
-0.05157080216337537	-0.015624275972719696	-0.015137153492343715
-0.049692169086690566	-0.007715267946276195	-0.019192963241999275
-0.04123235001253477	0.003738946760212959	-0.01605601459167326
-0.014973539609101388	0.02921550317043365	-0.03802204228642031
-0.007627280837187056	0.04264363277741556	-0.024233945315935222
-0.00518537880806191	0.05264095191607453	-0.023296930549977248
-0.009264466021731617	0.056429332611505206	-0.014008520014139481
-0.011924482726093286	0.05423373068134125	-0.027032422529477136
-0.011197091079728548	0.04903487695896047	-0.03529066435413843
-0.0032103962492541728	0.0451230933394444	-0.03796376734109413
0.005169375349231608	0.03551036075212677	-0.017014176384926784
0.013742978595634593	0.022899187298547053	-0.02039035620002431
0.015625783475012433	0.011341055634075491	-0.00834122279667376
0.014329530427162111	0.010983855967037647	-0.0003027266393820713
0.010763453291436685	0.026706022676163104	-0.0005309117089441397
0.006312175260527309	0.042291771442367926	-0.010229584226315622
0.00314026970740067	0.04701542864144412	-0.009518947295831318
0.004787378702428351	0.03387861004202602	-0.008904239634272292
0.009296303053425752	0.021212622975188673	-0.0019242514437818638
0.010421345587991383	0.02130798183356856	-0.010410467447846725
0.008273168341001292	0.027403224444297686	-0.008247878831563254
0.010335569697352921	0.03143028131753263	-0.01242284590064419
0.014905741507585873	0.014475911142018419	-0.007530541498811785
0.0173380326893003	-0.011295994403417432	-0.0036888581524351927
0.01779552681748131	-0.02516114014679425	-0.006409584428217319
0.017067807019244874	-0.022710413679811078	-0.008092800223901523
0.016449777341847067	0.003083683318441883	-0.018841577017179586
0.014323719080168749	0.01689538401873393	-0.017360783057296433
0.013090804447811268	0.029459065531291434	-0.018330516472222648
0.010481537727874754	0.035594998020425775	-0.01629827277849697
0.004744181287224886	0.04563510444650896	-0.01294611450895368
-0.008832715043468164	0.04844603780142651	0.002745817356089704
-0.02577668950015163	0.03390668758709185	-0.015595296522740084
-0.04001188178584508	0.016568752211323465	-0.018708015150640536
-0.04838925941373487	0.0025395095993161086	-0.016579831925450893
-0.050626132784980994	0.001862656534425333	-0.013122620728396747
-0.045931183124665584	0.002258744524216259	-0.01707391614953852
-0.04044345137581511	0.013579617619837395	-0.020526668101590564
-0.03177169541386912	0.027199409904027326	-0.018221473248377328
-0.020919635355110253	0.04458300906552797	-0.012145527389838574
-0.007609320518997883	0.0540034955484947	-0.024995860203142158
0.0016189492196969617	0.039295334990183055	-0.019145884890951786
0.009404189633302598	0.021727485442619314	-0.01311842564881688
0.016340443855351508	0.004967024954049343	-0.013448069463611965
0.018684155142388276	0.003659052124432126	-0.02277084332965963
0.014582272362820227	0.01366924319115558	-0.018291449736643775
0.010528675325783688	0.026793342657497235	-0.017182897941709588
0.005315195555947975	0.04032210083151404	-0.015384815233983391
-0.0010978892008600251	0.05137720934345483	-0.0024883740519667727
-0.005390786792842949	0.056187776844696204	-0.0028850755083913676
-0.004937819969021372	0.051520187497809046	0.0028977587674514187
-0.00859495209625343	0.050638032745765796	-0.009055999301156187
-0.007039527896485026	0.04377576648947299	-0.003210228368875339
-0.003980084676560992	0.04106464673704973	-0.007268011765043252
-4.3663351042848156e-05	0.03863524348045952	-0.018905909549505256
-0.002879019496989	0.03604393389591512	-0.02383830082283605
-0.015927412215971083	0.03039786977597212	-0.01780371729518756
-0.029497882486027985	0.019654069069683925	-0.02163152172920163
-0.034482824524804785	0.015303409687650262	-0.021652638332943425
-0.037185504052624635	0.008781067723916194	-0.028309517491826232
-0.03756593169557527	0.009468775897811197	-0.008185557484148252
-0.04063507287868767	0.00889708464999441	-0.015480240160211333
-0.040326406532283685	0.01036359855571785	-0.006518570858297788
-0.042616648274834475	0.008454171911899063	-0.021270051552512544
-0.03921219209486204	0.007986939274494509	-0.02056013787360457
-0.03758145891020339	0.012562565993770433	-0.024903402315221305
-0.03188468447965112	0.018144877072507767	-0.03282908469765653
-0.027692411808041495	0.02009299239070605	-0.029304137440813696
-0.01709218253741716	0.02062285078717673	-0.021263818434709984
0.005306951949728702	0.022023135180700593	-0.017401595058901355
0.013513760353016185	0.017310930660586206	-0.012646914633526374
0.016499542642813274	0.016923140319167144	-0.018514920426512458
0.016427394083135836	0.02213739308429702	-0.010124345104384744
0.013679632914949644	0.029561273779237784	-0.011143610169685002
0.012844117147654415	0.03323019635442619	-0.0032553915746813215
0.012895705233487792	0.030890084487958616	-0.0035758942576167
0.010556913886557827	0.03188236820981527	0.0013292655617781722
0.007607040830857547	0.02620978944030938	0.005755770859994957
0.003822442868494802	0.026650751680964032	-0.0030900506953574296
0.005346806187787934	0.019733511168395904	-0.008418868981193081
0.008130571369366422	0.01323879076450288	-0.011495063806376042
0.00958502130574524	0.004766151291481638	-0.00472248297238652
0.007008886185245528	0.00914429782741151	-0.0008000094709944856
0.004844977472022483	0.022455271619499208	-0.0012404473504417004
0.00563622689931214	0.02838355779474098	0.0012400687382361948
0.008687941523943128	0.03201170839063775	-0.00045283190694337186
0.010747716400512463	0.02988692397238245	-0.003964925988774987
0.012409928145522052	0.03483471992493371	0.002006923802317432
0.01411051812261504	0.02663316918157319	-0.004845406019834575
0.017508842458306865	0.009498712547915561	-6.478795306980728e-05
0.020968037576686957	-0.005513316190541009	-0.007605121774976974
0.02325472954503569	-0.01772348396160096	-0.0021434941648775727
0.024001763887460593	-0.01516217732406233	-0.00044311735821010376
0.022165986270373597	-0.01949915133859711	0.005286754687391305
0.01985329975894915	-0.006872575057477773	0.00788468071693508
0.016459024988709457	0.006868184880995816	0.0016727703578231813
0.01083639868797406	0.030767252371394407	-0.0034062604171362088
0.001023912681601834	0.043873633914405526	0.007695357168293225
-0.0006492522744424522	0.053116206571495114	-0.004463958774963952
0.005060426858315618	0.04239514919730604	-0.013717066119579877
0.01759409678765753	0.01933670470529188	-0.012082949213911991
0.024564439184350893	-0.01408570115860575	-0.0040178880913014185
0.02385613805371866	-0.011721790043921208	-0.00711639232368479
0.01829805149477125	0.012523865340841028	-0.0050024373256728275
0.015106383409658846	0.036550330945515394	-0.005939888957559324
0.014071188478771108	0.041658784574560404	-0.006085989201137535
0.011837917529460097	0.04308062006016985	-0.003725481554729867
0.007711813519695153	0.03816350534372928	-0.005907845522178486
0.004480234423378403	0.04518712152108577	0.004690678646769231
0.002819801380616378	0.04283617995302616	0.0002137489406709176
-0.00018834542730502315	0.05551722733958378	0.000546887869154758
-0.0027411048312036422	0.05912094129554661	0.0016777468165390034
-0.005411548717588766	0.05526802666872967	0.010559542427094115
-0.0031355823337165106	0.05366750353909875	0.0006730352601166129
0.0021572020195980476	0.04362492453592577	-0.003462975344244075
0.012008559936585634	0.033167002559602386	-0.012952728028540294
0.014707458161461299	0.022850488425380917	-0.01676790025031929
0.008195436540690732	0.029224044853180475	-0.030728529323304513
-0.021051832010997053	0.03747921990911676	-0.028509142220459922
-0.04460430478451022	0.019759111964629126	-0.005810145302399858
-0.05203933215037821	0.003346178818059206	-0.00799103578496127
-0.05397137445859178	-0.007646105393793866	0.00018560602928564818
-0.054421968795438626	-0.013075790241395949	-0.014635637384088011
-0.05600149957873975	-0.014564967972157438	-0.007598302063842717
-0.05759720802316439	-0.015257072226253507	-0.003470829622205039
-0.059084240468533965	-0.01621373211861941	-0.0026148508829808084
-0.05919249941302534	-0.01776836894488362	-0.0018373617275878884
-0.05816364496067655	-0.017174861433631054	-0.005843925081774948
-0.059196094077240365	-0.015827571166467547	-0.007643744757847931
-0.05704271515353387	-0.010747347802337201	-0.0051275863916009565
-0.05759382466556584	-0.007814432445314799	-0.013673317140710246
-0.05674666471091088	-0.007571541893182303	0.006908168402510344
-0.05673246301186516	-0.005803110039270702	0.001417042656437606
-0.055022789336844194	-0.0033273639648013138	-0.0022003500163769035
-0.0545581547332739	-0.0023122336930767114	-0.013273729639012792
-0.0535247923229009	-0.0056408831676889115	-0.02056499498276247
-0.04994139977188854	-0.004867323293861456	-0.023515449205065982
-0.04778142301598928	0.003319156378780503	-0.031539247862350295
-0.040035122024557085	0.015138282265368244	-0.026709538703889136
-0.01684884244846241	0.0443479559038429	-0.03281068368371791
-0.006120514894530343	0.038194771626973746	-0.03196835482708602
0.009145979809714383	0.022884546631510592	-0.02443337479563712
0.012569322256048433	0.008495300525180693	-0.020508434680103133
0.01163343600502588	0.011752534923769814	-0.03123253086059293
0.011361457585787854	0.006537886636536081	-0.020739961392116285
0.014141948756651451	-0.00251524130896513	-0.017789810734486426
0.01599378670164107	-0.00830462291581543	-0.013315515577942215
0.0160651833194013	0.0013996369437144726	-0.018940308581038155
0.017533665754270324	0.0043882901862717745	-0.015751781507997536
0.020713384385994668	-0.011825435077718844	-0.005395036767689522
0.021537091847256717	-0.03165717094526772	0.003051396116422647
0.022419240706391178	-0.04093701907375864	0.0076851580934528575
0.02291582931681653	-0.0308854163168076	0.010152169014374242
0.024148038594011895	-0.028829566023125846	0.012070599722084881
0.02480556949313651	-0.030007009537292042	0.00883873840723463
0.025313157936869436	-0.03314905271586175	0.00858811862347033
0.02532439603594734	-0.02478573208836813	0.010609468103618949
0.02280294856784394	-0.009350855237320195	0.015507672276102757
0.020917331723878364	0.011618469337200692	0.013210694957474615
0.016668446373365113	0.03066397857542401	0.007616279436120666
0.006262736928543178	0.049334536386415405	-0.005512362209644091
0.00034934672547086605	0.05547176517128849	0.0011738674071987644
-0.007374280085312209	0.05719555938315638	0.005393853920757589
-0.031556338421969705	0.04180515686752688	0.010882907413244429
-0.04702097194672562	0.026436402700768285	0.010509535242071738
-0.05503176172300973	0.013933088746468189	0.026187958099791436
-0.05753731226367768	0.008766713752562287	0.025781161765906134
-0.05890190488534625	0.0044899772805486815	0.030865866764592638
-0.058261525428016374	0.002221840296354854	0.01603907344761303
-0.05944453353007048	-0.003338024335459602	0.03518272874036922
-0.05647314839071901	-0.0016813258614824546	0.03808318384982084
-0.05554663539382467	0.0009496701944445506	0.04554958260818661
-0.054545834140828184	0.0034910359151128006	0.04140796541851981
-0.05870292528962557	0.0032224613593694927	0.038108542713530286
-0.059807377719197884	-0.002234858285095646	0.034067740873633165
-0.05868010987578742	-0.008308763986795357	0.024150312375154498
-0.05422307131822924	-0.008578724548382644	0.022542622378664876
-0.05273942720313689	-0.0059053487018138826	0.015337859471218226
-0.05253018275111052	-0.0006510529006438771	0.013796329336565702
-0.0522328765530232	0.005258590645197598	0.015722552820300814
-0.04530990183365326	0.02582579704165312	0.015949835627784084
-0.028848619536621024	0.051950701734423316	0.012904620453775724
-0.006388426057191865	0.06402680131361072	-0.014228739817286506
0.0015017409541818513	0.05324981384519058	-0.0075302297099253
0.006956885048510811	0.04184684364242371	-0.0015336371576682656
0.012397210025920681	0.039539190122826424	-0.0041951264205642505
0.016909026022466637	0.036527474734725104	-0.005803356694672187
0.022490981790480893	0.031496873417461164	-0.0029764517990030943
0.027484174018224526	0.021025635432758025	-0.005083386893173891
0.026442898956669014	0.015323409983244097	-0.0026755890601388305
0.019531260280406828	0.019687820711985944	-0.004423401087597933
0.010783946332820864	0.03486750418690019	-0.012932437578117163
-0.026955370330772516	0.047632161563637074	0.008292337763008913
-0.04799576439614051	0.027943692418368898	0.027120396281320652
-0.05449308648143395	0.00899051795320953	0.02351927661541417
-0.053992807526371873	0.00048240491877853776	0.017428126758003155
-0.05319240586359287	-0.0015904812451948591	0.009794929294777634
-0.055845431696546835	-0.0029183115574918767	0.01103017652143879
-0.0573016520802057	-0.0058273415561924434	0.019410625465160973
-0.057168773007176515	-0.005662868296574051	0.019360652145980574
-0.053524810089929514	-0.0030949773303104514	0.026173038226713623
-0.055964110940960585	0.0005781553652856538	0.022168826932106277
-0.05497640269002601	0.0021857514078646566	0.030579998014447954
-0.05606185425425007	0.0034303157832478014	0.02936979920950935
-0.055037913485717266	0.003627297783299369	0.0285187347717727
-0.0564081793569308	0.006333500686818986	0.03312282162301201
-0.05447585582641662	0.008226493896820553	0.027979562172188603
-0.053016508653551356	0.007795662194908247	0.025467251599987917
-0.05071871906495132	0.003381992678165889	0.01937705147822634
-0.052919903350053456	0.0051099107536563895	0.027913911636218966
-0.05212412434401468	0.008413989431474691	0.01463750169095828
-0.04929955220268571	0.022488126449583114	0.014331952195014722
-0.03940976643467563	0.04179009729353985	0.0193796889475153
-0.024229568593769697	0.06463474790945478	0.026686929787230727
-0.0022840219646433047	0.07092616530405166	0.007500114607365319
0.010286154813377368	0.05872113376395728	-0.015475889684913445
0.01556170180813745	0.04767752110492589	-0.013387855692609977
0.018967577173634783	0.0350337964134759	-0.000591833929338436
0.019012623654617797	0.017811269632552085	-0.0029995011059366257
0.019408991623245254	0.01441899515901563	0.00034675756239943914
0.017491094623396403	0.016863561027160117	0.004113803912883849
0.01750655851394313	0.018846462563442835	0.003549204430830665
0.019667075445222365	-0.002093058654581568	0.0020005522801303487
0.023059847970615614	-0.018015936301946096	-0.0006540597157866541
0.02414720138980121	-0.022165700826692256	-0.0014977512743580626
0.020094897182575077	0.005134676043285148	0.006025833179316325
0.01655412383671448	0.031103298544458237	0.00584857314863509
0.017262600536812406	0.03562286257048303	0.012283191756725993
0.01609297050350799	0.03738037410226616	0.013968747835403259
0.013069671638913493	0.03483252371623238	0.013841318784316615
0.009232520032554018	0.043831728284964164	0.0084102221555485
0.008943378724431504	0.04086446928004376	0.0038981137185495566
0.010516237863282285	0.04860589598512961	0.007978726294765072
0.012025262175502455	0.047760602858743305	0.015648849318405017
0.012070748953899814	0.044540028920141014	0.019133382385310198
0.012538128253049518	0.039319731441754775	0.018795499774190105
0.011940650734922557	0.0335998566321087	0.0231120020949536
0.014488152792873368	0.021481692825439776	0.03025391808243163
0.015603654759952536	0.012760963953288698	0.03662395304625223
0.016463986912680743	0.0001247866539220471	0.024607350342934896
0.012625425783096375	0.0005358096485356884	0.030023307269855994
0.011940067766266743	0.0005949179891769639	0.034269521440932066
0.01117676288611836	0.011138683523227274	0.04235691448020304
0.011933659842737181	0.01815425413749694	0.04497246221899555
0.009386320014678415	0.024153551174013126	0.04362872098695808
0.008157289395856542	0.01776311881923096	0.03991215010980666
0.007745051371858299	0.007386947536032767	0.026152052328848364
0.010468146662739743	0.00028125026190955056	0.009919239110929921
0.014586715689465343	-0.00785515697043331	0.007383140061555091
0.015908799162313563	-0.004541228477523512	0.01448702042719793
0.017886719062426334	-0.0014408510949117245	0.022998606964879157
0.016759886124362255	0.005402204785373519	0.010668636571037747
0.018832580164932698	0.007045388886405872	0.013552342996742527
0.01906476304952808	0.009251651806259264	0.010510474852095225
0.019818219144479836	0.005965361443654885	0.030898871136822784
0.01801297180967682	0.004402668617285667	0.02811731041848598
0.01751094203783484	0.0021038694205749047	0.03640912097466206
0.01541777776653398	0.0032519477966146022	0.032827962085085594
0.013161084202448513	0.0019406108958539194	0.026774410180506795
0.01097658179200047	0.005429778385431291	0.03106948092953816
0.008251771657001592	0.007591809858921513	0.02327039991449988
0.006072032014221454	0.013191402085259684	0.018716346013893985
0.005327030592402999	0.012081166325125637	0.009104036329443243
0.008607660913862976	0.01013004525015897	0.0026860944679398015
0.012433360015165814	0.009950199664926326	0.006002806384573727
0.014044370600713393	0.0062482552130884135	0.020863273941820852
0.014932124956472649	0.003459115279984627	0.03691450425124057
0.013945283630408575	0.007119992129787651	0.04281744382195005
0.014490421740393201	0.014954638552825843	0.03942088262494274
0.014880627624582993	0.027107193768287893	0.03280145864193978
0.016896284316230067	0.02666015344739774	0.02285429196619563
0.017299042902416597	0.029634732112922713	0.010356279356828459
0.013803870260450945	0.03256287485605356	0.004907230869705256
0.01005722558360123	0.03976282236188029	0.01913037911866223
0.004022074728528509	0.041492463578905285	0.028230686020427893
-0.0007058082915205226	0.03920353453034407	0.023665412423000933
-0.006990751169955848	0.036524113561483024	0.013388706340176842
-0.006109912646640394	0.04372919332158299	0.0007286816722867065
-0.004822681773460359	0.052784993144363565	-0.007364994319754973
-0.002180966918736399	0.06100555277912904	-0.0014513259718929995
0.0017456513531457318	0.06043011933453098	-0.005023627657199907
0.005555783659893244	0.043790899161065704	-0.009077458783346194
0.016285128159047223	0.02309043552330297	-0.0022358730209392948
0.02224181917857461	0.003473448780100348	0.0011069524163149595
0.023699741890822686	-0.000290532080377405	0.009292429381486644
0.02637883809875219	-0.010483196365154683	0.013298908804943124
0.026208373845381973	-0.014320418113801659	0.010236545553379196
0.024745530596348823	-0.01492252077601149	0.006601667227981108
0.023053763127680583	-0.01790291114106913	0.0012464152125935858
0.02346834447258804	-0.024949112169555972	0.00415704518466762
0.02407141803313127	-0.025847920101404125	0.0018807979734897229
0.025060251623783267	-0.019452981129003535	-0.00445782148536367
0.024837289634879557	-0.014238985277510685	-0.009942602655896901
0.02809308175921612	-0.0185820445559027	-0.0030417226260071838
0.026280366299332995	-0.017923214104095562	0.009785272646876758
0.027085656985375267	-0.01526942775598374	0.013018236342896446
0.02480623670972961	-0.009597444297741241	0.01769649074415816
0.02406278284234198	0.0023057932720664974	0.004428500219839676
0.017747006058486395	0.015138263257491206	0.003990324828719331
0.016686315263308382	0.026587316004182255	0.0031925822685595524
0.017418830606401006	0.02069380777994041	0.0026061266473103115
0.020355571174162177	0.012585391937802243	-0.004248810172415653
0.017737652533566614	0.017071109461411407	-0.011874568600240283
0.010220849320831678	0.03994047916147624	-0.010355413075384245
-0.01396168023742261	0.0470005922204372	0.014466364059360812
-0.03692240827051659	0.022397246086581286	0.013322992257162061
-0.0419324350916252	0.006052095978233952	0.014273874639391407
-0.045545409910921424	-0.003495118832443211	0.013037496204811622
-0.046614057957158825	-0.006571145484219119	0.01577521804081767
-0.04862888394374804	-0.009294848525408411	0.01133073940586056
-0.04671296592731533	-0.009310361827796163	0.0027264389900420877
-0.042845060380785525	-0.006701663471083033	0.007524449697564557
-0.04354591097900109	-0.008422376251720877	0.014470363568638019
-0.0456608660716029	-0.008808197540116842	0.02444573835726204
-0.04724501141678907	-0.012982736268585801	0.016600172871401732
-0.04887703570002368	-0.01246846100070092	0.012004567279779908
-0.05052271489271425	-0.014151820345272324	-0.003842184245791816
-0.05291108912042503	-0.011809715239365212	-0.0009022252377971843
-0.05298051775992724	-0.011183344034523915	-0.0015466092364942174
-0.05219054018918877	-0.01259761599097401	0.0041992070575871815
-0.051851414899353104	-0.018934326676844176	-0.00406764765813257
-0.04776796857938588	-0.02396020239436869	-0.0034945525176645897
-0.049310441191114704	-0.022842229908671314	-0.006222693686977948
-0.04983821462777719	-0.01977154117133022	0.010902013233856735
-0.05204885689496663	-0.016067185751793774	0.014972347677175202
-0.05079442468612924	-0.01936591933006426	0.0032249456052088274
-0.048466803192803075	-0.01732573894094227	-0.00227921087686353
-0.049442730023319836	-0.01736588031306938	-0.005260157847117843
-0.049190945655444	-0.013040784103599086	-0.006926212643697471
-0.04995318347377614	-0.017305546575199473	-0.004813217575779509
-0.04730043304587379	-0.012950909671674901	0.00218629147386238
-0.0454897653929122	-0.008974180902764315	0.004911585938084752
-0.039113048515972595	-0.000982573535397812	-0.000645369413289458
-0.03444940420427771	0.014805275316260705	-0.019218648779563995
-0.025350491476359597	0.027366544645947656	-0.025136762847625987
-0.01319270444930157	0.03296357110088513	-0.027357110699514346
0.011277171476305848	0.024420667931376573	-0.011441532977547625
0.012979679417559956	0.02065052019648087	-0.014987736065689067
0.01005432062202641	0.03634482780897076	-0.023707650728654203
0.009238722501350787	0.04142267327874772	-0.022335976242182115
0.011829789793552616	0.03485932504654068	-0.012403221405879968
0.009065793300253464	0.030179181539464434	-0.008202640455925678
nan	nan	nan
nan	nan	nan
-0.0031991585072444085	0.04085426590522603	-0.017661696672823635
-0.0028286979491335133	0.0501647430657511	-0.02339610577614368
0.009845715121312692	0.04182316398876316	-0.020485001758022613
0.011606195057918083	0.03269894533731634	-0.02211717421171019
0.009994848367447512	0.017368524521547784	-0.02692094244536336
0.011985184497436963	0.009762193025161592	-0.025962966531532496
0.019445283164707297	0.000718325653008078	-0.004085807392780218
0.019640610080984094	0.0019042563225532608	0.007552297031856541
0.016280415765121254	0.014956967728160638	0.02262276415875845
0.014387995844180747	0.024664166894237893	0.018378872447869562
0.013111241791593384	0.0339647920498572	0.01596674809329689
0.009263769808774108	0.03195973034667569	0.0009690574066205746
0.0060247070941769985	0.023769158461751587	-0.00011061399702636324
0.0046176556956204744	0.02179913969830232	0.004609943038841722
0.00264431073468186	0.015226015230217948	0.017998761825222587
0.00136021339256535	0.023851851328066557	0.017631024486973932
0.001797843278911142	0.01982327657850304	0.021529238688651205
0.0043768745768787256	0.016381676148964342	0.015500728363446232
0.006272687177944904	0.008180610462170853	0.022319306447620854
0.008141678859252178	0.00399472079753447	0.013702558727293812
0.011052950627910344	0.007300528341846728	0.009719101814145032
0.01374296469273912	0.013107087291039782	0.006235719979673764
0.01527985150353546	0.013678331740743555	0.01898501851980198
0.015048393230755977	0.008722030580038467	0.00651818991177789
0.014190909773275941	0.0040736079267695005	0.0038579505904080495
0.01281746546140821	0.007252269388182855	-0.00722578188007382
0.010950037252883207	0.007876536566744549	0.002500694353601887
0.010173760357646786	0.007145447847161659	0.009107203723266784
0.01122213266664966	-0.003157903794943237	0.012045129767948552
0.014064053669091092	-0.006519376909024964	0.01080127092464712
0.01669553508733705	-0.014263181675466556	0.01561607296940099
0.01868357006460743	-0.014399987151678792	0.02830011768445336
0.017919258161069294	-0.02236979126265292	0.02715221711268634
0.020365831196475826	-0.0214709003449498	0.02356571944040863
0.019116844238442936	-0.02424255608663461	0.007064848503443582
0.019637107531277384	-0.021496326806404707	-0.00367927544708551
0.019135696525035197	-0.02525962354507679	-0.0016878503184293951
0.018365945568969495	-0.025279920347807575	0.015498579618558881
0.01782216758999837	-0.01927571620483543	0.025188265850842568
0.018528278851214258	-0.011641489343356556	0.02306330328348151
0.02266663925741978	-0.01225367062621011	0.013546497031915135
0.02175201515397001	-0.002140761033255018	0.009840594113166085
0.0133639835417713	0.014698715101356417	0.002699995151797906
0.006513127781875497	0.03555811421200464	0.0018753965399291783
0.00588384705434011	0.04489114635213909	0.0026593791573096596
0.0053961648386893196	0.04984102536106559	0.013775034680256922
0.007491343632447108	0.04089374216995106	0.009032249319050861
0.009977782895491377	0.028952208068389756	0.0042710040599031355
0.012954485033938638	0.018323530156377655	-0.011762879595707714
0.016339099816513346	0.029366175207888683	-0.002761446225027324
0.01391096706338513	0.0322122505854975	-0.0034720359129022816
0.016252177163720734	0.027777089546869707	0.00040638989051105037
0.01573243182404935	0.020735807468311784	0.004475832901704349
0.013396812959406298	0.03544462572700955	0.008828756122528935
0.008737801064020423	0.047649801225256506	0.01852212466943496
0.0026877151837383876	0.0616026951261109	0.017210686254754644
-0.010664251882632045	0.051116657982579146	-0.006465722483221937
-0.03642846345395569	0.03276168244355327	0.004468263235559891
-0.045536408571211065	0.020101630873256265	0.013209836572672724
-0.048175265442776845	0.013984014518053244	0.028646572938547277
-0.04936433482634978	0.005144095281724041	0.015692596745588205
-0.046669609818116596	0.010071097298150651	0.03569033646178871
-0.04421941840599292	0.011079361616157189	0.02512873168958337
-0.043762251716056515	0.015182847102529652	0.04222643699080806
-0.04246445918710567	0.012511780380242853	0.03026298110320979
-0.04051916468595932	0.01691263213757742	0.03283060425289279
-0.03726629419686465	0.020614836762618743	0.030983096024979
-0.03528037275354621	0.02264713567693142	0.02005962312743021
-0.029664087425651645	0.029538967654596293	0.0056510677920433815
-0.018376481512897915	0.04538633223246504	0.00928641738466697
-0.009080909773048738	0.049130825528174285	0.0065290700760851795
-0.0006426353057865206	0.05326774107512578	0.016032993643946645
0.003550385415603926	0.046824504388394875	-0.0009699514950503954
0.00229611523464686	0.053831412693850604	-0.0047983362896738746
0.003905175700721241	0.05562395697757118	-0.01741851062106463
0.003576896529644275	0.059633748627816764	-0.009694411658947282
0.006042473742445036	0.054603846902952904	-0.008060307747629725
0.006444854421141851	0.050908194630319877	-0.003440909524537011
0.011472279056515388	0.03017384752252767	-0.0013765241201065294
0.018874964397669097	-0.006532884310838468	-0.00863606421943965
0.023393979239089403	-0.030477776367510128	-0.010208523552703786
0.021566375617957694	-0.025875270870667058	-0.00931457690271956
0.021259930786825757	-0.01597515006589033	-0.008333359524125453
0.02059677935625244	-0.011617074965833881	-0.007784166255501584
0.021011355192655724	-0.013722985578423802	-0.006781184450361969
0.022842224565545285	-0.021651689007865182	-0.005125127255684266
0.023121047497568367	-0.01984596017293818	-0.003243450240864268
0.023935162850537654	-0.030332728784919948	-0.005791152049468822
0.021024685874569137	-0.026122979218828852	-0.013938961937160897
0.02093839669080745	-0.027283682460784473	-0.013004069752502647
0.020624504063287863	-0.015003136278620918	0.0012661369014383035
0.023831196951019217	-0.018361972216929447	0.0052598716933947125
0.022476158002409607	-0.012574523042836898	0.002764378586366998
0.02309502714601596	-0.010959749183245989	-0.003901970154001101
0.020355919319335305	0.013208801395073277	-0.012625026560419538
0.016550505033831365	0.049685401675599004	-0.01074367671920172
0.006348123908661871	0.06562152191552305	-0.014010861618395673
0.0004114533893489969	0.060273168880341704	-0.014983149059419715
-0.0008722776459627779	0.05670161292854765	-0.008029102865372643
-0.0014884998586873325	0.055883194818422036	-0.0014153241475253343
-0.0021362464552807216	0.06588024747710824	0.00626852710537541
-0.0018332233009637632	0.06162355735770044	-0.0047980155308590886
0.0023269144915128216	0.06046920568365663	-0.010162459245350626
0.009710032100535332	0.03806607647939367	-0.016732141681100574
0.014512669912395141	0.038452894220008374	-0.004960429542448706
0.014003002049692142	0.033852558754348845	-0.0030470322326271414
0.007837669061949151	0.04360515632852713	-0.013640668120840103
0.0027043120042649985	0.0440018871448989	-0.02381240787914498
-0.0006169540126084061	0.050371402095495364	-0.025996668631664284
-0.0011402826426889826	0.06035555690264812	-0.019505212036592154
-0.002442832491030379	0.0627750627422825	-0.016901251847278274
-0.002404689081732124	0.06390552959326881	-0.015622897581672582
-0.0012290293125050778	0.06090498156979403	-0.021806086345165704
0.0013746910984678952	0.05860601081359236	-0.020030761027070684
0.005287092283178969	0.058072680571330124	-0.0176228235005398
0.008374401318789635	0.04943113294902207	-0.017490495075568258
0.01258667593380462	0.04301646291642215	-0.015282262524396649
0.016021722988343416	0.02446841407735079	-0.015770463715142943
0.017676349486923378	-0.0011754803982050586	-0.01107631649828509
0.019239003828076598	-0.02052624769974658	-0.018243581814946636
0.01985620220556509	-0.02031177636700344	-0.022352952887368254
0.02259239614538436	-0.016939970436945343	-0.02159908046129925
0.022980231707086417	-0.024493406845001262	-0.011484705409753122
0.023661874673684646	-0.025582246462502498	0.0005156407374026194
0.02180678514948719	-0.025980744099461762	0.00397550803785213
0.018627725253574215	-0.013869154258361485	0.004433188341693584
0.016584213242368286	-0.012957989747612727	0.015749832132346785
0.017104594395336837	-0.010625206419647773	0.019936908077265718
0.0208298809489175	-0.024157599711631405	0.026312671049910936
0.02116762699105517	-0.031193437083553655	0.01257232353730805
0.02145434634189369	-0.03754023428524099	0.0075840342450800395
0.019341504895954514	-0.030762245991621744	0.004132767777855267
0.019700941670930578	-0.027954606346238538	0.00608555809513921
0.018346388499135766	-0.013855774100445282	0.003484280446334141
0.01677217173014918	-0.006860113199252591	0.015275137092204063
0.013596570232780117	-0.0014290323265715164	0.012960921507399244
0.012263952500517952	-0.0025014354542414363	0.016297008266522254
0.01212381658919347	0.0017060943533288545	0.004721201424852382
0.013104255634646489	0.001705845824667391	0.004127509284677115
0.013922060923480365	0.005001400394374901	0.003996613860757054
0.014183401928893908	-0.0017862758780684159	0.004536054940942389
0.015158764518604505	-0.0069297781306640995	0.013222006957019573
0.014480604065515306	-0.013067801520534841	0.015105503102073948
0.01723898080273645	-0.022119661423293416	0.019998742368717227
0.020658876540788743	-0.025296447598144884	0.012399705035840527
0.020510970200176976	-0.02562435736700359	0.003960709991182081
0.018182217773353205	-0.02336388255588687	-0.004615242708287386
0.01702422905835297	-0.02815768375949256	-0.010197717255089528
0.018685619515094943	-0.04262433312834278	-0.0022650078899988865
0.018972727706240755	-0.04822111406499347	-0.0027512913240958572
0.019307588651702897	-0.048910335196383596	0.003180180781184771
0.019539831453013603	-0.047244469042889356	-0.000747056603737084
0.020195727132864504	-0.04637957949459628	-0.0022126896692033875
0.020281539993346445	-0.04093976016876355	-0.000886372935902293
0.02124079168744403	-0.03374811439652037	0.00182500435860777
0.02093039020795721	-0.029133352635228885	0.0029334387826817077
0.02096748715982289	-0.02444730012977787	-0.0011080477675625006
0.018587299311262163	-0.009648062441641085	-0.008674639067068775
0.016367366912955806	0.008201093354351284	-0.007368406830111633
0.014731504214871259	0.020444628234162317	-0.00469431044380977
0.015324428016257868	0.027321129728089127	0.007407045527818507
0.01425262821777306	0.027751141020823798	0.010091295340986987
0.012389002095188622	0.01893213822691495	0.013806773465775243
0.01374188764656152	0.004028017887618784	0.012307155128258985
0.018599019941278962	-0.016199279354553994	-0.0018392050824720292
0.020741780522562606	-0.02685327295978743	-0.007702000872323665
0.02058665440759331	-0.02813773892379197	-0.01017019677338541
0.020743359606063053	-0.030056302507563394	-0.00436969240466871
0.022694556108171216	-0.03744332318150528	0.0005022512175765492
0.02264264247971949	-0.0438824907215044	0.005099402150184031
0.022071454614808774	-0.0358859417432101	0.0060132168913435355
0.021113257264701604	-0.022489581750643965	0.000893394204022839
0.019142470054830465	-0.0021485722217719832	-0.004753278483941196
0.017390797767879943	0.006557471327922775	-0.0017853779414977212
0.01823507018160017	0.012634664010915158	0.005247795979915669
0.0213169684398927	0.005320708639029143	0.003921974643995827
0.019609764003528377	0.014066443735813113	0.0015073350451697831
0.008987063283980419	0.040194956650878785	0.018118459558057923
0.0029053383637071767	0.05982572396171155	0.022658231081404745
0.001705659163512301	0.07233986859049407	0.02162485541712065
0.0014248074388076566	0.06672513252114366	0.008557701134504252
0.0007006717894711112	0.06932050075223695	0.02441277310145077
-0.002878062860655169	0.06259283391934468	0.02228877564017484
-0.005405015879155615	0.059916933545958985	0.014223538277297719
-0.008072880216186207	0.05591221878649277	0.007364986644201946
-0.006307704120312202	0.05833443665805267	0.012538200171596806
-0.008523260367822399	0.04971167588540834	0.022810902514915396
-0.015780446260479402	0.04099796006336964	0.030353712534062795
-0.020854291632354107	0.037082585773228115	0.035858342674130995
-0.02538450849539822	0.03585108782477146	0.0365867610614309
-0.033300590198765974	0.03198912144935939	0.05485866518429279
-0.039675295565809704	0.029150768946223718	0.05362507447115963
-0.03973211017824728	0.022297631264805554	0.04796499496626789
-0.04095259635413883	0.01681002874752555	0.047039693243625995
-0.03909090158848972	0.018300586388587253	0.04973378098851679
-0.035886379298386076	0.024767583494509506	0.05144451438444285
-0.027318543549633364	0.0422452332943144	0.047387551844666614
-0.018827390909468437	0.05538977244075798	0.04440337011291598
-0.008447570053830547	0.05799872035082729	0.02790887025268602
0.004323007127977164	0.039469822138181336	0.031279783113954164
0.013038835616749971	0.02344331766651697	0.021026384328912795
0.019084971270739864	0.0029982581430542136	0.006882087774154843
0.019965385258403884	0.0021447206329013807	0.010588961072758533
0.01752078156231652	-0.001885791743034189	0.011481575972321328
0.016767480640139373	0.011522439644156009	0.017340219148978223
0.017272394131933776	0.00709733834780829	0.0082390405448181
0.01942113629937168	0.01354015293813059	0.013913679841916115
0.019449444929612134	0.009827692967263267	0.008554402374039535
0.018326780583425507	0.01872607778916878	0.011843296662800672
0.013520369410072269	0.02324337449430199	0.004323843427707506
0.005886280141090939	0.03921809142531568	0.002940072797433906
-0.00798607155492605	0.04647931990205629	-0.0034833531082127155
-0.020170272539110638	0.03754233432523531	0.0009835872302368723
-0.027970713472557102	0.031293878621755894	0.02154718487079241
-0.03217164997313223	0.028769541600605814	0.03421916886088083
-0.03217446405281911	0.025375642956384285	0.028487877029728714
-0.029052492943665725	0.019391124615100466	0.019617598187605105
-0.0297527895065124	0.022051510792381858	0.01561982875778152
-0.0320002025989023	0.02762557844225387	0.032239385976580326
-0.030148770922830845	0.04163033514875695	0.033699648212090746
-0.021342352102160664	0.0560023835548368	0.04364724269992933
-0.011149593234706068	0.06635165132866967	0.030229221065916634
-0.003021071865737147	0.06851215052355593	0.010943046616824506
0.0048066893674914785	0.053444327735120103	-0.00025367728416033145
0.009489723597095543	0.04751223783050696	-0.0008111556035408571
0.010636090942187872	0.03891785993736329	0.005767862821901395
0.008592186568878245	0.04963690745900847	0.008379876841931201
0.005673642203202535	0.055623572951653	0.016868824200207227
0.002253484560052673	0.06229048532900087	0.014409892735883405
0.00013009430179138776	0.059844533163508636	0.015805698791454173
0.001381642609633193	0.049150034673305136	0.0057352713237264485
0.002844908507726159	0.04762804268419521	-0.00016461369884625005
0.004226039370041226	0.04783222742078183	-0.0019688826265168193
0.007720934142114154	0.04239932878728122	-0.008587997927725376
0.011701653423097619	0.030001894237396676	0.0008028339614212197
0.01310229243221965	0.02822373694029752	0.00974438993863467
0.013898099314610769	0.026924603585990914	0.016143947800709248
0.014933073651652466	0.02776677272704204	0.01445071107839404
0.012198194410119262	0.027546735811844834	0.013141392107780068
-0.013476606804253406	0.04030177665722797	0.03284771159430098
-0.03583266664293297	0.024796588120458714	0.05146882564041343
-0.043591925312079415	0.017567699264590876	0.04984193709649771
-0.046917888037700466	0.007942471295826446	0.05182465579123362
-0.0503241201069903	0.0055056048895368095	0.05828411770354828
-0.050941324714363884	0.001801457477762658	0.06638269151536544
-0.049641700815372905	-0.0025224704045609244	0.06883586298238115
-0.04472244352437659	-0.003269692411252752	0.05476276214765543
-0.04254743569301721	-0.002062475910853507	0.04273451807569817
-0.04207023303092032	0.002188385040826216	0.043356673374901816
-0.0447334611138882	-0.0007219957162197944	0.03659508054576846
-0.04659179961963322	-0.004611742498223806	0.03441764970738812
-0.04499337601585147	-0.007802767951748832	0.028378210345636194
-0.04299150251915323	-0.003708419179122205	0.02702144016842046
-0.04193293275117644	0.0014896768996803984	0.03276147017157553
-0.0435203974238878	0.0013672895230164698	0.04851096071075686
-0.04390488119750304	-0.0015173802038779879	0.04945548980780673
-0.04265211028625398	-0.004461822023792614	0.05165730210581798
-0.04289971110643443	-0.004600995798140841	0.03684054173241746
-0.04489433541787936	-0.007685412689043721	0.03676069144923016
-0.04735183806755245	-0.007927905329088632	0.033613666650303714
-0.046969281489179615	-0.008734968461517577	0.033143872216332894
-0.047448938666555834	-0.008166575222537898	0.03512606579501074
-0.04658104013105735	-0.00730439931708929	0.033888321862657264
-0.04659664052924858	-0.007528089519558288	0.03915876823226312
-0.046053870785995814	-0.00661349374990692	0.0422068569425467
-0.04550423980784311	-0.005697574060397644	0.05313929978564046
-0.04436729693489056	-0.004557434301812707	0.055798844685527434
-0.04590906821517055	-0.005360269447149035	0.054695779208232286
-0.048128393794137594	-0.0027000319470589806	0.04502819327804406
-0.04833491048710768	-0.0005314422768732144	0.039953925058264284
-0.045562833079396486	0.002721640379440705	0.05401416811264345
-0.04420348788595911	0.0009606582584578658	0.049159021584164034
-0.04393843921438218	0.00015413664051846404	0.05442704880711031
-0.04164660074067669	-0.0051051333794272895	0.04101619217922492
-0.041128815066784806	-0.005271741181911964	0.043635904178777156
-0.043577255989706166	-0.005446588585765503	0.038450228470983304
-0.047548589929333904	-0.003770374431442008	0.0362775762755645
-0.04745431226021364	-0.0037369080964439064	0.04296101301118218
-0.044234194376926925	-0.005434859709695654	0.038900111973140916
-0.04006501095607152	-0.0014617303853302053	0.04104228822752633
-0.039843720609638415	-0.0022839713055234955	0.028729890777343815
-0.040800063633938975	-0.002890794309928183	0.03277851287926622
-0.04396603615109007	-0.006454001974217743	0.03299369453697903
-0.04561263313672777	-0.004469548578073769	0.0379317566668577
-0.047946163579453784	-0.006112337028966917	0.04051378071405466
-0.04693314697496801	-0.005602561855390588	0.04751590962150332
-0.04537551856998595	-0.0035615209942948824	0.0530099700550562
-0.04548887588410901	-0.001725171205714288	0.05495714637495691
-0.048577057985907356	-0.004507084942135259	0.05103821758380141
-0.04745683101473863	-0.005598686399793224	0.040612808080968905
-0.04371560026379508	-0.006666856495266509	0.04019350411592643
-0.03810471815319372	-0.005773714604611466	0.03101452179221082
-0.03970043334588149	-0.004676961365690686	0.038976989678068744
-0.04487763206030426	-0.0038353466991648557	0.050916639536408126
-0.048905055897370264	0.00015526940337126915	0.06105379825553754
-0.04705747353080369	6.896209672713845e-05	0.05001411048364182
-0.04664595660907097	0.0023223380981006684	0.04426217590928115
-0.04602823615545095	0.0015437438461955498	0.0331681847157749
-0.04864736702529067	-0.0009593529352393052	0.042933934995323095
-0.04357877596208265	-0.0008341541164452339	0.03157906529375476
-0.040778628596689154	0.002639684621855255	0.03527520292194102
-0.0363780122160142	0.008078412394977688	0.03010511035699784
-0.03967036291378039	0.011357760192917255	0.04306918613265694
-0.04075423414272056	0.011513673499475652	0.032797586033726414
-0.044612511542397947	0.010559407822626725	0.04259432191313008
-0.04197213238513151	0.020459247704851417	0.03302212976346341
-0.03319475485271733	0.033998429840569444	0.0353348475771443
-0.001899137757121209	0.04373616784092185	0.006021690012024689
0.015543720035138708	0.03051771069294272	0.006009539609004029
0.02053885393805679	0.018375450685053894	0.0075627661482607945
0.01832464159920935	0.02305602246640764	0.004444944286437375
0.0045780204645162114	0.04816076838533714	0.01811296233228191
-0.0028605508277876803	0.06449495586887521	0.03133690424739029
-0.007280250105152352	0.07004735835985894	0.035090342107902905
-0.007430937114991706	0.07149522114978377	0.029859408830083776
-0.005100061883756437	0.06664876460971901	0.027470461564058236
0.0006013504747180958	0.05967108375038062	0.0172518337606241
0.00589547819647477	0.057229049645046076	0.005954845697907438
0.009216053353333675	0.04961443272772557	0.0002804219430976168
0.010189199517811005	0.04761643436615272	0.0055447484939010125
0.014696054668839189	0.033353680109495715	0.005547011925205344
0.019711948873351842	0.01706868216663159	0.004575454631089104
0.020934836804774513	0.003884390160784208	0.003802400760584669
0.017827410998296597	0.012042182591120713	-0.0037678899125778882
0.01315746528790269	0.0214670583047016	-0.002801418792138707
0.010446520175617027	0.018149129194299764	-0.012931594837794748
0.011318999842822032	0.013464873120183206	-0.00911404053193556
0.013362973019998092	0.02063442414762464	0.0031353064996103384
0.012493208980289284	0.03424309436163972	0.009473523868161268
0.007391703928789977	0.04125318366295726	0.013578868614287587
0.003439499288050164	0.0496561382470946	0.008415759089600329
0.0029067310939125887	0.057722732472503785	0.0066176412610187245
0.004942389834334945	0.056204135659703336	-0.002449528141535819
0.008090411424331253	0.04241812138272956	-0.005217964253928807
0.008718035342496086	0.040099601089538674	0.005161057420179088
0.008374346133098584	0.04078240549414258	0.007249443762115492
0.009304172698398424	0.047547994884082075	0.016067238257813782
0.011153024330416305	0.04633232978031806	0.007376682981711808
0.012939549035180246	0.03952515848644383	0.002649308264321337
0.015186925331130271	0.02111936180116076	-0.007187570713892989
0.01591860458335446	0.0031145885561409	-0.0035600317030842
0.017049998214438016	-0.00332898486009714	-0.006337071520480915
0.014378643948670333	0.006718379801144941	-0.009275200279512194
0.015410715496725881	0.01368121932802931	-0.0041902566828397846
0.013682685850228025	0.02292784708008744	-0.0014799054131466264
0.016329505149023555	0.021203901350064662	0.006208735478767874
0.01639983390372035	0.027885387208688814	0.00823984536500992
0.015446420871314134	0.02352673830839002	0.00958766380543202
0.010524794383685813	0.028099612441716604	0.0040984107245911686
0.011024804548042052	0.020899934705852843	-0.003944237068147763
0.011802369998115887	0.018894603241945987	-0.0015070179732189406
0.012917783736527595	0.01069582106735116	0.004029819961832323
0.012004853884111516	0.007847199324577576	0.004843196329980785
0.012049832730939965	0.006496486112605887	0.0017841522751830177
0.012155696403975142	-0.003161462043757906	-0.007201162767918476
0.01086726290135357	-0.0009934535877559715	-0.00601054020360914
0.01161075006285906	-0.00021538183736170895	-0.006013297895135017
0.013343047197978087	0.007179585190912998	0.004605747380210573
0.013684586924289855	0.0030883812044921796	0.005093890070749691
0.013474697142452068	-0.0018561444092983104	0.0041392219290814075
0.012389164090322445	0.009408459063628827	0.0010585905615615072
0.012048771213782374	0.01303394859836469	0.00753674088528173
0.010204231473631238	0.017924192067794196	0.004640557174656967
0.009246311124584449	0.011209435976069153	0.007103284398758183
0.007872162377894823	0.01910833676804947	0.0011103237088647723
0.008117620643674463	0.02358814302218017	0.0022956280790242863
0.009881909480970029	0.024314019138491273	0.00012749058171695853
0.013843361475819457	0.017768688120933455	0.004447308279087134
0.01739552705994921	0.003244279674840287	-0.0005463492745985885
0.019522729331311727	-0.013003189513572775	-0.003327851849871097
0.018705500909316317	-0.024302181896337198	-0.004630963414580202
0.018436982348119958	-0.02768657189204701	0.004728907040767814
0.018876589043859502	-0.029622625264613782	0.006533756369588294
0.019984266386996744	-0.03183851012971343	0.0028941919716436657
0.02034112629195502	-0.03853588246167095	-0.000951385510613207
0.01727447006483757	-0.029902165372834504	-0.0059197025990526606
0.019002498240907443	-0.030071229409102073	0.003751239998087434
0.015799792971822945	-0.02035121327873541	-0.004427303520088289
0.018315385976599617	-0.02139891512316381	0.007802607168118524
0.016303184014890296	-0.014627054030792343	0.006606588863214795
0.016639834653581057	-0.011261390324060592	0.005400108498616787
0.016001762830233243	-0.0035631000232507074	0.0019708394242232315
0.01646340211914075	7.32704906604123e-05	-0.006049442569768894
0.017281864047237066	-0.0012088364814782024	-0.002106160827401043
0.01892253259184418	-0.013795418885754952	0.0011045047389897505
0.01907546490331453	-0.022741121880915444	0.006920077614718653
0.020266835245085116	-0.025802244389423884	0.009674812022621208
0.01935965124464382	-0.01705674531125329	0.004050205921056312
0.018514902089027254	-0.002248665612676945	-0.000655022988259861
0.014126067072057373	0.00883168238640586	-0.002158978063254033
0.010325360575595317	0.009234763005621711	0.001395260168524641
0.01077255594342598	-0.0004126721064129256	0.0007968924112697583
0.0179435090937712	-0.016829734072154802	-0.0004057934203013612
0.02006372225833856	-0.036007988190916565	-0.003080634331163269
0.020017200762121674	-0.04406478131067727	0.004318608342181309
0.017679143259704603	-0.04122826579667627	0.005571987014682421
0.017144879588592662	-0.038914102412362574	0.002867771818263566
0.01633728366700618	-0.03973024735022758	-0.0031606230921411363
0.016242076497498672	-0.03166180800210653	-0.00819924424693811
0.01646451005968325	-0.01981291222857077	-0.005881976163097373
0.014603174179026825	-0.004495938839016215	-0.0051113505203537815
0.013670397681354609	0.00699879023975268	0.008743916658731855
0.010996327854226476	0.015440978401384151	0.015920596977208053
0.010054482146983944	0.021247476698967965	0.025021734195107122
0.009840984970026764	0.015272415708974132	0.02235357847786695
0.011751735987672216	0.0056712392129036615	0.014341772685350694
0.013988754863580746	-0.003036998712118486	0.009176480673268334
0.013757503930809848	-0.005726516203078847	0.005348734075391522
0.010717290921146991	0.004886514527778032	0.012877541114828129
0.010833235915007629	0.0038731878643148213	0.015089846243519181
0.011680215593532259	-0.0040616649040903395	0.014228736007356078
0.014779270025713009	-0.014367764289682242	0.01264699592217736
0.01524248360903446	-0.015532448378010452	0.00935211179691093
0.018083256891768373	-0.02247222628446218	0.007923349121271668
0.019195066832292617	-0.031234153695364485	0.004039240249998228
0.018863599092722953	-0.037017069595437144	0.00212683403286848
0.01762037495722324	-0.03109711942938688	0.004277758223101809
0.01646358801891589	-0.02908771226902812	-0.0001363540282211667
0.017042372500377826	-0.029007188827876135	0.001948281468068207
0.01647876730035534	-0.032670283443432986	-0.0019760293647672032
0.016535163650644485	-0.031677057934142785	0.0021222001589187023
0.016589184628127102	-0.026208368087072685	0.0013050918226850915
0.017477020989976503	-0.022572880118356398	0.0013123409985723658
0.019207632184905118	-0.01668060839591274	0.005991826275843907
0.016870283459628207	-0.014149120504069539	0.00876507928110651
0.013252727791880171	-0.0067349080853199225	0.0051774270869548375
0.012399299673215878	-0.008296463291070989	-0.00011150168290387057
0.014632777906260358	-0.0089470507484446	0.005862661692008518
0.014625502780159911	-0.006459300946814495	0.0028515684910719076
0.010501672645038701	-0.006590752862014497	-0.00023552724614532214
0.009247363508536223	-0.005055462221155424	-0.0005931760175515478
0.010852734137957362	-0.0038217168759598612	0.01406064375188139
0.010765677413009813	0.0011062942627113445	0.014877348066658563
0.010693946833860057	0.013183094382956163	0.01646848052852122
0.009456945827098764	0.009600719011462961	-0.00021326101317522932
0.011301754158263535	0.009376353894772066	0.010949504742698315
0.0121190842507227	-0.002093659181898668	0.016866094062351275
0.0125319419865581	-0.0026070808401849116	0.017584809976265638
0.01226692821709826	-0.013393835719131084	0.016697975218149638
0.013182781619224742	-0.012850157343019033	0.005433817212020956
0.01586057484874385	-0.025360923104019596	0.00611351342320594
0.01836776163678593	-0.026229014104519097	-0.0022118850488593994
0.019005887715316583	-0.029747897343301574	-0.006127072330546237
0.021051603579172344	-0.024763937944022495	-0.001526908734354803
0.0222540032907051	-0.021950868862614895	0.0007939073102327075
0.022060047946534628	-0.01741178927039179	0.0020792405226602514
0.020564651475481803	-0.015369824391037649	0.006106389439640654
0.018877365847315235	-0.011139007400420169	0.0035656695545601257
0.017211147822477162	-0.003710387640946572	0.010930139009284679
0.012945227667230113	0.00754991199667065	0.005835808340216811
0.008796221082696797	0.02409825458594767	0.004481957623750457
0.006761785775960253	0.026691489783289394	0.0035537839341579403
0.007695966822474627	0.030306695761819817	0.013262450141048406
0.009726547433082223	0.01943221008633568	0.0029865375809628196
0.009745743505652743	0.025419107970266117	-0.0015695131989775044
0.0089617849641609	0.030484700927434338	-0.013242225337023348
0.006504313275345796	0.038157770722285	-0.0034327205039328262
0.008049355512504625	0.03199710089360656	0.0006306931533966416
0.008202697356576617	0.027950130079490338	0.0024396104778579304
0.011367404817462963	0.018507643093850414	-7.376417561849417e-05
0.014081398130788294	0.009653206088512908	-0.0011155178291740002
0.015282056901954414	0.008518205632642608	-0.00028980501247976784
0.013482004114547457	0.018749891303427454	-0.001625664264986771
0.00975859221094122	0.030216566758481198	-0.003488417212080097
0.006068171471303904	0.03653787510316401	-0.007871736262182207
0.0052842675287924565	0.0380145017619964	-0.00018295746763751907
0.006027699095222503	0.04304391945283571	0.0017834564076365722
0.008679084234251077	0.04250159706698981	0.00196301229936558
0.012202036132323886	0.03580975194901239	0.0027381524260574382
0.018566687139520033	0.02733960911425205	0.0014344639348215643
0.018902804015428418	0.031990006708156174	0.005493771091908392
0.014608410165854605	0.024959132845342607	-0.004196906959890931
0.013377040907175003	0.026357302647517	-0.002751085968688463
0.015012055039446241	0.010380229533656546	-0.007958432588478708
0.016880365236360145	0.002821119193964926	-0.008936303125264375
0.0181597689650026	-0.0017848099116689227	-0.008368386523178555
0.015418588353603511	0.009295858137917803	-0.004630114303722484
0.014640723702192326	0.023230688746348576	0.004211382205944355
0.009919350967696503	0.03224075323225833	-0.0021432306979689876
0.006980143108973892	0.037892885680038686	0.0032282110614271693
-0.001089910417408419	0.04157495124160308	0.004289613658759097
-0.006157447127386609	0.04166698658552014	0.0016867187151514869
-0.008174909383310515	0.038991049475052976	-0.002876193983068637
-0.010041887725351566	0.04091043975491849	0.004583108208179264
-0.00810244968978476	0.04134638189508851	0.012885518019145434
-0.004830298688049204	0.04814180381576914	0.010947142111884309
0.0027288632686189	0.03799514791915285	0.005150736398190796
0.009697655202567256	0.0342952856757453	0.0005107338450600941
0.014145462014386025	0.02432849178217992	-0.0017281536450076424
0.018299814918975765	0.01697471758532403	0.003737435848006017
0.01652652838346896	0.022738067120205468	0.005279017779083954
0.000929329610756059	0.03766482091139181	0.027651409197425567
-0.010015030134358841	0.04110656114584842	0.016761108460946986
-0.018223607962890687	0.0355945024552797	0.032920404273003544
-0.017642190595415153	0.03660280545219912	0.03931460534821171
-0.01159253734321574	0.03810436257148814	0.030944901420474707
-0.0045419359898544115	0.04168776778110199	0.030241398018049547
-0.0025108278368366974	0.04611500829708429	0.02513818807232159
-0.004634654377325672	0.04174581680288845	0.027303990904522554
-0.01213260322990883	0.03260827061799875	0.025441694384954777
-0.024549467057569982	0.018261229984297852	0.03683366452070832
-0.03145670496212202	0.012094868280450203	0.040312439808317224
-0.03044472381325209	0.009508517377770427	0.040532846756330246
-0.033057593748256106	0.008848922360248814	0.04736640350916402
-0.034417087211438754	0.009158050624089201	0.06059366930608921
-0.03904681947811862	0.0048344852893311314	0.051257557361873034
-0.03934473967609121	0.0013650971685045662	0.04859799310769827
-0.040862172028641564	-0.0029062161016312894	0.04566730293579709
-0.039956637344295436	-0.0036587428801598816	0.048951573405076276
-0.04099000898738955	-0.0014450668691807706	0.049944059845458265
-0.038826741533719795	0.0021275086851559196	0.04728718919310588
-0.03855440497458416	0.00531331633258211	0.049284604586093336
-0.03779573394450052	0.0011549975049103811	0.04480031525084336
-0.03739722463919826	-0.0021901220947607943	0.047133012352845116
-0.03951680635934104	-0.0052070506025073335	0.053504483013884795
-0.041131343758797886	-0.0014246224831930018	0.0675609133726329
-0.04282185308813004	0.0007566963734482853	0.07354638222884127
-0.039675177668775215	0.0008910110788662285	0.06763226908690981
-0.04028211580034989	-0.0012852216864492338	0.059667753808515515
-0.039709794582805664	-0.002737073168969413	0.0480114125015487
-0.041428765509302794	-0.002056061305991532	0.05235912674025446
-0.03751851727132162	-0.0008058122505867252	0.045582676063586104
-0.036321201347919815	0.0015624207362405047	0.04125968404561155
-0.033346318913750436	0.0006702444580443688	0.025931997957626476
-0.0337902347316062	0.005844354968492318	0.022118276098620812
-0.034001374409386255	0.0009471499283884839	0.016879521265380525
-0.03494574867326955	0.0008024295161111661	0.02158126868191998
-0.03208174681671553	0.0011047824981388376	0.021884465924777566
-0.02762706508690608	0.010365989235308059	0.030754528427238883
-0.02436377648443707	0.012031730193436556	0.02845120648954124
-0.024060657701032287	0.014617692201517984	0.023289108583610163
-0.024489298352594547	0.013410897035027758	0.02420345940691969
-0.02561499549014651	0.02692761608532646	0.03041136680264009
-0.020334002041939667	0.03442727653445483	0.025719407702251697
-0.0027070779165963565	0.05485479349603359	0.02080983398322927
0.001460454477778289	0.05245215906862191	0.0076904758792726785
-0.0008940330490159916	0.05736627662993552	-0.0019529075855234733
0.0015920545897247155	0.04011461259876261	-0.013889234341452417
0.007047993467969801	0.028048165624404417	-0.012117456545177884
0.009764424420352517	0.019298969207569017	-0.0120784120939517
0.010440106788688895	0.02715350434864803	-0.01355765431912364
0.011988513290378176	0.025827286004596287	-0.01900225881793738
0.013024559661074861	0.025510047342792462	-0.018378366085891572
0.014632655486026293	0.02118150805926387	-0.016195557295521485
0.016946285416308732	0.016478087010627775	-0.008978399397808992
0.019510282353920477	-0.0019800773001189703	-0.0060911124794626875
0.019108024087037316	-0.016118221763058084	-0.0032203998401670597
0.0197999495750643	-0.033445701732959895	-0.001677603549866645
0.020788821601195096	-0.03174058872421635	0.006709599098866105
0.023079594107935572	-0.03122605680449876	0.01525832879264781
0.023718178283418587	-0.03138328284744474	0.019655886418947353
0.022011151925692207	-0.03268564976985058	0.01470335386688305
0.019980434400640446	-0.0384142388494243	0.0007160492838564972
0.01788789841158728	-0.03687307134738256	-0.0007206400086626798
0.016588998944954168	-0.03773130859996509	-0.0011690670010069994
0.015045763052681283	-0.030728430055437305	0.002496352919134642
0.01372370420871181	-0.025842519770014602	0.0004612227584113032
0.013328556511665786	-0.014196559713471528	-0.010334002390875362
0.009504852127071962	-0.009204366064801253	-0.011068602231082894
0.008127824147822003	-0.0013662972922378876	-0.010794941977590705
0.009025332899940185	-0.003215101994503379	-0.006146943522421589
0.01173873146493759	-0.0031971445260570016	-0.0028520307271279396
0.011916467140711453	-0.004051866871434448	-0.007843913099167496
0.011676642583090634	-0.005522470012065098	-0.009575593359864003
0.01159636260919508	-0.011488474944475436	-0.008306935685824562
0.011684731477919786	-0.02196043468199301	-0.002775364937377598
0.008841251809458626	-0.020374397143368084	-0.003910713498127362
0.009677146220081619	-0.023092308570340125	-0.006028037016914836
0.012597090185439185	-0.028368585282766458	-0.00853942008255581
0.014651817263823965	-0.040272029323531223	-0.008718791449079036
0.015271403482054961	-0.03660066547896572	-0.010260536276759373
0.014226869018394156	-0.02718993448374512	-0.007770982251809087
0.013751981488557618	-0.022152305360954	-0.008089244886004397
0.01018253331854443	-0.024610521194520278	-0.008307322942459377
0.00973438081854055	-0.027207885309580508	-0.00320601885540058
0.0094892063820128	-0.0280304380734223	0.0019117114643961977
0.011068079033280406	-0.027922522367508664	-0.0007803232067969176
0.01057428689350479	-0.026544319526026493	-0.006042178535362595
0.01099484914010617	-0.027528823880379825	-0.012595094060831424
0.010141165557414168	-0.026484426364529884	-0.008766621460978459
0.009317915222316876	-0.024138681473102132	-0.003517498309191803
0.007469085512532575	-0.022082517865994546	0.0024032857264172968
0.0063170230174858085	-0.020536411808320675	0.00293468295412184
0.006835638544463972	-0.022173332377784693	0.002180259645249364
0.0075908262710193365	-0.02015836716701224	0.0011917951755262253
nan	nan	nan
nan	nan	nan
0.0073982060083016415	-0.02333165224478791	0.0025614273073834154
0.005716299150409202	-0.025206071893715137	-0.0005585106778477665
0.005677175691542393	-0.02684577737377228	-0.004051918227972078
0.007332938563749599	-0.023876185601004345	-0.014495374957607058
0.009417815906146034	-0.025747527817954783	-0.015746481673680014
0.00875809522767828	-0.025436806794524393	-0.014037203882413403
0.00896805734148604	-0.02938928027876615	-0.008994132569381204
0.00818719913273842	-0.0334973505741648	-0.010510078944853177
nan	nan	nan