# EV_1 (16.9484)	EV_2 (6.2353)	EV_3 (-4.6831)
0.012782817272579534	0.01721342036978855	0.027255115434669477
0.013042477454327088	0.015577322624049667	0.03238586479130979
0.015424750822155192	0.010095697765065317	0.03084638162949495
nan	nan	nan
0.0160645112516935	0.0038827514172660874	0.03553807557154409
0.019823793117649546	-0.006483934660278443	0.02867309240755591
0.019518774406875012	-0.011642510949389959	0.034133268637317825
0.02014254371394485	-0.004406543986074436	0.030147550034377697
0.021133058798665432	-0.004926775772331053	0.028566495070120986
0.02409824931777287	-0.0023701117055522853	0.028383241566917402
0.029655367032890508	-0.012165404442611983	0.02378632777443359
0.028442874450694825	-0.016538264999784436	0.028101600429373347
0.02724637327386326	-0.018969231173618626	0.030806099077208816
0.028849854141409795	-0.0244007964522605	0.03584915924115891
0.028955650675538524	-0.0213625866869837	0.03550529493540432
0.02857291807871505	-0.011964235249270868	0.034763025996139535
0.026945356050252653	0.002080361435387476	0.027096849077225958
0.02923690695520791	-0.0030628345223827347	0.026897905512151703
0.029297998398307098	-0.0016077635380258217	0.02449021207012956
0.028400717606293233	0.0032081237900865455	0.022578363949957873
0.02595153820964644	0.004338910753787948	0.02691687682249099
0.030224307074548058	0.005133641988401998	0.016733546381839784
0.03148641470549148	-0.002968466863913245	0.018672863693886738
0.03117661997266769	0.008765393128137424	0.006635762569914928
0.024361490492850447	-0.0018264140017789808	0.02315554220562925
0.021828974289547533	0.005578184566285326	0.017285720748442257
0.013745074090508678	0.0031795846982675046	0.03027350921545741
0.00817509485082481	0.016340575827221704	0.030552499482709165
0.0038389135057960884	0.016728024805186703	0.036930025095008645
-0.0012260928518092365	0.017159199288536785	0.03724053448043131
-0.006068925024578209	0.010644562563966002	0.0379664644459941
-0.0160123044973555	0.0068988169513975895	0.038745002137908054
-0.014666362159203139	0.012079063841617443	0.032797967781647355
-0.02299802746890524	0.040107088831919956	0.018900826979217362
-0.008014283233613285	0.05108579181617265	0.01696895775320876
0.0035836778735652635	0.04055393991557706	0.02186382829639078
0.015293454743445586	0.02398698125360914	0.019987495783714004
0.017081085793941585	0.015135370081411085	0.01951885764962026
0.02112817625366664	0.009486609838108177	0.018648055716957126
0.024315730614495663	0.009880349161237695	0.01309669938474326
0.026787174684710133	0.004116545294647854	0.018541078526275845
0.026000195801031575	0.00432966595223348	0.024059354794580066
0.0270325390187363	-0.010137701750724792	0.03230653518289678
0.02496243439490341	0.0017253570881164205	0.02251529621566459
0.023326429102513743	-0.0057748134057078035	0.024268095188515533
0.024382034125181463	-0.00778852825437264	0.022899616841796262
0.026810319722862668	-0.009203241820958021	0.025764604914150675
0.02712623205399786	0.0005287822271868776	0.021047534657313086
0.02186290689001715	0.007167458174614412	0.021354211682542645
0.018930765313549845	0.010434800400848267	0.022009542133505405
0.01415998873319382	0.016008030012392375	0.022845472819201594
0.018948231709542265	0.022298249038610263	0.010723100630769467
0.01558592885888224	0.026685962248715944	0.011999438182380159
0.015561538459896	0.03233975743548327	0.016711822532388333
0.00019634152440847248	0.049351666480024176	0.02220523361107154
-0.007077503419888956	0.05186446183705486	0.027519646410213434
-0.010661460743936223	0.04812426356387135	0.030301868122027144
-0.011151904472849885	0.04032652068833911	0.031418444153513046
-0.012965420287735053	0.03101977452180557	0.029183423174470365
-0.01303954871729509	0.03500418193106139	0.019002834875011334
-0.015429590704517712	0.03626415286587386	0.01978559714556147
-0.008876263749715896	0.03358379911498531	0.026160646702722695
-0.008568493970668667	0.0269218851876138	0.03265642463960854
0.003286419802843407	0.0262045145210532	0.027746693376539986
0.012678447380396661	0.02556009531429897	0.010578581574657303
0.017655529419967765	0.022348713742660377	0.005618911000347129
0.018632232597135066	0.022362344257585997	0.01040549256972915
0.0151390952704719	0.02446109131869247	0.013091493176894444
0.02004320666249197	0.023825286353348928	0.014039909180969992
0.022303763283957705	0.01765859276564611	0.01356734929465314
0.024995467623112107	-0.004338970387031011	0.01699671328900826
0.018357800296053734	-0.010784771129935035	0.02417857337707713
0.017999644406561315	-0.01414068899383733	0.03425463139105779
0.018614014442827266	-0.011248375574307924	0.030953928794345366
0.022597265201527713	-0.007448000464848949	0.03045735260554279
0.021820469911597102	-0.000830529376072993	0.02939736199662647
0.02617746721541734	-0.009775873216453112	0.027197870881324762
0.031356704067718615	-0.0004537961689134594	0.014995339949018204
0.03395255632362377	-0.009915883820854583	0.016645038783079855
0.03755951381176517	-0.002771247082399902	0.013207542267224068
0.031611636777242075	-0.006330002855402247	0.02530000018230765
0.030945661845398726	-0.0037071084540526824	0.023095012421046977
0.029282780637006654	0.008739017818323876	0.015707660107517684
0.029580480826094855	0.01163958046391866	0.01208757643375519
0.022371335200978636	0.02539548632583655	0.014623964587903424
0.021523262207288476	0.02062930084307654	0.01782479723201687
0.018864672308227685	0.02995502030022344	0.01627237013476747
0.019456883544836663	0.0314039834524859	0.009160644754926112
0.01111400484331658	0.04398158982427583	0.008992018719848451
0.004839801388822931	0.04906746491107459	0.005476873380539571
-0.002949579069296596	0.050460995765326616	0.016067042662049887
-0.0034049878067151035	0.03545670509032502	0.021598525805867
-0.0007051618004099002	0.03432561293668329	0.021123332149680756
-0.00038176353980680876	0.044672589227595386	0.01923188629000584
-0.003686883949636519	0.06899959342134154	0.012017265739427765
-0.005992819741112762	0.06913548114836147	0.019695520517460187
-0.007752566614111462	0.07394274903812298	0.01241560026272825
-0.015106801421877099	0.07701004378861771	0.01246038993256797
-0.022070548842959597	0.08442167544449616	0.018023223320143132
-0.019904357303587018	0.0712522915469545	0.024439165618717996
-0.01914469902751255	0.06730209909975098	0.03093276131201511
-0.03039785158259095	0.06633999139159671	0.020855468285033586
-0.04403809767360584	0.07250899170820645	0.018883102888677436
-0.048361585893185836	0.063855267401217	0.026060019494604986
-0.04570079455093115	0.07165199606388677	0.028123230880377055
-0.04463686403391519	0.08649476239802734	0.024292775319239603
-0.04501664721736938	0.08064502088247791	0.026124631365376863
-0.0565456605488917	0.0542176147886961	0.033103910025311586
-0.06997588694977105	0.008188756877341833	0.028080190006939648
-0.0869712289222726	-0.015496114135627294	0.02440821269770961
-0.09301632265632827	-0.0291900169525678	0.024062841505710322
-0.08905079669402745	-0.030763449040805278	0.02848468781641582
-0.08472104849874466	-0.03328977260400734	0.031347862971194976
-0.07879017751533411	-0.022368576565378315	0.03244424233237288
-0.07381255640350387	-0.0067185081618700015	0.023454097762975634
-0.07204704545910715	0.0122289987975426	0.023946846540929545
-0.061747385945830256	0.03017155394131725	0.028608774184666022
-0.05840958500955375	0.06709568606927453	0.02036671704862806
-0.039464073151925134	0.08950214899593398	0.01133284074002349
-0.03737899835003142	0.10717948245031036	0.004238614920467586
-0.03366738562607434	0.07663643434960893	0.02311806504870101
-0.04489161023031467	0.05789800662278124	0.028594056620991334
-0.05921977523051655	0.049442384292533705	0.025937307286028527
-0.06851021528310564	0.07910035143334451	0.010356639202977677
-0.05855006745553044	0.09004236404369458	0.0077990281900245165
-0.048665704447568806	0.10622438351649767	0.00047322433258097096
-0.04450508276706326	0.08271456306021396	0.0072671516485982995
-0.043744024572592174	0.09780528527752332	0.006294743654659082
-0.03939429030199928	0.08626100234883005	0.0158086820227836
-0.04543316002767925	0.0814692423052045	0.026424298753709406
-0.04893684928142661	0.06802355552802207	0.027710254342899546
-0.05557164028541999	0.06658536337637772	0.024768919026915026
-0.048194131133966873	0.07066933981879936	0.02049746593531953
-0.036773653856358404	0.05460496544780424	0.027992170031989297
-0.029697509511769308	0.024259837626378157	0.04255649393046055
-0.03563375094830671	0.017816854963385958	0.04501989292357671
-0.05002566334584625	0.033740044921415156	0.030617888955390533
-0.053660869874945165	0.059592852900590285	0.021948226121637472
-0.04537373591826783	0.08807028304198423	0.009349565286347977
-0.03442620648083442	0.09067036341409801	0.007781721142338986
-0.028976188230846404	0.08810408391185558	0.01283092899364062
-0.02337512861323771	0.06020880702658221	0.029673832496884305
-0.033654836487168445	0.04037571545961737	0.04115981465035093
-0.04449698779450347	0.0070192138807898645	0.036934023763130756
-0.06242438176762801	-0.0038956273462569515	0.0359616267076784
-0.06571524865617004	-0.014146993967854203	0.046317822347570634
-0.08377474375674225	-0.007874558937485976	0.03597012088515254
-0.07965318731052051	-0.0008585670946038943	0.034160487321137814
-0.0711506911209144	0.032314951429370846	0.033395519109275365
-0.062436311711808065	0.06339509726734975	0.026009481694796194
-0.0535886551439352	0.08486888557369068	0.017356588597128485
-0.04415084597933802	0.09796784698313273	0.0013686383098191063
-0.033759323433584204	0.09440356768140698	-0.0011677760455733252
-0.020340224997194713	0.07900315747813758	0.0070666538967758714
-0.0021994760406610202	0.05550715738689409	0.0170044134775188
0.005110028410135643	0.04384475668513851	0.021533939411585806
0.0018940426439681178	0.05208345579153316	0.02529182349984501
0.006367313415111181	0.05016970380389933	0.016630036019626676
0.012454033422634094	0.03854114954552029	0.013852337712627661
0.014949011386926201	0.03432879936224365	0.010408711358287661
0.016059852019804734	0.031855265326050056	0.009475718683082876
0.015319450603305588	0.03666233234013891	0.009462963604774487
0.01730504692986048	0.04089837392499145	0.0116692345138838
0.01122428755316242	0.04537847474739364	0.0210251065554735
0.009918263024977107	0.04869373072420517	0.014466007737089347
0.006701152519961227	0.04886265003661658	0.02346075707817758
0.00965700291712877	0.04565809471205793	0.02157072722370212
0.014161612453649032	0.03987994251520672	0.029760912290045988
0.021361206689570457	0.021291450073627663	0.026752083320008762
0.02250509367367573	0.028695293576882542	0.018767077755457405
0.02324935841604154	0.01696271901250116	0.024717107006561687
0.020045710936424724	0.021257833694238525	0.025365134345567815
0.017652645360946705	-0.0006642001381332017	0.037633227783678336
0.01994344895288568	-0.004301041322827187	0.034657368246174845
0.01950731240356913	-0.005481479266599285	0.03844960656755138
0.02231281511167791	-0.0006029770972040007	0.03209991940125588
0.02446648688194964	0.0013640859194956152	0.028709891492384423
0.031101067196542927	-0.00012049354509737972	0.016115947043382962
0.03569913082484445	-0.00825093606308587	0.013193275946160737
0.03611506859007923	-0.010244353588171634	0.012087535180940284
0.033318406312635496	-0.007601002727710636	0.01989919247123183
0.0301841710402596	0.01156678066098718	0.011638595002455374
0.021718600254411607	0.025352163876719666	0.010204559164087574
nan	nan	nan
nan	nan	nan
0.015780980113732357	0.0293194265640236	0.021963300597017597
0.01669455003117123	0.02343039485977695	0.03143884116020305
0.023833105858536662	0.01663499721002331	0.0262720938021655
0.025431886516144198	0.01104802609673926	0.02099997074566974
nan	nan	nan
nan	nan	nan
0.019872435723227187	0.017474131171492047	0.019671549852403554
0.019752600869502757	0.019131145925897906	0.021662241889648336
0.015487238234471562	0.03132779216262653	0.021040323555616802
0.01614065851590096	0.034950958393843205	0.014315318382632395
0.01389767975550124	0.033485396646118326	0.01379908458988279
0.012509876583909492	0.008394226193140534	0.026141071697262375
0.011336340907384267	0.015514871272898866	0.026448536856111544
0.008898006445421242	0.02040369080511667	0.03319049469481624
0.011150216181651223	0.0451701334937232	0.022161754522825542
0.006829945726284875	0.053435260569809614	0.018239750697527087
-0.0008375975104450086	0.062410408833883116	0.011371668954814826
-0.003603120880769942	0.05121013518395641	0.019940595833891205
-0.001066339725483236	0.040281610415257546	0.030923912178876165
-0.0043033483582455715	0.043630952874764935	0.03875243304663217
-0.006501283209699131	0.05493100292712348	0.029958444962711925
-0.010090125796640852	0.06133892388302965	0.023640919973651815
-0.0018526386792730339	0.05362080442382859	0.01890095781815816
0.0009030990508991684	0.058664956029130876	0.024757595059872288
-0.0003126577473566834	0.06873743148656244	0.019499308124391504
-0.0030283957219132763	0.056298221799522166	0.029587604776187812
-0.015034748681227925	0.06571108615486985	0.017907571186848183
-0.024999247109882248	0.040898341215563044	0.022048449671656468
-0.04137314261652932	0.0642262884882863	-0.0019040601909269886
-0.04324563280662984	0.0534712553357032	0.005059839694828948
-0.05649858300929265	0.04802245088026956	0.028337075152939095
-0.07268867479981675	0.006925312544277029	0.03361957882329955
-0.0877554946906395	-0.013874387966382407	0.02658522037732701
-0.09439316318802235	-0.024385212531918443	0.026194998646004497
-0.09298753310394096	-0.022723103046210356	0.027353682075556093
-0.09727405858778485	-0.024481164155338953	0.026068919223091666
-0.10793023261316438	-0.0018450831882614507	0.01424123351664941
-0.09276395605802648	0.005008747818873768	-0.0005156375201821328
nan	nan	nan
nan	nan	nan
nan	nan	nan
nan	nan	nan
nan	nan	nan
nan	nan	nan
nan	nan	nan
nan	nan	nan
nan	nan	nan
nan	nan	nan
nan	nan	nan
nan	nan	nan
nan	nan	nan
nan	nan	nan
nan	nan	nan
nan	nan	nan
nan	nan	nan
nan	nan	nan
nan	nan	nan
nan	nan	nan
nan	nan	nan
nan	nan	nan
nan	nan	nan
nan	nan	nan
nan	nan	nan
nan	nan	nan
nan	nan	nan
nan	nan	nan
nan	nan	nan
nan	nan	nan
-0.0870504682566126	0.0378797530985735	0.01749929684025206
-0.04829124838586292	0.052651794033238566	0.030700626779125696
-0.043588047933498165	0.08622407361291086	0.0325659634213083
-0.016071922242335134	0.07757826685617789	0.01901526873572475
-0.005312912275180768	0.08003185761588459	0.008523773503142318
-0.007086530158262696	0.06729807831095773	0.0240925236699913
-0.016499184262980995	0.07976744144840216	0.013308654617382634
-0.020338143275508924	0.06620173017637591	0.02189444918358008
-0.01836028356744906	0.06636090905408885	0.015061354036353527
-0.01269940678062501	0.05864835025912665	0.021769438891975208
-0.009992682559630227	0.07251907200077125	0.019788975299327126
-0.0039761017698909775	0.075162336865533	0.006116038988203125
0.006357003834097974	0.07156520329197771	-0.0034169081237609812
0.0176020297160853	0.05280480507718512	0.0012990780234236506
0.02659169719203183	0.02854626875819149	0.01289184020666892
0.03482763865210476	0.010662931884846908	0.013083209748879557
0.03387526469095963	-0.007216543710624449	0.021140321491336767
0.035399621678700234	-0.011551324976478785	0.01780254998286347
0.03049763818124721	-0.009664753314672158	0.030636371900012616
0.03100745867674695	-0.007768106327427051	0.03354350086678784
0.03370602152693212	-0.018965598885065757	0.036314310516970094
0.035762774611979874	-0.020299454008927242	0.03894319945477076
0.03821055584712228	-0.016158398793889528	0.03040793364831219
0.030449931894718243	-0.007636706837481468	0.029791167310116624
0.028929975378808526	-0.008988938559416251	0.027854190597489024
0.02714421513314348	-0.0054648589789843575	0.03236163003587097
0.034509639037401035	-0.007525129876929604	0.02488289283589725
0.023097442298680448	-0.008671774374858332	0.04249629427215519
0.025610414628258107	-0.007778062238417937	0.03328483902324565
0.01938010008343024	-0.003552839080401139	0.04030256604679057
0.029823106685900866	0.007815132279418097	0.026157480011546178
0.027663929177895525	0.005276705283935887	0.03784111306495511
0.029251315795045335	0.006535587737295162	0.03871212475784411
0.030742526207209186	0.009678485361948298	0.04110017281919337
0.03174839567328257	0.0074355014247029635	0.03168740803982488
0.030525661317683386	-0.003214834982881133	0.032262467712480945
0.03128519857466847	-0.009823025961799037	0.028501432416518806
0.029469608103661456	-0.007476857329319856	0.03256754775315069
0.03253729643659479	0.007151478640493041	0.02361495961623218
0.029931171479196175	0.011531245726347106	0.019513732097247598
0.028692119386154777	0.018203525740249294	0.012945257329648203
0.02215645188800186	0.022027399517121987	0.018670912385804893
0.02682408318721701	0.01849399874953275	0.016187814132777482
0.018477399177407972	0.012158051669672272	0.02896883088078252
0.019429875620800615	0.009615656778445239	0.036518558037754195
0.016330749908540887	0.020752043447035556	0.03546969604184819
0.017727654940947867	0.04176202578712219	0.024389215684845596
0.021345156607067876	0.0465006890532867	0.012557196684732005
0.022212511118363164	0.050259985023396875	0.012304756217138795
0.021991577150953588	0.04346982098733947	0.016285018689181165
0.019908812402834344	0.03713330950133291	0.01781587330116386
0.013601811650344275	0.04288857887281563	0.02383916642212068
0.012412634509745469	0.04206298237251122	0.0233521057005648
0.01228624364417753	0.049603997730246055	0.031690916075880836
0.003572302771922972	0.05981138236303697	0.029554088021739835
-0.01513978836931484	0.07190277847832496	0.030152760276372956
-0.028671173664404387	0.07951237058114001	0.020318000626257007
-0.03082499837596511	0.07851852380678477	0.02984629540986643
-0.032619950860810605	0.08401373692112041	0.02442485076490207
-0.04094517298695712	0.07778407761247573	0.03207888283494591
-0.05516234658228962	0.06081292973669496	0.039887597345028024
-0.06332230196600692	0.04253013964172633	0.04409753108439214
-0.06901772557336532	0.012162482238055144	0.05128728676608921
-0.07122230145351387	-0.01902000624376711	0.04978757761282407
-0.07839585768847483	-0.02902055798885201	0.052263431833474996
-0.0854253094022049	-0.024486035358298405	0.05201130264495239
-0.08526614148014271	-0.016978178643500395	0.0473026620061579
-0.09174628872536518	-0.010632123178932409	0.03718909436059993
-0.08762417010266706	-0.012716408004285237	0.03620959481074344
-0.08506549493033908	-0.014626733235837842	0.042149425677022
-0.0824548590651549	-0.023924813893346792	0.04533798257202755
-0.08121199585076927	-0.017032378587034283	0.050060261868312236
-0.09019116619156976	-0.007354751316993817	0.04873845594076244
-0.07993386754840764	0.023248164001465718	0.04382940382506875
-0.06634286065573639	0.04628095668067725	0.04657513729677594
-0.04492203200760393	0.0651245042930259	0.03521719447111634
-0.04340408048945526	0.0600166201570138	0.035037956806714746
-0.03706881341425424	0.06586817682707682	0.030297063832662195
-0.03699629740018945	0.06517854379568826	0.027733009615799838
-0.02427315579715154	0.07146418289434368	0.02607832358819524
-0.013368190532814381	0.0710381877315074	0.023531467148953593
-0.014938190309244946	0.08368232086877388	0.02161409594326028
-0.027732110274843243	0.08777562507921974	0.01663450860356269
-0.032805003994836573	0.08115020558525492	0.02937251025470397
-0.030417234983175275	0.08087203939414453	0.028630746798187365
-0.016942835594073783	0.07849391256728763	0.015408003771818564
-0.004884015037170546	0.09009501686045657	-0.005271426645514047
0.009061991660665757	0.08048689961209618	-0.011819327643817339
0.008229992586917976	0.08199108158694078	0.0027150762673295546
0.000381637915879247	0.07956723108718917	0.010161082907954595
0.000167899313619762	0.07880440905012265	0.010300447316067158
0.003152187175889145	0.06605466654642707	0.00892006450419088
0.01421044609792832	0.05115452862348433	0.008068282033856252
nan	nan	nan
nan	nan	nan
0.012288141909634773	0.020092538506636944	0.036203222852162396
0.021039622784653177	0.005476518479957629	0.033458884962716255
0.022776323408303503	0.0052606429073604405	0.03286105548137335
0.033469396132517204	0.012048332006260614	0.017629822100519096
0.030376111658616894	0.03225517881170706	0.013335817570344202
0.027350867640265637	0.026729375297186237	0.021532803146453644
0.02751291789061764	0.03278676900253823	0.01579570004203302
0.031173862346600977	0.0302895287274695	0.013605762442527338
0.03474192567296994	0.027755527398089046	0.010259859716205657
0.034209293827376024	0.0194530389620488	0.019757244139188366
0.03732115263752693	0.012377294536159955	0.018082610159721856
0.03237798412973622	-0.006690186642254972	0.02700742861028635
0.030386053083735126	-0.006878125599750531	0.03306390344912487
0.025898650915676457	-0.0030958554526488652	0.028408190074910907
0.027634170827644765	0.01989330292792915	0.017709771859043683
0.027262579727594678	0.021442824949306227	0.016429646536484713
0.028106882334639333	0.006473963128271799	0.02923576443698456
0.02973031605036671	-0.016088528321823233	0.029942407454782927
0.028454019042697266	-0.01816980538128092	0.036928341024758546
0.026622309674844132	-0.02139320402281078	0.04514355164809329
0.026435791899081254	-0.018732783824828472	0.04745658400691801
0.02950667089160551	-0.015764342244102628	0.039366361337104264
0.029165367660026715	-0.012487304488671237	0.033818011003139914
0.020580087065817085	-0.009620252859259774	0.04885006605343518
0.022077369089287927	-0.01500125256389279	0.04399607855127716
0.02597473616678434	-0.010971841293556783	0.041114786617275925
0.03765255459841377	-0.014943710222067731	0.032241490172763586
0.03643339673986793	-0.015994323255770968	0.034522019663001564
0.030750337911930683	-0.02043843808309351	0.03939888846421126
0.028267185381321468	-0.011796053285031836	0.04070779143274065
0.028589048735463217	-0.003208866365275941	0.03585286916904751
0.031265097935368594	0.0021091610656896573	0.03621629466302992
0.028312692413743703	-0.0064305408450691	0.037516748894626514
0.03114837297090232	-0.017739237851094082	0.03753775903736021
0.03683515983963576	-0.024478651560232385	0.02923940405281572
0.03985315739523311	-0.032590663954876684	0.03707306299601262
0.03370957339128396	-0.02762344965988072	0.04402752215565056
0.02919712036836339	-0.022894464268679866	0.04748973120528478
0.02541435088079861	-0.0150718997483185	0.051328041343478396
0.02675853469598621	-0.013884658192911192	0.05571622714302264
0.02658766937500972	-0.013556128060087307	0.04756390325428314
0.023819585798677205	-0.009751767673855265	0.04612522737491939
0.023936675483452702	-0.01803429136644452	0.04178267786040567
0.022734726428581327	-0.0172119700810121	0.04344144724812467
0.02225224533399296	-0.015313744966330308	0.05077662856735701
0.02179018545500286	-0.015989058826427607	0.05080207761438872
0.01851578285611685	-0.01163232606355927	0.05618251054376949
0.018770204547545542	-0.01367886676669436	0.05017205407013838
0.02148757985066249	-0.012355391829097201	0.04363704018170175
0.0215675049356818	-0.018592518100422152	0.04262554569812328
0.02264007155093185	-0.01479961110254414	0.045474764953383776
0.020906909825496492	-0.01694760053532659	0.05183696850263909
0.028610893906229454	-0.0159199399519455	0.043239284040309266
0.031761724377904026	-0.022161990299235157	0.04090687355477346
0.03782500551183502	-0.022541985109287233	0.035258306274622286
0.03780454000740237	-0.01605596279159974	0.03212641788362017
0.039597305173766285	-0.018453081311988227	0.024617976931763538
0.038196182206189824	-0.015121541729512324	0.025054180925812988
0.03370703853502964	-0.015809203452630007	0.02878015292476793
0.03281561919269344	-0.013725042131033875	0.03197733985006631
0.0344357096441039	-0.023413046057967603	0.02946071953231451
0.037785024146808524	-0.022157259712039017	0.022514645551786665
0.035860048679127954	-0.01950025335617404	0.031683581702577304
0.030611168393614455	-0.006899028306117848	0.01922441888619908
0.028943716626708294	-0.010063103416807552	0.030208563172704213
0.02648782941134779	-0.007057292246456882	0.034278854274077473
0.02699904834868795	0.009736288839530458	0.03096388807031822
0.02614548990714434	0.01681884233654672	0.02070213616618939
0.028861835660813677	0.014986457471238817	0.0166954245293571
0.02595336561255684	0.004425457996864789	0.026028743892330678
0.02702195249254672	0.005896207265004442	0.03198742380391355
0.026471367622840535	0.014052912743872922	0.03432516579087641
0.032855928933902705	-0.0066720948491102265	0.04131494633880839
0.030872690272159543	-0.016990481728599426	0.04219528088743071
0.03185355624389633	-0.023433407212465025	0.03926318791011549
0.026912246674241993	-0.015483220768359972	0.04025631817617216
0.02917697183458173	-0.007099458136738193	0.04146482537310401
0.0316552574042046	-0.0038933816161819037	0.03344020497946653
0.03807207642925155	-0.006287656332273158	0.026081106553165048
0.0336513872889691	0.003473336263313429	0.0294466868581881
0.030443973662258733	-0.006452619472597771	0.03503494131232503
0.0315408071424912	-0.01353523578385498	0.036319012622661045
0.03065560981404209	-0.024522855339877674	0.037397919732767265
0.02991614672820146	-0.024433259790362923	0.0353097802089746
0.028907056747862772	-0.013991217184552686	0.0367194730925694
0.029151791533056085	-0.026541732483963364	0.04141705653713791
0.020504607807346448	-0.01821875427919884	0.04149331487303021
0.015738535748494518	-0.026095676016340507	0.046347225629104885
0.01555948876775417	-0.01580245077715474	0.03619177900282163
0.022119759053272847	-0.019122462957523605	0.04036512722100115
0.02624148902830523	-0.010020728790166026	0.03281825307157972
0.022875733530271967	-0.014466995116422559	0.04282060249016662
0.02842031961822224	-0.011078762066431215	0.03501543095315209
0.03075741874073434	-0.012807677850701953	0.03667183160970895
0.030249638533965697	-0.011453732007329393	0.029672622665213054
0.019281338771532652	-0.011115458454176065	0.02316805909008005
nan	nan	nan
0.014180442484773053	-0.006663155335255022	0.034231640053653874
nan	nan	nan
0.014176799610985906	-0.002259533765525805	0.036120915636594725
0.02083504110198676	-0.012069285617621557	0.05391013566844268
0.02943596070786803	-0.010886042156480069	0.039160646814733475
0.02965243256454795	-0.015669722715694875	0.03850477863568472
0.031683634040445205	-0.014311038275518998	0.02779021538007143
0.034218264347045696	-0.022125759945494414	0.02594995201334541
0.03062708397647554	-0.016844798946666104	0.03481418593160884
0.025596886334520386	-0.010068919303366345	0.036679836801169215
0.025110685253076755	-0.0019517734487258572	0.03173912172709878
0.032508050853349506	-0.005571126418379306	0.02342736135549072
0.03444564674259176	-0.020945436280795853	0.02583628083221963
0.03554065345947342	-0.02001353123627281	0.03833425519420183
0.038106374970270813	-0.02565071599830444	0.03091057374723811
0.04900115783569702	-0.026569384747695348	0.024618655805139746
0.05032815681320947	-0.027229103330059103	0.01833669939407423
0.04678614095425866	-0.016411855149201317	0.0231687767282561
0.042154771217688916	0.0023502701709292514	0.020963713360172605
0.042004681633399536	-0.006520453674642004	0.019893888767971324
0.03877553386510152	0.0015713447269463368	0.023830601223327474
0.03710697332492148	-0.013396755373361487	0.03229734342570568
0.0365158333886033	-0.01315763434567914	0.038622429237373274
0.03646651787353109	-0.01793625043819467	0.03769792866171772
0.029567701708871602	-0.006776533513488496	0.039557161870672035
0.024243084308937173	-0.00048563303156717993	0.03894233509305547
0.026471858819020644	-0.008036721055325326	0.041009148895422155
0.03615431177071911	-0.023342298951006563	0.032692726386703445
0.03668369292366809	-0.01843350061806376	0.03234318722763483
0.0353436035779932	-0.012600801765184574	0.03163349298598762
0.03471492397020036	-0.006998349967721211	0.036484086110527364
0.040188299004437246	-0.015793553147451164	0.031502859627754884
0.0492748922376841	-0.024807525390089815	0.011828838994619228
0.050832556536462084	-0.02390287177230976	0.006528238393279991
0.04458690253642868	-0.02075684932206774	0.01934873571768875
0.038701897383722726	-0.01989069191894311	0.027707161856742553
0.03670341738235993	-0.010906438167265109	0.034530090997455694
0.03953536841659003	-0.013247131019083053	0.030723606331631775
0.04105944690231881	-0.0006987456625575815	0.012534533096187895
0.03573047371182759	0.0002531273378510229	0.019315509491766285
0.030692210996497875	0.008692322440959327	0.02196660152811619
0.028977889842762332	0.012320635407289976	0.03086831041736761
0.02777176198569252	0.009291498150745599	0.027257512531476038
0.030608087913196958	0.00681521927362366	0.029171210956002867
0.028844324605977387	0.0044723917094700505	0.019302936439317298
0.029704185429708162	0.02382387457755535	0.014259652985176507
0.02439347236007263	0.03390927952422529	0.01569820094977456
0.006594216931558643	0.04097372392294192	0.033307991071704464
-0.01751967974240739	0.007969160267250246	0.034027425264121544
-0.04677472385403039	0.016062274430556193	0.03658201749075769
-0.061901685820366134	0.01951524673980856	0.04442930618471332
-0.0639673869655074	0.013845361233395453	0.04406971957265304
-0.0655907262029501	-0.02499438100413929	0.06258718596725238
-0.08514547431207124	-0.07873710234058978	0.048101853470164976
-0.0991288975819282	-0.10094947825316823	0.06003249821826215
-0.10318825284249648	-0.1156529802059843	0.05711050841726806
-0.08262406571381949	-0.1032298153152756	0.05121769616893154
-0.07208628535974916	-0.09300334003317054	0.044805001895519225
-0.06062376067311114	-0.08441521291076913	0.04761358961733346
-0.07191364422084327	-0.0822860287604368	0.03876811508476083
-0.08144287411591591	-0.08305380113718075	0.0382854516500029
-0.09390738494174415	-0.07688121240045745	0.034491532690505325
-0.08625978944951627	-0.06109238073033983	0.03534425694623286
-0.08181680263579268	-0.06291136626735992	0.037440044460548064
-0.08252711328702482	-0.06712816480807468	0.04120587520058969
-0.09086710128360839	-0.0697332857220619	0.04456781756571995
-0.09450871064725978	-0.06485150248587751	0.0431511521954689
-0.08165485698952714	-0.05512662808944923	0.04164071836182946
-0.07957060231811898	-0.07563182872955733	0.04369109913255885
-0.063931109219656	-0.06971357035153081	0.05581220756088465
-0.0653965501923092	-0.07622454458670677	0.05251966379152212
-0.05821885829027781	-0.06824315776637097	0.051961271086813324
-0.07026711500061082	-0.07006352847356205	0.050099001771174184
-0.071986152986964	-0.06278665235260086	0.05520310877889503
-0.0876894694617182	-0.0772029637050703	0.04542487772341927
-0.08718628221579854	-0.06751558811241813	0.0369185993670003
-0.08850171400486788	-0.07940578016340331	0.041550910180319534
-0.08711130658304865	-0.09005311073240589	0.053729736025300234
-0.09148562921937098	-0.11024677107651275	0.060208028837005725
-0.08743893549992228	-0.10103126078310617	0.055387548831436983
-0.0879037715300622	-0.09597126854712293	0.048795072723264374
-0.08314718581277801	-0.08220218782107325	0.047560739756084366
-0.09923709223388026	-0.09981965345958	0.046350578063723044
-0.0843207590524892	-0.08329240271778612	0.048355734726601
-0.06049404621926442	-0.028654456240398064	0.057636583089629
-0.03512180711879411	0.021497567589862536	0.03668423351376994
-0.03363349533881409	0.04323237844265805	0.026002715912647613
-0.024254121257579517	0.04055877016626313	0.03222125976662431
-0.022990688160370344	0.03550054477307257	0.035430603629372864
-0.02150936800805554	0.0340979174537234	0.03764464683240103
-0.03453709636144871	0.030851716599834857	0.040929700169396885
-0.04171322311055176	0.034096951853593196	0.031113274755961214
-0.0418055623811932	0.02517119470097555	0.03879265866655212
-0.043061419537125646	0.02626114182645529	0.03596332182674892
-0.04618141732301502	0.0058407441496696	0.04561290516326676
-0.05750543666759455	0.001815760226386823	0.04056731446243586
-0.05281683895680677	0.002612788959137701	0.03873585012168666
-0.0577915266964459	0.01216319908596086	0.037900862478921785
-0.04873312731929695	0.01592355202117894	0.04831582125879212
-0.04652203436657519	0.02295983124009536	0.05102502693576372
-0.03285533368879688	0.02507175847557906	0.04490920263013218
-0.02389487851621786	0.03472559292182323	0.04004074883412744
-0.01722957459750422	0.04232546782322761	0.04468847892341931
-0.009516425164047403	0.05784412464967349	0.031223144849658033
-0.0050934996490717985	0.05752432927870073	0.02189604050762991
0.006445292633190416	0.043117860423889834	0.017251390765342954
0.007564687271177399	0.047934037871525184	0.019348650262313263
0.015171146254107483	0.043640678751543614	0.02453045628626005
0.010295104288663266	0.04921021677971865	0.02356809619161949
0.010391216360584939	0.04477190163245757	0.02984358268939802
0.011647700416317505	0.0418070630872488	0.030079608113735296
0.007912373058686232	0.033129881218255344	0.03966089015559409
0.0081349161204195	0.016307796578841627	0.04545253067491067
0.008546268863519028	0.0192224568996443	0.03590948215890791
0.020408657185265393	0.01828260451442287	0.03312956006333871
0.02852662804681901	0.011588897210318963	0.025329602621563488
0.028456812024076843	0.016339591063337395	0.022914850577859726
0.026198156196581765	0.009336644418755074	0.03490329395723636
0.027646142483892737	0.012432338425169125	0.03337119821009641
0.027076092704373892	0.011590360502835049	0.032844285862593456
0.021924613430992963	0.010428869610666337	0.04299471810290772
0.022742028018129426	0.009835323114793171	0.04759079183621242
0.019759456470414525	0.009070614371027335	0.05221496661683142
0.016551077361682928	0.007186462691104137	0.04602878098945708
0.013199270060181649	0.005513011132617606	0.044700356040270964
0.019361881306343753	0.003768482344829549	0.03352840419661278
0.028712532331300333	0.0047698744168565566	0.022692264950841395
0.030875001687378497	0.011907336598826465	0.023155126237525463
0.028855501496647704	0.007142573414399734	0.036188436052142316
0.02688468367029705	0.0004027920703950736	0.04189721328977461
0.02817587579756733	0.0048593386542408554	0.030563923187613418
0.03335232361288917	0.008579379591576418	0.018294728690648576
0.03431849627885281	0.004182899610901682	0.02672898420350107
0.033146474023148645	-0.0021971519900134085	0.03700954835736427
0.027838974532302024	-0.007159241463671379	0.04984638156393933
0.023349912309870685	0.0030304852257717293	0.05268696152433005
0.023821341111125823	-0.004585488248598303	0.04750816843441946
0.02419657227919252	-0.0017333882000221783	0.03968674913022989
0.02554470364662767	-0.001383509381955167	0.035310513061674195
0.022680953434209464	0.005649236193067422	0.039196413777717376
0.023519557983179867	0.003956029548581336	0.03783816777370561
0.018944215338941053	0.0013648404832945344	0.04296620093506601
0.015471649093349507	0.0037235457115685866	0.044698023556025555
0.0067410460761289205	0.0019063617284984739	0.04800136235842864
0.0030602780240382354	0.012565571022227301	0.05200321148226576
0.00435690215870748	0.011169373450770816	0.04838283921932106
0.004016965507065109	0.01797073106494962	0.05046551327277412
0.0025326965109356077	0.006611802640566236	0.038852863161548644
0.0009740249392722185	0.008756046326700288	0.04660810288070334
0.00856436175068283	0.006278763846776973	0.048752602158090456
0.013536745983949907	0.007264724230404749	0.05158190881836275
0.015320738521878947	-0.0014618918872311127	0.054768201093510493
0.010852718843738954	0.008686197239127513	0.04929635909415196
0.015216881722977495	-0.0068447570929652	0.04890624690404646
0.016182413399964568	-0.001760357663338949	0.04163336985865536
0.023824034845646665	-0.008718632004885783	0.04216780140985735
0.020380944450221136	0.0014061573594282284	0.037622925809562086
0.023248833015643514	0.0035297948271938596	0.024213292349224202
0.018909028450207224	0.001790126331633092	0.029478903793832844
0.024053199327096663	-0.003932601701807937	0.03950938262547341
0.027969372930235412	-0.012173787269971014	0.04233574999465767
0.033545870386916726	-0.02019535792143708	0.029260058059501055
0.0294403125027801	-0.01763927069609235	0.033272444482188406
0.025307214279076905	-0.016886887786800888	0.04239027857040133
0.01759067009483436	-0.009083864259788979	0.05215117950851579
0.019582214905655856	-0.013345271399389472	0.05220025102431823
0.02316529922953703	-0.011346854437981039	0.047964873054419654
0.02864800555490055	-0.01515751431222423	0.038203817907894455
0.026904955256637903	-0.00522218743304352	0.04100037867619997
0.026072986371372488	-0.007861585024363972	0.04365056313587391
0.02519551681527541	-0.008678550944676426	0.04403263759489742
0.030308162717635492	-0.01339508467685983	0.03485217503101466
0.03669767730381211	-0.010039894000605206	0.030053033741845613
0.03901265680993753	-0.018565922969824105	0.03136343219355654
0.03568917892037947	-0.018233217560697408	0.04304637294774053
0.035443710809229326	-0.025639243767047355	0.04719971074799774
0.04144942518561065	-0.01894728823364397	0.03769189230003662
0.04803591869099316	-0.017242354543410488	0.026180869504056986
0.036910447375889686	-0.004338903411590941	0.027766949360362926
0.036138551921142244	-0.006651856426644591	0.03672920555844568
0.031139572207539393	-0.006269449054495628	0.045187908477825986
0.031406724965220005	-0.008012622328774713	0.047735413603364016
0.018089175577182547	-0.009123527268255084	0.04428860241746809
0.012763359846100733	-0.017250832567984938	0.04186880367655717
0.014369042688944145	-0.014194428110595876	0.03187256879382695
0.01911062279407197	-0.008280526642713754	0.023962274887804752
0.016302266954181608	0.01433857106697359	0.03122383622590201
0.006255073515919131	0.009625872252342751	0.049456822418030726
0.0009282555789606128	0.019706191337893912	0.05744254150581693
0.0011108802968394903	0.008441702460741668	0.0545390554016741
-0.0037593231661585498	0.008816683069867867	0.0479277134484362
-0.006722893490303725	0.013314625243038778	0.03370099598369326
-0.0071228706831068	0.014999928355659742	0.04218871177533087
-0.00420230415543883	0.018982132346074772	0.04684611176430977
-0.004900009224664113	0.01714130447677559	0.06765787081306215
-0.00231553696536892	0.011094412082527502	0.0637457270900729
0.0007626325764746947	0.014555808135472715	0.06176476164331444
0.007800366459877405	0.0023677385017006006	0.053864043544604924
0.010322246283293162	0.01166048490877449	0.04165714097119183
0.007783436588843922	0.020127125400758155	0.030561459113515942
0.005393049228191012	0.023858663948581008	0.038871669071467455
0.006450958891086175	0.020960479231271624	0.04900351939827898
0.008415105043847836	0.020857565924733798	0.04816321954737115
0.008314712814583933	0.02455151950750895	0.039383825197406616
0.008561763000576735	0.02558090689861404	0.03269355032912535
0.013676626966487106	0.011213604779862468	0.03584335588814086
0.01641280142339725	0.0060118704565663246	0.035708284625526956
0.016665873199723832	0.0019088964752345928	0.052472383015193774
0.02170320696459375	0.0023711931927007527	0.04143510414528852
0.019122203381904325	-0.0032562275333868516	0.053664349082869746
0.02350211839388392	-0.002559305095369696	0.038125948082165406
0.014778596903267167	-0.0034066662089233205	0.0536172082460927
0.016076303238543116	-0.002922984977068368	0.04906139924848608
0.016571946957307047	-0.006723417931227842	0.044988794887781514
0.01811259956379861	0.0068420688999380076	0.04364462969253213
0.01729683166460059	0.00987961837602259	0.0388311254199715
0.014015876512267924	0.022129701337113235	0.03887397549504097
0.020124246602176658	0.016902081096349383	0.032317393072998676
0.01720680805151746	0.015351568474815553	0.029300908210593626
0.007833904212005603	0.0038899288685534284	0.04506458132726078
-0.0022528248771199358	0.003234867448592968	0.046748096222949044
-0.004272805669302066	0.008377860053697783	0.046594596965459964
-0.00728087418062823	0.008893217790916345	0.05216377058089711
-0.005082375518727609	0.016230568868919038	0.04883571549427638
-0.005835244056538745	0.018310149046988623	0.05247456267568665
-0.005109782896478756	0.017416618949623763	0.05286749494385508
-0.010358529473541076	0.007692224211681817	0.054548754007745524
-0.016118384553125104	0.010411136207365706	0.055726486555302435
-0.019489881606188784	0.01811368548676067	0.05310253207097769
-0.027947656208651635	0.02904500982266028	0.05198593790276265
-0.0331316785830666	0.004681768925806354	0.05447713380877502
-0.0407165839445721	-0.02344308018824049	0.06358231872769973
-0.047626850638646356	-0.039371101872689246	0.06381571879683873
-0.050355378520346994	-0.03700752670108126	0.064486227736467
-0.055243680959154016	-0.04503865813723418	0.06538292674024196
-0.05753073278559782	-0.05285774624377273	0.05710824467028679
-0.06269860954512403	-0.05891229770524993	0.053004090233555415
-0.06804175822472178	-0.06810295515742593	0.05809163894217623
-0.06528433756325056	-0.07424253000197467	0.061903508149741146
-0.05455749251977789	-0.06478328456129684	0.05853884886583085
-0.04124701488552987	-0.03978039159915581	0.058746988966183716
-0.03483949993419756	-0.017013152018567707	0.05681169906262598
-0.027528633062993454	-0.018152311619023552	0.06405978928192829
-0.025619151834307824	0.0033102158994742737	0.059972776444255
-0.02270501014366632	-0.0030222559427898667	0.06447651324593605
-0.027646053434879456	0.01141912928792091	0.05078816184692661
-0.023546201931055905	-0.008825727162819047	0.04297927433878604
-0.019012136323946497	0.009287298055117962	0.03932558760982724
-0.018657771787336595	0.012566230497099644	0.044604510863547386
-0.02262305437875503	0.024586781380820856	0.056398029929407914
-0.01934050030599023	0.016652559994782427	0.05648285847498769
-0.015243032583302714	0.01569779172685866	0.05745253873375303
-0.007711408500713538	0.007039565656326123	0.053744059000418856
-0.01001273629939822	0.0038978035131747354	0.053884244625614086
-0.011006657005827532	0.008404418282358102	0.05268239736581659
-0.006318522701974581	0.011377730234789638	0.053823714328908936
-0.004704590738620019	0.027756656093111776	0.04951434027305794
-0.002524467111891226	0.03666035510493407	0.044126995628678944
-0.0006847531593922934	0.038752546512077636	0.04620247889815709
0.00426358884504169	0.02856846990748701	0.04780842734689317
0.008398966542383673	0.018218820938804794	0.043702618826971816
0.009944752127814377	0.016804773560903135	0.03832667418098387
0.013220223056367449	0.010484465025244024	0.03216511180040526
0.012141299041873544	0.019792028029322863	0.030439329707170285
0.012993626959493574	0.025005113408683263	0.026280148289508226
0.007706871790817962	0.016004487926370936	0.03523478070456367
0.005715481341865135	0.0098590617515576	0.043729547083806476
0.006120463376276371	0.009232770734039556	0.0527535486315666
0.007922385959240127	0.012982910273807316	0.05675509577313302
0.0027817407742307325	0.009350090719470532	0.05460843999830271
-0.00143403303763412	-0.003738865797640019	0.05652157486212961
-0.006571556019175066	-0.0011469088790760386	0.05934205420033712
-0.008039144495291483	0.009134566760220657	0.059203243715543905
-0.013342895622375556	0.015231585242984135	0.05083019702021522
-0.013388347046191214	0.02479456468225075	0.036098369127136855
-0.008665339528210258	0.01546094921015359	0.03985483543569295
0.0016200874204614854	0.015631359336277302	0.04273786979891325
0.00453226968170038	0.0016200279188326185	0.05310007451035976
0.011767329975885693	0.013593801847512549	0.04523983464473769
0.01047448268671496	0.015934512979721753	0.04546993026782288
0.02371792533906438	0.03032965831043411	0.03061899058457502
0.018517609492135628	0.02557120397760994	0.03500263899718803
0.02357860427075923	0.015407896681493791	0.03950619317090837
0.020063574333666314	-0.001943498059406855	0.05240972054211397
0.02606640581665704	-0.013900054336642476	0.05129796993532722
0.03025140872733406	-0.014561422646811342	0.04219176192525039
0.036587172469871636	-0.017827058256959717	0.0337319861768674
0.037026802718880265	-0.01135044153302521	0.029242612955075815
0.03592942973374605	-0.01687404154855182	0.03291379166720064
0.034768806168840025	-0.01885282537992936	0.03906603097276137
0.032539695937276375	-0.022914146067056714	0.049379195842354354
0.0335159299591793	-0.027728775600296667	0.04732188559867728
0.03569406393353	-0.029551523025520027	0.04836980069270223
0.0354031246982224	-0.03601637988840482	0.04594598991190754
0.03552893578464171	-0.03597757688145746	0.042215397611478626
0.03941678251012234	-0.03794075173119588	0.031590227556181294
0.04547481849709517	-0.0421517409282956	0.028855105615191525
0.04188432992163221	-0.03390143288688636	0.02612115956773228
0.03881097651414782	-0.025135414173264214	0.026783784765807526
0.03532081859636082	-0.01545383974488956	0.029080776492300425
0.03826709768851795	-0.011491054423752946	0.025140243458602315
0.03880220477765353	-0.018079019797254427	0.030395536627643546
0.031121503561158496	-0.012320856643379627	0.03702532877784616
0.029577878300410403	-0.02000168974784628	0.0418128610709714
0.02446864844031136	-0.01613127792784466	0.04324968852661092
0.03473734547963945	-0.019737652518420083	0.03182907690243582
0.03147776888664619	-0.02224928165174135	0.032812880081966235
0.030404903945759044	-0.019075863637612284	0.03839211230595888
0.022857518958499308	-0.012290766869830388	0.0504259119954021
0.01814171113708523	-0.0008414729056963484	0.05666409235943208
0.01665702412929595	-1.2079326092726949e-05	0.051958233171783594
0.015613620110578966	0.0061928809037706395	0.0459639703305819
0.015670097119183782	0.004835426951392347	0.041218042453266664
0.013694769764760898	0.00573892794981076	0.042211594463897814
0.01586419632911038	0.0012766916664077852	0.038146680819167854
0.02235992461217772	-0.003367429859941074	0.03635498203847692
0.02540413658209232	0.0011647391619105808	0.036071551187218165
0.02576715512211258	0.004611319817264717	0.03985021189122299
0.025083077597213038	0.006299208085989405	0.027951111154412997
0.027533504571183795	0.003439416627077285	0.029591509152645912
0.02993759330892674	-0.0032586223474833616	0.034519164101100286
0.02653129352162142	0.001729165383083295	0.03872851845814915
0.029136133583850917	-0.005776847189628478	0.035401724844409746
0.02476984919049174	-0.008063957794297557	0.03825014720043802
0.024854215339136704	-0.010972543872853123	0.03850721480628935
0.022265748122962146	-0.010953994544356525	0.03813823627753967
0.018134965396343395	0.0020526722488202606	0.03238416558428088
0.013766423839867708	0.002101151995745717	0.0438291378617886
0.007079037478318868	0.010847152091350315	0.05146273637118218
0.004327550943750083	-0.0002358729219191692	0.06040075896397745
0.005618338431015404	-0.0058142421911235	0.057340693204840726
0.011217126241177343	-0.005455207517181461	0.04740765590371003
0.018598369428792446	-0.004376873742028594	0.04007962338404264
0.020481483385237885	0.0009919930328065813	0.04025335401361903
0.01983596417798719	-0.006378103041565164	0.03905544654061542
0.022458549869965396	-0.005578897163790892	0.04373266555816467
0.022938888343140004	-0.007687865824484056	0.04582371311097357
0.019112904185107103	-0.003721979197745336	0.048584165922102976
0.018203955257413956	-0.0039042786306455433	0.045297535763721655
0.01794622922184255	-0.0003430222340308742	0.04187473126936564
0.0246912627890629	0.0009603386850416551	0.03793031844086165
0.024906729451675057	0.007044065663850427	0.03175512445871917
0.026717249506837685	-0.004622768233437496	0.03364482285592273
0.027427361098232784	-0.019105243157901283	0.040501455484868255
0.02663548643843613	-0.02547274213694763	0.038601830187125645
0.023378906019701117	-0.023080939938010886	0.04900932256947295
0.022738132099766138	-0.013765179844923857	0.047314035677462035
0.02703027207546501	-0.006583582158711899	0.036435066765515924
0.026438970407733468	-0.008032783195523517	0.03328825162874042
0.03124690123491837	-0.011865748455770365	0.03264299855170558
0.03100383094097811	-0.02557125557042959	0.028879411773601062
0.030914909784050246	-0.02422330484962823	0.03242446857976534
0.023706391057201934	-0.022907511718945686	0.04784624838876086
0.02219387988790631	-0.01865802821175935	0.05283126860100854
0.02234333464656604	-0.02785617675517084	0.057304590740656726
0.02283861432416874	-0.02279248712603231	0.05200081024816999
0.021687748482253914	-0.01704633979043618	0.04749613910670077
0.025956332378277	-0.00939199172510271	0.038086044102749655
0.030203106359877132	-0.011142840506995063	0.03261546308286731
0.030062629348473823	-0.00786634885472044	0.032485706152133
0.02489657785989754	-0.00847440533812893	0.03580972141152978
0.020589807645171553	-0.007644431546929864	0.0377426267738957
0.018987770876546087	-0.015272714839821386	0.04739243010767569
0.020487975828715206	-0.017411161414548085	0.04498807328546152
0.02273379021770476	-0.017283620490487667	0.04237057439665007
0.02320574135074776	-0.014935018392242538	0.047097406120294616
0.027002709317941867	-0.012614159619539553	0.03281859289935253