# EV_1 (38.1813)	EV_2 (21.0749)	EV_3 (7.7653)
nan	nan	nan
0.019369983104837476	0.003842571921219885	-0.041261287654413996
0.01705694084150579	-0.0013689240032611174	-0.027273214740475206
0.020887837544643014	-0.006070977079392199	-0.02533584126137521
0.02115320616630793	-0.014262416418646416	-0.008149690292920383
0.028319509980694147	-0.008815993113293818	-0.004450620287962503
0.02602744323145196	-0.008502375706133441	0.002946187090305443
0.027994556864250775	-0.004598895463343701	-0.0013539139375173363
0.02976789913851336	-0.007413573116629445	-0.0032143865800794633
0.028484444823742888	-0.007416154696446459	-0.005415469637304073
0.02864701971219427	-0.011239298948211188	-0.0019518025513019198
0.020629874689698426	-0.015632266831507594	-0.00551818054083314
0.01797925820529384	-0.02595740436036253	0.0017129884665401489
0.01305384247486883	-0.02661625139136917	-0.000507251025714214
0.009882846576005678	-0.027765731632540383	0.013785304561464231
0.011462909086129715	-0.022684901974445077	0.006607321625050297
0.014833152373502894	-0.017612307875423158	0.0031973825047060984
0.01899542944933671	-0.01656897358461123	-0.0049861352797779465
0.013636699609923433	-0.0159365757546194	-0.00445436430991834
0.011682740975620451	-0.017986361105476176	-0.003715360396851986
0.00815358158853615	-0.018177141229464924	-0.0045628178104250555
0.005937831036283234	-0.0173667791322427	-0.0041609307884295805
0.0011050974043036689	-0.013889322026103568	-0.012429726908553101
0.002103877893987841	-0.010508734256518304	-0.01977428303836486
0.006811473619904944	-0.00967485401167915	-0.02054190072020461
0.010468298271068956	-0.006598712127668883	-0.022172605721933143
0.012737416547164196	-0.007669476714239648	-0.023568428204298976
0.015667961240878547	-0.009017861316993827	-0.02245870339044549
0.01953830907641095	-0.011849521416577748	-0.015547711061899266
0.01783087112943394	-0.007421023211148234	-0.01091557777353823
0.01877182895379201	-0.009930398790848121	-0.010227283835393161
0.014618599505736414	-0.01235620075135956	-0.005640716028982095
0.015922837698503414	-0.01149206491380854	-0.004848975720390808
0.01340269155569398	-0.007114310000550928	-0.011264928281644061
0.009146502612503141	-0.009715229167243987	-0.011900685220995359
0.006525502749832117	-0.013109350350989602	-0.018494811931123196
0.0031093854883730647	-0.013628925654150385	-0.01762229500361603
0.004907975232579258	-0.006761094604306014	-0.019101523817151925
-0.002555236279145086	-0.006729776614493897	-0.018773887409259893
-0.010595220410744417	-0.006675109934066547	-0.026453297144979897
-0.01649628868301004	-0.00659985762234278	-0.028615207783115406
-0.01670927978358838	-0.007108270670964648	-0.02861336395302696
-0.014547891217849374	-0.005680690387436617	-0.031965656506912396
-0.013625169143917306	-0.006839059593581565	-0.028251747556218718
-0.00779716264185525	-0.007430135511989266	-0.03297798691533904
-0.008357485840101691	-0.012712611644018476	-0.029583546045084452
-0.007237775411510412	-0.015189689110029249	-0.028778547488808592
-0.011757336821837118	-0.010317642119422685	-0.024253810393038006
-0.016453068956751953	-0.005056648342311874	-0.02674677181350521
-0.021618438019737427	-0.0015042236782878645	-0.03495653787781616
-0.022468203722920237	-0.002399348332682424	-0.04002673833217871
-0.018825544762703615	-0.007708363712535727	-0.04102241658294982
-0.017098113439830125	-0.006046186845103968	-0.03664808292799371
-0.01952095107468628	-0.010632470214791327	-0.0284073210415011
-0.01955662946560201	-0.005053514985882194	-0.02665330397107221
-0.02031449734160898	-0.006262538762252977	-0.025391364127351473
-0.020468136015059594	-0.0032802108405990387	-0.023741774523465445
-0.022032228858088528	-0.0013854858001417524	-0.02569563810620872
-0.02176833807096504	0.0007273543394271622	-0.032302372226354424
-0.015458948945829637	-0.005081268231643162	-0.03780029659740425
-0.005308345165127182	-0.008962064833535746	-0.02551191124317396
0.00918959005172024	-0.011713528708850889	-0.015465232377246207
0.01914107646361748	-0.0071343666303747425	-0.018552060050449983
0.021357419988786874	-0.007835951245102056	-0.015187382244839197
0.021572868135942353	-0.002187855153316652	-0.015439008705380553
0.023503784291886886	-0.0017742169170916172	-0.01212971830894485
0.026432866991026514	0.0034336903053348656	-0.0074213267777372
0.02687090939417035	0.0038342920380935548	-0.005749583277452924
0.02280878946573176	0.006320768315402329	-0.0047989756125419725
0.02089470720072234	0.004147052333074956	-0.0071896570906169605
0.024140458831551335	-0.001409029545365192	-0.00631410663342084
0.025908048849566743	-0.004520600476896332	-0.011393244996169054
0.02535184544553227	-0.00854259593147266	-0.017196592174030294
0.015954479176625205	-0.010439848378195988	-0.012031675402410385
0.014937128512469934	-0.019607608517000854	-0.010570570798825762
0.01314307236578193	-0.02559377342305843	-0.0005787446393157418
0.016810628579768568	-0.025710107240412467	0.006963492517558319
0.017726698283415884	-0.02350718159104748	0.011085770419014176
0.017670604728491558	-0.019431116436430723	0.007781546689922331
0.01492807778440305	-0.018280983902880448	0.004090913331573217
0.017058007819902656	-0.015422725226044976	-0.0030700710613214104
0.020483761280255752	-0.014209554770730489	-0.004395603791048804
0.021597706503790712	-0.0141732533564655	-0.007687285839682149
0.01682786135962079	-0.011739151663393805	-0.006337761588918224
0.005737070269838013	-0.00724301091109973	-0.008721267555767164
-0.006264633068709456	-0.009005704771876516	-0.013286152998504941
-0.015005388020764551	-0.00776902182860963	-0.00895308291490075
-0.014362049056871006	-0.008227509921608539	-0.010242227448315672
-0.010593926319129929	-0.0032247246806394203	-0.016065407035474093
-0.0050770800330588554	-0.0067364065227099815	-0.02032336813412848
-0.0024704609308324643	-0.009733591635131388	-0.011775975086700946
-0.004799803402144834	-0.01199276442447024	-0.008312631674176495
-0.015936469145815778	-0.012281756139278538	-0.003805007775695651
-0.01813942295191063	-0.011537124852382365	-0.009973070912479978
-0.012136099067385173	-0.009793212949578245	-0.018796201398331276
-0.0011240146221701836	-0.006858938634419795	-0.010684961774091778
-0.000720616725323185	-0.006493612614373899	-0.0016427171679310394
-0.004371645021924155	-0.008422948370131248	0.0006112420401808167
-0.0137001388077774	-0.010885178560712203	-0.0061052967781859094
-0.02320824311033098	-0.012240124663718094	-0.01546864060168174
-0.024683322415852083	-0.012070598390219834	-0.011299964776566643
-0.021707885753029205	-0.01445153935329803	-0.0024558107617442364
-0.010410494745069724	-0.013381397182082571	-0.005024032831644996
-0.003982645813405673	-0.014859019630581156	0.007764088473054482
0.007846695429961883	-0.016511732140944244	0.0028358397200634877
0.005592305159367409	-0.021030236080109947	0.01379936847764987
0.010046723973678333	-0.020600105323856213	0.007403238933839424
0.006984778404831811	-0.024484359964797177	0.008015309155972372
0.0015900071812776357	-0.02538466996733073	0.006968108186423932
-0.014069276049318374	-0.026485147187565766	0.016710943636495616
-0.021439778068598897	-0.02664154244912321	0.025127001075460904
-0.017092142912267523	-0.025385648304608658	0.03259891475742967
-0.013125866598848363	-0.023448625531249507	0.024986893275349753
-0.013103115637303564	-0.016480614402236752	0.009562178305366374
-0.020738661910416806	-0.013142088118111107	-0.0020467279946974858
-0.0180827927137963	-0.009457450112713737	-0.008249050707280102
-0.013520304712239754	-0.017429417625879896	0.002216714375441126
-0.003145870334112428	-0.023711099227140986	0.010724275170184004
0.00014257950492512557	-0.028106393647566813	0.015199561303289158
-0.0010545144830477133	-0.029041232314536754	0.013831953973904675
-0.004852228876954169	-0.02057412508739238	0.0034237503152629344
-0.0027251981880481472	-0.022845187532664554	0.0030498096194412267
0.009547044553493358	-0.02003940623108176	0.01088513486151052
0.01930828748947647	-0.023835019520339996	0.008330217379081333
0.0223651860295486	-0.019876917659576793	0.0026880306461192424
0.019341286165228976	-0.018889800279546797	0.003402339566481654
0.020506205271087614	-0.021806551574295844	-0.0030449262396783257
0.024380784162547138	-0.022751129450594904	-0.0035250933268673977
0.024695409234263308	-0.017861446890820445	-0.0017838568115045375
0.024946823578466816	-0.013572505475766074	-0.00017354665279574466
0.025649458983563824	-0.013052650283808843	-0.006341814134776958
0.027704844923889447	-0.01622846414873122	-0.004771557013481184
0.02349653199397019	-0.015669692356029778	-0.00012794172099247353
0.017721533679553994	-0.01618048446045837	0.008451994407003371
0.012415339298297195	-0.017459461510220778	0.009324815594097572
0.012710144693493006	-0.019381386723037772	0.009982051231861971
0.014164520580315669	-0.01686039092514864	0.0016263235793199764
0.014367021296941727	-0.018539680919672584	0.0024286449446561127
0.0074486186202637325	-0.01712733367001311	0.0015217001800985923
0.003901603885488901	-0.018729931664385295	0.00601396241946529
0.0018262636128871359	-0.020265185005235317	0.002376560955464703
0.004155406216114711	-0.022351801333168678	0.005049236382164433
0.003552482804323372	-0.0192988215356085	0.015992346175230862
0.0009178025167787138	-0.008776964670970118	0.011886215398781066
0.003601773765866688	-0.0052934639919953235	0.012494525381552345
0.0034398473756707764	-0.006340988441668208	0.00881638068049511
0.002563537456129942	-0.012044728501662313	0.009334145389719608
-0.006409970969180983	-0.012529368624084084	0.011956227204498654
-0.011288965029673652	-0.013420377155180787	0.013179755648361605
-0.015231358340978931	-0.014361606259886433	0.014393208229525327
-0.017031052322200875	-0.01846880560825078	0.011980152086229916
-0.024655524747185506	-0.010882908841951233	0.004198116773490558
-0.0269549573229478	-0.004843050310816644	-0.007169140207819894
-0.03129689516198922	0.0025224464632555067	-0.0159667721178224
-0.03229470008822327	0.003542423547823478	-0.017928807848560685
-0.031848529183765434	0.004965363257998012	-0.01739590148503517
-0.020877544413264053	-0.00195236158321333	-0.012184439126050762
0.0002697879336268541	-0.017859746737655727	-0.003161071957424474
0.009654622414719068	-0.02901407701578185	-0.0019730228018131502
0.012307969077568672	-0.02670941740235662	0.004375407695721107
0.0002195588068445604	-0.017836682222859643	0.012985460165186447
-0.014926543425857431	-0.0014415726750051558	0.019689669486032485
-0.03160280001574917	0.008037510909753654	0.026617862613965412
-0.03578444232814979	0.009049163602197069	0.024139018252778324
-0.03209149626147478	0.004344804581696527	0.011011547779096888
-0.028670299877909304	0.00016385783338235447	-0.002819123224430474
-0.03552207166382795	0.003701672106100015	-0.006868609487544388
-0.04042226195635154	0.013688752060777304	0.008113183529209637
-0.03947528524553325	0.024187947646570174	0.026805497178499692
-0.03432687722735005	0.03379401997460559	0.03662279792595117
-0.03156363805352273	0.03642111405053402	0.03694849041760897
-0.03049578546860589	0.034753247114611245	0.027394178052977957
-0.02788307552488056	0.027279067985365744	0.031615051700511085
-0.030385041361465803	0.023067890420669142	0.027779261725052615
-0.028802843257847422	0.021929008667999524	0.03595629089479459
-0.031003082770588962	0.025221345254553076	0.040427728625448446
-0.029281196424337644	0.027006980129711148	0.041153677969176655
-0.029383539536928238	0.025632932174898995	0.03311442085521548
-0.0251494496485413	0.025208098807841937	0.02237269036859912
-0.02236116603568536	0.02038529893757602	0.02547929182183109
-0.0274979063243756	0.023417537646375403	0.04083700283643826
-0.02784897816537227	0.02140854845571028	0.04284971544297332
-0.0260235035525602	0.023204691599365408	0.056895174034300056
-0.02398585120386739	0.01834844304314453	0.05972737685497152
-0.021026979481815138	0.017216569982143274	0.058133021093609266
-0.02412582656034066	0.019586230432220318	0.026973388391502266
-0.02245089085287611	0.02103858137231629	0.006469267906984762
-0.028833201503717296	0.01480491657422017	0.0214331761754828
-0.027878098714304664	0.010497031243036359	0.01991556959108434
-0.02442938980998308	-0.002361532675297622	0.028862837058444578
-0.019231671966401426	-0.008385319200221793	0.01492092678299621
-0.013745516037583779	-0.01877149266044799	0.023647338632525855
-0.010665063143915899	-0.018886404301568457	0.02173074400183413
-0.0067675008664427865	-0.021637609048825984	0.02084767557113753
-0.0010730659053025113	-0.01917932338452335	0.016600885632777094
0.003487251812125294	-0.018228625895107695	0.010422201198359
0.0007709997574665792	-0.016430241605623785	0.010082202743505768
-0.0055124578035611336	-0.01570302164019113	0.010817675119660227
-0.015388761199194117	-0.008969115612799164	0.005012447526092678
-0.024686610784683625	-0.004208141940850757	0.005934496460696687
-0.03190691481664723	-0.0009056703050640974	0.008110263164605676
-0.03390050050297532	-0.004357851534364996	0.012329905553048637
-0.03312235123261143	-0.005896455794286354	0.010404177769793597
-0.03107150155260399	-0.007526456053295198	0.0074101751459249715
-0.02469151897673803	-0.005780866992618224	0.00402501314725625
-0.0202473846223089	-0.009371656654585432	0.01680740765794723
-0.015543140946094467	-0.012113823580355653	0.020190906998752794
-0.0211803841039199	-0.015252928585728487	0.021206987891937635
-0.021894951424842185	-0.011603350620297001	0.0178796265171396
-0.023177553773054842	-0.010649746239949626	0.014578102192970004
-0.018712764822856807	-0.010808901512146392	0.015053635550305311
-0.018773931640662784	-0.01471311125340518	0.005662054430669448
-0.023383001594178224	-0.013606378829640052	0.013737911377793548
-0.025712892646975384	-0.008100299315706074	0.009335421425665152
-0.029569019098062307	-0.0036235983597557313	0.010146509053131195
-0.023987578145295698	-0.008101184716611254	-0.001850565118822655
-0.02876384489897271	-0.012976766021352708	-0.0019274991161631512
-0.022531326643591258	-0.010113504544679594	-0.0016685610084648424
-0.032775270817228606	-0.00047395319012265725	-0.004105401456885673
-0.03233542812212137	0.005128638083262632	-0.0037814433736799956
-0.03662830919153058	0.004716042868727899	-0.007327174293929525
-0.025823371070073684	0.003512725569788476	-0.0035797931017212785
-0.026343706778586353	0.0008275202702016557	0.0008636943327017636
-0.026411096107814336	0.0004524444886118519	0.00591593572775162
-0.03088691322256322	0.0008254595208583957	0.007900425370912997
-0.025270987349252965	0.0002749136756106777	0.008594049426213172
-0.017760369324565095	-0.004131475548113828	0.018655093067156524
-0.01673242194911283	0.0009511329874615548	0.025727941917513316
-0.018482943601175746	0.011890072705331996	0.026038737943941508
-0.023869349956753293	0.03506382272947928	0.04882574946044591
-0.022793223392722477	0.06406360190152884	0.07293136321019822
-0.02284121525316626	0.0861543347631504	0.0891267029176406
-0.017037538012799617	0.08180784616961848	0.06164120106838179
-0.013256895471039637	0.07848403446735737	0.06353202532700139
-0.011873969552560646	0.07835157817832293	0.05512044024601096
-0.014415030715091953	0.08729365773945305	0.06293022452319733
-0.014670755556319488	0.08145854143046323	0.05834922763554346
-0.017752855004694118	0.07648299900892806	0.06460315778836502
-0.02004394491107501	0.07235730091803387	0.05776178368717849
-0.023848727532917773	0.07963058481109156	0.05927029782189078
-0.021492661131537107	0.07944612906760301	0.06250187653815338
-0.017288191185765682	0.07309322703149555	0.05984837691157051
-0.017647646050162863	0.07646322368734851	0.07059137086180767
-0.016913794952164253	0.07686180576481774	0.0685937361820923
-0.019650627333614903	0.07878353940919838	0.07947875867123742
-0.02006573473701744	0.08032261341890594	0.08457443517144214
-0.021756561338386306	0.07894925676310831	0.08035192466855727
-0.019883768730509507	0.0773396960131654	0.07628164548225334
-0.01702014474109778	0.0668270129411208	0.06508871039880518
-0.01976780307306991	0.053383239036152115	0.05264493356263855
-0.02481799328128408	0.031954223697463605	0.0571736622406174
-0.024717399034013585	0.010065563659234583	0.04205817815201007
-0.018265686387290675	-0.0036770931619708046	0.033911290389564364
-0.009254988984405537	-0.011605569176158282	0.02419647251669335
-0.0024575011269359548	-0.01628620126180432	0.02572033483807768
0.0006549534225969734	-0.020970756231329216	0.032420741705125974
-0.004155040288991174	-0.018258645319216508	0.02839845120425614
-0.008231174456929932	-0.024964123032940613	0.035877109217834956
-0.009893119681156849	-0.01703870902202285	0.010775596381929615
-0.00748495026821389	-0.018148910196982126	0.009712832754226224
-0.0008762816877046742	-0.014559214011108462	0.009333908036283148
0.0030893693775427026	-0.024037414143254585	0.020578043306805575
0.005616437153750375	-0.024993048252474476	0.015136695017381985
0.0032660585817938935	-0.02294101504734412	0.008173016891156258
-0.0010146002635529013	-0.01796337021360848	0.005213185956691652
-0.006766690676293532	-0.016108780006047492	0.009844361308019025
-0.007419385445221284	-0.010772063791420579	0.00465500200749953
-0.005802995894007357	-0.015363579433859811	0.01510255666936238
0.0032110341838970046	-0.020317632717531238	0.016382969374561306
0.012740669228747099	-0.026289692803050765	0.015967880279514398
0.023321194410485527	-0.02573732567116334	0.008296203269277245
0.02293847520444239	-0.023563009343302098	-0.002507291892132512
0.016480150913701908	-0.02231378207204956	-0.0018437967012082078
0.012306936152329376	-0.02315923366977956	-0.003276241519845546
0.013374845017267649	-0.026415159230415913	0.005966534632080876
0.01503731476758556	-0.028797347438683174	0.008342589034203969
0.017671732886253996	-0.028808784866874642	0.01152461213695712
0.01769882619338686	-0.021123774985762456	0.005911034095601685
0.01502012464335158	-0.014993540374707542	-0.005023269198630482
0.006392940529443765	-0.015552919395543608	-0.007270217692721268
-0.003721772716148926	-0.019340859091396018	-0.005332736420314168
-0.008731555765489379	-0.021281078180571043	-0.0004548372583848166
-0.006316254125696216	-0.01919494353776224	0.0027574603934691407
-0.005184044876009023	-0.02013179340735073	0.004980145322147486
-0.011900099266256122	-0.01914945021820815	0.008585298090889868
-0.01941227332416492	-0.014851639539199993	0.004650493043681685
-0.025212347041901822	-0.01022720223482607	0.003630397399936751
-0.026541354904542236	-0.00857166454526944	0.006603590898059054
-0.03015793255749239	-0.005200150619056359	0.0017380750742727463
-0.033551523112862025	-0.004992551067177787	0.00302435355721236
-0.029141441786913188	-0.0032863660032646067	0.003539044112992093
-0.02461815985237193	-0.009730749085362271	0.012562228776184896
-0.017810827266914703	-0.013328356922825696	0.012005129677973386
-0.014470908930330154	-0.014008803044869936	0.0053730760372574324
-0.01850967578234522	-0.010216390373692747	0.011794176603707105
-0.022655165349509156	-0.0048924308976984725	0.009562598845216107
-0.031773611810721136	-0.0040792541281526795	0.016381652115447898
-0.030400531437858713	-0.00048278641453260634	0.0014625129213330194
-0.030512272131286586	-0.00047682642065597085	-0.002271318957849631
-0.028748959986564987	0.004735494414618251	-0.013886806572365561
-0.031066768903243124	0.0071114583742885725	-0.020807753896009248
-0.03117323813724755	0.004501214547700785	-0.014515163892691457
-0.028503078698237923	0.00089887865373005	-0.012674043924178788
-0.026787619931714524	9.990963587768548e-05	-0.0033930472661228735
-0.028597034959924595	0.0006995765089789468	-0.0049566804736026655
-0.02433379769410599	0.002417885550866298	-0.009264050188345451
-0.015270569949879378	-0.002423141785625277	0.0011122153493140618
-0.004518926039781034	-0.008204527115305926	0.008004540589764606
0.002636016539289773	-0.01459960119842044	0.007574091532379397
0.0022706140094429462	-0.013224043439858175	0.006658513510905156
0.0033777434974505867	-0.008150316540325728	0.0001105179629024215
0.0010791389636788634	-0.006787431207729619	0.0028923935444288944
0.005141868142339665	-0.009551172616774985	-0.0014691540869444328
0.007491790982120397	-0.01132253197397588	0.002619321260114372
0.011681539447560299	-0.013812430582375948	0.0048036575279974915
0.018508108527775444	-0.0167553872591094	0.0032490174946125
0.018741264511936737	-0.019351581684145955	0.014045645237630789
0.02165907834789985	-0.017387483744590843	0.01789188000727089
0.01877537829794308	-0.01289880314549456	0.019133852505124324
0.01579827171455465	-0.01025254529935739	0.013526544885524386
0.016517193397505743	-0.011177631108195472	0.006294615244989333
0.01479404990650418	-0.020082640747107902	0.017104971498524
0.01575874105855375	-0.02337538630138267	0.012523437956761356
0.010015122288800546	-0.02675806245454896	0.014260626151596713
0.006212117414623739	-0.02394875032363521	0.022354132967498847
0.003123412032464021	-0.021403281586123632	0.02490296501337156
0.0027574375200467693	-0.02445369182515037	0.037246710324851336
0.0037193734748035443	-0.016251158743895714	0.01863023061919034
-0.004481016655366118	-0.008753674718092123	0.01517635784639609
-0.011137861243192413	0.004939109293641973	0.018430876672541154
-0.020362644922898167	0.018973776415697294	0.019488716331748764
-0.023546995528685877	0.040005099054988474	0.04113469766290437
-0.025963938377681645	0.06734557264481444	0.05607020603928709
-0.020386187681677735	0.07392976544579141	0.0709065999218422
-0.018278146799111713	0.08117480776195236	0.07771901754034623
-0.018232819007085743	0.07846729822698315	0.06860045407374984
-0.01854357472284878	0.08398304248625016	0.06881810678089473
-0.015291538110531107	0.0802210377346391	0.06312032911738101
-0.011572815213668599	0.07421254260056728	0.044647863104088456
-0.014533695937962457	0.07473724780347091	0.051522420795888126
-0.018483847757384837	0.07689407907440914	0.05574249294788848
-0.017670975324157102	0.07018722962257598	0.07074444816675052
-0.013632524338890293	0.06865516837136967	0.07503646051900395
-0.01019112281726853	0.057331427047363145	0.049065043288379705
-0.011368707474860674	0.07238103406920508	0.041940959747415275
-0.012487377185547429	0.08801181932795364	0.03088032422399878
-0.011824865258551863	0.10664007292955917	0.05086106230035673
-0.009415170438727317	0.10659831986569138	0.05311947540035598
-0.007021243762067289	0.08263480965668524	0.04438580393140787
nan	nan	nan
nan	nan	nan
nan	nan	nan
nan	nan	nan
nan	nan	nan
nan	nan	nan
nan	nan	nan
nan	nan	nan
nan	nan	nan
nan	nan	nan
nan	nan	nan
nan	nan	nan
nan	nan	nan
nan	nan	nan
nan	nan	nan
nan	nan	nan
nan	nan	nan
nan	nan	nan
nan	nan	nan
nan	nan	nan
nan	nan	nan
nan	nan	nan
nan	nan	nan
nan	nan	nan
nan	nan	nan
nan	nan	nan
nan	nan	nan
nan	nan	nan
nan	nan	nan
-0.00715503610549642	0.05570537470471292	0.01796330924315271
-0.006980798748342716	0.039316404243297576	0.013480321162124512
-0.008400144553766442	0.05272782020236657	0.03042802845239239
-0.01624409491453586	0.09240449085327637	0.06801545782529261
-0.017701661307769637	0.11778999678647185	0.08303131425629409
-0.016180602466339525	0.1044793809844538	0.06645737932685292
-0.012404790123018665	0.0719638544356468	0.048479698710745395
-0.015026509798629304	0.05181236254674719	0.0394361213661473
-0.02147460586286084	0.04190511135007931	0.04544106327885537
-0.03263094106204479	0.034154520292375395	0.04502410199965361
-0.04270243349398422	0.021011525070855974	0.034057273304348164
-0.046937001879258554	0.006217609320829773	0.03848321918992826
-0.04042706012255325	-0.005263070355770893	0.043433044847769504
-0.03627573477704511	-0.015996784312173787	0.06441950580503444
-0.028156525471608383	-0.010318597415704761	0.04767471050594335
-0.030987483532605883	-0.0003146830250783669	0.04530353315749944
-0.03009519282859692	0.008284345316830014	0.037603902039787265
-0.03230439633519762	0.008348927836032449	0.047969312010826055
-0.025039955537725925	-0.00560978155285793	0.047985808349394934
-0.011339699901890987	-0.024981566543187325	0.04255307469686069
-0.010146435039875591	-0.032589267194760095	0.04695493957838275
-0.01272074534941591	-0.03248610522122857	0.048689731496100765
-0.018877562190701688	-0.020660072991288195	0.04257552976717684
-0.024424150298345333	-0.01504828961282407	0.01640973769438569
-0.02579738318667906	-0.006966591375528199	0.017015165998560997
-0.02904932594061715	-0.01653367578572545	0.03205710601027856
-0.02938167126864242	-0.024027970094256272	0.05821277213434609
-0.03505512928288395	-0.03072306854892665	0.05626198613817164
-0.04289453595393895	-0.03449868702391393	0.06148378314562206
-0.042037383638830673	-0.022413204848666064	0.03885104848566114
-0.04115948976276731	-0.008588786564377327	0.02052193165678194
-0.0381413454355659	-0.005082954204343633	0.012117466861873476
-0.041275976596712324	-0.015315996367060674	0.029188928000112246
-0.04290958918296112	-0.02220882213410138	0.034316758115108315
-0.03733646538227999	-0.021578308450194813	0.03737605197940878
-0.03414386849412843	-0.01718596735282852	0.029783012964891636
-0.03025965693754258	-0.013593395917014896	0.02142339267637108
-0.037927036922567305	-0.010158193673958597	0.010398042141186732
-0.043240834061859024	-0.00793507931034166	-0.001306215176819947
-0.05003568818363658	-0.00515448107370042	0.0005415861203225195
-0.04711409737826156	-0.006078406965536832	-0.007973487626699381
-0.04576773724435965	-0.006332056156275116	-0.005451728043434391
-0.0404627999842437	-0.005165666973409425	-0.003561216333551956
-0.04450620113964542	-0.0008973787683484568	-0.004704283263397974
-0.04468905705314224	-0.0002584253951277004	-0.0017510307750488036
-0.036740192100082274	-0.001188923718609632	0.0003879743543902178
-0.016875497002334813	-0.012209867592055095	0.00541232437379284
0.001870329787232938	-0.02496346914402103	0.009399553729427993
0.009164214575767127	-0.03297511819215692	0.010170224179751828
0.00582954754939355	-0.028324281571557173	0.01110875130875461
-0.002143089269006817	-0.02813493407199292	0.007373917714313661
-0.008791427632329582	-0.030013117775692977	0.004491024325572857
-0.011822280207752084	-0.03245796659393362	0.006298890279775144
-0.014377857469705485	-0.036272837781665665	0.016075835679960092
-0.018040882628486563	-0.033523637657324495	0.024403593295484048
-0.025487726791967806	-0.03698353103315047	0.026095645782559847
-0.02964064815739232	-0.0339086955177979	0.016945263625206555
-0.034735261047122185	-0.03576496788489826	0.025028584894338936
-0.029836669920200093	-0.03287213548612067	0.033309188580778
-0.02979278678294276	-0.032898578180519396	0.039811698670687304
-0.02683336557483435	-0.026953146072105593	0.03102942495941965
-0.034186968944040406	-0.028110746062879957	0.030563287819883045
-0.030070331767916306	-0.03400260209216828	0.03498645677330585
-0.020742835111086808	-0.03671595060444981	0.03424338380793993
-0.01645212223588633	-0.03681689970991216	0.03103220647836701
-0.0224488524793255	-0.029668707069613113	0.029052141140597648
-0.03710321189931731	-0.02740156572500298	0.02396650151063473
-0.04527705643689231	-0.019118996675333705	0.00781113706341835
-0.04998112197432677	-0.019106034175439362	0.0072047371101619725
-0.04824670504349636	-0.014312269822425798	0.002133425028773006
-0.04812071975673215	-0.015034214869798673	0.008307783007479724
-0.03963233166000396	-0.009954034574278646	0.009990055828891668
-0.03880861375953062	-0.010423286436830447	0.021876239457342843
-0.03798477634825056	-0.011177607776099364	0.021716926150986693
-0.04130795303117521	-0.013049460294565675	0.02944556994633124
-0.03906208482073055	-0.011199661283377224	0.03259512015012356
-0.028236007684741906	-0.01940707881513978	0.03362835098196219
-0.010811831549012654	-0.03806701678629757	0.023918564419416814
-0.0023817280265721634	-0.04749282200270355	0.018484723922904026
-0.002910162433179822	-0.041814519044269575	0.02306306804414359
-0.0037665146716228753	-0.03716140746710662	0.027431092337398134
-0.0012305826248596038	-0.03193470817848086	0.02166791246537344
0.003914234293904036	-0.03239423393909368	0.014996788588356121
0.005698080313098359	-0.03484219171337897	0.011033029701540811
0.008232355471724259	-0.035333771791316845	0.010955424571874123
0.004015347483487472	-0.03040040387584669	0.017328102366295107
0.0017081762625053435	-0.025819112355128303	0.018031943413510228
0.0023675463924055853	-0.02771701070671808	0.01968988170522335
0.0083868683566432	-0.030014390281403337	0.012060503535347095
0.01826565080986856	-0.029795189796322275	0.014357014516155207
0.02505702773677978	-0.02574746914731873	-0.0005786725349481402
0.02414452313058544	-0.025687617225153433	0.0030381789359772045
0.006637843723715845	-0.02673193163909361	0.009676790239009223
-0.013274768656468901	-0.03842599317081025	0.025217208029643317
-0.016535043857599442	-0.04101400794560821	0.027887050675027593
-0.005164664802221055	-0.039212409116230765	0.027816563394214913
0.0012111426552046012	-0.031790226332037215	0.01552689260475777
0.003391881533270386	-0.029460580698006313	0.007128823694419242
0.0009124258347393784	-0.03283439223087864	0.011918930036758528
-0.0015145946027228933	-0.026949794739704856	0.01427844324701656
-3.572857002553742e-05	-0.023946671899356793	0.004604669405848907
0.005231912680301176	-0.02191737967467166	-0.005360969112393867
0.01279758840026744	-0.022814473152519905	-0.011799111322710392
0.019449751661496584	-0.015203865366572807	-0.011022514462123354
0.022412567553788502	-0.013992562991048356	-0.009147991002034554
0.02763253478664869	-0.014985874151396104	-0.022557439632330607
0.027627098430691402	-0.016477533211211228	-0.04010761102208106
0.023075485468487554	-0.016013374084593465	-0.03600461372195621
0.019321710714449585	-0.02167647114876102	-0.03269097612928462
0.016738787110872507	-0.024960158131195988	-0.02725041713382176
0.014511770908734479	-0.023412190428331196	-0.041043989757011
0.020293450825735384	-0.018770804125631344	-0.031056207439875815
0.02657694046419607	-0.013141632074325406	-0.022697912088140416
0.032474997101336334	-0.009027980376256729	-0.01385071364876906
0.033148807281364885	-0.00520414613662861	-0.018368128511534368
0.033078314522316986	-0.004924183274675528	-0.020841258007177274
0.03621686348017128	-0.0020564323628326307	-0.025745366058051743
0.038289579787856166	-0.005387343778330204	-0.027537281738716016
0.04239646977224628	-0.007534282196628174	-0.028964898726532018
0.0436330715903653	-0.009098512115453237	-0.029884953299433414
0.03969635748651994	-0.009975787968286132	-0.01675953266811011
0.036993458010183555	-0.01129610420903239	-0.01553279453636118
0.03537885675471137	-0.011974933620346321	-0.017874340607431226
0.034450415064199706	-0.008829300732405803	-0.022524049154092687
0.033931872670461216	-0.005650821058432281	-0.01758398114465424
0.03186895832132804	-0.0028963516851145303	-0.014323071288409699
0.03219712618692445	-0.0048879355603586635	-0.013067235222803036
0.030917680982710624	-0.0036537201185133767	-0.015046306231682266
0.03381917834203417	-0.006530532078646393	-0.016722774895394275
0.03688529672409646	-0.004728772012113023	-0.019789985696917096
0.04014271398031396	-0.006388976064360109	-0.0221400911970277
0.037624706444330226	-0.007074787422480719	-0.020706461370784086
0.03549379167628823	-0.009587630606493416	-0.020242299505451547
0.03480446083381352	-0.010974347249797076	-0.022197087440652394
0.03209394873654756	-0.009601637058852475	-0.019080635891886626
0.029862092060637786	-0.0051195651097128226	-0.02550701481328182
0.02744096075883764	-0.004354420589744915	-0.025900804372734145
0.03165237126772456	-0.00400294952782487	-0.020163307834685347
0.027631193237549496	-0.0069484570268091485	-0.019923881861292136
0.026627147995777117	-0.008364606226342348	-0.024360823080431086
0.022806404702270296	-0.011862431522026158	-0.028192542748950472
0.02506211920633173	-0.019903979255832503	-0.027330756135443352
0.02441083471773645	-0.025634091309054904	-0.01986263128832229
0.021520160645585918	-0.02343685160408767	-0.014761121677937403
0.02173929606694198	-0.015096154357919993	-0.013060001558770743
0.022396779691461692	-0.009373519009705558	-0.009497432068914336
0.023804138251736467	-0.004224246015188582	-0.008495195975986893
0.026518635958416366	-0.0036748869653934293	-0.01125933860783919
0.029249712845643434	-0.004250554345811385	-0.016575663907511733
0.03654066860276054	-0.012001432416348611	-0.028731783376286922
0.0329139101600589	-0.013837434678084995	-0.025962936221861868
0.032071781638747646	-0.013724552999604539	-0.02368145721788075
0.025979650135268432	-0.010080578617371914	-0.027498314044865156
0.025484601008283744	-0.00584118632137084	-0.02784293427282367
0.027231095382967013	-0.0038729468601396105	-0.02394826254177463
0.029208320619373937	-0.0012557226276459204	-0.019743920628234216
0.02913388748018743	0.0028720617982358333	-0.014893798172341956
0.024677602230356786	0.004514347929125402	-0.008818478387978626
0.02570802871731703	0.005890991025795051	-0.008275803119974206
0.02819497740694922	0.0031860200899997896	-0.009604842631728453
0.03611478448553756	-0.005719724796630564	-0.018806739680164893
0.041421959264647396	-0.011631784684592444	-0.02502664030572973
0.04521733961407733	-0.01855976850820429	-0.0224465085547876
0.03962521229040126	-0.019959696563078833	-0.019051823842772653
0.03021291569919877	-0.021322019871245178	-0.019415921691998617
0.02573320750304829	-0.021068168588629234	-0.018357850576241532
0.025239546401583948	-0.016211871194646732	-0.016335808828891886
0.02876841717679306	-0.018935745786545874	-0.005926528090487146
0.028994428977727322	-0.014058578982057493	-0.0063600895271299675
0.03299414379306902	-0.01565451820726139	-0.02043244076078187
0.027412421008485236	-0.016164933485529435	-0.036863459116067754
0.016518002753615615	-0.020086054555283585	-0.0400817478159574
0.0012683949048281102	-0.01469463819867162	-0.042929926065602315
-0.01603567730806591	-0.011127244642192865	-0.05700862271270364
-0.026155584280500053	-0.0078215977468375	-0.06018138711208178
-0.027982951805742885	-0.010927220120110675	-0.05790611060258446
-0.03057331486282218	-0.012402145323805123	-0.055603939742563835
-0.039577793557547467	-0.01156176702564496	-0.058822327745695645
-0.04406785744758821	-0.00776539160013592	-0.07126096592403997
-0.04342778886676009	-0.00251185518774957	-0.07457046924397095
-0.037846605576657553	0.006560582367641044	-0.08879293049127249
-0.026291086619935913	-0.0030838492408488444	-0.0658731265381769
-0.004481086818903798	-0.013232718635178737	-0.04253027987084753
0.01298736143393098	-0.022744024174798323	-0.020164193493211333
0.024881662520131798	-0.018500872667805434	-0.01811707170449121
0.03151029738495567	-0.013824193465295198	-0.022265793753502475
0.03346896863107262	-0.0077622684996698985	-0.02375911196841156
0.028183046256517373	-0.00128415362554742	-0.02183623841248114
0.02916198685853566	-0.004780628152181283	-0.02316965481111247
0.02839204962734668	-0.009546835421757771	-0.021052425997942395
0.03331766818280022	-0.011148421067853909	-0.01660636229227963
0.03290528003061153	-0.004653318007026937	-0.014920628725956377
0.03728549131010831	-0.0047207506946829415	-0.01857878362757258
0.04044889707405813	-0.00898071076551624	-0.02814189377738132
0.043019688389675306	-0.01601823718216878	-0.023508257036906607
0.03939153270032104	-0.00960242203224697	-0.021104992146064337
0.03600355398694885	-0.00509499637557	-0.0190177053867423
0.03249725309994156	-0.002887671859266821	-0.018176021456144054
0.0346664962539984	-0.009928819135975283	-0.024818966165316987
0.033833393666970274	-0.012142094932277248	-0.02450043811977677
0.0346687464919829	-0.012954715980531963	-0.022798590003548447
0.035072932281139016	-0.010054565042712422	-0.0227196679946301
0.0404939027007994	-0.01292155340649597	-0.019167495112195607
0.03699463085963873	-0.020271277006284453	-0.019172695846968194
0.019833774042034125	-0.021709067540903185	-0.01389813725770123
-0.007411501156388264	-0.019345784096225914	-0.02725349003493996
-0.029780273302036933	-0.011944313096677494	-0.052085283252439135
-0.04145078182147945	-0.01216552538913249	-0.05519658462073011
-0.03894067154953352	-0.021531552019480364	-0.029381970833599995
-0.03641440601638257	-0.030482550563376145	-0.00835757709303784
-0.03748151261794452	-0.034485652870051633	0.0005598966604868846
-0.04709676309370832	-0.03348051678926574	-0.013287780194906132
-0.05330942397956962	-0.03234914222452951	-0.006970915822078157
-0.04638345571039724	-0.03613701837722986	-0.007208760249219168
-0.03287475765109269	-0.04185441928557753	0.005868638727492215
-0.02075019651178973	-0.0489528116459543	0.005860544566662948
-0.022036153165782436	-0.04402659727350361	0.011196427352156719
-0.03657050062476482	-0.03720932745260258	0.015803216645784976
-0.049095792317881956	-0.03280283166664526	0.016083800230896263
-0.05336523413679326	-0.03245177412303101	0.01419411627618506
-0.04389828471674404	-0.02812328899204401	0.012975297433026133
-0.042730115016965706	-0.029461977543634155	0.01726400996532161
-0.04027753434089983	-0.02953637555698523	0.020354597520511247
-0.042502704905256955	-0.027707998545404917	0.020919448090757638
-0.04532129971333288	-0.028346954519985208	0.02548395789517869
-0.04457875799389724	-0.028006634810023013	0.028677879881319146
-0.04561375888894883	-0.038525630300392584	0.038827029904880635
-0.044683384923822525	-0.03595623164825186	0.03672732383734634
-0.04813030733576336	-0.04011703002614069	0.035839147201478794
-0.05083097001345884	-0.03428253961469744	0.035476372683168965
-0.052317684022481215	-0.03320465367184272	0.034618301452344714
-0.054469256467712265	-0.025489737060031204	0.036097730404674726
-0.05297700684738364	-0.021155476726911628	0.029771000339326406
-0.05336248378171328	-0.019333530445227433	0.025476174622441963
-0.04985166031872757	-0.02326394857817836	0.024195908834850344
-0.04882873838772391	-0.03158401732104335	0.0199176390856984
-0.04825267361205468	-0.03134126445797315	0.015746070595324374
-0.052593494764182847	-0.025898495949442595	0.012519275557765774
-0.0558572867161414	-0.01853341470147488	0.008320964752512414
-0.056250014673681716	-0.017489273720950164	0.020647432619284457
-0.057082987121433726	-0.018631373346136598	0.018972881435299717
-0.0550538867084703	-0.016640018559595352	0.01874620711723584
-0.05477151197461068	-0.012710563976434336	0.0003770654892638753
-0.054099525663402835	-0.007257467326184677	-0.01088050784756299
-0.05159784288633834	-0.004657496893238382	-0.012627778604104661
-0.05475033520874279	-0.008308373400706144	0.00019691409828286738
-0.04934177579202321	-0.00908876360744087	-0.00022561300519166605
-0.04152060232519831	-0.02147801345041761	0.010052800440816294
-0.02348193084676177	-0.03967655027052836	0.013904222463906591
-0.006791740635204487	-0.05088383215302487	0.024700085779197963
0.0030943086350715557	-0.04675949574093213	0.013983554728741307
0.01349418015795658	-0.04237501036432874	0.0023255213874689602
0.014641726757022801	-0.03748770078882307	-0.006196117306311427
0.007426230168294574	-0.03847428322526088	-0.0016116518131688564
0.002052987990249173	-0.04495006493480266	0.002285245414089372
-0.012199266196884388	-0.048605950368791874	0.00814463583402235
-0.025309696278325605	-0.04062007872568338	0.004579481373323174
-0.03573030072568856	-0.034336996218625564	0.010737830872191635
-0.03759546612179012	-0.028907108091246022	0.009624397838366584
-0.03416056427310543	-0.03304477009533978	0.01533121762848829
-0.037178364566125076	-0.03494232952317282	0.017973957614237993
-0.029868315752734305	-0.033698030003318134	0.016779314615978105
-0.02072927158603236	-0.0353502544910282	0.009806225943576278
-0.0030699752073756422	-0.03600438809787137	0.010637543342172697
0.011376674878037873	-0.04016710136841332	-0.0007485775552833543
0.015022541368002552	-0.045091875565861944	-0.002289397173792236
0.015254278544242923	-0.04119967535067433	-0.0030029151795359574
0.012223142436357127	-0.04073383696495707	0.0011455330122597477
0.01512987680878918	-0.03558371076627002	-0.0009730710491705173
0.022811013889524882	-0.03570481002014643	-0.009698679872138277
0.028107854945585767	-0.03360057690195728	-0.014049009764274284
0.04085761872665042	-0.03194703976389476	-0.023002506636709892
0.037011927989317774	-0.034364501632335315	-0.018894404895404407
0.030221545432678423	-0.0340615267707442	-0.01445087604013183
0.009744623359634802	-0.03981583183934975	-0.0194143049838479
-0.0034703862018151794	-0.04393775139924639	-0.024982336337216155
-0.0038944550855586745	-0.045216027541210575	-0.030782880147470503
0.0004998297469970175	-0.04902499170829584	-0.021542011420829205
0.009155938181994398	-0.05023671974914681	-0.009238391861338369
0.01564795515342679	-0.04862814431299727	-0.0018024964918298796
0.019151458919422167	-0.04022814054126831	0.0030497066061487763
0.02415272555479363	-0.035899765752097385	-0.0005275682907712465
0.023179751422638357	-0.033291645924946926	-0.0034325879463510053
0.020730422399005934	-0.0393347738514533	-0.012854735744971202
0.0006193508780099245	-0.049501244390913024	-0.007696833414672173
-0.01813754237582062	-0.06064186966859407	-0.011777121646165185
-0.024933141829672833	-0.05953206526647548	-0.00956632646714852
-0.02285751599965482	-0.05170774189100353	-0.020117423323498747
-0.030598580861976588	-0.044958350246958476	-0.023309390225250644
-0.04492643681469365	-0.034262673629767024	-0.025268593711649346
-0.05425954221025141	-0.018052688110816704	-0.036743269706620486
-0.058286431321592426	-0.008457385948985718	-0.044060124119162575
-0.057864257833287414	0.0008516042034947002	-0.05656600482850331
-0.0592215763456183	0.0011216868778575497	-0.061030275119390694
-0.061114570958845635	0.0007017875595743779	-0.06298257424119899
-0.06322541932478619	-0.0021922089132894278	-0.057650073790629745
-0.06322325511231727	-0.00024390572812808906	-0.05089937251525592
-0.0532935194944773	-0.005680358983466781	-0.04944323638704856
-0.042574658840316734	-0.015261085802197132	-0.043527403910010774
-0.03475679584219781	-0.018138696656760156	-0.042350688028984534
-0.03305891525358702	-0.017758129791769914	-0.04096499909396009
-0.02943806852008856	-0.016905509113890622	-0.043280386935343605
-0.026473461228254214	-0.021317807535385248	-0.04048607058852215
-0.027763234017227138	-0.020745964393318193	-0.03248005959202638
-0.026487440659030307	-0.022414961845998883	-0.028450226472580165
-0.026140952550007167	-0.022738253019455746	-0.029281669933698854
-0.0249317715292087	-0.02540785890491726	-0.02833235740303437
-0.022431058313821174	-0.025776950348364844	-0.03184873932085723
-0.01595941233962957	-0.027321660685099166	-0.031167239534896023
-0.002170579484545345	-0.030049997494745396	-0.025657682879372416
0.0074116578328518624	-0.036402291302028204	-0.007994863850642926
0.015067910778453885	-0.03370322258933696	-0.006191676102280164
0.02187845685496078	-0.02892529647801725	-0.007035629089761221
0.029117236633854123	-0.02284335778607424	-0.02091439100497942
0.03186382629607083	-0.026107432624191504	-0.016600923016965592
0.030393637230844654	-0.02969987200258462	-0.021201125750554627
0.02928510979865879	-0.030347008495318555	-0.019206732934798867
0.0336899285715081	-0.026635414050172522	-0.02271899444848576
0.033987834230004364	-0.024295423342571145	-0.02411893979024743
0.03601551382098683	-0.02824320811519593	-0.021389891678568758
0.033122482920075705	-0.024883389121356184	-0.019698194576638434
0.03244526838994361	-0.02918699738063951	-0.018380286276503233
0.025525521195140313	-0.03442194971755056	-0.00793543531077522
0.014136891242120099	-0.040291476152225926	-0.001262507073895856
0.010688549286663736	-0.040446915962718516	-0.0027153463873990716
0.010152982190776363	-0.038574343155141945	-0.0007855741387661156
0.01603046177875587	-0.036588936615101694	-0.004839446947299361
0.01957703770214747	-0.03631607721743827	-0.003154495648576009
0.023842698786911847	-0.037765608006482036	-0.0032329493627324367
0.025472499709229737	-0.03893432833713252	-0.004492809446027479
0.01926014825768294	-0.035866702091844796	-0.009794445178691238
0.005438901924178774	-0.03452862248663261	-0.0139901648833772
-0.013385174181356195	-0.03285769077991459	-0.021661300314990178
-0.024975545658456215	-0.02807905248056642	-0.020004856954075733
-0.03163881203733427	-0.019592125839132304	-0.019215410595896074
-0.03413886643465974	-0.024477502483122172	-0.017561112332532824
-0.03394187090740239	-0.02751099629169696	-0.014210766219988246
-0.028770619578898416	-0.026670529294397907	-0.016073007304173284
-0.026846892833282544	-0.027224056185230935	-0.007373251742603618
-0.02156225682277698	-0.030465312013133232	-0.013885577887419705
-0.015964495062012477	-0.034395562669889766	-0.01460443973021074
0.00014417877420878832	-0.03617060123915005	-0.015249325038680178
0.004549495093493597	-0.04047754238957635	-0.010959083958370582
0.0034959738984208038	-0.04701939191996442	-0.011258329411095436
-0.017224889337496108	-0.04173875954829171	-0.010541342721346662
-0.0396663869768923	-0.028891940905579727	-0.013148178513027367
-0.051365120279740065	-0.017942774721989626	-0.017433923635999438
-0.05126899421248313	-0.018901249931837255	-0.009132516781512154
-0.0459816234807734	-0.028856906499880226	0.011273244191459558
-0.04469994618714514	-0.03736548930947287	0.020486742331466933
-0.04361790747258691	-0.041083319151487836	0.019835208056596353
-0.04959245942970383	-0.03848345133189544	0.01410101621342489
-0.05362063241225519	-0.033451014641554803	0.008620105058181449
-0.0504567320064574	-0.015734425187552144	-0.00227698098616836
-0.047166956629848635	-0.006378360943026942	-0.006804366306146947
-0.0445527450080134	-0.0061443574953111806	5.8359267785516866e-05
-0.04865255379622136	-0.012414298861685198	0.005320836596922299
-0.05185917901100044	-0.020176922555748524	0.010939956763655508
-0.051370977773810896	-0.025863128153964948	0.005935806908512094
-0.05245788975989525	-0.029038163253934556	0.017734483621675692
-0.04560670528844547	-0.0220488010687484	0.014034338653619263
-0.04718085950736754	-0.020379935065264854	0.019120100326932087
-0.04334177518155296	-0.025224673394482196	0.024653048741259308
-0.037604971929313474	-0.0317801309531381	0.03429116212608129
-0.031866592197091814	-0.03411599928848772	0.024859806788072605
-0.022758699383536446	-0.033618527917145126	0.019011375683800978
-0.02454264816990039	-0.03995524644000832	0.01638939258086247
-0.01830406387230607	-0.03894095403105542	0.021628117755905913
-0.015362231093983469	-0.042901598937607636	0.019790735126848986
-0.012197806797366966	-0.04156382709873915	0.022466882146640135
-0.014321741155241695	-0.03936585513130803	0.01983458971904297
-0.02058983705010964	-0.036388648157751884	0.016696796842477084
-0.023581702166615596	-0.03400198224195964	0.01793529175145767
-0.019974587929945515	-0.04064059907895805	0.02251244048758013
-0.01972056516663469	-0.04496013828696705	0.024974719702297955
-0.01618250563523118	-0.05356579779069105	0.03188365833554792
-0.021082556481460325	-0.05106042445722776	0.03304138615989275
-0.018363429813148816	-0.04865510709125566	0.03231548709954889
-0.01033613363009046	-0.04447321081105598	0.02601377780856138
0.002390378726265072	-0.043167617677145886	0.011495640521381684
0.01705264570297427	-0.043341589795071626	0.0038636039431252343
0.027938509882692066	-0.038899704880674665	-0.005365935063648786
0.03628351397564172	-0.03439766150298912	-0.006470151002813868
0.034714223598450604	-0.023461776489763875	-0.005541705972000148
0.03146640058192874	-0.016077189695311876	-0.004483100484235135
0.02807975326001679	-0.013814894450585799	-0.0027856244886989706
0.024808512345612693	-0.015156228025218483	-0.0050751572356802985
0.023018173739676493	-0.021672526586971743	-0.008266118775134095
0.023803329121420167	-0.024287916184260298	-0.009889437994504827
0.025180637358656104	-0.037629464465795584	0.00038306237566152965
0.020705539386375198	-0.04485975133942688	0.006512976568057731
0.011490725655241474	-0.045644150873064546	0.0025986440759300927
0.007185043568381572	-0.037905181789817735	-0.011571916065608508
0.004442891116629361	-0.03812080611880436	-0.009102711605905693
-0.00029418231333347465	-0.0383609906164426	-0.006706630538702828
-0.010392318475708515	-0.04045842907756092	0.0020470811674429597
-0.024053628737767677	-0.028650564295096787	-0.0020805481222769054
-0.03713837111148536	-0.02169305407055907	-0.01269330707592935
-0.044936381251510026	-0.014449587450029937	-0.018435640080896654
-0.05561946970763196	-0.014267282740260892	-0.016941044704660714
-0.06380218561851193	-0.012564724733327344	-0.02599855144396976
-0.06315540168550436	-0.017666368819772866	-0.017202440462913436
-0.045876780564738755	-0.030298806151617334	0.011102452223828801
-0.029369064413802597	-0.04241615361610526	0.019728588447755893
-0.021681300196992187	-0.04851538340515085	0.018416123233642785
-0.024441348425956688	-0.04505534855588909	0.018119581076456785
-0.02660765670015778	-0.04144420046408876	0.015673633686288935
-0.030536130404371642	-0.0384273691060912	0.011304342549669354
-0.03675417210665683	-0.042995540678901586	0.0083003778985717
-0.04194189112616664	-0.04104181341395968	0.011353255409857453
-0.04095804560060271	-0.038576791415707024	0.02093489708109579
-0.03517805766006302	-0.035573483805792616	0.01743962747902212
-0.023888196115167702	-0.040333335504700654	0.011332781372705238
-0.01584829523033111	-0.047377003490880004	0.008911833286845527
-0.014567541182830044	-0.05297803526671854	0.017260537790249122
-0.024182255480030328	-0.05215935124004584	0.019879620813946352
-0.034811413377235	-0.04375779994770669	0.01764511185664027
-0.044627350778065254	-0.04037165981244167	0.016572773043438675
-0.04943360375117436	-0.03958000602232246	0.023235369527244185
-0.040060660396988794	-0.03921283594419933	0.021713849478103363
-0.015925033260676666	-0.0376450998593368	0.008092888492572371
0.006517061129526685	-0.04071871408437489	0.004789852532877635
0.013396657731231104	-0.04479255898950952	-0.004910132902880993
0.0175735578672183	-0.04103414313777074	-0.007739901446242446
0.009364265017258478	-0.03925310839376311	-0.009771668954792506
0.004411703799908669	-0.032531270362440926	-0.013810024192088743
-0.0033925107432448264	-0.0350023126297194	-0.004723800529676638
-0.008756189111377386	-0.036686297125490194	0.00412283164692023
-0.015138556015524942	-0.04326235720021899	0.010505076949564712
-0.021762647752716364	-0.04321742501881854	0.010321900131240548
-0.023169823792352277	-0.042789048605073404	0.011154218971969155
-0.02410052800810053	-0.041872961188940405	0.0062553336315140096
-0.02012835580943142	-0.03394122555530527	0.008447476681181183
-0.023711544737471654	-0.02859975380497459	0.0011105327039722876
-0.02907471476278561	-0.019802905144812002	-0.007491862177196173
-0.041103672237571345	-0.019893737667904265	-0.015604271908075618
-0.043360230456721126	-0.02304460740706487	-0.012389104114704615
-0.043189205185592265	-0.03158725014832849	-0.00347746305167701
-0.038428220221042794	-0.037411159478402074	0.0086060928848955
-0.04076363984970472	-0.03750878715065318	0.01141736437816035
-0.04340319381709702	-0.033148596362701316	0.011115754322560456
-0.04809039944886873	-0.02916187027419277	0.011167786297535905
-0.049344489093452355	-0.02751512957234847	0.007901024630086753
-0.04790768192302947	-0.019733771971153544	0.004738668161503853
-0.05509025523084971	-0.013757772574279693	-0.011884106619973425
-0.049364821397739206	-0.006813550563655408	-0.006925828390743079
-0.049338096332621866	-0.009904704156948878	-0.011724134806318065
-0.04659015597875238	-0.008702679690299123	-0.010001388218477174
-0.05287186774026549	-0.016569223802657216	-0.00641285687330629
-0.054427543520236266	-0.023676861219459618	0.00894997951297629
-0.049524951131268945	-0.02735909422973716	0.012106190854033368
-0.04335648938566166	-0.034753275541690026	0.010248216029081117
-0.028519646686724697	-0.03843134903638724	0.008219866563167349
-0.022467805570687203	-0.04459339754218328	0.007961568498276717
-0.02137636919410645	-0.03951876350150347	0.009614122210084803
-0.03109193316737359	-0.03763966611612379	0.008111020081187255
-0.03964573847557834	-0.029433565772381296	0.0072989219078564566
-0.04931990440102951	-0.02073537265596166	0.002462434741867338
-0.05198883306276168	-0.01466656079123342	-0.00048461131839850485
-0.04812552163616233	-0.01242401221869698	0.00046070550336072685
-0.04171740739861902	-0.009971948599656631	0.008123767494150239
-0.038890748668784655	-0.005712880250067302	0.007267545141838722
-0.0355334061180534	-0.005452927804827229	-0.0006965300042643743
-0.03726050929640552	-0.01584673191830434	-0.004886617946672368
-0.038519840850899774	-0.025385360373088108	0.008384165951658695
-0.043673371060868	-0.02838934563110827	0.015472651474531154
-0.04773563729967198	-0.025344007224046762	0.020297931975898444
-0.04958101317409373	-0.024167871213628265	0.027275426734754887
-0.0469696065754835	-0.022680987402268867	0.031551000375249466
-0.039325364975320444	-0.019040952680477407	0.031510028309136184
-0.03503463880404615	-0.02075060130566154	0.02329794242640875
-0.03854258769022546	-0.03146420044758555	0.03159445604096368
-0.04289597036431256	-0.03831827734643919	0.02358758694240351
-0.04556093907583594	-0.03950676815380625	0.02152332839174325
-0.049878693248132176	-0.036943548925907725	0.01961759527898367
-0.04490007396454731	-0.03688330492964249	0.026086302689748923
-0.041962824100532564	-0.03297621694097893	0.03662843089288579
-0.035405524591786426	-0.033464098691569084	0.03517457661206991
-0.0373644817747822	-0.03458467021889118	0.031896160192181354
-0.038113352122553554	-0.03768240614581458	0.022668606061032853
-0.04219539370934278	-0.039139413849997175	0.024752349612422564
-0.03730935451226126	-0.03806326166803637	0.016150916941796843
-0.03579051037640493	-0.037863582780276704	0.01726344283169986
-0.030946732143672488	-0.034200574335122406	0.006581412380378102
-0.037427428922572704	-0.03838683099126524	0.023752462013449174
-0.039003015511252695	-0.03296508521993735	0.012684567975438342
-0.041629739923287556	-0.03564492701155994	0.023319238642040788
-0.03931837734605802	-0.03220867254627292	0.016615987886344302
-0.03761668393605901	-0.03475559940666762	0.026337903600811945
-0.03864541515051821	-0.029872153221494602	0.02952999462022638
-0.036971300513342	-0.029421546144298715	0.03554131938450239
-0.03491556792534199	-0.032970560109860145	0.03557448587489403
-0.031431428498347395	-0.038929677599632576	0.04084118389713344
-0.0314844530809518	-0.040381451666354165	0.03901723917340287
-0.03461197097723831	-0.03708599227800911	0.04361743426892764
-0.040428062607334864	-0.032785402635372995	0.03386207645199488
-0.04054752556704444	-0.025139828178589164	0.026901612434655504
-0.041733582993078173	-0.029779138538670244	0.019921334440053916
-0.03386385348380241	-0.028543144471533565	0.02076178392292817
-0.029243789653451768	-0.03056227315701542	0.01929498725618937
-0.025477661745204612	-0.02281685372587351	0.017947393780236364
-0.032158722687038684	-0.017060829580472163	0.014698632319144318
-0.04189283128123323	-0.01582395220819029	0.020438077512149364
-0.0419757317758997	-0.02233918802682129	0.024115483310446294
-0.040577361671037815	-0.025097485303254747	0.028887506510253243
-0.02880211341627146	-0.03095278306204585	0.02919165363931706
-0.016257232736220102	-0.03042620692423526	0.012954014914405645
-0.004442658693317647	-0.03400800022504605	0.0073861683363729835
-0.005230490952108492	-0.0357781722545172	0.0020016275957814604
-0.0046118350034985624	-0.041141259590678055	0.013453343964645452
-0.002244884105264609	-0.041464654881970674	0.014175972297196079
0.008886055166822008	-0.040455096269083356	0.009756364937330895
0.017417747819823505	-0.0395219501343757	0.0054848046709945145
0.018866197558117703	-0.0399913541336729	0.00917614447308647
0.020643668093097655	-0.03809389184883069	0.015597167489148682
0.017361268354598672	-0.03608984449163461	0.012643315080791376
0.019540416623440034	-0.03509929009027394	0.009762713456120575
0.020854396032794577	-0.03576087769814404	0.0046807056612037205
0.020961477533447313	-0.03565621689607465	0.0066162642307315955
0.015093609687142346	-0.03722309099747364	0.006733148762031058
0.0018757245320529987	-0.03535765637538098	0.009722340392291223
-0.00944152959744133	-0.036602770946044666	0.013265432841366607
-0.013811277732808441	-0.02922610356105959	0.010437406486985122
-0.01536228144042285	-0.026536962639971125	0.009228229181255243
-0.02103082356293529	-0.021916045185718776	-0.00029316284690741184
-0.026409749690648597	-0.025746671761331188	0.002819657673076969
-0.036351952698486026	-0.028841481445842056	0.005083870817869589
-0.03215413073888894	-0.029716004287573494	0.011474963865520799
-0.034804876111060534	-0.019741620834231602	0.008705363331691994
-0.03671889519160261	-0.012292704260998292	0.0074630415420482085
-0.041303506338045165	-0.0071225875587078566	0.011489785062945693
-0.04278250999908569	-0.01105685018599022	0.016586888983455984
-0.04126959189125084	-0.020057240786145295	0.01838866376168443
-0.0426799670149939	-0.023201912808728745	0.015824264720867995
-0.04384166451601917	-0.025098868819549355	0.008624668196105953
-0.047904916753853354	-0.017223391253306297	-0.0020145511115896575
-0.0524853697357863	-0.02218809408338036	-0.002391261304838403
-0.05975756480663977	-0.017031564207012902	-0.0017973676258743326
-0.0552765289092136	-0.0236990106003019	0.003487560728545558
-0.04876311692083635	-0.020066914491337857	-0.006065873672455341
-0.03904876343429749	-0.025367135407341014	-0.009126119555355344
-0.037827144373843415	-0.024073234029200648	-0.01741031437055182
-0.03280965353721844	-0.02835766517922884	-0.0049208761803008
-0.028103458385524527	-0.029402455062157582	-0.0009262407554642173
-0.024351245880876473	-0.02699915111914119	-0.0038977584094655043
-0.020596834537220752	-0.02454553332754945	-0.015483789612666934
-0.02299788795159223	-0.022485228305999676	-0.014149779113986767
-0.02662925857894666	-0.018863456433257635	-0.017675179997117266
-0.030083470738432115	-0.013960529674353172	-0.008251059804096815
-0.03390413911083176	-0.011633092071962703	-0.008384195899797383
-0.03358417925986547	-0.01767629829910986	0.000364487911085995
-0.03311621606891897	-0.021696451521654805	-0.0022275727090806247
-0.02156509304789022	-0.025643888141067786	-0.007656035464460727
-0.007877004979133132	-0.03256008309196673	-0.006445925852046969
0.0026880015375029013	-0.0357546805257618	-0.001375192385447449
0.008236968584465834	-0.03693642112825036	0.008146863286604432
0.007436842109491241	-0.03198399539133216	-0.003980150828406411
0.00871403276404809	-0.034356956695350944	-0.00039032665998111477
0.009008422211411012	-0.03119484183747843	0.0019625414744789413
0.014445479325511662	-0.030611210889226328	0.005046329824120337
0.016683879531833475	-0.02644962120053731	-0.0034545016746571865
0.02246349393265453	-0.026462814398049508	-0.005229790230792161
0.026567896904700076	-0.02044320582399538	-0.0025286363892361684
0.024765277669436512	-0.020987866529772685	1.2547651835555923e-05
0.017197122174027486	-0.021946816515865275	-0.001205985869604801
0.009418271561479072	-0.02889125153438035	-0.006202455058733491
0.00828949528974947	-0.02548742540678503	-0.007511112470928907
0.009459357159639116	-0.026034915848674244	-0.017076279085674266
0.011198332907812759	-0.017416341751501405	-0.01342292785633124
0.013353389837424259	-0.01960650826914471	-0.004016210312451444
0.018493483381694396	-0.01625627979551263	0.006973508527127361
0.02169768450352901	-0.02369644643203462	0.00609439322692871
0.021488705352117977	-0.024387950936388517	0.00043823823865171
0.018434039921419863	-0.02792629135407397	-0.007556424693179766
0.017535550909869094	-0.023682192884573627	-0.006437772777284124
0.022772664440857626	-0.02614779473032834	-0.011243508300169444
0.03185553703520931	-0.021637273923526254	-0.010009993037880312
0.03887913175549723	-0.024166393465216044	-0.011991506621074781
0.03865993325308091	-0.021900032907083956	-0.012742261785320647
0.03843004810955518	-0.025261463372125502	-0.011456198688246245
0.03157754566212612	-0.018623987324554905	-0.010695252116007116
0.02929674702941223	-0.023700257597322943	-0.009306716019688813
0.024680557061035915	-0.030117433046097177	-0.0096456230705783
0.025092591551805914	-0.03852614345824279	-0.005018885542703796
0.019252143416273133	-0.03672490075723973	-0.005849001418979708
0.017550506037880005	-0.03241985775917554	-0.0081075179204184
0.014737899018932861	-0.026682538260085854	-0.0066715636336889764
0.015958075372448473	-0.028176086260367852	-0.006611367565602138
0.01640455152064733	-0.027760763967503693	-0.0068939056443013715
0.013999692896345575	-0.02998538891461513	-0.0021941737040491287
0.002990117750286237	-0.024873235972250843	-0.004995604686050786
-0.02238994203329001	-0.013457549294573358	-0.022184554418078758
-0.03783347832584609	-0.007435507203090827	-0.0375544365622611
-0.04383461855970767	-0.0004832055803883537	-0.035998609814331936
-0.04395470735688119	-0.0063502143570069725	-0.02067406715520942
-0.047812615929464446	0.00115025216914785	-0.026113053390728575
-0.04839388360629798	0.004375545740119743	-0.035873190241216386
-0.04757393692919515	0.01508948322850971	-0.04165204148671636
-0.043544306767456825	0.021681360970215818	-0.03521502462095876
-0.04243265668136115	0.03053528911009703	-0.03204323559257736
-0.04211045663839851	0.043105823419871514	-0.03429580844065366
-0.03930071475612713	0.043836991847117326	-0.04321222668263038
-0.0383286701743681	0.04618245790708562	-0.05695839426318501
-0.03840804247268618	0.04336197768969725	-0.06154454328797042
-0.041354017234179245	0.03819916975439257	-0.06279222983410611
-0.043983469981424335	0.02782199805075837	-0.04526724718637982
-0.04592881581530585	0.016746758034092358	-0.0429863779755238
-0.042741283460624536	0.010645792082048158	-0.04232964060421633
-0.04131724349293947	0.00911805059821102	-0.04450459074668175
-0.028086603020170214	-0.000972816111063383	-0.03221383022992689
-0.009408870683419987	-0.018620630711238793	-0.02466512036949143
0.0015872765961258914	-0.02277052820177486	-0.03266152085014948
-0.007569620727242491	-0.01715619811286304	-0.041733313175331264
-0.02930200510062065	-0.0034985672266423834	-0.044792950129462446
-0.04020571951205008	0.004623261626582705	-0.05508694052653886
-0.045759490001020225	0.011165287908169525	-0.06653170104689718
-0.047072421887924466	0.014871812152710199	-0.06612605057948831
-0.05130991544294798	0.02142795249537217	-0.06042766037712736
-0.048679514108383004	0.01680672934852509	-0.05113629739083592
-0.05214147050519172	0.021026615396321738	-0.043888154689422386
-0.051080067959884214	0.01768726509724852	-0.048179302527648474
-0.05412638324815589	0.01633172111275942	-0.05337340517355577
-0.04935104774347386	0.008282507559399818	-0.05865801520670793
-0.04810141102127122	0.003617917653189356	-0.05293605577828539
-0.05065117313513768	0.006242015641425758	-0.06032696063691277
-0.04440314061381505	0.005698738376226671	-0.05349703755506047
-0.025966662055827868	-0.0027854523319169747	-0.02879003123142331
-0.0109221812788767	-0.014733787534695748	-0.015786717837578023
-0.007673083004829937	-0.015216069802800852	-0.018816723584981168
-0.026023859166654343	-0.006388798711228993	-0.035988918802119636
-0.03309297712422977	-2.230351901378433e-05	-0.05289268658835542
-0.03149349586521934	-0.002019239076239454	-0.0472630894248721
-0.021869433816254252	-0.011548655044951934	-0.03906561968193667
-0.021843426344675343	-0.011701476126860774	-0.03610063057691562
-0.02291632466113024	-0.012352526720944787	-0.04403564584709999
-0.01872612525388621	-0.012694176810215967	-0.037876148311381024
-0.01531358973374636	-0.01117695768805357	-0.022427950384290157
-0.01632331719352176	-0.008104876837755915	-0.015727784895983338
-0.012516513996269088	-0.00798729957176631	-0.013610292725264494
-0.006442816139788705	-0.011417263710824629	-0.01799608010217066
-0.0062790658927142536	-0.010419950835892575	-0.023454281870232192
-0.007139597927862288	-0.010455690100483927	-0.018848975434748606
-0.0074398042038454765	-0.013117290430127444	-0.01780403647302065
-0.0003446571170390007	-0.016816052960395133	-0.01167719452496954
-0.005132933815267005	-0.010965920287599944	-0.016687278518470218
-0.0189741010809459	-0.009160732715865481	-0.028142744857606004
-0.02673984522672601	-0.010570316203159458	-0.022759430559080078
-0.035975562423909965	-0.011070169757349707	-0.030307262822499507
-0.04119127017666224	-0.0020916151624848856	-0.03848349548763361
-0.048580386184971514	0.006751657662761524	-0.048050434019600095
-0.04674565170624952	0.011574239908563462	-0.04681560367143777
-0.041899665797295815	0.018260697400464664	-0.04323256090289455
-0.03978281119987778	0.018217245730918544	-0.03628801564434139
-0.035949145926127676	0.016346504192971973	-0.03523099233672441
-0.03218506157675432	0.012967742635957298	-0.03524476360543121
-0.03080437589728468	0.0139342674864318	-0.03647480089861872
-0.032581309843030495	0.015170918514754151	-0.035571678088089385
-0.0412969366967786	0.015318544537733302	-0.0401717536077994
-0.04594003662437183	0.013336955089464503	-0.048349435796308064
-0.05060995313194997	0.011326595317546154	-0.047401699457539054
-0.04470199240912394	0.005198427867574758	-0.044315968432715194
-0.0348756500166153	-0.0015204926839081712	-0.036253984912453796
-0.018299099276996685	-0.00743314918425878	-0.03244275792208023
-0.004542247726473203	-0.015851484817067545	-0.029901686868060866
0.008960672065638104	-0.02109303475958114	-0.01791414136539774
0.013762765135559433	-0.02531705523912138	-0.008913015341529228
0.017704074136494986	-0.015017035919569073	-0.010044916189533182
0.021610083646393396	-0.016335824448014742	-0.009148625774668257
0.026532682037942304	-0.018158031800172364	-0.007113014437717734
0.02810106532674294	-0.025626728057795062	0.002314271655461917
0.019742214227913803	-0.024691762892308268	0.0030687846009623196
0.015242779753856885	-0.022821852923250174	0.0017983609087918323
0.008966394547074976	-0.019813413453659088	0.002593545412844102
0.01131504661458195	-0.025449232799790025	0.004648220228950928
0.014983091898420993	-0.026193942536925266	0.0033919271512553133
0.019245431843010547	-0.029191191527130428	0.001858260564275769
0.016428241646210224	-0.028487671793213026	-0.002004856447598697
0.012105299127621372	-0.02648583545209464	-0.007583038071395574
0.00800045264753689	-0.019426199351522972	-0.010436367134312298
-0.0019063455306806035	-0.009723688039999553	-0.020231863448451137
-0.017580708694074545	-0.006340331034108908	-0.030876829728020076
-0.02772641820956533	-0.002866558082442683	-0.041889561521764845
-0.03261746231643433	-0.0029167306495284226	-0.04139372650559708
-0.03767547410516603	-0.0010707003547518685	-0.04283000171799618
-0.03856826330401182	-0.00030085416112334457	-0.04093507941073499
-0.03359406468237024	0.0032434942295717353	-0.03411441979686196
-0.021715644339122923	0.0033379048121303483	-0.02103211235973706
-0.010452847921547973	-0.007336962272823753	-0.012020554940634896
-0.0031065148099289046	-0.016493490538603207	-0.008441518156457455
-0.0046858824891414476	-0.019612617168986567	-0.005788466550273217
-0.012776142805795044	-0.014195231567578402	-0.006833688187539781
-0.01546209779501213	-0.012881386912505016	-0.010517539274881523
-0.012101352957738475	-0.014982098832453137	-0.006301501758105903
-0.007956648044112986	-0.022679444424487123	-0.005960189777892777
-0.0012497886810666626	-0.021416375423408403	-0.0002861850586828019
0.0037379786028168133	-0.026743936775720678	0.0006562912745313857
0.006556561718472261	-0.022244686781968632	0.007938950464232146
0.0035879959794934287	-0.02237947873322802	-0.0004043845434288048
0.004611648895586765	-0.018580653859503304	-0.004213752387454017
0.00218196750241979	-0.018276123009426656	-0.009845951341303293
0.0011981912495119095	-0.016026052482205934	-0.007195725446718348
-0.0012852177227901894	-0.013059070915950191	-0.011334044213424443
-0.002884473104859671	-0.008908507016401867	-0.017583028238348425
-0.008287470087018562	-0.00783612160894366	-0.034665983525676146
-0.01652682174235583	0.0015259053293526046	-0.041101797305824
-0.019772825619334085	0.002000355954339062	-0.0445024631811017
-0.01514948461497984	0.006426166696279272	-0.032754409029431664
-0.016152536227698105	0.0035244556827492965	-0.03366814769971048
-0.01718306902864906	0.0038611396457741533	-0.03347540083171762
-0.02047797168882631	0.004976813304477685	-0.034765434111168475
-0.009040393445281096	0.0009280732893348845	-0.023073168136760903
0.00836796888456272	-0.007610589750474579	-0.006069512536222845
0.02022249130691338	-0.01499682800988079	0.0022128616556619865
0.026618589871958455	-0.01660631267179759	0.0037579631745339563
0.023188433482794577	-0.013733434896270194	0.002601575223261904
0.0201788344932791	-0.017510668183397228	0.0026447496869071337
0.018746292872650644	-0.013788542129849847	0.0018762010562057042
0.019151504744810387	-0.020037254105714605	0.007007997543884554
0.020252381452076536	-0.01780577314009929	-2.0464001420038985e-05
0.02129085101228961	-0.017400698397082304	0.00017785505248072223
0.0265070561476576	-0.010005044031653676	-0.007290048056726051
0.029149798438318303	-0.009009997675473638	-0.0019638290802534222
0.02494737239427795	-0.010866154235789887	0.004698345622394285
0.021132667884208093	-0.009912737849159414	0.009500410789437164
0.021600774819462046	-0.007325567409833699	0.011783138295943813
0.02826508236455636	-0.006140426491102745	0.006954764996521236
0.029035868627533906	-0.006836680407993475	0.01003599283865532
0.030885371938730283	-0.013735026182901438	0.007768528032077102
0.02927750349910586	-0.010128710422422171	0.010823071781918204
0.027660907800447776	-0.00578483305172425	0.007774645144202126
0.032716894659634795	-0.0029656405225132743	0.008321143687126348
0.031027892204205463	-0.00406264314016139	0.011858165753762397
0.03733410164267786	-0.009874786656259316	0.006140385685221867
0.03058395000510225	-0.007358569053667317	0.006252302246955655
0.027620939951832818	-0.006555899826510406	0.005735502648005555
0.025370429104695343	-0.004430472101642469	0.00863300550362573
0.025429871039059315	-0.0098063870972313	0.007200966610539587
0.0256294965549603	-0.016215686108078862	0.004666182811112061
0.024766142028239346	-0.016097708905487187	-0.0013746726668655493
0.0238832048047423	-0.00867864664973994	-0.0010265025161675274
0.026889976135411692	-0.0016710843103608399	-0.001859757103804715
0.028246705432788104	-0.002033406611328431	8.272768935370378e-05
0.03254237774750035	-0.0034044415437761047	0.00014455834881051122
0.030401132246526068	-0.005769129873701287	0.001599441179164808
0.03181751382381573	-0.005941263756007702	-0.00011850393826922517
0.03138414743026383	-0.007305378396070916	0.001462175468300412
0.03276939313140526	-0.008818475997498477	0.005188301585187238
0.03049931436457438	-0.010036629320508184	0.0015577993027757718
0.032517420420848875	-0.011751751988192252	-0.006517733826344137
0.02876846200114668	-0.00933847876485941	-0.015439744771753677
0.024871965445312356	-0.007029987538408789	-0.01883956712417203
0.013666971920484652	-0.0024977088122231537	-0.020035432954537604
0.0030896345647179802	-0.006927662685169562	-0.03655992575828435
-0.0023012740840301065	-0.00772118958709582	-0.04215748804694174
-0.0031051038276814417	-0.007184627891996975	-0.03911630668772461
0.003765368058080828	-0.008025614691685843	-0.02779118681755936
0.010371325927885517	-0.0045327011267074085	-0.012275766279745108
0.016903731992414024	-0.0035543652768054786	-0.011644477595216078
0.017146587120332433	-0.0035403136801286355	-0.008101390739677375
0.016152445395628053	-0.009848236570606288	-0.008983330414158892
0.009582753817631406	-0.008856092688730477	-0.016086976086074962
0.0015114504519761413	-0.005797562121901686	-0.03269700299687683
-0.0021391728874804966	-0.005818999718666633	-0.035149706078849055
-0.0027662231310488176	-0.01281975342338118	-0.020861741635857793
-0.002691034214269049	-0.015036123784780673	-0.016430008389157494
-0.008929191533017274	-0.0019031107992876148	-0.02215625662567996
-0.019587660737802288	0.010603352706243097	-0.03704003498529231
-0.028193922292516004	0.015963788053311723	-0.04693067627752811
-0.030935616844846907	0.008717936368534625	-0.05881462567233262
-0.02880851480647414	0.0010821911490569217	-0.0472953081499926
-0.028465671585131618	0.0014584702965353663	-0.03991752783342925
-0.02396454327365539	-0.00022680825331817877	-0.03322776487548195
-0.01865070713908146	-0.007011874322802193	-0.02507085801030877
-0.013334424231551602	-0.010270484818821967	-0.02305932354415738
-0.02008675466356859	-0.009687488377575874	-0.02655005906126325
-0.024677160660245175	-0.002301161259661978	-0.034980410358866953
-0.029856742587529756	0.0031894572067152223	-0.029587372650451034
-0.029925102675653206	0.001451261539759985	-0.020968373967304568
-0.030117588259616468	-0.000614351789256258	-0.017488352795439997
-0.02953065809131807	-0.004854537251329298	-0.029572634020686453
-0.03152133983964016	-9.061109862114683e-05	-0.028037317700673137
-0.02768498069112037	-1.8970541972993327e-06	-0.02117717380992643
-0.02990947333032447	0.002121507979616693	-0.026094860908695137
-0.025578907264666346	-0.0020314730332038605	-0.019272535077107723
-0.01938695192213646	-0.004253761699596608	-0.026645351227897553
-0.005066373434904317	-0.01196460117441883	-0.009510515008611397
0.004067388196671342	-0.02081153256745555	0.0005831507976591524
0.010156181662420622	-0.025218951814777076	0.008179854504215841
0.011582928046770365	-0.022815312413125448	0.008816953379117726
0.01682446439777615	-0.01647340282285332	0.006721744261891836
0.020303975670597055	-0.015596679625029662	0.005872903343000441
0.023919618544809635	-0.016942636797650908	-0.0012686304929897356
0.020364600277320358	-0.021746764879507437	-0.004515743702585371
0.012666114330024809	-0.018956447750764962	-0.007454754421965424
0.00697905471818462	-0.018309053442376603	-0.010314802044261384
0.005908357879827089	-0.016971862059434947	-0.010028051584217327
0.004863786817881134	-0.01744873657153781	-0.01343811080164972
0.00596308164110474	-0.016527451922164073	-0.016673675986304246
0.0010996310986001432	-0.010914328139436703	-0.01700054215847664
-0.0015501074395555575	-0.007120709667972303	-0.013934441733231039
-0.008114607168132438	-0.003980749562601071	-0.012874171192944102
-0.010419531963173901	-0.0034874182773612806	-0.015379155346655928
-0.013092554378733275	-0.005581617003167774	-0.022568041123700578
-0.011260816130481499	-0.009274698526467449	-0.019727872450962455
-0.0031574128247911673	-0.011713940561648923	-0.017086047956774757
0.010333886188756232	-0.01342792155262394	-0.005910080021123412
0.017390326510091564	-0.014402180510947528	-0.003912375681536073
0.011672040109197056	-0.017312189694222116	-0.003601121758813091
0.0019576571013986644	-0.02236785484544603	-0.0005745458045153798
-0.010755129975577774	-0.021049995268975375	-0.004029925623047027
-0.021514346799644948	-0.010908187922185933	-0.02524069926359837
-0.03268856688621765	0.003529132384493551	-0.03900825781222894
-0.03629588076558358	0.013367315833446913	-0.029625859428314957
-0.03853772850857948	0.01373823027766558	-0.03480674658730391
-0.03386884251096412	0.011783130933692959	-0.0431423712533433
-0.03159230603133308	0.009747138129606075	-0.05107083782532604
-0.02452810683924299	0.009517792095804932	-0.04467556509817263
-0.02288554187491786	0.006403051054126044	-0.03225000717753611
-0.025226075510850945	0.003083782498901251	-0.02963840925799718
-0.03322997451592416	-0.000706071327993532	-0.040830355358063876
-0.04008742997592537	0.003962914562244544	-0.055084606031400765
-0.03649283839723047	0.001742193759453036	-0.06110800873416636
-0.025226815666692673	-0.0012960112752680567	-0.05802588328080398
0.003756288604393747	-0.012529655323768624	-0.026570757322108948
0.018571044870900003	-0.017456051099363445	-0.013342824111410433
0.027450730627952027	-0.024129623594286494	-0.00510116135674658
0.02937336484933677	-0.021160859493427244	-0.009500305450023321
0.03176906795798147	-0.010773303801618032	-0.004951996004094933
0.03162481982678108	-0.0007603013648974199	-0.0016183669846394008
0.03374273818670316	0.004926209398274451	0.0028605726053051485
0.03553909484337377	-0.000548892578879931	0.002473511899957412
0.03218921059918895	-0.002317896292132938	0.005024786379839847
0.029573394089731694	-0.0049317006024743116	0.00464674228765791
0.030473441179337722	-0.006487511632509232	0.006529569379190105
0.03166470343178548	-0.00797043976858705	0.006729781607740536
0.030014481553420454	-0.005129782144332688	0.00588588609865915
0.02637322788198595	-0.00452770616880232	0.004479533484701308
0.028064325703825176	-0.005656493557151607	0.00278620277940992
0.030805032330691078	-0.006208891312693751	0.003293028567309699
0.03354305378657364	-0.001475622587587283	0.0019169288790399433
0.030275094098572167	0.0008855524428130644	0.005310023359163599
0.032093499970498915	0.004449766566231333	0.00450475173262423
nan	nan	nan
nan	nan	nan
nan	nan	nan
0.029278945575469905	0.003318063954846142	0.005273528876734466
0.03049447070161925	0.0034794295381306815	0.0012742300467283446
nan	nan	nan
0.02893690705664988	-0.0009379582215598116	0.002582622836353493
0.032221165644559034	-0.0009550838158195142	0.003849881675537039
0.03379198019813605	-0.0026049407585965714	0.003355368558397173
0.033884829818407146	-0.00028128657807623494	0.004605153101639805
0.0321827706181102	-0.001675944027421565	0.0032497914586617875
0.03373954709115761	-0.001754933880079738	0.00477634108080973
0.03099958591983971	0.0016640356214738712	0.005163332029209364
0.029637972099025557	0.002923259769550315	0.005518062207861652
0.02729926754380582	0.0034300394209712285	0.0029817320810793177
0.03191728246440307	0.00011864983405724262	0.003455373319743507
0.03294670307361124	-0.0028378747382536403	0.0020625694168284157
0.03497749282633889	-0.001969133404683494	0.0049620302901805455
0.03134058903063081	-0.0011895958168648322	0.006097876871410404
0.029373506520121488	0.00044290975079716864	0.005514271376886492
0.02912861449087201	-0.0028497174503531375	0.005615154241529446
0.029033331881268935	-0.006366992781428327	-0.0018485320301677606
0.02818761634363644	-0.015522114773048172	-0.003864318253046284
0.028118334541098012	-0.02296048756787645	-0.006530146222128587
0.026581970679509657	-0.021386266086540547	-0.0048293837865157445
0.029238526540044947	-0.015327643933678898	-0.008003184730213074
0.024634365611461127	-0.0075636543560659445	-0.003883555581289666
0.022227285577610945	-0.0066748529506156454	-0.011472109794442853
0.01901684368176714	-0.0039010489043640574	-0.009557848929549782
0.01708201978902328	-0.0043353434702707964	-0.007512921551389294
0.019767592941837976	-0.002598017791767274	0.0005453315429303739
0.01791123783728023	-0.0056227297478408005	0.0020503842554607
0.02121772058729424	-0.006522331035928266	-0.004751154673435714
nan	nan	nan
0.01526649886086113	-0.010067391503172495	-0.020079027278192586
0.008774003217297828	-0.0058682811460930625	-0.04245623201244837
-0.007741937112270176	0.000721030110670083	-0.05255322780157623
-0.0177417981432878	0.00652562969570339	-0.05778084805795689
-0.02452537619689853	0.016329064328323414	-0.06580486707934835
-0.027086201504657407	0.039250213516959696	-0.07988475583866811
-0.028822830416832482	0.05901624772253285	-0.0731984827074739
-0.02521915156744582	0.0684489123060465	-0.061059221429408554
-0.026711418975548025	0.07517784781001594	-0.06313696199842878
-0.020315677694664035	0.0626047686319519	-0.06672134618153991
-0.01976949545352185	0.053102077280660104	-0.08162357119556138
-0.016197453953445507	0.04720789293963708	-0.06010282847494239
-0.02225178284322693	0.05922561509467284	-0.05801356676295559
-0.024750085618365128	0.059164167399250164	-0.049859745218513885
-0.025951809733574013	0.058307195829804745	-0.04815759171482299
-0.02611027377645722	0.05058897915354702	-0.06101861397578201
-0.026223711582051674	0.04731478961596368	-0.05316710673295753
-0.03310312951768033	0.03793394981824617	-0.06722886355672034
-0.03581706699123556	0.024423007629284732	-0.061142089112220604
-0.03522916159643494	0.00683726928504506	-0.056718980378283615
-0.022947979619207613	-0.006251456344230636	-0.047890049620890635
-0.01853559775936895	-0.016738455962609394	-0.0312505624516317
-0.020972160738041163	-0.015003946075005407	-0.03052309913110797
-0.033707701518945934	0.0016248801839708004	-0.05747383591054356
-0.03505762602700662	0.02862503007838736	-0.06989380621768587
-0.02965956164012849	0.049134255757148235	-0.07825840092713211
-0.02247329677675928	0.055584700539228364	-0.05213907490714853
-0.021939916079327507	0.05336512961360772	-0.056013777174600876
-0.020793999503834728	0.04997901211515628	-0.049891802097160154
-0.023817355905428966	0.04835462685910236	-0.06278201691019078
-0.02269712211618314	0.04959690048653002	-0.06735813688527226
-0.023572587723780253	0.046281807034678865	-0.07386221173383281
-0.021891584216452705	0.046842085681612126	-0.08529506948263105
-0.02129865265208839	0.04399017538578223	-0.08384283451554177
-0.017005036326585298	0.04685558460291157	-0.055591058826813214
-0.016756333536144825	0.05067056799988097	-0.04321032474455287
-0.014972765019800743	0.046928768485321355	-0.042486630204962655
-0.02134901441519694	0.03458876586402951	-0.0749073802601671
-0.02292250676152709	0.02077790065486341	-0.06213806140868007
-0.02855587109639352	0.020054947734794767	-0.057510730403240506
-0.020399329884742932	0.02589533005613772	-0.043123705583036125
-0.01721466471944835	0.03506942504354433	-0.04567622052721529
-0.01687734403430752	0.040442477524314645	-0.03760356351537707
-0.017664180296510366	0.0477466671380833	-0.033447551387344954
-0.016541491347072425	0.04653679958532325	-0.025703593009677485
-0.015484014327537458	0.046311698754022815	-0.023033694490555923
-0.020026394114421347	0.04397345251615653	-0.036681613775057124
-0.021533065818990806	0.042966344043092235	-0.05342075856727717
-0.018649646529186582	0.04284051394973519	-0.05232022773993081
-0.018352573816748895	0.04522019051528836	-0.0511897161280942
-0.018431728335854356	0.049403418411267004	-0.05766643012198267
-0.02003014322782218	0.052993005981199943	-0.05781406706118038
-0.01919599598864181	0.054092171603565074	-0.04968238348312643
-0.023067202350057985	0.053487563373521375	-0.05666301571408111
-0.023035129767377826	0.046063734044522846	-0.06962138825150152
-0.020469243196681898	0.036619260780613436	-0.06245857626270298
-0.02257336289201373	0.030844157627301222	-0.06330005775784453
-0.022273667824596693	0.01811025430179223	-0.05519629789570836
-0.018388920330715722	0.0031123734803236804	-0.06103728068161699
-0.0065534113715389345	-0.00740004715839816	-0.047004029550149554
-0.002237135701265746	-0.008810677885845542	-0.0385986316958709
-0.0016113880032324064	-0.007855997474960944	-0.03844197438647144
-0.0005521910949762516	-0.00880300193045876	-0.034080987214703214
0.0010266144860142713	-0.007975336312299837	-0.03376715938429839
0.002297299937636045	-0.009860154325498444	-0.03387928714747753
0.0029890031660602333	-0.009063336416988485	-0.031419962428424784
0.004741476712843262	-0.010540278222765159	-0.02542751245847902
0.010174309707142183	-0.013173563850721673	-0.02744274695839185
0.01501465919633406	-0.013522783314250617	-0.020656903132515683
0.018557294515227557	-0.009918839831798412	-0.01565024960609334
0.020166082235452982	-0.006219669205778756	-0.014440326391331457
0.020739086501223577	-0.0032061456809499953	-0.015935459862169314
0.02091519836171427	-0.0032974159926303717	-0.013753983107220303
nan	nan	nan
nan	nan	nan
nan	nan	nan
nan	nan	nan
nan	nan	nan
0.017132166928470003	-0.0013882210434986238	-0.013747659297024182
0.008420272801232413	0.007312730003451254	-0.018092942179832483
-0.004334345684174421	0.03389085888383923	-0.02530897472809069
-0.01352570993930672	0.05195756951242816	-0.04214471183855383
-0.01790819898616906	0.05749649860064554	-0.05674467623966145
-0.014059059561545344	0.047109126489372	-0.0507839987503073
-0.00818602882635642	0.03706846955993048	-0.04213596104743568