# EV_1 (107.0807)	EV_2 (48.1778)	EV_3 (26.4177)
nan	nan	nan
nan	nan	nan
0.01815277639336138	0.02876777109765189	-0.028880718829140315
0.01588588656141887	0.0228793023667931	-0.02346474074308931
nan	nan	nan
nan	nan	nan
0.010069322792413446	0.018485886659376047	-0.019259889379792394
nan	nan	nan
0.010063982574887328	0.017342515758695266	-0.01738687341520636
0.012815369066445263	0.019524054620759557	-0.01876029588554047
nan	nan	nan
nan	nan	nan
0.01495524926839154	0.01761471395072336	-0.01691751455489126
0.014933806373262526	0.01751042046753846	-0.01650447630530725
0.013922894992381883	0.01750508778856432	-0.01603075340941139
0.012873355621605784	0.01840270107784274	-0.016640892846917006
0.014078349498883298	0.018338247853122023	-0.01665721763291345
0.01505419736044575	0.017829548106509743	-0.01801462163998646
0.01626568370465779	0.016973186838504448	-0.01675962971158712
0.013445888830078686	0.013063123547352081	-0.011659099354946481
0.014239545155381103	0.013590973765873197	-0.010915146728318026
0.01643649055997996	0.014073665328777286	-0.012059542751619589
0.017867451898286486	0.01681388317451255	-0.014885595424850216
0.01750163315958096	0.01711523741986549	-0.01631313930142051
nan	nan	nan
0.016804145259516044	0.015311331154384647	-0.015000842814727144
0.019115943302152678	0.014313810216232098	-0.016002548297617648
0.01853708619996716	0.012387644267436495	-0.013154205067212717
0.0178016535054156	0.015702101416948784	-0.015650639794559988
0.017480233727978158	0.017996735866031652	-0.017568045402585605
0.01747934514953748	0.02181515298910542	-0.02076878410687712
0.017635317378329938	0.020245362468674356	-0.017277408264492023
0.0161375572494759	0.016807098737121617	-0.015362213095295917
0.01338754493414972	0.012912489376828288	-0.014722204742980095
0.009657697218827789	0.01099570952133027	-0.011910663404400695
0.009974499304625573	0.010149197196934178	-0.009784859310810277
0.01454177490414134	0.00811392050887517	-0.00725320532370868
0.022549737518971293	0.009071777112525155	-0.008439529570777912
0.02367885950932562	0.006693215272797126	-0.007380676750299051
0.02084760967280705	0.0020709107529356847	-0.0059244925113109415
0.01720570788069551	-0.004487253571515942	0.0004074229923029006
0.01258842912398186	-0.011909066804215766	0.006160333619524017
0.004207857239921048	-0.024463134843707164	0.017022717782570296
0.0012246301973905468	-0.031125802036406004	0.022554097870325234
0.00090069953849709	-0.03324906672363187	0.026545362587904665
0.0026162194911423537	-0.03432841677353911	0.027873090713140536
0.00030373407406963454	-0.036452377822616795	0.028991205197038707
-0.003705364885021137	-0.03870246691973368	0.024988154754139385
-0.005501396794472181	-0.0426715245907641	0.026989025840449134
-0.004754841007596887	-0.041885447564779375	0.0281070929434274
5.2785047009697205e-05	-0.040113108033958456	0.02856762782727324
0.007914831023115541	-0.027962726708917866	0.022772094353131357
0.01640989483177158	-0.0178900572535131	0.012608187484594312
0.024225715311490363	-0.010287710192268033	0.008974013240418738
0.02560906381587566	-0.007941523221394806	0.005579984950863863
0.021516844951541894	-0.010929285565158417	0.006729742892605167
0.0161668135202504	-0.016243102390210307	0.01155667907493241
0.008419650315364428	-0.02397009789764627	0.018014650942716235
0.0035481285274217393	-0.028720514159588043	0.02509710137654751
0.0004613570819779982	-0.03081274569252166	0.031049236915869187
-0.0015224044806193674	-0.03034529458465034	0.027661423541310744
0.0008708707585628866	-0.027448698240285688	0.02607475614817605
0.009127211457933425	-0.017952655563655218	0.021470352579193025
0.014282361465024717	-0.009169813867209275	0.01205405076452811
0.017734461099213644	-0.00539505053486677	0.007751699332169289
0.020841494790437464	-0.003036567707521741	0.004407367646162341
0.018918308303463655	-0.009308851128821299	0.01328014527587363
0.00924120540873717	-0.02461251927068248	0.02439949345257478
0.00577437074963247	-0.03176524145731473	0.03230813685601774
0.0036938975878728856	-0.03566617674477782	0.03544946518663616
0.0008799620907406552	-0.03132253642817805	0.03195230255852575
-0.002174238179739396	-0.033309409605508676	0.03225813241896846
-0.002747453735607274	-0.031522781446561184	0.031119548052022626
-0.0013145933663171044	-0.03311985300278407	0.03191850128757081
0.0016507509595497236	-0.03002864142974045	0.03034324244915995
0.005440184060898667	-0.027113729999875838	0.027435891838668094
0.004815008676609112	-0.028502103345718656	0.030330584848394813
-0.001092445116747555	-0.032215200584266884	0.031143529138832636
-0.0027051890682109093	-0.03332766034491277	0.03423071997421716
0.0019152644191410377	-0.02746410776003366	0.03514544703861937
0.006930878217901237	-0.022364914428770463	0.027441008259320658
0.01121012682003842	-0.018372866020367702	0.02276652473024222
0.01137515694279111	-0.014102082300539187	0.016216756503389294
0.01233622759542055	-0.015667267607163853	0.016296748442643356
0.01189167741144524	-0.019399814143904317	0.017457294492017054
0.014986409185483617	-0.020821913977571552	0.018902854679370095
0.020948637057255925	-0.006726368825143748	0.014416402643512178
0.025045418841914927	0.0040761598325945	0.0033203056877575583
0.025717123088375506	0.007624325354102029	-0.0016022184383451335
0.02579317338352533	0.007919328038313887	-0.002125232445601269
0.02538592479160089	0.010838927627885391	-0.006126743222105786
0.02499144226690453	0.014468754826848805	-0.012533809655440868
0.02454192059580085	0.016720985118097	-0.014985239796416229
0.023132274649924876	0.01919804300593073	-0.016561992425679985
0.0221078023138437	0.018314212487884233	-0.014897433664935737
0.022456933767127745	0.021105536908851304	-0.0160907503064686
0.022745500638949583	0.01786277439214188	-0.01511512796609379
0.023454695150977384	0.016975720500236383	-0.013683362847090909
0.022568016435463058	0.01375588719787744	-0.012766651716318456
0.02263341364421379	0.011463433450609888	-0.011892913912601014
0.02244955693718179	0.009402017195210922	-0.01203976112020504
0.02277912118025814	0.009214252940127364	-0.012771727037695128
0.02439749689590386	0.012558819358661375	-0.014833316613008945
0.02609312004966393	0.0191432399894851	-0.01804580847260825
0.02752521931962426	0.02211733454289157	-0.021172991019228704
0.025661921495841233	0.02097548283678248	-0.019995229308266457
0.024803180509216285	0.022498885612019716	-0.02019100418219892
0.024117446419109793	0.021355562441732312	-0.017397727724014274
0.02517948899829373	0.021736292775780014	-0.016672329475652756
0.02277115472387846	0.014118167160233393	-0.008574088767698974
0.018209716216165007	0.007251723707498797	-0.007188753451507848
0.01591461098394393	0.0027911664484863256	-0.0026590055439925445
0.017712471829501825	0.0006875614283688531	-0.00428400450153836
0.018717632969531155	-0.0007713208663146644	-0.003844789286849566
0.020115197860868912	8.567810866786086e-05	-0.006522851079665593
0.02174089709633615	0.0026485805575324536	-0.006941005359314054
0.022092360113991197	0.002440782812770046	-0.006308663344950685
0.022670312924443662	0.006053982137258336	-0.005778569011083062
0.024625736133771847	0.009721573904358577	-0.007606878715639715
0.023049665178938833	0.012976932181353483	-0.008998344565415647
0.023523332194094353	0.014559944252247358	-0.01458652017793274
0.020509946294387755	0.015607035258287175	-0.015256358248130108
0.02154971914594261	0.014752527081000057	-0.011257494010486833
0.022119588969238217	0.012507709109950584	-0.007787382434429682
0.021661071192007685	0.00929147748951186	-0.004341663504565697
0.021804476098558945	0.00922349777118026	-0.006675631698568062
0.022289249954339486	0.010738588357243235	-0.009807987590238005
0.02687216817547948	0.014130206217422591	-0.012151614962370168
0.026607635422929064	0.012353438530830483	-0.009503000499666712
0.02080250208156999	0.006974702120555841	-0.0063548034056795585
0.019763139205518348	0.003986950473778485	-0.003175298484619671
0.022139499167088524	0.007745524396108036	-0.005055032101694085
0.023742337200726053	0.007246008714055482	-0.0015962433540420463
0.023180745813626398	0.003140273913817853	0.004894253660934673
0.01940982923554539	-0.005527778013072653	0.012452704837065204
0.013418646938715036	-0.010090667509873603	0.010317884065024069
0.012392963859812672	-0.009900318799002132	0.010982882210404703
0.01518800783749543	-0.005027556793342003	0.00856987722803294
0.017563698597239014	-0.0022719356288632884	0.007941678773480586
0.019007924328886414	-0.002801275856106434	0.008523472491717345
0.01829500236418802	-0.006353960700591278	0.012049242480403309
0.01687909317173972	-0.008272382755072307	0.014740014059713799
0.01765462841839344	-0.005872617886601768	0.013066852929395339
0.020503964806535598	-0.0021761231365214793	0.01205850029513053
0.021262489627219817	-0.0008811070384719043	0.010005016715814006
0.016885802538110433	-0.007295006548064124	0.01397790769497453
0.01140007873910232	-0.019387294811087995	0.0196732329735006
0.0074822125839234055	-0.024778759919327823	0.02501660115515339
0.005758903358439149	-0.024999049713141208	0.02853409880850568
0.004851571391399334	-0.023806252882724883	0.02824497826206355
0.006925310541923332	-0.022247446461929776	0.028222410951611925
0.00680174719115972	-0.02356484205688077	0.02832071695375247
0.00410858184793695	-0.025488016673944763	0.03613248376510557
-0.004637316834441495	-0.030560983090702664	0.041854952356765986
-0.007297068655024451	-0.03294426063998059	0.04465721761470524
-0.004927403437590697	-0.033519185045784494	0.04454836768226227
-0.0017992991832276968	-0.03319893842587635	0.039013756388779464
-0.0012143566012984804	-0.03077237578899005	0.032422588528503646
-0.00033827763552664926	-0.028147712076595853	0.029278217818978
-1.2111004775198462e-05	-0.02923629567268147	0.03474691019086069
0.0009373759790980301	-0.03241128153271796	0.039877828580546976
-0.0015970914542817586	-0.03697869859526412	0.04067006051650961
-0.002116181749927512	-0.037934025028153774	0.043125144959872186
-0.002997828821534197	-0.041250624574285404	0.04535446165526402
-0.003252398821300427	-0.040283886288159335	0.045701197912253036
-0.0008543986593404397	-0.037938376206618135	0.04134363328674788
0.005352605873527657	-0.030704360865267986	0.03976980466051612
0.013571626642571116	-0.020603551156405678	0.03395775106002188
0.018947338002626074	-0.008933795717665696	0.02165996222523832
0.020091173176907395	-0.0018586686897671782	0.01318877287746758
0.023643023442563315	0.0020673019798057744	0.007833095891016922
0.02301188423484883	0.0035888220132537416	0.005457948819206495
0.025677476230358688	0.006667263632461584	0.0043221315026309715
0.022124779112949442	0.0040383218595632505	0.005164726052582769
0.0206284876783156	0.003394590101129842	0.006187678965037316
0.02004870596352893	0.0011203265012434756	0.009981809919561586
0.01906735941141356	3.373579736853046e-05	0.01009208439689541
0.019496081916932563	-0.002002267678602679	0.009486262720047253
0.018172420569141822	-0.0026288161281598	0.010423010594411797
0.017292361156942132	-0.0036809250497958426	0.013496867156745841
0.016034021821653213	-0.005330947305227829	0.02164905494830678
0.013003200487850955	-0.0066985314907754495	0.02053597918420547
0.014854353441589927	-0.0029182160843468337	0.018529560840553617
0.01431291677650511	-0.00041536503692312483	0.005478515024494044
0.01793012031812378	0.0031726078543921686	0.006947172606870451
0.01824502076918049	8.645341099797698e-05	0.009673739896703398
0.018215235472899452	-0.0016389677891900027	0.013932390592171972
0.014076721587660991	-0.008140673494389378	0.021718072765144893
0.0014785310834732049	-0.020969647275689857	0.034747314677097664
-0.0027117034716704173	-0.030333474442683656	0.04132854258154317
-0.0007485780481738416	-0.029776881449682012	0.03933193544158209
0.007222173319762287	-0.02378968400718437	0.034326452238748084
0.007978006265532949	-0.022207351635439205	0.030945376212520213
0.005361388327229615	-0.023234970589689635	0.030743618430641807
0.0020139399037161785	-0.024510434690486853	0.02942889666499947
0.005053896706774207	-0.020642053759200404	0.027084316224561082
0.013338300938603123	-0.01316148486888969	0.027021125704177175
0.0140956027850794	-0.014453629088932192	0.027185897559868798
0.009703409453327705	-0.01689940933609736	0.024937784682890828
0.006191155442459007	-0.022605151006372465	0.03274031960226163
0.0037330021533632496	-0.023486191284502692	0.03966293290931535
-0.00013167400473506382	-0.026561109349328087	0.04877078908386728
-0.0004828951551868808	-0.027655146533482233	0.0487817598995274
0.0042140335306443755	-0.026772568267600532	0.04256332672256045
0.006139854307222044	-0.01864391377971707	0.04108373838108842
0.00030141819915863676	-0.011967426313024552	0.044861027166557765
-0.0187256080921182	-0.003411026824543333	0.04830031838805975
-0.038986616789264114	0.010677343578021475	0.03530276140690995
-0.04795992123854722	0.01729683604996658	0.021427918707352535
-0.052386528538610595	0.021243209917174915	0.021472550474004794
-0.05412562185891481	0.023876300120431647	0.025751452770063306
-0.05272542739283177	0.022185657457066566	0.024797953490447958
-0.04948423956274268	0.018341747351680215	0.019846726191748064
-0.0492774381555941	0.020237174281083913	0.01928853068864604
-0.049754075114437774	0.022245119906882528	0.022574672903574608
-0.05265780155584135	0.02583168964798504	0.02422619343129591
-0.05303785420546091	0.024583462789667408	0.026007129985749257
-0.052986735915797424	0.023206033046395673	0.02333131083026113
-0.05189800019717875	0.02114270933023695	0.02187430062027096
-0.049886907524181574	0.021546396408130466	0.02093740120505886
-0.04929284138441672	0.019240985658960288	0.022600035704329745
-0.04272101707054746	0.013517330646971895	0.0316686265172311
-0.035118263631097456	0.0042081201607500765	0.042390550410976995
-0.03264423045865204	-0.0011489232795626131	0.05000455080018417
-0.03128516371783476	-0.0047703470981991045	0.04888674014418516
-0.025985694200389056	-0.012955176523857052	0.04529310194438825
-0.017653543690828423	-0.020619191143218658	0.04556592147793241
-0.01488179631954424	-0.016249432598131802	0.054688482326720377
-0.020956835952422207	-0.0020554796601576176	0.0567228456975388
-0.0453413481373811	0.02419716855122395	0.03885211964702028
-0.05099293881177074	0.029739619627069128	0.030237236177609254
-0.05209247746771031	0.029105015115236978	0.028219805223000022
-0.05158790539185522	0.027695804904113067	0.026521612215138365
-0.051562884746683316	0.026385467770413056	0.027942831645590784
-0.05135429794967783	0.025639589926631342	0.028464542643758847
-0.05121356809064421	0.02707409089238578	0.028081395959711916
-0.0511888587918351	0.02686960453414541	0.027108474562595138
-0.04767509890331777	0.02650652577738731	0.026925478982662586
-0.04924984285580921	0.024664699328914706	0.020763758079149423
-0.05041058665927246	0.02495066782000847	0.019517485433387452
-0.05087911460370207	0.02533924978165768	0.023478398950792782
-0.04818145997032468	0.025241133979886803	0.029587253764190198
-0.048062584077569616	0.026934873253813586	0.029322728491584606
-0.05007122888487792	0.025575207940769083	0.022528910671599213
-0.051458232556220874	0.0291639638447282	0.026248001546438617
-0.04975117584875998	0.028356628051703976	0.029463845813742805
-0.052015725334939485	0.030482226196089816	0.03325638823342418
-0.05137594556471837	0.027635174668709423	0.0299823822656637
-0.05087369957065215	0.026055432340183274	0.02677740169631023
-0.04793148183680035	0.025005169257844635	0.026286307993148336
-0.04785976860312558	0.026419869839449935	0.02713697152085029
-0.04759091216655603	0.027259221147452547	0.030942058556079725
-0.04817580747288639	0.0260463540080009	0.03160135133423868
-0.049679267661521496	0.024171271959236795	0.02829674008991403
-0.052829428578745175	0.023835440971890214	0.02645623651375774
-0.05339620673836077	0.0269316252763699	0.027906829195207247
-0.05252186543276651	0.02728822564904107	0.027129275643611075
-0.051209378791003526	0.026990351391859495	0.027799463225111808
-0.0531594378865587	0.026548470898780607	0.026614386103967942
-0.05510707329734568	0.02750436312206727	0.030104526476234572
-0.053164363781713436	0.025752995040959396	0.03083396017168115
-0.0521597554769816	0.027933699227234488	0.03673625741589832
-0.05173443799257208	0.027019002195483886	0.03553443663631451
-0.053781102302010886	0.026394197246823396	0.034070363491330545
-0.050578501354314395	0.021730411635366702	0.030743230380338264
-0.047756681803344386	0.020535064546998407	0.03184887804069359
-0.048674895150278695	0.02221712181721163	0.032421110029228366
-0.05251120822236656	0.022104966346154845	0.03111140669381627
-0.05470730059059532	0.022144754947583625	0.030204446814474983
-0.050961563291949785	0.018230498193208693	0.02804050531263648
-0.045831864193075285	0.013667039855374222	0.030000311804567116
-0.03692762923164224	0.0055597825676495065	0.041377696608427404
-0.011358975647276448	-0.015589896883147878	0.057964588058523205
0.0002084268031224443	-0.023638691792226423	0.056361803799885576
0.002702022565338484	-0.02302527954029663	0.05787814486346154
0.0032798071202883618	-0.01858041560411619	0.05354384393713265
0.005792450894222381	-0.013794825466070056	0.04637145398847604
0.014445249028033366	-0.009124119941235012	0.029223781626441965
0.02090856226097847	-0.003863293468943055	0.020994565253547565
0.02351091303285828	-0.0027534938148390115	0.020627463046795625
0.024152035228008788	-0.002730860149496833	0.017618892661421567
0.02120475344258416	-0.0048284450788687	0.01789415368375736
0.017272193898064118	-0.008831328520374096	0.021322028773729504
0.011776838156044954	-0.010636218868682525	0.022604926060543505
0.008336422054892899	-0.013482468640210285	0.02924027331785599
0.007537955533644513	-0.01488713013900371	0.03125540946492049
0.007916463464128026	-0.01780893391429582	0.0410601479083638
0.007014739853482252	-0.02032137199164058	0.042741977186330035
0.004877310466391512	-0.022151867190167897	0.0485738592361268
0.0013866763240145072	-0.024221167615762932	0.04584457940055572
-0.000565168921031388	-0.022823147237735153	0.04698216916644122
-0.0022458786359633464	-0.023454482064443474	0.05058828762040043
-0.000328991109671729	-0.021977207882203656	0.05269759499809177
-0.004880019532948055	-0.02232501254945259	0.05594241165889222
-0.02350085273789972	-0.013480345450186651	0.050043077051008106
-0.0419048065410078	-0.002496793863369827	0.04269775871174957
-0.0466280378405009	0.00533789318640226	0.03624105169287476
-0.04523611875298198	0.009069651984388548	0.027704069696560557
-0.04675052494149041	0.008779693221062302	0.02445041302808447
-0.04854620971033134	0.007392632287857958	0.020053374536322027
-0.045900097627728224	0.002899904534627738	0.02370758182195129
-0.029028768888567327	-0.008784250292980014	0.03152484024353381
-0.01749501601974891	-0.019092981669549616	0.044070761841025013
-0.008718756541787656	-0.02815498077422142	0.05692778219095878
-0.006975498106324302	-0.03328259217726933	0.06247065720580261
-0.008633040295869582	-0.03620013595895453	0.059016272885130436
-0.01212473067431253	-0.03390333143502551	0.05243676329168809
-0.015770791039501766	-0.03467129572629927	0.04667762125321694
-0.016256920121784313	-0.03156018975842843	0.04402442569961168
-0.012736492178807112	-0.033779934457222036	0.05183850731545461
-0.008477875992535045	-0.03392219473742865	0.05495457706942513
-0.005945068497757759	-0.03639706397431245	0.05407989414140836
-0.002525664640987411	-0.03488506927080711	0.04889424762892723
0.0031140204403264336	-0.031007056254499857	0.0421894381396533
0.009932851696941096	-0.029939382203411795	0.03849761586778817
0.012826966081462774	-0.031087050663485716	0.03783152973764666
0.012815378879132009	-0.035207192055271085	0.044394916620096404
0.01206322353237291	-0.031171936184479526	0.0422507006364783
0.010089139588568044	-0.026992665241400926	0.03704955732198106
0.00957796619404494	-0.020835486323582814	0.029858585598221788
0.010274072772686545	-0.021106925007210817	0.032179231939825526
0.010361800128816268	-0.019904429037871835	0.0351475298982202
0.010520232543180193	-0.019156789021641432	0.03897907224941562
0.010644971618316424	-0.016552168281879276	0.03540447856979492
0.013266947759955003	-0.015769813373915538	0.02799958457552243
0.01698034072640041	-0.013564163282226418	0.026168343527547384
0.01805175910775886	-0.009959856350277158	0.025390064335428453
0.01941768800231162	-0.0036413946870338942	0.019842732149022376
0.02055750917597849	0.0014229686201880796	0.011792555721638896
0.02518964282608371	0.005508140740735123	0.0058601774948271596
0.027809321817071738	0.006660503312184284	0.0033601168921760585
0.026986185556231848	0.008872654230519705	0.0011833206864515916
0.02409603465392325	0.006500055189648832	0.004009305591015255
0.022821499879471276	0.006947881679765307	0.0040614564516560266
0.022342669980655462	0.00515688667796366	0.009079626562175518
0.024197070958166284	0.006857485802825446	0.006196514630125261
0.025283496178437708	0.011379449710060118	0.0016640111472113958
0.02506101336892182	0.01610092890320514	-6.157781488590197e-05
0.02516326634155493	0.016807359877097416	-0.0016344617292759975
0.024090619636212608	0.01697882201318492	-0.0019511708798763856
0.02333754607199976	0.016864595163454503	-0.005207395155667979
0.022411686685918874	0.019183006682479613	-0.00776967779464716
0.023840861068193022	0.01913942498160852	-0.007064575611243313
0.02485892696733465	0.017621489796345167	-0.007295829028377027
0.025972470758042623	0.015732199016650614	-0.0023219843600851865
0.02494052724925981	0.016395719710550788	-0.0027491207109323693
0.02428489929138336	0.016065625335258776	-0.0047511999124818655
0.02421088465187815	0.017831088535103366	-0.006091732029800966
0.01999218395899354	0.012598011037511821	-0.0025039267755870703
0.022898976169052336	0.009821493642795944	0.0054016895086904
0.02380289769368884	0.003522899188144137	0.007040878291370321
0.026654344884935167	0.002895360718652979	0.008740132629310778
0.024125243288664187	0.0026500746940594684	0.01232779719165712
0.019424558033318152	0.0015679099936728716	0.0196715484893715
0.013985804877814053	-0.005299837265983888	0.03085698348720778
0.01253566354322774	-0.009978913348524913	0.03781032088662692
0.012326638468129548	-0.012120341273091592	0.03637148002712357
0.013475365463073544	-0.009045196479976836	0.03661325932552946
0.014492312501101258	-0.007030516839364159	0.03197455850194903
0.015734483725187424	-0.00580602837053899	0.02912498661251034
0.01456817403910334	-0.008308932007941043	0.02208129029944887
0.012639275713959827	-0.009046579544410424	0.022287530674211353
0.009546922867156905	-0.013429649345181562	0.025674116239641456
0.008995812649649883	-0.01368849215907419	0.035571967576407446
0.0038234541577581316	-0.017229228521904897	0.04215950585570124
-0.005658638926068972	-0.015179186130060772	0.0558425038348588
-0.016493372536844034	-0.015211785191193122	0.05950174376697901
-0.031240127229384032	-0.005299533958199243	0.060872108898436396
-0.04578566911426832	0.013176923871020941	0.03968006430216541
-0.05085140872661169	0.020664486607141975	0.029838710179526336
-0.05136022335670566	0.02530358906419748	0.0294431283919113
-0.05641754382377888	0.025394905740161525	0.02965029601463029
-0.058594605890752105	0.02721825543190403	0.028708265828777668
-0.05580097155796582	0.023974624421292272	0.0260143407742403
-0.05154085462137188	0.026500480836915457	0.031695039646209115
-0.050444968784674124	0.02564770176002289	0.03394725961863736
-0.05353167605221332	0.025548924613768557	0.03460164811462622
-0.05590311124249087	0.025958539001665414	0.03190630091423306
-0.057041053989010534	0.02962408525512689	0.03731215896626546
-0.05623006410122044	0.029318563772450047	0.03735321785999335
-0.05481851444668998	0.028327207313766	0.03506692112273132
-0.050839408258449834	0.02251379538232176	0.02719091207083006
-0.0513880538826294	0.021958796393880074	0.022666201780828905
-0.05185761598175178	0.02168761722167303	0.026114337522117677
-0.05424710513949495	0.022856136442301448	0.026243418258603782
-0.054459046742641834	0.025539395101192623	0.03240561408412508
-0.05348828911866227	0.02894207401893283	0.03283218547449594
-0.053405708690377425	0.031098239542585726	0.032858829373698224
-0.053243398146471645	0.030879897310608747	0.03286264252076988
-0.051341982693782214	0.027168678169777673	0.03405599963680781
-0.05311314158074837	0.02667606332806851	0.03557142887503198
-0.052816861771949046	0.02941497234405289	0.03900980629526271
-0.05449377036498067	0.027270421840148405	0.032279455236397823
-0.05257304233549194	0.026011062709724808	0.03339297522863527
-0.05002393165758929	0.024801849421698212	0.03078981599592038
-0.05155414861489546	0.028766460485595148	0.03376292849335764
-0.05315716537895207	0.029674117692428146	0.03259564373696808
-0.053969235952309215	0.027661768727608813	0.029404637335682604
-0.05175233418831196	0.024893030003137587	0.028428496040369254
-0.05189175405935903	0.02584826347571605	0.032841387526805196
-0.05519917537966811	0.02937162259942603	0.04115942565400545
-0.05876638250212053	0.031087510174140402	0.04170138120512194
-0.05902612362651729	0.03239585978312184	0.041549577309856325
-0.05836785066604587	0.031257566069328245	0.036950893413655546
-0.055182005424196004	0.030916176560689075	0.03937373626409556
-0.05473887871489998	0.02439930808476798	0.029849310570765918
-0.054545253798910974	0.024172936742492206	0.029275666530401936
-0.055791347137596974	0.02448108930326769	0.029402505197285503
-0.053243034169499305	0.02777225342614438	0.03753603828693994
-0.05035466825951581	0.026518794957637093	0.03732417460575046
-0.04912723898049081	0.026754858617176906	0.03634243333461841
-0.05135960964537873	0.026655557186495534	0.03277199952642543
-0.054044145345501816	0.0275381476190642	0.03466529057249529
-0.05367676658202568	0.0266784671757262	0.034548932756118964
-0.053855260355043184	0.029891691257949847	0.03986410519131298
-0.05553946427100714	0.030545632537501036	0.04036184403431789
-0.05805131651935275	0.028417620240696256	0.03642295744322643
-0.05686652980342813	0.023945971981173413	0.029450909308103575
-0.0546238450456039	0.025144134814828828	0.030918604025897974
-0.054018919614453896	0.024070410844832118	0.030865440427554125
-0.05386330993436341	0.024209303296108178	0.030872983400811356
-0.05405639479113367	0.022344706200140778	0.03070315242421119
-0.05417354626371448	0.025493211899604094	0.033488006176932573
-0.05377454372978228	0.023235715870111584	0.031069858039886787
-0.05495273083288792	0.02395897834351416	0.03334080560836918
-0.05388088201753783	0.01932346401015433	0.024653409454743917
-0.05625997400952715	0.020889519528683405	0.022774592554956778
-0.0557420022621694	0.019602318966995685	0.022758961060536223
-0.0539246483491171	0.021649013285501013	0.030741864338960298
-0.05253320708812173	0.023024386009035183	0.03991202846962078
-0.05117451304557982	0.022393595026467723	0.03554282656723561
-0.052192870521881575	0.025107229892638284	0.04130121107757213
-0.04525473451325285	0.01981760892833019	0.040721507649141044
-0.006071087260135174	0.0006197102660522963	0.057815994805585406
-0.0033939183473053196	-0.008896629043732465	0.0631306237495266
-2.7925975295266627e-05	-0.01634350590028121	0.06368653254779345
0.0031720393804514483	-0.0162200567926524	0.05564763886615551
0.008411435154898832	-0.009456965204443139	0.04960180618765021
0.011342669033732012	-0.0064031216697059655	0.046383397435634036
0.014765698333403457	-0.004878131430816965	0.04145334544107692
0.01839212013539227	-0.005316337370186535	0.04074955096691869
0.02043006102228478	-0.005616129783121439	0.03674347318400642
0.02052009002578359	-0.006294975298273217	0.03373446204086304
0.019256873459641537	-0.007240033379641907	0.029543315572648353
0.01830356311030613	-0.0036683111633366836	0.02345367447697231
0.017873181699243595	-0.002405745506494116	0.0196763816428001
0.020220174532308514	0.0021945818227286844	0.014186005447908347
0.02320079918091622	0.0037144494789346687	0.012871461394346174
0.0231555777915532	0.005270939330405484	0.011887798838663992
0.020829860142181796	0.00533722041199485	0.012209341870513481
0.01872124517886231	0.004147562437883036	0.011931124004159282
0.022118604583492005	0.0048578070284399635	0.011814239020592466
0.02256960883020167	0.0035767534032839898	0.01596486265709269
0.021759284381343308	0.0011446116501794004	0.01928150986769854
0.01856661575095377	-0.00415836675550328	0.020145579710568386
0.016760443157181195	-0.0070522474523332275	0.018510170556770834
0.01752809512491893	-0.006637518235011057	0.018202109150886506
0.018792543542939966	-0.0015198747157256075	0.014127761645963726
0.02088339281960859	0.006067339188682671	0.007615959646923274
0.024521062783384413	0.009562092706487894	0.005274061009894897
0.02688650584559943	0.009120665798613137	0.007698706999763334
0.029529625894922727	0.00856105337213269	0.008636893800014887
0.02742681865466528	0.013338067969522055	0.000952656609440921
0.02570543171479701	0.01824445915916628	-0.006643745182003481
0.02643539925383927	0.023892939687505506	-0.010112003434733275
0.025789673420156145	0.02237150332250928	-0.008961228465981953
0.022051694868957184	0.02062176846215237	-0.009794810634476792
0.021657543637595845	0.01901524873967333	-0.009193398941370105
0.023195947025504884	0.015665260905183113	-0.005937882773459979
0.027105127047403026	0.013242840632691101	-0.004978628550980909
0.023274466275776014	0.00942512073738087	-0.002944706071998718
0.01903415090142138	0.010696786860044324	-0.007657264969282419
0.016022725229926187	0.013477483021708333	-0.008608499155064564
0.013986134779172363	0.012194645609934593	-0.008516660858187865
0.018722091876580183	0.013746938752657112	-0.005680650970833541
0.0179623361309132	0.010331244134426414	0.0037115026473723573
0.019706190861382658	0.009693905219071553	0.005315425427005712
0.018963323210557374	0.00700712720588978	0.010909685054353451
0.017531147720202197	0.004683802082989616	0.0144843581315077
0.01761444137371837	0.0030964974437695998	0.022900693837590615
0.011209527173730909	-0.002446240304346229	0.03225093152288872
-0.003456833509655176	-0.003970002436031567	0.043445876092249085
-0.03200330753042852	0.005007613020676206	0.045389444388779475
-0.048508893391809964	0.015315623893719859	0.03608623850755535
-0.05619984413218887	0.021853516835563247	0.031399159790556685
-0.05951355424171788	0.02337602538461001	0.030404745836154407
-0.06433850195681044	0.02691822293412393	0.032491661144954234
-0.06193168397276312	0.02614311556833378	0.03350783349099623
-0.05294789473874667	0.022408361858684674	0.030092590749246362
-0.033829639508211586	0.010602112931121245	0.013011093659511877
-0.032317198207236636	0.009275889676104005	0.016534926896242606
-0.03380074010744796	0.01086736904145009	0.022442699094387043
-0.039380596736669694	0.013301035816091714	0.02556954130487455
-0.038854413161183876	0.013466490297921588	0.025286294032463706
-0.04205873926172762	0.016987198728071626	0.031187509652381068
-0.04058281908328974	0.019131893908387404	0.03283392775955458
-0.03581636546617251	0.017785798709935713	0.03405723084466745
-0.03762105539723915	0.017142455870371904	0.02989263694676323
-0.04800886253678761	0.024203212511025883	0.034863382078238775
-0.05272992929851627	0.030332845640576128	0.03544882965905117
-0.0527414689172693	0.03441885451890242	0.03865604145347408
-0.048400148209308394	0.03055545211264398	0.03920611511114459
-0.052297789954621136	0.029354438578078255	0.03775025142297311
-0.05872991366222732	0.027815501547640877	0.030797751476578594
-0.06694449440409678	0.03501096521552962	0.03269050827687291
-0.06930313485457584	0.03881346267160287	0.03717198010391541
-0.06372547806891418	0.036135567045887676	0.03792652111344848
-0.046283563676081795	0.028680651972614515	0.030398868617068614
nan	nan	nan
nan	nan	nan
nan	nan	nan
-0.030443705785009004	0.018272156356077856	0.0046144649193618215
-0.029806644132374625	0.017363482849210944	-0.0003429629909289002
-0.03390325178580333	0.01708237238787222	-0.0014922794745051218
-0.034255082392140826	0.014461274346432488	-0.0022649176213472427
-0.0293042837591038	0.013079523267139848	-0.002572010876798845
nan	nan	nan
nan	nan	nan
nan	nan	nan
nan	nan	nan
nan	nan	nan
nan	nan	nan
nan	nan	nan
nan	nan	nan
nan	nan	nan
nan	nan	nan
nan	nan	nan
nan	nan	nan
nan	nan	nan
nan	nan	nan
nan	nan	nan
nan	nan	nan
nan	nan	nan
nan	nan	nan
nan	nan	nan
nan	nan	nan
nan	nan	nan
nan	nan	nan
nan	nan	nan
nan	nan	nan
nan	nan	nan
nan	nan	nan
nan	nan	nan
nan	nan	nan
nan	nan	nan
nan	nan	nan
nan	nan	nan
-0.029110537612011017	0.015760307964886634	-0.00034848767061726807
-0.0322611840180169	0.018702621783947392	0.0007196658533307268
-0.03822144426347308	0.020412549759982964	0.0019513816448568644
-0.04051397148188778	0.021999140579264286	0.0039033739289038444
-0.0405338505713073	0.01991239053616624	0.0052694337154050655
-0.0426384800869357	0.019661765057774176	0.001981476363091879
-0.04383270362007892	0.01933001652475889	0.0017137686915121297
-0.04620042550767881	0.020270620619767424	0.0006829237782554481
-0.04543208669508787	0.019578315025912098	0.004666404446184935
-0.048779356274297865	0.018912743366674426	0.004915565666067705
-0.05098829210649506	0.02107186244446572	0.008036972026686622
-0.055910684014319846	0.021770138906712453	0.00690152674457746
-0.05712578019951064	0.02393007485438947	0.008605628187732813
-0.059176614967429875	0.0238898195091697	0.010336581848839003
-0.056831152570115964	0.02449616108278208	0.010478441745594994
-0.05668127201031128	0.023627583061469698	0.01197447180447505
-0.05632712737256042	0.02279826355484089	0.009662969138607674
-0.055739363215401634	0.020956420848573302	0.009140907154775384
-0.054422955901433326	0.014602378779693122	0.007187441192765362
-0.052572622117037573	0.008564931955470754	0.010366734291227517
-0.047850069920787934	0.0020934172312294962	0.017094457220842706
-0.03066307347216127	-0.008724737841558703	0.026671482115015573
-0.008758803775530092	-0.014471080599697792	0.03906011873996903
0.004434498476601898	-0.010637627520138714	0.038052854144366224
0.012802542388375072	-0.004074972045801797	0.023588771752930192
0.015433815480085043	-0.002261146754833631	0.015027073930410096
0.01936826701975378	0.0007461171582524642	0.0116302364763652
0.018903080759155783	-0.0034523303953739276	0.011070075632061199
0.016850295922303145	-0.008364922560379642	0.017003920143751152
0.004822229719088426	-0.02338709581093552	0.03233808393057911
-0.0024408678066206676	-0.031428410655425974	0.03381689248276258
-0.007789687748363029	-0.03362464145012492	0.036359315477074036
-0.010510953990774384	-0.03496134066327233	0.041817255345028115
-0.013869639871291044	-0.03722893065841618	0.045836196355520886
-0.010657961267917819	-0.033798002922072926	0.042644793425421545
-0.0014863449030024845	-0.02357057095878274	0.045613007544194346
0.0049372924662854445	-0.02223369018312228	0.03808724998490212
0.003921136732325108	-0.026218754061762526	0.036535909638938824
-0.000507092909686256	-0.029377165755142445	0.038738645394783174
-0.002343814176171869	-0.03291318170495726	0.04135610207946751
0.0009921177227614436	-0.031241686041629912	0.04011088013848613
0.0037880316437141673	-0.028224628028519824	0.03958945632216026
0.0036542951493862665	-0.028432162235969925	0.03925602088478349
-0.001385156283298372	-0.033562450909947625	0.039692610403910374
-0.001430615849888516	-0.03779213835074108	0.04339929866907675
0.00849811303530504	-0.030654735868555518	0.0349606670736094
0.019243569231186412	-0.01596616928780758	0.025625430845909267
0.022536538555533937	-0.009368775523721973	0.01962674881126078
0.02050935564468932	-0.015761570995857826	0.02975068782407652
0.015294978714164041	-0.023200195795119484	0.03647764449713713
0.007022849467312221	-0.03335968273635349	0.03438155681986858
0.005668407214109472	-0.03769522908180453	0.0373977965971305
0.008553098522104364	-0.034730149597753064	0.039162419180383164
0.008760070538987056	-0.033708341822013155	0.03799917883381136
0.006292394085181275	-0.03154321766477065	0.02732775302850064
0.006278077335891729	-0.03470349349965795	0.028516077660315685
0.00886653529886923	-0.031086814452190904	0.02983918938497028
0.014924334775590731	-0.021980145608648378	0.027085527143371722
0.021969971108301168	-0.007393458791409889	0.014255628252426123
0.02243859835760347	0.001672000548685486	0.004183798138291939
0.02252214363483613	0.005814315788953977	0.001806645968545989
0.021813891750121883	0.006146189559529119	0.000623297003392722
0.023268952251956136	0.009652536376226116	-0.0011404712728389256
0.02479619073906751	0.01483939754732109	-0.007018628423301962
0.02330179887064546	0.015505350117709383	-0.009896759260236303
0.021740201690321186	0.015284604241930405	-0.013566619131515627
0.020767100854687102	0.01513636340043625	-0.01372433734494084
0.02035964899363057	0.018521726464896887	-0.017260880495659218
0.02113501769102292	0.018082761399104644	-0.01676062809998125
0.01978401583869383	0.019010970686454298	-0.017280836694550467
0.01984322019476057	0.019014065189382843	-0.017744531451846575
0.02018992518479375	0.01843009845142252	-0.017867961107561975
0.022408321159320007	0.015341949919629961	-0.01678542330345075
0.021266112346304402	0.013063778403861016	-0.0143033096006242
0.022301059914018644	0.013243162119622454	-0.01358722025868385
0.017266966679138084	0.012964252995320034	-0.013421068917424409
0.017573909356999828	0.013745420171845615	-0.018250553378512994
0.014496958886557004	0.012106350900409223	-0.01764535794639126
0.01501190294405394	0.01178218923973656	-0.018254625395895882
0.0160768456780313	0.007326834061482799	-0.013685305942437897
0.015202994930580445	-0.0019178008685013384	-0.0022027797110518617
0.012021883843113987	-0.015813896524112036	0.006332702514972826
0.008800202413259116	-0.02214509236137204	0.012554434951489842
0.009526525956494773	-0.02248581441101398	0.007196618287794451
0.011226788006377391	-0.01967795106443325	0.006676064752586525
0.015930915476823546	-0.01258250983671305	0.004214706397210225
0.021040856108881695	-0.003048119904972777	0.003766837676119142
0.020965490907679	0.004962164521902189	-0.002651123640381954
0.021259992459280935	0.008816241797111742	-0.00568840084946998
0.01680904979612303	0.011637622386930101	-0.009758125691114342
0.01829038331602499	0.011611652799209813	-0.009427718447867883
0.016899622767463082	0.013391952945906217	-0.01109927055535859
0.017852010041411393	0.016043169293811596	-0.01478585205334396
0.015552545562963099	0.018317812995886796	-0.01577209108526498
0.017143638405025818	0.01761995580458974	-0.015256856603520896
0.016420946968096383	0.015202329527448566	-0.01241073785977825
0.016175313138257184	0.013753765957715885	-0.013146989843076447
0.014346896572118671	0.013224886191702806	-0.016662758457591898
0.015626871789428086	0.013682294378912855	-0.01587993925616047
0.016716606516651165	0.014922076009481974	-0.017030090637195797
0.015552876622774695	0.01539049774485453	-0.0159844146168078
0.01740825714200637	0.017315723207534175	-0.01787960216121032
0.01672864919574031	0.01750945762461165	-0.01913969478954823
0.01603815707870059	0.016737937598596833	-0.016149569166481522
0.014767397273070628	0.016947789754255278	-0.017256099727175768
0.010596305222628503	0.01469960946608846	-0.012956888454403997
0.00947163687657675	0.014463824900803108	-0.015985086617562427
0.00923986390716552	0.01395714062883878	-0.014206552927338526
0.010715497500715258	0.0153295304512134	-0.01667681200772239
0.011535180314997503	0.01584599092597652	-0.017455470277732813
0.012710461111353964	0.016412778464759945	-0.019360506410663093
0.018280146889778793	0.018236903065696548	-0.020813692830447525
0.01840873548428864	0.017095954813281806	-0.019461286946773907
0.015679846007119767	0.01848740028877696	-0.021824869787090227
0.014397042069443023	0.014591180449709399	-0.01837756196198763
0.01594751415464037	0.015180734135130249	-0.0197721795239232
0.01661658122593294	0.013502904815984394	-0.018367308629561912
0.017364438106922443	0.016793437660360382	-0.019894812465965795
0.016688558828413677	0.01595687466020322	-0.01879714530385772
0.018719568354015583	0.01735983971827058	-0.019082205638479528
0.01987329542262852	0.0171589928036878	-0.022191882646468743
0.024252524828955898	0.01707364446184514	-0.021404689150997212
0.02120066295914682	0.01577085135410134	-0.01730193142096883
0.01696991870230344	0.014831945931542797	-0.014553111843018357
0.014130341017793816	0.014324182622493268	-0.017370327133117605
nan	nan	nan
0.012821790578112249	0.014540438706385286	-0.0175167087269422
0.012174070641983793	0.011502798519581659	-0.015841529704099674
0.009481622056733483	0.010909476665007254	-0.010380117582970954
0.009672590105653096	0.012487659845256724	-0.01182685618988234
0.014448463068630386	0.01695204881494575	-0.017049725914498652
0.02101697934565356	0.01981324762821249	-0.02217801847535567
0.022739187912563963	0.021079666134236764	-0.02389909268777082
0.020260964715261235	0.018006747673310005	-0.020390212423225397
0.020734166555120306	0.01791448378131311	-0.02054152211085451
0.021961343824209605	0.01854095719330778	-0.02113556907399022
0.024667278795049187	0.01901145856900036	-0.02308441674217348
0.02138293447464176	0.01812662166527923	-0.023536834751609878
0.019402258848502402	0.01592105524779872	-0.020863228974040273
0.017639814287213947	0.0165902001850873	-0.019235322902703966
0.01680118326578095	0.016029687639275546	-0.015940191696717947
0.017469759403566588	0.01750594159602588	-0.017659144682473676
0.018351356469298197	0.01692789970518429	-0.017935824466422005
0.018237572454528353	0.01510102158596617	-0.0171830352130596
0.018849326258376705	0.012720012928671826	-0.016369763765180467
0.01979079879035877	0.012645904321958149	-0.017687952289926666
0.021688053848078023	0.016058819869391238	-0.020765327005110176
0.020232394539518268	0.013633279130184327	-0.016682220859474545
0.017996821437882973	0.013117897148371947	-0.011871513493248987
0.014862702629876831	0.01111826018824689	-0.009599820978001218
0.017294448856113358	0.01635833172042495	-0.01624577688887772
0.013917234257150746	0.01441475283173123	-0.017982837558155502
0.016956091254612393	0.01481117678802983	-0.019165819637625973
0.015215166169669716	0.011777864336054034	-0.015789412600079395
0.01762958428033054	0.015321766044693031	-0.018727769326530974
0.019195670665742733	0.013822393791317795	-0.015797073861654097
0.01888273852080639	0.011546900410488838	-0.011689408900761887
0.019246304358388294	0.008136269400521626	-0.009064584342107385
0.017086222395174978	0.006662498184228876	-0.008992330246787316
0.017734591940090787	0.006282017666277111	-0.010757524237108539
0.017925127953682077	0.005112923298548242	-0.010765549925800342
0.020798386712961355	0.006658551028790864	-0.013082327425980558
0.01995666707784525	0.004777238932652484	-0.00799160039405181
0.020004153756982297	0.0058993183694275985	-0.009208858158725169
0.017201898566843003	0.006471725417541359	-0.008776888986775304
0.01638330429659493	0.00766445024202755	-0.010407302268544662
0.013510489906306735	0.007177848418757841	-0.007944344315654068
0.018031542106342852	0.0044842390557235014	-0.007775298526758102
0.016724323928629083	0.006245558397699862	-0.011367751045853965
0.02440888636114826	0.010978006617670987	-0.017165011062404402
0.020233028254246315	0.01633032028160871	-0.0207179467302082
0.023316739801340542	0.02030871648923943	-0.022827573985601642
0.022554535774208913	0.01799654564912642	-0.020226127873670962
0.02555589981118504	0.01713069144820493	-0.020626324116240425
0.026068852518045447	0.014564660594558151	-0.020582979835069272
0.022547578994986394	0.012547274238613283	-0.01945675053161395
0.016738986261405676	0.010752256491895852	-0.01483816499061753
0.015571077654588499	0.00899684639385083	-0.011646884958713067
0.019833114127879095	0.00876492988127139	-0.013439620042066686
0.026013411796200668	0.006484333185737022	-0.014955687756315242
0.028186085194047954	0.006304180602353761	-0.01612289523625605
0.025876514462597373	0.009594469464457696	-0.015800571101286513
0.02182491663274549	0.014032553761734986	-0.017893506277896053
0.02178282337845198	0.015327102628026631	-0.0172900138662881
0.024372258959096296	0.015706460617261525	-0.018901789297437185
0.026620502779318052	0.015532561079520439	-0.019252355082423084
0.024969442145425777	0.015821499896716586	-0.019819626228882125
0.024249285746585324	0.01679924796467255	-0.019967167896047838
0.024175746326617457	0.01593660667017873	-0.017748147861617828
0.02754820041566544	0.017466032393059404	-0.018488893115793516
0.03168956102027912	0.015270245057838777	-0.020032425435009833
0.03183803534416578	0.013667092860504855	-0.019271755146101452
0.028500539097548995	0.00933688727365645	-0.015044617262306187
0.027099725110614977	0.006831041931533755	-0.011863370078784664
0.028216750811519597	0.006826637833421539	-0.013450944915932413
0.029571267339809616	0.010129630507565573	-0.01554634815377856
0.028624793751401714	0.010649848081869716	-0.017824550725901504
0.02942257912056874	0.00940199943979614	-0.020711776387205342
0.02788103153332729	0.008693183397850048	-0.021078242114605322
0.02811595607841496	0.010792025212233216	-0.02417723945662596
0.02509862206441264	0.009788353848150367	-0.01921124369504422
0.025871880820096928	0.008256304500957065	-0.01730507721529727
0.024542202465276254	0.009209812388826032	-0.01537354585282259
0.025978265741175236	0.01388175807262237	-0.022284842137843885
0.02499456816381334	0.015326557475513359	-0.020255735253219068
0.027777203500328078	0.012447911372391167	-0.017746843386261903
0.030831309951651	0.008605962815580447	-0.011911660499869421
0.03350197462138965	0.006502061265525417	-0.013648344790834335
0.03113120027309988	0.001095016788719527	-0.010034568228623076
0.030139618268364157	-0.004319284507191483	-0.008665609459247867
0.02765332986203232	-0.004930721975234572	-0.00599915005053624
0.025206111075649688	0.0006603584383501923	-0.00698732658184819
0.026130508730923055	0.004020442799932926	-0.007756750025401486
0.027255747782766886	0.005718969759516567	-0.009453864202512197
0.029223943426539518	0.004181698022954766	-0.009366897108671227
0.027900958505994587	0.005115932374758348	-0.009565949900792212
0.026143583272309125	0.004656733277745396	-0.008984588315283332
0.027472963909541223	0.006950649316056092	-0.013139927242246226
0.030217815718509743	0.006658611529558353	-0.015543770965975902
0.03207921754735351	0.006205905382034459	-0.016491017585301845
0.027602732486570445	0.005041210339508436	-0.01646325417509177
0.026439872347205424	2.7998686682806535e-05	-0.014133843383078576
0.025519155802373357	-0.0009877003282072762	-0.013938867750515619
0.03130126999742118	-0.002565389110551166	-0.012693773127177718
0.028815661594372977	0.0016240105100907506	-0.01447651346186379
0.030434674362444576	-0.0022689384743901915	-0.014705170217404976
0.027435945949497595	-0.006537902809994783	-0.010942265303701959
0.02522465166295676	-0.010965909048092038	-0.007370856061968207
0.021574242939869794	-0.009610272211001183	-0.002325483624669958
0.022127151513818565	-0.005711570563096424	-0.0038743311212185334
0.026717291536694346	-0.007268927406209318	-0.0045423866776721986
0.027023374448786965	-0.01370523674326526	-0.0013559535161774862
0.02463907355064889	-0.026265008268681694	0.004544676309897602
0.021239500675174276	-0.03158190644785363	0.00785316024747046
0.020199358646758054	-0.036817957951299704	0.008539121283714519
0.014895146076631127	-0.040765986132405084	0.008315787848146489
0.006615759920857412	-0.04882255956449633	-0.0021151493629309286
0.0017535147647860672	-0.05379215528806155	-0.0003849120558308502
0.0009979278667526636	-0.05563985461461782	0.005492175494384575
0.00010454996009007174	-0.06039878306954723	0.007243107292273196
-0.001271183643607911	-0.05596943831450874	0.003337383150011877
-0.005497271971443788	-0.05638157328578192	-0.004025035471280993
-0.017776042848030048	-0.05830005526124658	-0.034563974858318657
-0.02503014199102549	-0.05443944560178556	-0.04234245279700584
-0.03194070889661881	-0.04707972791748342	-0.04871039104349082
-0.037022349046284785	-0.04190079560760964	-0.05688325653658673
-0.041362901198084154	-0.03738252748502549	-0.062284197552023565
-0.04264042031160516	-0.03304748465656806	-0.05893623643522823
-0.044907948286269816	-0.031052476587639932	-0.06386943661714585
-0.04566447639686235	-0.031214564210310106	-0.0662232469571303
-0.046861628277272714	-0.03200755038110704	-0.06948569608227811
-0.048627418001358155	-0.03177775693863216	-0.06672739412905807
-0.048762763652873575	-0.030341272165293653	-0.059971371556379466
-0.04791256740113967	-0.0278855879157695	-0.053718046298420606
-0.04845096218630791	-0.028022367625538606	-0.053706431584631106
-0.04780666163981107	-0.029692945925388486	-0.05540644480575926
-0.048283760685711184	-0.02826325672998853	-0.05779602801877443
-0.04833829722696037	-0.029055405794346307	-0.058265166600566826
-0.05048620792724201	-0.02675879341465125	-0.05833226604367139
-0.051679565704236145	-0.029138457014620638	-0.059607035526260316
-0.05181280129933629	-0.026194464829256338	-0.05717179171225186
-0.050341896633593876	-0.027465654712996994	-0.062109909190907586
-0.05070613870804745	-0.025337508999498135	-0.06091819108757918
-0.051500883576324055	-0.024896506540647522	-0.05953545558469346
-0.051489179436108555	-0.021718377041029125	-0.05340475226540779
-0.049455745640028886	-0.021816446400680773	-0.04919531199343018
-0.047850293256992874	-0.024342784261674712	-0.049174362106642354
-0.04859087187336273	-0.02747236543688166	-0.05190874385242899
-0.050316780202584045	-0.02900184585809491	-0.05609601648582315
-0.051127759432925676	-0.026232569306253978	-0.05588243772604342
-0.05057310193568355	-0.023814311126762962	-0.054405403626723754
-0.05001782582404138	-0.026122325999537094	-0.05672941270361594
-0.0501790580282366	-0.02565836263877061	-0.05576411553910872
-0.04984010394011425	-0.029868260531747785	-0.05820118946500781
-0.05056148062155935	-0.029214003292432827	-0.05815577712153306
-0.04730435008219644	-0.03560336195484811	-0.058496465836837326
-0.03777895266551807	-0.04301733304368878	-0.046110129996218524
-0.010541599965401938	-0.04824551150787862	-0.013374774088245125
0.006575055437709415	-0.045169848692172006	0.0008288149962844792
0.01710444731174007	-0.0368312871753918	0.009668154325278566
0.024921072944884565	-0.02988902520159228	0.008138268286784767
0.025437889945966886	-0.03107486967820689	0.00906177711494241
0.019246237754956017	-0.03642632007494652	0.011274452671923382
0.00093134486003144	-0.05639989237911267	0.011428040001635876
-0.0035576481095263316	-0.06435684316222964	0.018353032141769896
-0.005009253061867065	-0.06599236595845764	0.016345495644855212
-0.0068125251115093806	-0.06923308888412437	0.013268523974380619
-0.012398165499262717	-0.06749202428554578	0.0025778662173288596
-0.022242142938341414	-0.06216693413719084	-0.010209212637265059
-0.0299386654321988	-0.052855480454313354	-0.025669683046977823
-0.0352700044561724	-0.04897547923053787	-0.032785024967402224
-0.03768936353797975	-0.047619610236497065	-0.035054287865612085
-0.03916535653020231	-0.04976585724413656	-0.03618855969669082
-0.036755922892213654	-0.04778782538212009	-0.03391587364278528
-0.0315655043156131	-0.04973172282149577	-0.027130687144071214
-0.025674621459387658	-0.052343933244142764	-0.020020032298122055
-0.020688002313302766	-0.0562841422888922	-0.014538873925116474
-0.015607513702519523	-0.05975246754501337	-0.004764324466659005
-0.012513628548483603	-0.06026607070886716	0.01423935510366606
-0.008632915251888093	-0.06509859011093701	0.027274135961048523
-0.006099210571205238	-0.06388299176432212	0.026886072563212165
-0.005025758778621687	-0.06252806035790524	0.03002063230219369
-0.0028353262879518793	-0.06353488583465293	0.030132603446423253
-0.004633572344955572	-0.06632499746534094	0.03334235260490935
-0.0014358071762869493	-0.06607093141667501	0.030896339942929778
0.0030674585727868487	-0.05970037580793571	0.02683660896627616
0.02066864134708868	-0.039603785997238954	0.017235422773598293
0.026437315950134273	-0.02628200826792083	0.011508976345915722
0.026412823849483378	-0.01756437617143321	0.007788312505668221
0.027021736595900157	-0.014458391080760337	0.003979920772855951
0.027272324668498597	-0.013446887159999803	0.004153542750304995
0.02938710471128128	-0.01131982541157138	0.0019671062680048923
0.028887462049080007	-0.014937471625955075	0.004998292642023155
0.028395800361665502	-0.01518718783416708	0.0028599712780385707
0.0283178649616961	-0.01417117977449902	0.0008669779450715433
0.030345998713373484	-0.009616751164372831	-0.0041794071064390585
0.03015995655737695	-0.006202647360366355	-0.0031344080851774363
0.02780601061238335	-0.007798018117997916	0.000725166266987317
0.02471055155728913	-0.012247258629779845	0.005070518022068673
0.023567237622802637	-0.020691894453726024	0.010295055416674343
0.024324669546538828	-0.02501106185995457	0.014098013784872583
0.023309373923169376	-0.029280876618963135	0.012799021368948118
0.019657421016094686	-0.03366852166198166	0.01088552579547801
0.012329505807992821	-0.041470473588204035	0.014269385007819014
0.0065000595015543465	-0.049188892072392514	0.02165715849063072
0.002377255489933534	-0.05619522786966055	0.025297022777916994
0.00040081334034089156	-0.05531900933671922	0.02987888548355045
0.0016087248756074348	-0.05040519408912209	0.03252089037990277
0.004995935957605925	-0.045150113148476265	0.03267401310013614
0.0067899737651748665	-0.041722737346663014	0.029215371040040294
0.008867699526426933	-0.04063164715597105	0.031247384966852323
0.009924173131768745	-0.04006812901633749	0.03360450107245783
0.015397485378234302	-0.03788712968331881	0.03344705903891434
0.02141564394320241	-0.035946217569723764	0.02885606239519187
0.02459901377804622	-0.033348793480646934	0.023694423012739076
0.020309510432824498	-0.03706882030225942	0.026031483102973086
0.011009637264622934	-0.03997925624359062	0.03111538828111003
0.006133087360169093	-0.04393679725516477	0.03799882528590914
0.003070338382036125	-0.035381111786695174	0.03490903127672364
0.0010492707604469913	-0.027415064290319886	0.02941371788441904
-0.0005693217806160983	-0.027413795974701016	0.02382343364898478
-9.734066627233021e-05	-0.04135971084925598	0.027629059148497486
-0.001303871309284447	-0.04222476470959058	0.02882142193467009
-0.000811895681720574	-0.043165862273150515	0.032875655367370867
-0.0019081744923610464	-0.045532112622629635	0.029921675062777865
-0.003557545435553311	-0.04435965371289434	0.027299393409488937
-0.0047845402800759836	-0.0444447020100312	0.025992843834324937
-0.007236267755459998	-0.033222558247980816	0.02721797977574712
-0.0057971855925463165	-0.029929596411024762	0.024053428098240147
nan	nan	nan
-0.005385493371640353	-0.030390918634345364	0.02051444308736019
-0.002235042365567317	-0.046680422331750224	0.010001128471248032
-0.008250460928835582	-0.057869541485684815	-0.012412779218438325
-0.03206112431283397	-0.051788984348282587	-0.0407082659039194
-0.04097128519562223	-0.04457670592159932	-0.05503301661957917
-0.04631771681347968	-0.04202547783220685	-0.063561312336919
-0.046515791138460355	-0.04004536913290394	-0.06860974480254137
-0.045812728016382635	-0.03826611217722264	-0.06768188528285826
-0.045791175777609265	-0.03561869039760787	-0.06672716678320742
-0.04570678436462613	-0.03681625560661979	-0.06502360787731579
-0.047184620600441485	-0.03157972693079513	-0.05802136465793971
-0.04766666043926345	-0.03275052375517966	-0.05788761989812549
-0.047556657811939504	-0.030671729159373332	-0.05684365610170068
-0.0440752242968284	-0.03188795819771654	-0.0567471077451009
-0.0414425512641751	-0.029461467387677066	-0.05318718251323623
-0.043681484563399715	-0.029784381816449303	-0.055296745886787325
-0.049899770843641805	-0.0320935687109381	-0.06354392445701132
-0.051114920861468766	-0.033176923418536	-0.06627162841498185
-0.04902656825484331	-0.03166918601924132	-0.06136373943796733
-0.04662272682622259	-0.03456990376338593	-0.06331827657196848
-0.047597827719280034	-0.03742084127056621	-0.06674186140590772
-0.04826911797169017	-0.039079881600094346	-0.06912890742304031
-0.04682849811330918	-0.03860880458652304	-0.06725725458853767
-0.04638006016015312	-0.037118569776312504	-0.06295910350323608
-0.045761189368703964	-0.03652748221822602	-0.061187627022470395
-0.04763151046521707	-0.03580160182373902	-0.05869639494013174
-0.04486183943841953	-0.03998450586381498	-0.053944784034607014
-0.03861484173333133	-0.04880884149941721	-0.046407080450060346
-0.02583684921201527	-0.05692891388052438	-0.03543611209241083
-0.0060377395717082965	-0.04623576250791991	-0.007068401801643256
0.00511535234483014	-0.040265221993666396	-0.0012983107594442206
0.007325779761223386	-0.041521925200189595	-0.002569081167344902
0.0025575133899881372	-0.051652765205376955	0.002113190557448545
0.0011016748854054516	-0.05713630666743844	0.010648480689768704
0.0032408045794729713	-0.05397011548627759	0.01840957571552903
0.007866436918517593	-0.04331290991987554	0.01880420329053443
0.012987296748634814	-0.03173371843639727	0.013646379455929092
0.018854017978699213	-0.01967866427988572	0.0020302605759753463
0.018660361748463646	-0.02279560027083174	0.0030331583876023367
0.00737242448451595	-0.04304656229889751	0.0065011326917527295
0.003821141471544311	-0.04275535708476722	0.011861237047642588
0.0027291480486593264	-0.04336607802033843	0.010349857530017628
0.002445709921320538	-0.041208404190101466	0.008954134919825508
0.0040755781056492964	-0.045301282058550996	0.009375917055539019
0.009906918561637732	-0.038477994422838925	0.010265105959256764
0.016316756083627523	-0.029588845420366078	0.005176868622617615
0.021998241661167494	-0.02089424818251707	3.407904341080209e-05
0.02557412719944942	-0.011521004066421594	-0.0020264515384841378
0.02637594912482046	-0.011931132076119639	0.0012848998153527288
0.024990023360265012	-0.015017708930081995	-0.0007594476507545404
0.02391243521074054	-0.015946586096100286	7.227115135177362e-05
0.023146054153292538	-0.02207765594527777	0.0010810159925462581
0.01696297420770921	-0.03519878771515732	0.008995519396386126
0.008506433430037569	-0.045324256280277156	0.01500508071465623
0.0042351197407858475	-0.046098462126983514	0.018545246079956945
0.0046133173646125585	-0.047496400417245746	0.019683727070831707
0.008891964036607948	-0.04486528553352017	0.015682377235669027
0.01330452025521296	-0.04152852143700331	0.00959563223354281
0.01672250034961618	-0.033353988041105134	0.0061487687341694845
0.018651729242362674	-0.03036203093254978	0.00509862384442757
0.0214910931349737	-0.02690900502312369	0.006325017010966305
0.025776306769262954	-0.022084007336740367	0.007964063983893377
0.027757680331595407	-0.015629271519881173	0.006510806995391635
0.023154030326731204	-0.01806817409965574	0.004665592739374266
0.0042281252938632845	-0.03949426728034787	-0.022164336030081888
-0.011746804776144952	-0.037948409928660984	-0.01525951935421531
nan	nan	nan
-0.0201689568901143	-0.040354534267908165	-0.015595759986356296
-0.022213114748841262	-0.03992128829269915	-0.01575210653618768
-0.0234092370407902	-0.04323710249447603	-0.019907665893809833
-0.022238652073317544	-0.04063261046063633	-0.02290381489119902
-0.02251379560749722	-0.03887303356013574	-0.025663682534945133
-0.02325683658238776	-0.03861300444107392	-0.024990090178798195
-0.02275477891288051	-0.038291350591896	-0.03035009581974899
-0.021026468368549798	-0.0364975383316374	-0.029618545403661274
-0.019759803902388545	-0.03317882542110671	-0.02932771707437057
-0.019235285408897407	-0.029866044454147485	-0.025471653129819662
-0.02044998162029417	-0.02821273490579118	-0.02580949591887745
-0.01838241030741819	-0.02661910798800624	-0.020594325349781454
-0.019081925626156137	-0.025670893546099763	-0.020836603664962483
-0.015891021626472678	-0.026370181306216604	-0.016449363216071853
-0.01851302633078286	-0.02955575535860932	-0.020138169685759426
-0.017825577344115537	-0.0319570498668421	-0.02132052291920688
-0.01954306901383757	-0.03271992814262777	-0.018038766813650294
-0.019638006738770773	-0.03001371079688471	-0.022773786577078098
-0.020072438181053774	-0.028081862862082266	-0.023011241165264595
-0.019404049663649815	-0.02701732883215852	-0.026952329939490368
-0.01857480723550827	-0.025364914994638475	-0.020887506022066755
-0.019303780137803955	-0.026268195508220172	-0.018550316428399004
-0.019083391493116886	-0.023958695676854148	-0.020007439140494236
-0.019048288469630633	-0.02844958111011128	-0.02708357021457608
-0.018320296626228368	-0.029691737303165662	-0.03123820026484838
-0.020726381311566924	-0.03347554759082122	-0.03040734991179607
-0.021308034998034936	-0.03350360447248706	-0.027737214252603865
-0.021143099535650075	-0.03545752463544828	-0.022567764780317197
-0.020435435786696366	-0.03514035927733367	-0.020800631414840075
-0.02040393614984157	-0.03431449471273723	-0.02137682959029688
-0.020404621384054345	-0.03248925204496585	-0.02711463407145349
-0.022391081863530476	-0.033335137829173835	-0.031117229663620224
-0.022865551937124137	-0.03641426860600794	-0.030441996507007303
-0.024568630310248224	-0.04034479131192392	-0.025161470192440843
-0.024454810485107982	-0.04180768882784986	-0.01652391414775408
-0.02645857136833612	-0.04098005022791586	-0.014124691603048646
-0.027715283364552003	-0.04003279021598982	-0.010265922283014782
-0.026248731549651363	-0.04268650519445367	-0.013483308335334824
-0.020881200335469908	-0.04578971056744838	-0.0159773086096408
-0.013991951491064336	-0.048020502328787	-0.012597706740917628
0.002008556938326483	-0.042754690689814995	-0.006188896709707611
0.01822122069989887	-0.020903457672572772	0.007242867214489843
0.020479391087909398	-0.020515838758268547	0.005853758237680974
0.015181821774139412	-0.03292115338978696	0.0072316229675450025
0.0036843246655658283	-0.05039503533710674	0.0067745865749588
-0.001456487547017611	-0.05268360620414215	0.012037150126667132
-0.001802665640989685	-0.051355231531107465	0.018364978005941047
-0.0011533773356753173	-0.05266026219451917	0.019495488132594867
0.0009648533887621069	-0.05634598846126307	0.019048197930397224
0.00149907668110534	-0.05789347133187976	0.021088189362563087
0.0006938737164076307	-0.05439021692467117	0.021386193059183465
0.0014137578013687397	-0.0517652582492981	0.02357806339111814
0.0052063646182184935	-0.043277579847873844	0.016475404991315043
0.013514904535789081	-0.03218054583208717	0.01785302778721558
0.019378925844092003	-0.019414297181425396	0.009739713652973724
0.02619250264171296	-0.009537392873340036	0.00751077524514154
0.029427246914345992	-0.003684607628472255	-0.0025539346053419544
0.029582512166101284	-0.00040616893410996624	-0.008784424871142886
0.027978272668009858	0.00036195505447818424	-0.00827238585062666
0.03009852037191073	0.0012845004771358435	-0.005235348068393562
0.028814206279371053	-0.006166982546050647	0.0012191690875248233
0.02391330739640778	-0.017988848368243927	0.00592381149439224
0.019629727820881727	-0.02595305786965786	0.01302336599920698
0.020363195784303297	-0.02863751832740434	0.015184672924813902
0.023142600761858236	-0.025747738196135097	0.0156729461502015
0.022940849860063315	-0.03063417554052068	0.01808187352744397
0.01793603262860573	-0.04456327840374808	0.022595905531968122
0.012801929829380294	-0.047322236220738494	0.026898266876910343
0.008695683023222506	-0.04880697022443882	0.03078421763578669
0.006493251502789973	-0.04454399178921271	0.02408057184774916
0.00386470809015087	-0.048042230956984046	0.022555138387411234
0.0006943540770338045	-0.04995597407469153	0.019043685949303796
-0.0009528417533140445	-0.05456545642362254	0.01914430640424849
-0.0006227573557205236	-0.05526451107311399	0.019916864922422454
0.0017154179947958138	-0.048478881727847825	0.02097133147197538
0.002710610960559018	-0.04559731259189248	0.021243706516204938
0.0039711421842221805	-0.044841660912839	0.021452876587307237
0.004822172843101406	-0.04480368549946663	0.020404722958475046
0.006927847642234672	-0.038831140109396554	0.021474069357325314
0.007832411835374746	-0.03699509688143699	0.021498962377760555
0.007075159118741964	-0.04125827884479638	0.024263368530091117
0.006397562315177447	-0.043520982083172274	0.02701868000315003
0.006734132847528887	-0.03971219703971786	0.022783355647123325
0.009904674266826289	-0.033926168386799745	0.01970776082339884
0.008292954271164403	-0.03479231727365685	0.021343794143056097
0.0075620505330916245	-0.04148370959563184	0.026448432700735235
0.006851082753637927	-0.03950908702254549	0.026267474292623074
0.008429723610681466	-0.037769651146690425	0.026187907837015065
0.007575557401677456	-0.03396635934042382	0.03000413825491407
0.004349769351504476	-0.038093406247719196	0.03553683489373946
0.0018588806769324444	-0.0336403358236492	0.029508894002201528
0.002391647391655698	-0.03783508353379457	0.02759607281728018
0.004132188567721961	-0.0418540767735219	0.022690454095121257
0.009537961896165936	-0.04644952945170886	0.02551059703658571
0.015319833747386807	-0.04031768686158248	0.022914930164472998
0.015409380451970264	-0.03974828366915207	0.020640756277750475
0.007636963770956246	-0.038814139921302476	0.007693879150465838
0.005770561522202615	-0.03916524714754307	0.005477996536813431
0.006104045995426299	-0.03571379502555085	0.010864989179868546
0.005927182857239357	-0.039535398866435895	0.01595768965480933
0.005817782373095537	-0.040289859362602744	0.01870002182707864
0.004854334852788265	-0.04383387023414233	0.019350259308247394
0.005063884030910265	-0.047256728190266675	0.029408989627272085
0.004150872800686008	-0.04855397854033135	0.0308179848067144
0.0044801324785389025	-0.04399812541578782	0.02285780223229788
0.004657122402077786	-0.04581048759043167	0.016127046295212034
0.006061308648626952	-0.04323836941296575	0.01346786698605048
0.009129916213733352	-0.03667465789425141	0.011102149858413003
0.014150799126867833	-0.026837519634596997	0.008997352566425847
0.019908798896067857	-0.021020271061158894	0.008774822862381553
0.022713085690503204	-0.019328742139279965	0.010601696073196087
0.023482056128885067	-0.013398695407282774	0.008840812114701564
0.024303240529802362	-0.00815120292251218	0.002447385725627974
0.02410196638307334	-0.005044959356589403	-0.0002460314473683757
0.02609417953796601	-0.004809379843678706	-0.0023677077320500596
0.02852978522204411	-0.0014740004279156862	-0.004448401528252925
0.030457092178563024	0.002673409778761691	-0.008143102932232187
0.027791202795859858	0.0011492883611054637	-0.008285770062316868
0.02401981405395468	-0.0027966510224382924	-0.0049820642981497874
0.025138314615813867	-0.001983737480046102	-0.005835599493694398
0.025747304253912272	-0.0009290473447993143	-0.008508292069477865
0.025804789566294478	-0.0018872653407455298	-0.007056607959846313
0.024391843151680356	-0.00542629931084143	-0.0019707343464970342
0.022476247111231806	-0.008202874599224304	0.0016680899975867018
0.01745872183137983	-0.0137419273681074	0.00578758958059588
0.012545814199540662	-0.02179901790636167	0.011220828372338757
0.010181128165717887	-0.027445359976045882	0.0112851878197834
0.0074388041739570894	-0.03339051387214018	0.012602399244185814
0.006232649161752942	-0.03674160468710105	0.01358911214687045
0.0031859042923513526	-0.03576479225151773	0.016017479686546467
0.0010814020542674887	-0.03415976993745018	0.013576608601596233
0.0013143197246325853	-0.02961069856943515	0.010178728773000847
0.005258913740183918	-0.02666877712800175	0.007217714007313923
0.010068790818677367	-0.018734263994657153	0.009265057319249875
0.014665362566938197	-0.014671541735392786	0.007953659529155865
0.01867489440567259	-0.011943481757587361	0.0038604222036592827
0.02317596957861984	-0.010034270057494396	0.0012637645832243097
0.022894608045791125	-0.010781857829048724	-6.34637325367185e-05
0.01984374115109454	-0.01857781838999144	0.006712908372379258
0.005770454174291319	-0.0400312245644841	0.01722890611360982
-0.0006590897472854218	-0.05024884122455967	0.027279937957732453
-0.005139746321595787	-0.05548246207173583	0.026531114850350066
-0.006393104551618712	-0.05672564249002478	0.023711568784985478
-0.006960697151112409	-0.05577552386851164	0.022314843077694043
-0.0052472802464509	-0.05229614966193049	0.02710419170613811
-0.004209199607475759	-0.05239828699010702	0.022079339777192838
-0.002013344248231556	-0.05055100570937735	0.017572616502250466
0.00017174295664576034	-0.0488788750857428	0.012324168422758146
0.003074923816715966	-0.04261119560590833	0.009604546169099733
0.00789498606189869	-0.03817936490201664	0.0040396230988063945
0.01802153531429514	-0.026077619417061354	0.009447254015019252
0.021289071182029613	-0.021186679624328086	0.004580048168158841
0.02265706680153657	-0.016567299201810177	0.00039948433311816703
0.02435313671583573	-0.011308276936439559	-0.00249286419255295
0.027251126086561557	-0.0018637469351803246	-0.00494363362706671
0.029340013809014395	0.00312269266019145	-0.006138032451175883
0.025884205321145257	-0.0009044485885079023	-0.004806505341196872
0.01354133012469587	-0.017837068245029838	-0.00041955240457470545
0.008271119813286062	-0.03569869812274014	0.007423590995963492
0.006386111118599682	-0.03737158043089046	0.01219269421083367
0.009566176546155932	-0.039003063450322555	0.015721337319959335
0.009620620956930427	-0.03463398353075507	0.013622317259277983
0.007625658405857452	-0.042998101218247924	0.013451961281093949
0.001718625651059	-0.05008361644320576	0.014545056635092707
-0.0025329884367212042	-0.05720404587125302	0.0180501156066639
-0.004460918116496142	-0.058052341330670644	0.019910891222102642
-0.002106523600044249	-0.0529961242762273	0.011517636291213438
0.002694069586001607	-0.043234678301730604	0.015407353389523166
0.0046681310907061785	-0.037385066927630495	0.012299784131660479
0.004042613696712914	-0.03837994226963474	0.012209445189757962
0.004247037207282136	-0.03889035017928131	0.011513400574799413
0.008008449526821126	-0.038678330374204664	0.01094911487769001
0.01246938126195592	-0.032481219686479455	0.010362574125356211
0.012609198321314566	-0.030882150819565024	0.007336177494516964
0.011402227363860228	-0.03073573418544089	0.0015025787502931168
0.009147342689569763	-0.034364546232671565	0.0029218233244365475
0.007695837890531768	-0.03984472607782509	0.0030505363610929597
0.0035582334413950274	-0.04348119103329925	0.002435268273107088
-0.0018597598556471901	-0.05221013284965673	0.0009375510476894158
-0.00683421823414952	-0.04612827775067662	0.0011644966249094732
-0.02083726544777791	-0.04114947377027554	-0.010292820176676619
-0.031218135572789494	-0.03874570543670879	-0.03459290099176847
-0.03612814141877967	-0.03587761907677692	-0.04803359851940918
-0.03947065610553683	-0.03499173410108659	-0.05319397951519931
-0.040904055795144514	-0.03239363043321632	-0.055735861638776155
-0.043863784351309915	-0.033502531695428286	-0.05752762915746237
-0.04452567370846828	-0.034652974468063674	-0.06080738252138343
-0.048104292133219054	-0.034578630937197846	-0.06385562704283879
-0.04726392002298914	-0.0348155531255666	-0.06443191882113772
-0.045298973360318066	-0.03406425412553201	-0.061289750234025095
-0.039518054532775924	-0.03368448249652498	-0.05272975425348053
-0.04016171291628929	-0.03421280576944914	-0.051091446953481744
-0.04266832961941518	-0.033692916804901295	-0.05285171839117469
-0.04491276375125567	-0.031167089582726386	-0.054331002406148514
-0.04115992595784733	-0.02980868954651643	-0.0509285417767454
-0.03387669213550317	-0.034511595155071656	-0.042685846832542826
-0.022927583671538052	-0.04617860266233289	-0.03551895855155342
-0.014203253225129877	-0.0487682343220607	-0.017148278450905413
-0.005588191341241356	-0.04984807670220619	0.0017739339066840751
-0.0006902281330537248	-0.04928205551067983	0.00706684436108149
0.0022837943303889094	-0.04746306929853389	0.0036827765308086163
0.00767600085713789	-0.03384266238063313	0.0018058892397709997
0.020401537681147823	-0.012230604683898092	0.003247807334507944
0.024619955019475257	-0.006360022166649089	-0.0025254943911444255
0.02369368287910606	-0.0047135434151238265	-0.0014223086915538946
0.023541751968346975	0.00030418389690556525	-0.004276381531092589
0.02289335925227775	0.005475622985673192	-0.006287730299899971
0.023831918885007963	0.00951988495277485	-0.012455512591718836
0.023746361121880957	0.0049053040463461995	-0.00944497209639673
0.02120968591125156	0.0005969062155258144	-0.005687413123767811
0.019653754617602222	-0.004242988876771054	-0.002015604263280183
0.019754925222963602	-0.003401485974122999	-0.004047408303673068
0.022179621418114626	-0.0002801012473918555	-0.0075139806840096995
0.02465223847685694	0.003911873861468103	-0.009263778065236244
0.02604253190410253	0.005377700755468739	-0.009511383273362171
0.025120214531103732	0.010243883597426067	-0.014200461230408717
0.025495998872454406	0.016246709817833056	-0.020011983486633193
0.028304225916906876	0.02275329631729271	-0.025562411661856695
0.030198871465538707	0.02561906475209219	-0.027998301091418102
0.027937672351344187	0.024494589949022375	-0.026573874747000435
0.02276570598574244	0.02301868846603644	-0.02257053365176696
0.021633425013772137	0.02488683714796115	-0.02419609956959133
0.019707574914729638	0.024460367720504222	-0.02464008501553643
0.01898374666107537	0.024996814886221946	-0.02553086263351833
0.01568677429253078	0.023331239279054436	-0.022911114952803437
0.016003834187019526	0.022682526858137726	-0.022863836439261424
0.02078810441222861	0.0249115523300229	-0.025725321567344923
0.022523028403958326	0.023963378186889164	-0.02402677296888839
0.02240554940508487	0.021560574761095637	-0.023879955914866673
0.022866948594065302	0.017922589643806233	-0.020613114092049398
0.021219418891772427	0.01348458828216721	-0.019242148533877013
0.02403368367815187	0.011936826715886752	-0.013204151027270437
0.021664921633614453	0.007259439154960993	-0.009287666835184654
0.023556177702700968	0.00593166600122868	-0.008423188942490677
0.023286587656685592	0.006432517541970046	-0.011235703841984246
0.023377701018992388	0.010613460454825445	-0.017305744351317823
0.023849841242626776	0.014521187923304573	-0.021482924119017314
0.026297668213741226	0.018046494996847424	-0.02334844463755418
0.028179267220749423	0.016865723525864056	-0.020879226059117056
0.028267192203634793	0.015104064554782533	-0.01870818285327366
0.023903814493283812	0.008835877570976532	-0.01343581617466098
0.021163295462302126	0.003088041839415947	-0.009803301884557133
0.020301640677498848	-0.0007108383412108174	-0.007254451440799222
0.020083711973192805	-0.0030019214774769445	-0.005229052632861716
0.02055821992323822	-0.0002381117187892168	-0.007036767989582658
0.018960924384836764	-0.0036965905534961626	-0.004932632776495954
0.020189281758908176	-0.0022250864502295913	-0.008177647733730586
0.019741741324780022	-0.001988977329570822	-0.00932841492091234
0.022475375570154346	0.004465140753785699	-0.01473328725740395
0.021729815667011862	0.005341244051839175	-0.014119917994607184
0.021635996871704862	0.0005572164548973955	-0.013920907964747372
0.01918156348493499	-0.005804020639415105	-0.00932899035222445
0.019591246417603285	-0.008210778849156225	-0.007987034974619146
0.02040590793564179	-0.0034610408333497255	-0.009718096419903594
0.023738880642737617	0.002661955607570619	-0.014316380685261896
0.025042529419069544	0.009157424773831135	-0.01597115200711605
0.026071816466801585	0.005779305358670931	-0.014442042872711447
0.02442241639850756	0.0023482238712208637	-0.01414751624205167
0.022110337813310756	-0.003345849006235538	-0.010449721940765357
0.020662291729263055	0.0009289102017968826	-0.010948457299410554
0.021626589940223956	0.005011191307205747	-0.013327994834401283
0.02518313422824344	0.010514433377617325	-0.015770594949266182
0.026935020182044835	0.009038993188000147	-0.011407192853483503
0.025914265783977812	0.005555663092047942	-0.009331554693687672
0.024642566394211713	0.004617552523563349	-0.010000172901204845
0.025382061421487773	0.0029880084484373124	-0.009909394010994502
0.024727072738995628	-0.002718532275717117	-0.004730283346045527
0.021768839033881878	-0.01215814059279031	0.0026508666500037123
0.01974752993200247	-0.015663273946447464	0.007579672775086671
0.015447611778594328	-0.018369697669496015	0.007255458177929101
0.014293976617445806	-0.027367197471104037	0.009925575739157224
0.007702903159598271	-0.043975247844159515	0.02055929963363881
0.001611898932522817	-0.05819658118245956	0.03004155323964689
-0.002942758106027217	-0.0630067062732576	0.03372114444175006
-0.0031765709685819244	-0.05916175325511964	0.031470562082894095
-0.0019422144454552118	-0.059108831402599794	0.032422579851907746
-0.0015939474159280334	-0.05988476674333785	0.032684553566744635
-0.002627245171539479	-0.06374695414157484	0.032902032748476376
-0.0027238395288203356	-0.06292655125151522	0.029018159771317397
0.0011536265990366424	-0.06045884735491979	0.025804488855041934
0.006782145754246282	-0.04717197531710617	0.02512292939260917
0.013049647899345956	-0.022865452043571047	0.012006376035205725
0.016616122024463335	-0.01526944937931931	0.005814293289927599
0.021515846923117546	-0.014924370405595055	0.0007669179445832508
0.023581464368560227	-0.01094148695774714	-0.00019677534197702282
0.02155364928278903	-0.009473536568669845	0.0025350541611116398
0.01851073655598175	-0.009938457066972866	0.0013720791601808946
0.015603664923912828	-0.016359723378408967	0.0058361110873365405
0.015162516266095822	-0.02289382098579398	0.004913266391758972
0.01493602488593227	-0.02224255402662315	0.0061099514567776025
0.013183646671269587	-0.023792707024970453	0.004083617584871479
0.010098114255831497	-0.026238450456641638	0.0040692197086655045
0.008970277660255661	-0.03320707673230866	0.0022580467465659485
0.011222406251725076	-0.032737439331080004	0.00335515916817364
0.01761165627149787	-0.021841887812964547	0.004961849786401275
0.018625748936654005	-0.012809994591634703	0.0015182195147759626
0.02140180631063415	-0.010044906662924086	-0.005606346084486694
0.018569959601895242	-0.008665950748968585	-0.004528241540911436
0.01571925638534663	-0.016124136444481102	-0.0016576215518919121
0.006478722835670614	-0.03221307611670859	-0.00461880784040088
-0.00048538614619451296	-0.044121372199609495	-0.00653084786996519
-0.005753591851175038	-0.05160360024123854	-0.004592308973053174
-0.008964783134199999	-0.05600471403655149	-0.010306322171223077
-0.014825139992922143	-0.059158434664339225	-0.026093902097648107
-0.025987999976282965	-0.05111827866972418	-0.04625196269664518
-0.03717447115049547	-0.04377843885849575	-0.056875156949233494
-0.04225970648658496	-0.038926754477872555	-0.05893529964183955
-0.041544637007138	-0.036661819086059984	-0.05725167650169291
-0.04025673346817787	-0.03331494965945789	-0.05628934438427782
-0.03993421153019203	-0.033054279920292175	-0.05887399331693862
-0.04171574900038621	-0.030130998145725986	-0.0573889546550963
-0.041407256719919155	-0.0296194921277879	-0.05688228817531371
-0.042199817349456215	-0.028587011591203526	-0.057536753306981395
-0.04181243004843339	-0.033288631630386964	-0.0596980376844864
-0.03790125157626772	-0.04134338780251769	-0.05369495113784539
-0.026114789813204163	-0.04817572127848242	-0.03345735767135077
-0.0093136190784802	-0.04815897865307716	-0.002127147884967355
-0.00040095644613093515	-0.048627114021911125	0.00679471461346089
0.005901377349888076	-0.04605136001209124	0.007357847199700633
0.00539706204095311	-0.034208230921236836	0.0035204298647121884
0.004523877223648236	-0.03546122423908995	0.0006257389616903821
0.0009008127535839077	-0.044194205185994026	-0.0008017642339505834
0.0029312384375606293	-0.04544789428803542	0.0009359132263193248
0.010622126351635883	-0.030048205294003923	0.005347216537440177
0.017178082965353954	-0.02036098841119068	-0.001447551410579652
0.0215605151902961	-0.013750393817273119	-0.0041066097607199495
0.02452358025933366	-0.009260690499003509	-0.005373467951880727
0.021238370930742396	-0.012294494804527174	-0.0040153443975708344
0.010721959196962382	-0.024721358219420432	-0.001419705071842822
0.007880066097244306	-0.029649839579468148	0.0035929642990502235
0.009814145972409418	-0.027814923667112777	0.0022581045312257486
0.013683238928818845	-0.024286935915486536	0.0008572226360609274
0.017880001115673703	-0.016965097851858655	-0.0036517068274100548
0.021289656909421768	-0.006249055005844797	-0.005171328026299181
0.025797785717690876	0.002626177782040247	-0.009651873513759138
0.026815346201143484	0.0011090942591581911	-0.009279832677693993
0.024584870366423466	-0.00917940918064588	-0.008090569714289824
0.017919519294591034	-0.023123248052710137	0.00024612851605317065
0.008840274522341226	-0.033660937052686246	0.0029524852683696723
0.004624283316973241	-0.04098618203641554	0.007856885324511878
0.00023697407093010303	-0.04465295306909786	0.008543012677556801
-0.0035575763942835457	-0.0468969109130108	0.005574382903272571
-0.004681454605342083	-0.048727093971036466	-0.0020274558368527738
-0.008468797152269709	-0.04840940368201372	-0.012575770116684802
-0.03262069541734172	-0.04609183583088256	-0.0484261986394077
-0.038121643907895485	-0.04149928897904081	-0.05756437622611621
-0.03754013953030033	-0.034262154386662094	-0.05858481048718216
-0.03682449557150082	-0.032263455421453785	-0.05291428812648632
-0.03650215664281999	-0.029367848011712296	-0.05096377979583506
-0.03558346354557639	-0.033580838283564306	-0.050889601396470224
-0.03294392825253459	-0.032301790739507744	-0.05133375814833244
-0.03276042044092416	-0.03206185894999129	-0.05166844634455181
-0.032355561532590525	-0.03095449959159593	-0.05358575385034128
-0.03600915881290871	-0.03265942837846936	-0.056072517590293844
-0.03454448819596879	-0.03145359008788251	-0.0542767016659366
-0.03563125764357105	-0.03169589229000565	-0.05488739571456804
-0.033358146725256686	-0.02974381004229717	-0.04999706996388293
-0.036290845760955134	-0.03182177676770856	-0.054833112404044176
-0.03677009172756425	-0.025932521989019245	-0.046479776386761124
-0.03957237086020515	-0.025250288218414314	-0.04870199485190095
-0.038806962379016374	-0.024273958166810158	-0.0483330795298997
-0.03911340032457867	-0.027714171361096995	-0.054331895406138926
-0.03842648338192385	-0.030812209797882222	-0.05790518144812961
-0.03904936137075085	-0.03291144571420164	-0.05939611224777275
-0.0357615134791548	-0.0320977911071303	-0.05697574666939456
-0.03464576527881946	-0.029360359401904533	-0.05035846080030046
-0.03457280607248466	-0.028933340326223363	-0.04886946714971636
-0.038427062617748316	-0.03012751435685647	-0.04979099868725595
-0.04033919376570748	-0.030277658054620925	-0.049915859237328136
-0.0391260832259963	-0.03122660392529672	-0.051978422801273336
-0.03629357244162674	-0.02941932008409151	-0.049386883461231754
-0.03248488647974238	-0.031831776591770396	-0.047769389567331885
-0.025652288827353608	-0.034849519911292565	-0.03401361339554834
-0.007067834551196226	-0.03738524533394586	-0.0228704273253764
0.005488264448403508	-0.03933296541862665	-0.006852341275048967
0.013239861516349316	-0.03184613887571579	-0.0026363414267107244
0.01845489556642288	-0.03134615499070982	0.0009758923883982154
0.019970548866425665	-0.025357950434913745	0.003819782747632103
0.01522486527941061	-0.023697425325168872	0.006307340328887577
0.010720581916014583	-0.028481661304267932	0.001994602763755616
0.012019189093536272	-0.02993617774713913	-0.00048330608870990853
0.012283207212722993	-0.03009393903296265	0.00557710152865887
0.0134832408833338	-0.03083851371279055	0.00639694782091348
0.01188513622423476	-0.034652698995204706	0.00861401206924129
0.010612540554738243	-0.034887890437343944	0.006495444764396853
0.0061240561794678045	-0.03084464538707325	0.007082590900713512
nan	nan	nan