# EV_1 (155.6853)	EV_2 (60.8601)	EV_3 (32.4316)
nan	nan	nan
0.010156264849499112	0.01766137622768705	-0.006153617054190449
0.01715139978577518	0.03629105863181259	-0.017687316896753656
0.013892928191194618	0.031843339466555744	-0.01376296373278608
0.008911912155554959	0.026784338015094267	-0.011658170357894878
0.009004833892353731	0.023978505809086604	-0.011993836650443231
0.009596305529306324	0.022864538845795708	-0.012385669208756668
0.008879420628028569	0.023898788800965333	-0.009205103914735637
0.009948209428089924	0.027715561248205497	-0.012978813139530091
0.01576941061213307	0.036065893483975466	-0.015126640747712358
0.0121621460177345	0.023383275346093337	-0.008266646299273013
0.010266774110434704	0.009220162855047839	-0.00728267458009264
0.013990237498459542	0.028415487403798408	-0.012056796705487214
0.01291524810387683	0.027920517555003046	-0.012810635395872693
0.012923735471384966	0.026908386066470415	-0.011194717673806361
0.015721958135561712	0.031254697629673235	-0.013376964395746715
0.013504443848747782	0.01858713716956137	-0.009021710040309952
0.01896354156121741	0.029187215303532982	-0.013173698860917765
0.018550329873807857	0.028156643412948764	-0.010930538458800841
0.015914626406817907	0.018808522621417533	-0.009121624085500091
0.013190721091677486	0.0179625796470557	-0.009042561303638548
0.01845205975863753	0.026518988080409155	-0.012650101264973648
0.01882227537055328	0.0193813316443384	-0.011316527846129281
0.016751513864463795	0.016693553662034694	-0.007136772920825884
0.011613551467787975	0.014096092830774218	-0.0065049463476955175
0.020486884436581563	0.01562794331229178	-0.014388162508428125
0.01863519986027138	0.011228276556711103	-0.007290015540871719
0.023263192184459748	0.01992222277947703	-0.007019572996732785
0.01509529471111163	0.016415281072235572	-0.010800076326331114
0.018375888224963725	0.030775517525768514	-0.01546134437154795
0.017945461525764518	0.023473822643796903	-0.012395064557153654
0.01470852980127178	0.01964203968537837	-0.01344126676784625
0.016267390398350436	0.023496954201167784	-0.01133874021016252
0.011867831065003871	0.014288811626906543	-0.007456908954450324
0.00865427819861284	0.012926322881353635	-0.0067857837378594785
0.007346066092764551	0.005002273738637253	-0.0033972082881482115
0.019375828456067157	0.014532247196298751	-0.007394659844072948
0.019703264714855166	0.014305865972148224	-0.007675341338406718
0.026251939622877446	0.007798990602651316	-0.0010107325060882515
0.02051076344844206	-0.00500701824674692	0.001012889743365393
0.01757414140096679	-0.007126392139389261	0.005566165387419069
0.01830925262615283	-0.022458256008304017	0.011843789680245981
0.0042881644110166475	-0.03348188191407346	0.013668592593046314
-0.0012649143271146008	-0.03703092712877371	0.01660308260395013
0.0057966360818380615	-0.044076664954738165	0.015676135809205235
0.005772402639257988	-0.0401008714245278	0.02215381252824265
0.005168711945833301	-0.034132651487538995	0.01295831952283184
0.002364202772030869	-0.04411572348558923	0.025529354570131543
-0.001586906446246976	-0.03710934139781135	0.020361882105757716
-0.004716816487599792	-0.04510727321614842	0.02110331531070065
0.002237711220606015	-0.04299452449650953	0.024563094776314853
0.008148821518776534	-0.0321243774574607	0.018109336822557477
0.016374393152801946	-0.023163451524949016	0.008515948927984737
0.027071978317533767	-0.014749758443449801	0.004164147089950967
0.02456082254246336	-0.006043816482220119	-0.0009595526948805513
0.023998773213707046	-0.009528393188066994	0.008560321977598095
0.019891748680331358	-0.017895460885118997	0.013029843693004152
0.013647612976375874	-0.030081873186845968	0.01702930748794688
0.005974334767250864	-0.0370242616647134	0.019444743937876447
-0.0001784489682181617	-0.03023391634563011	0.015827921798902515
0.0036569078420747242	-0.03962266629103064	0.0316027986620048
0.0006891189658199933	-0.039343913118579876	0.020832120511819995
0.015702153581375274	-0.02032238516630927	0.014541729365093044
0.01642589556923389	-0.013270941684206783	0.011109522335150222
0.021165088468270452	-0.002718792095232796	0.0034637894677712715
0.020287310399550357	-0.012180409890442645	0.0066617576984862766
0.022589755983286726	-0.005323767201042818	0.009706743851496261
0.010924497782617561	-0.03659676410655223	0.026952521247458085
0.006730780977647496	-0.03877781736800065	0.02830927891281614
0.00991368181316672	-0.040782673658593595	0.027888547491407532
0.007504036363346499	-0.04584593483563058	0.03807967944042969
0.0030050743959895215	-0.035226717616476354	0.03034855622963692
0.0019406117017338018	-0.03922296703332011	0.02479414805323975
-0.0004836358938889285	-0.04130635314939904	0.022731423649408545
0.0011469159193297255	-0.038129918170509015	0.02138775860566014
0.011651475365759919	-0.03786403662418679	0.0265700544450242
0.0089951179341801	-0.03723703200319709	0.025269005758203646
0.001394954756578051	-0.04165173134396421	0.029374154743747008
9.940062892996098e-06	-0.03538686675373212	0.02750606764553339
0.0060723190239365624	-0.042659201622713555	0.030345816578363518
0.01416107543532471	-0.027442090846463246	0.022051833860345087
0.013213837563586977	-0.02555598399405316	0.017053840691185762
0.01647101140245737	-0.016824012556802298	0.008823911194929129
0.013871002689725522	-0.01794847319659833	0.009875798026571467
0.011018669729392434	-0.027025258949097648	0.010910492998191124
0.014073773651200458	-0.02500484613649623	0.01036254990563198
0.021591448537986734	-0.002995620984334634	0.0030292888990294912
0.027185330373806788	0.00943699736124398	-0.004741359777801223
0.026729648302720527	0.0029447834330363727	0.00082356879871694
0.026127182281624355	0.0058739165972127435	-0.0010426323159172524
0.02504417183291947	0.014650968913692634	-0.006932482725781671
0.026649147481318018	0.011587366384505962	-0.006591909310311388
0.023358992179431954	0.019163776432896372	-0.005049334209952884
0.022635339748933735	0.02226104603241226	-0.00801444731207885
0.01964771451726893	0.018685434532037953	-0.010743394566494265
0.02354418659980979	0.018825087291670154	-0.008898668402088774
0.02585440719841478	0.023205018104308934	-0.010522499626229379
0.022187457489001035	0.012607269733493284	-0.006238796465175764
0.022630699408025503	0.014768355379699108	-0.010693297707499286
0.02526203116461359	0.00870546277559595	-0.008098463446787933
0.020267374094802303	0.008022890518950858	-0.002228215776356915
0.018267102855184465	0.009533743011421627	-0.006755253075014945
0.021891336525592647	0.013043465630438646	-0.007840556444978022
0.02489980849818735	0.019013699943482582	-0.010914001575703089
0.029630716161052586	0.027994512065161316	-0.013481944078461688
0.026843296544059578	0.024703255771348243	-0.015146074053927889
0.025956256788966795	0.02889924934874322	-0.013407939055822226
0.02534098832249559	0.026344355095730708	-0.009851780940226186
0.023397487627131314	0.0204224023969157	-0.011735949709542792
0.025139459285282956	0.01364213217870509	-0.011682996581255857
0.015509889847216504	0.0023209978050854597	0.001953955916225429
0.01633856898227177	0.002656234618833702	-0.004766547038093295
0.02008084005825048	0.002696521660626816	0.00129244497658864
0.021886307595492507	-8.00037555529985e-05	-0.0012677474051726798
0.024864841164906466	0.005535451727861825	-0.003934681878201566
0.022818268635527467	0.00010054497647419879	-0.0024824829439997233
0.024778713911313484	0.007520392739047658	-0.005903095374782629
0.021849944907177964	0.00873636695513828	-0.005584470467293625
0.017907258195794293	0.008960969172849284	-0.004268978522224343
0.028624559886061867	0.01705646681971212	-0.007283688414138498
0.018511010456215324	0.01672545043824534	-0.011299884989012538
0.027115411766560266	0.030888075681702206	-0.013661961800373077
0.022523504183957262	0.020513964441200894	-0.01223521671291947
0.01951613456724254	0.007833736281888208	-0.006387926068653901
0.02300706095329123	0.009533501524580061	-0.003625751839774167
0.019111602653343444	0.00024900301573561363	-0.001880393976396534
0.019464222314705137	0.004341687862085386	-0.00470376936935828
0.027404823262650774	0.019091345809863335	-0.01088093399509019
0.025264044263931917	0.01065934520644219	-0.0051123622997020675
0.021633848094934384	-0.0003022846229710355	-0.0004676947122569629
0.019263360826278664	0.0009760667770838127	0.0016555457505542
0.022348044174896158	0.0070542350714051134	0.001274457714483708
0.019807523622801845	0.002323455157470009	-0.00022877720844536806
0.02377055252906387	0.004128274351716069	-0.00045119460177787257
0.018858951057347494	-0.014574726129854724	0.007438213666582955
0.00843653386595789	-0.02266985285545747	0.015482421334768334
0.009814182532811888	-0.023757498224716043	0.01853645736864386
0.016463602686650813	-0.015133942985415766	0.014188034829130603
0.016396783323789164	0.0021612715993779286	0.006703864669370724
0.01720065901022236	-0.0027741278663000386	0.005692967529992109
0.019579853554521274	-0.010453085797950241	0.014120020681733219
0.015091695274872228	-0.017405653375849494	0.013264486904903129
0.013930349016135136	-0.015052019299668207	0.012071259097570432
0.024524483608213847	0.0007272436750098798	0.0008226264341223144
0.02253024131173823	0.0022007786600451123	0.006274642217940059
0.016167483972000157	-0.019761032417005837	0.015579205937039087
0.009233981977469177	-0.02412965042220061	0.020183853133222615
0.007267642471168429	-0.031427050995974815	0.020300561621015994
0.010766548827341908	-0.03072867396965267	0.01536039656210083
0.011142111787555276	-0.029651965127805456	0.02264861354519264
0.00987751621668599	-0.02917815539921742	0.026502346579746466
0.011919605410588318	-0.030466476688017836	0.022862084690666293
0.007837344496241757	-0.032383755335741525	0.03786129776281849
-0.0017519966223345136	-0.043611011724381955	0.04472318269401512
-0.009524072447460145	-0.03504515379412286	0.025470147821636008
-0.011424245035975318	-0.040362011298756106	0.03468160167572701
0.0009168664841368581	-0.04199843516785755	0.036563642855642634
0.0006409563950408196	-0.04316095594983111	0.03401268223925253
0.0021811531385292782	-0.033555956489732586	0.02458583523120346
0.004452779318495258	-0.0267602731584064	0.015477819751599578
0.0025572775842345563	-0.04007939024715111	0.03280422785793239
-0.001963554815800818	-0.04384818304762451	0.03239328616373925
-0.0017136636439593282	-0.04671673135134947	0.035631741233425426
0.00036434190470804276	-0.04298349721940223	0.042364774753638375
0.00016430023853379692	-0.05262596750797828	0.04032183595725842
-0.002506100031183141	-0.03938618933006497	0.03669512034819591
0.008230673324134335	-0.0341647562485378	0.026509314172103733
0.017331787146757455	-0.028864134325932257	0.02780191627100679
0.019498532339293138	-0.013418309803474842	0.011656065181115323
0.026098822873195534	-0.0052885078594145886	0.009620726496965177
0.018541088529696666	0.0013608517615435571	0.0011472663949437696
0.024028960499174717	-0.0025356956308416334	0.005495824298681017
0.024974270086660606	0.0047538348518052715	0.004995314842517775
0.025242459278145085	0.007401602609823613	0.008203104598848487
0.023615493486920484	0.0014929423081317624	0.00398080369521521
0.020758871948940855	-0.0016244129565661136	0.007088875438604673
0.020766335663897535	-0.002054575263327907	0.01751096355653495
0.020040359424676482	-0.0017475002682389446	0.01688067838500739
0.017479840710553324	-0.010206467621978133	0.014975306156885238
0.015875558799292006	-0.01737134603239599	0.022635119611259212
0.017168467554098517	-0.015424051587436705	0.018471631975118686
0.014219700821128372	-0.019670658819621042	0.01836485831659304
0.014000356398115	-0.009678931299060289	0.012041566202290039
0.022861249379307138	-4.544885242995384e-05	0.009216957061948963
0.019670201411879466	0.0008775422660191786	0.009192919111511834
0.022147850851936914	-0.006044899468552951	0.011627805989534543
0.022292971451687033	-0.003855684954039467	0.011776238355474826
0.01796697248391416	-0.013951537354051942	0.014630754373576551
0.007493399525994067	-0.030080915831509715	0.031240833931429377
-0.003636427808415172	-0.04280374600259817	0.03393954596613713
0.0009690690438098368	-0.03888094834483339	0.03810555980496037
0.01322240432655106	-0.03427919507045791	0.03049101721738099
0.015929180392149633	-0.024877226102055144	0.02989300370203631
0.009823684878680896	-0.030570635709688862	0.023149438579937773
0.0035041372933147124	-0.03858514432674071	0.026485801125684185
0.006215322703150351	-0.03192305314310171	0.023894487130155254
0.01577137646334262	-0.026948378358299434	0.030825904687323456
0.015815042720201265	-0.022648083240053022	0.021972979059018426
0.007856454897837182	-0.02810103115036929	0.023806500030875657
0.007234095299836485	-0.024110594695420137	0.023797696665365797
0.010412494774286862	-0.028532036837614523	0.03311659085288145
0.0062345955690058935	-0.031054855019643966	0.042518446647569236
-0.0013324477595645715	-0.04091460810699715	0.045434737685282084
0.007125672608972054	-0.030501662614110307	0.034697189044669036
0.01605435798964416	-0.01729011017697189	0.035540510243869394
0.001552169544353342	-0.02620148856726	0.042579879762121756
-0.017234292955636134	-0.02008449599636009	0.05223122367956988
-0.045698359275247895	0.011251012856297997	0.03572912398129517
-0.04727077376891538	0.015432317366189885	0.023928937539878833
-0.04853939051978987	0.012209479256984448	0.030173125446626745
-0.05037170731410357	0.012485219391374855	0.02345598792580699
-0.05129690899404823	0.016226561412419547	0.02337871793827031
-0.04690412640205619	0.01674549382857839	0.03035753630880423
-0.05094812756313446	0.01704549752001365	0.03197357499630315
-0.04968700365504044	0.018354393334883496	0.032128918070906745
-0.04906360511210247	0.015436350047683376	0.014048147388736977
-0.0515831597440472	0.016711413024556823	0.017646618447827063
-0.0525049832269087	0.02010634482407154	0.0325801329466542
-0.04654964103640541	0.02072807934476411	0.03554895675689891
-0.048177110188083405	0.0173579681504558	0.032835561718381055
-0.04509333557278885	0.014300751014014203	0.024754348932909204
-0.042948235199834046	0.006128456969055725	0.02918087294698575
-0.02429663496139229	-0.008364305965416177	0.04790452549639029
-0.029216913082468925	-0.008703154886977513	0.04372829449905547
-0.037633461367836955	-0.0038756698826089495	0.040371944959899986
-0.03488174131746874	0.00010296494626977656	0.04611415751304248
-0.020774472698529986	-0.017148822103097594	0.04076268221449829
-0.018595223707135743	-0.024938278956704547	0.05062707654165596
-0.014323085898521505	-0.010028965996415144	0.054426558415035686
-0.04783598095991237	0.019646390263450077	0.04441086792509903
-0.04686477785315205	0.023678656510713856	0.040206882826277796
-0.04860343404416563	0.01946759938118951	0.03184537029324892
-0.05261226455933708	0.019742306691562884	0.03234431018579575
-0.04864004810544447	0.019260938084560204	0.027767107416969895
-0.04799589569586138	0.021033062335593652	0.02539234097274154
-0.049482061718943066	0.0217847002978306	0.03489289409651453
-0.04411396914822538	0.015192551859665828	0.021868734409246103
-0.05038147037292446	0.02115635260996389	0.02362626274807976
-0.04931612966150698	0.015874251922983515	0.013389653739908719
-0.048372566306042884	0.020497064178001918	0.030747056310123207
-0.04845189746111372	0.018229085473383113	0.023848780390405236
-0.0486231957309715	0.018775179062227056	0.025493824570509478
-0.04517547599573462	0.0179924027279685	0.029757316319570147
-0.05135386794461549	0.020346228947767143	0.02797131682691207
-0.04180263179883278	0.012907077965353073	0.021515954050689533
-0.04468183417291048	0.023604024902638902	0.03282891428210662
-0.04890080524396086	0.018797157244520978	0.020417966474154357
-0.04990529548267863	0.021114030713145528	0.02444539474340513
-0.04753748098106973	0.018161886630848712	0.028384499947659902
-0.04609801193825092	0.020161682851731453	0.032239182803112616
-0.046756942515526125	0.017781355608292176	0.029249418594434126
-0.044680360315035604	0.020803688570251604	0.03481634979509885
-0.048750295899308176	0.02057860147627438	0.028686356147226123
-0.04964832179811526	0.016650915506324065	0.026739616155077896
-0.04983649491360075	0.02068732002721096	0.02729674225011109
-0.04875336229850934	0.020813929251386594	0.03863143446207007
-0.04243535745908991	0.021002559557497268	0.038006774740198236
-0.04744299323123419	0.019868503744223068	0.03502670257941244
-0.049584648165424086	0.01942294935600828	0.03721013587635687
-0.049987290193896125	0.020140493731144744	0.03822544847525717
-0.05076633228181211	0.018882509772365073	0.032059090733631716
-0.045485743747292806	0.015835901214147494	0.031398532836871496
-0.05044692408198067	0.020961738148513997	0.04951910991350444
-0.051408956485619814	0.016603971320299043	0.041962073011034225
-0.049747539308295306	0.01673748676714139	0.035933755889681215
-0.0492752746562234	0.016777136197316245	0.03528722092463295
-0.04162654931978683	0.01599879815516268	0.0504529187147133
-0.048249209485299066	0.012691960460073086	0.037852371428035665
-0.05320039282802845	0.018259685166519653	0.03258472228257601
-0.05114319181585072	0.00853057957884401	0.023008312995933713
-0.047137015358678445	0.013188387907175069	0.04629904216777767
-0.03934210909882191	0.0003371278741343434	0.03428162554428469
-0.012699507740088066	-0.03078104549594644	0.05216504070581721
0.005222545571377852	-0.034530391818137274	0.050087509988467734
0.006440727066666762	-0.035441523323252636	0.05349627466651355
0.006604343210737921	-0.028893861948360557	0.04814396419887976
0.0034911043528802472	-0.033141641315393267	0.049101384933737544
0.01759277020007529	-0.016462216427641067	0.033753033755142145
0.019797194876953576	-0.012582535524090223	0.02019162804289743
0.02563655956181551	-0.008031757166358138	0.01751560145137445
0.020542561504830918	-0.0053578824496706996	0.017756167335008538
0.019368158434430224	-0.003008320021715559	0.0123118888676675
0.016984100563390486	-0.011913426633496507	0.016631945903981794
0.012992550399914352	-0.021828035772100376	0.03136899501724036
0.0075103252731062425	-0.025597697193721018	0.03115452997479838
0.010022530860573423	-0.01682234768393721	0.036696347442936275
0.010141062110318127	-0.026824055467412393	0.03233691684168531
0.007394776061720263	-0.024576426995107554	0.03590150300129747
0.003839847203566103	-0.026892528271843266	0.026181133702854017
0.0020306257154272295	-0.03606357154983084	0.043584243775915646
-0.0014855397138295984	-0.031054909283620938	0.04945721039634709
-0.0014799468103132288	-0.028696030873080793	0.045158775074069686
0.0005306075374523333	-0.0317641596059633	0.04651699007182948
0.0040891202716826	-0.023039767135894132	0.03876119320214485
-0.031995288883121954	-0.014010491089054625	0.04493303664843324
-0.050374201522071116	-0.0018340652765562713	0.04069233837487621
-0.04747694132074411	0.00560094666699684	0.022046572821631763
-0.04983245874985158	0.011315059554868041	0.024311608924470533
-0.03834478835062851	0.0014686411455778986	0.019830919434866506
-0.04905354775658494	0.005945301005890929	0.026059044433356396
-0.049760389013738075	0.0007845920772856192	0.023353013320477234
-0.037462537927461584	-0.0071300170543093485	0.01674939032864546
-0.021689484088901586	-0.01965926092429938	0.046260559370333104
-0.0014559175884117043	-0.03612215374938428	0.04946666014043198
-0.009797353518054332	-0.04447984478549062	0.04972281976461031
-0.014813381130171919	-0.038235807048736845	0.04488524780514752
-0.016466008607437216	-0.027206202054422892	0.040973262928343246
-0.027416028208393922	-0.02220722452664495	0.03503088284814575
-0.019086601306821608	-0.03462131569951297	0.033721699290940745
-0.01460771578412521	-0.035952844986205226	0.039535090890425076
-0.005123298071946361	-0.040215935944267533	0.047896011119443686
-0.0010821997211907922	-0.041111106823791446	0.05253992613069658
0.0025362357087376814	-0.04319140665372604	0.0383496722301853
0.00921109504682938	-0.03891752317435945	0.03093899616673116
0.01384630667143926	-0.027130777233213246	0.022411341466469753
0.016933061630931025	-0.035458484569058465	0.02609296269689551
0.014820231568083304	-0.03468875515902701	0.0267540320962553
0.009697597726096097	-0.04489701658722751	0.03169207330458423
0.012865748682499756	-0.03708723798803283	0.03356421432277916
0.010181036270888188	-0.03957076363672609	0.029790317744266336
0.01180905973578521	-0.03531416373586938	0.032883523534622205
0.019303025546299757	-0.018473718676028907	0.019421480362258395
0.007887962788305914	-0.028895942232072497	0.02287591175458801
0.01813092244777908	-0.022672983078769117	0.027970017805717985
0.018046933703658053	-0.02821688501593968	0.024975590640967875
0.015593409207307498	-0.024843078921821804	0.011857689798911468
0.023683045715973045	-0.011417027353847496	0.014005644974530872
0.021824055002787147	-0.012481150599824105	0.019872434820053277
0.024211128986799432	-0.00012894332009065886	0.005722285582412268
0.02552710617142301	0.003041297627671191	0.0028706037221764326
0.02431309445694404	0.012701308245511623	-0.009150007624522439
0.024202549697270974	0.011391225317220685	-0.0041790245187729065
0.025103298520702557	0.006661758807347444	-0.001046801038813449
0.022016596493828245	0.009611129565804453	-0.00011401308371059016
0.022074610732108858	-0.011144040969599898	0.008985604854168041
0.022257992154025366	-0.005522571921359457	0.012986908785270838
0.026987538006868848	0.0034685465672094407	0.002811145962002576
0.028046846952907607	0.010774082874824143	0.0007583356123564457
0.0240340141566644	0.014356281952750636	-0.002365674075316144
0.024743686442991433	0.011645439095153785	-0.004430764601087076
0.025793754200168637	0.021303897621926596	-0.009283401731993383
0.022923561072230144	0.028113300808019045	-0.011788067498015555
0.025710227479572568	0.02549852492175969	-0.011563746521635377
0.02882740046616521	0.021423204792537558	-0.011242507156922411
0.02177516443423308	0.011685310061522597	0.0006743537991164873
0.020349286846143108	0.008555641538232735	-0.003020449130759089
0.025403719631708434	0.020082181203066183	-0.006116964538443896
0.01772378834826326	0.022314859422499823	-0.0035422542084947023
0.021128292261948105	0.010930858623915714	-0.005082839869647429
0.019041328932238755	0.005691533479612496	0.007404733115592534
0.030686507062758387	0.013669188525477795	-0.003070884254199817
0.03114280658879124	0.004498274758318933	0.0015289405355589543
0.025971897646959	-0.0013538633153837914	0.013793070224204182
0.02118092698223352	0.0013457726169881184	0.013830366383172386
0.013773698765766477	-0.01527085814237888	0.025318726385827668
0.012878082437363153	-0.019580571430149244	0.038192058295739004
0.01785209649544594	-0.015443665248868227	0.025047956179661334
0.010242984759489466	-0.017706617351383472	0.011732205797610551
0.012754920256670556	-0.020293480241430028	0.024754433287461283
0.016399738759072205	-0.018254193191071178	0.026913323128145702
0.013487125935152904	-0.015173276620362927	0.015834599534608553
0.013811834637355764	-0.01822461426108961	0.018798941029469322
0.012172966974034916	-0.015349276679081534	0.02842496261237247
0.008928024268306429	-0.0262701439903065	0.04184083529747023
0.007074553325195999	-0.03085806956004229	0.036706151841252
-0.004726896187392378	-0.02752645966852714	0.047196428770374485
-0.012630451908837314	-0.02502947137523558	0.052122726530110935
-0.0276137711980029	-0.021321786714725056	0.06053458476390071
-0.05352120548104722	0.011535418526342213	0.029188091421256515
-0.05153245577291738	0.02100189489846464	0.046364602910693165
-0.047880162563773004	0.016797745673755932	0.03214638249162434
-0.05678822618546381	0.02301426864831362	0.03747419590377784
-0.05722936470320036	0.01793451180531311	0.031757730154675076
-0.05399782051089179	0.025400999604329882	0.03871132880988403
-0.052083703134946965	0.01810984520601735	0.030332933876607515
-0.049151172730538664	0.021278920991864556	0.03925729794782348
-0.052666454650211886	0.021487086393639734	0.034693709358627346
-0.0480293486266273	0.01863996039390171	0.02893124454368424
-0.05154379694009936	0.021754121587085493	0.03597885109221788
-0.051180810181519015	0.020696749444010794	0.04514565034964399
-0.050997638683470396	0.018784196201348222	0.025396234185148137
-0.048400085042633614	0.01869996599623538	0.03408925324991103
-0.05130716619907848	0.012784864381803124	0.02693423892662445
-0.048234292023469134	0.014727691510337045	0.028299353696719355
-0.05218143407905684	0.018466716842821425	0.03933339367813585
-0.04958142641505265	0.019674038445041477	0.03986943530462828
-0.0528166590978447	0.01611225252594325	0.029605777700607253
-0.05119545141038633	0.01876812614395695	0.03315518898104732
-0.05208483332031683	0.01989592397102957	0.04115453175579607
-0.05159854424825976	0.02160917321670977	0.03255771096172602
-0.041403484974595624	0.017016297060813475	0.02707188525178994
-0.05048152453479401	0.021280370140742397	0.042125133128046374
-0.0510269597617559	0.022431001126431628	0.042080800593488184
-0.04899847218627748	0.01867994304306223	0.029669363999383074
-0.0494322789613435	0.01888258659869264	0.04052740241132958
-0.04775648450177886	0.017389947539798	0.025477770145023566
-0.050376021917558564	0.019090431971692672	0.03594047588059944
-0.054472303332206554	0.017214480709187775	0.01963801279009577
-0.04963983703673688	0.021032246437763906	0.04038060284043212
-0.046758163680224625	0.015748017877910872	0.02014045107255727
-0.054433650571185564	0.018700272170230983	0.02597581916976696
-0.0481843041633816	0.01805759920858815	0.0422690214907722
-0.05411944599537095	0.021238693148772757	0.03981319306511971
-0.053706505203785934	0.024475056115773376	0.03738607673167786
-0.05213410728775027	0.019528085731315013	0.025083548088807736
-0.05004232696439749	0.016523127945751327	0.03189022850267336
-0.052228140911713496	0.01245235994981604	0.02485619689588544
-0.051545428067989174	0.019281943411094474	0.03678424091061064
-0.05303667018610032	0.020376682673277784	0.02562466557789607
-0.049540876888205694	0.014373888603613945	0.03233753097772424
-0.04722741170571412	0.01526265345143167	0.03370385061945089
-0.05089328145641434	0.01709264519640199	0.021416099180907006
-0.053931151649032665	0.019546254731207094	0.02679155897463273
-0.05275789124746747	0.015810021401179465	0.032370459298532085
-0.05125150795082142	0.023297501357580422	0.03841587583723023
-0.051992674960645836	0.02273417146211013	0.038523066840762135
-0.05141821020223902	0.016339824524817376	0.026246607746161388
-0.051728228373404135	0.017075939906532413	0.034154162367614885
-0.05397405827440032	0.01703437819053635	0.028602135186385748
-0.053101908450069304	0.015896849073012052	0.03158890576840277
-0.051345631143817815	0.017529079107694513	0.0391529222949902
-0.053887608833618934	0.015450504932567976	0.032516672554252
-0.05585299195201061	0.014512784981492258	0.0219379075167956
-0.05345513823494262	0.020498428753431563	0.03968036831218755
-0.048011257653806476	0.011224674636503841	0.023699464795576268
-0.05325791327945102	0.01808641599011558	0.029608635338109167
-0.05421528855483354	0.016807540814404574	0.03181821144487177
-0.0534772086031538	0.01739106452472686	0.03606656066225757
-0.053261691288463704	0.014127877025345265	0.03521771553850263
-0.04713650725932269	0.011931610373908543	0.034329544635553086
-0.04950206870847107	0.014504715378287968	0.036877793363939704
-0.045440913818108164	0.008824407674776194	0.04350143966426608
-0.046200167166036664	0.007614395117134405	0.029747875844548882
-0.004619259151755307	-0.018754620082369562	0.05707815198433783
0.001038995568214116	-0.029207435895704324	0.06060795094944476
-0.0014418653261944765	-0.029335301919560082	0.053535217518689227
0.00728148655249317	-0.020529236385114162	0.036375096094064245
0.007141844327946904	-0.011846113174293273	0.045532204937836565
0.01573430438888023	-0.012409678267491508	0.03335242957541254
0.01950400253244913	-0.00817000271585082	0.01783916965087435
0.020555246484903013	-0.011358915870914938	0.02047351772700591
0.02441237077794219	-0.014034710919159204	0.023127696924040046
0.01881739597429397	-0.01695477642571552	0.028599322849883542
0.01737633235728783	-0.011303033512459693	0.0030033921475172472
0.022468554291661235	-0.012511605894555447	0.024025456027545692
0.01934522305458531	-0.005511704499743263	0.010354494687611354
0.021866785634876512	-0.0007823205783885989	0.014591539608942689
0.02851357511061365	0.006784207610071423	-0.0018190482288222391
0.02356519584834269	-0.0018373899357107665	0.004946596966083391
0.022225836430620514	-0.0002934653548396607	0.0025357965997765096
0.021632964993204173	-0.0021795313575969726	0.004637837520531048
0.022034040496319855	0.0033781028968808318	0.0015149093378187886
0.026681294491989315	0.0053269973692689826	-0.004250771477797812
0.023899092162655042	-0.0010336360707497668	0.00793016472352992
0.01882562680998877	-0.017573351804916818	0.01642999403395912
0.017825859060068592	-0.013846897675155097	0.005844995691476722
0.021171030976936043	-0.014962374470405217	0.010727272882941976
0.020820072550674137	-0.00655381775568989	0.010971700506893686
0.027811183810073702	0.016770890130350036	-0.004825680595754615
0.02337779219803897	0.008931077568098838	-0.008262902348175082
0.0323115268027066	0.011907796399594918	-0.0016449911497331965
0.029512416306637885	0.017298633336212763	-0.00946499185059281
0.03159390973117502	0.018724004063653384	-0.009118677375734248
0.026199935799800227	0.02420811019695089	-0.01261002888386313
0.026445606256276344	0.025316715992644234	-0.019739810768048295
0.03314483993507694	0.03107199904543564	-0.019838735986969773
0.02122817078699218	0.02000204629388909	-0.008243501432245767
0.024500661116767908	0.022170575985518193	-0.01167819102719761
0.026321062422896627	0.019823256729318242	-0.00723611414757953
0.026803711495160143	0.01245442073155899	-0.004180292566974428
0.030048446573811765	0.018045792856739712	-0.005720613138623692
0.023626493522985192	0.010097685058853775	-0.004216059035346366
0.01938228601828883	0.024654359606488797	-0.015382211465015325
0.021911192582734284	0.02400754172312687	-0.017897005573981207
0.021643016545775648	0.02225498445374405	-0.008976532351374609
0.025996851802685038	0.02284880956911522	-0.009653850181744316
0.02068478062544866	0.008374332710888187	-0.0008567864546507008
0.023166318996148707	0.010913699226023626	0.0007743547040422391
0.022397877753474967	0.0047995780967949545	0.009096857247028245
0.014264427994677219	-0.010767875775799528	0.0269358529208402
0.01799951544838347	-0.0035912747469111837	0.01529348632829374
0.008988487710965463	-0.013157532897775302	0.03677193066306045
-0.03535142571197088	-0.0071797293257470935	0.05225375786029248
-0.05340232408904471	0.01890488414283493	0.03866125501382958
-0.0527041333474807	0.01685229539645326	0.032785216565716944
-0.050134792434608944	0.014246247987484846	0.02433970634272921
-0.05319371385424031	0.016118884078463243	0.024498386616834913
-0.0601064646360815	0.01774113048652571	0.03560645139892019
-0.04803120366507541	0.011568841606119496	0.026208209359110966
-0.04347459301695125	0.015082298648577292	0.02760446650575344
-0.021133632400432572	-0.0017162374113597902	0.017634143792187654
-0.04349514738089421	0.013697104765550196	0.04104120020534835
-0.035119921168591896	0.013738735075858658	0.03373439184022559
-0.04485318876583765	0.01402247936219558	0.03413807095762645
-0.04588727416426234	0.016947678125429386	0.03958302080630165
-0.04719823421629862	0.018270291164309786	0.03502693890899842
-0.03910677920624837	0.01771121063415849	0.04372410005651482
-0.028702665774438987	0.007823615324531985	0.031299140584667054
-0.05063369733904905	0.020134384077955775	0.03743989575068429
-0.0493580754446962	0.023404264228359353	0.04818306101132793
-0.042912838969145675	0.012204829647192413	0.02816360648300307
-0.049062001052724194	0.02171043759728728	0.03718837994723588
-0.0387842458571638	0.02093624206738831	0.031233674736488456
-0.05144330424860447	0.023148372474720524	0.029646660675116822
-0.057370344729496994	0.02588403779159666	0.03994829533146874
-0.06100034100349786	0.025129345424243884	0.030428317259253344
-0.0577320029322965	0.020907919249666576	0.026332515920507317
-0.04014959883786726	0.00924386735631007	0.01781299389435568
nan	nan	nan
nan	nan	nan
nan	nan	nan
-0.023572269037967317	0.011780584860816868	-0.0009291657693528792
-0.03125582809000372	0.013763947868872148	0.0024701771589650673
-0.03540159993191932	0.012729681256627184	-0.00045962654074205994
-0.03823855219673038	0.014654287311366516	0.010488754096493753
-0.01937779825116581	0.0036710685028143604	0.008572538844284414
nan	nan	nan
nan	nan	nan
nan	nan	nan
nan	nan	nan
nan	nan	nan
nan	nan	nan
nan	nan	nan
nan	nan	nan
nan	nan	nan
nan	nan	nan
nan	nan	nan
nan	nan	nan
nan	nan	nan
nan	nan	nan
nan	nan	nan
nan	nan	nan
nan	nan	nan
nan	nan	nan
nan	nan	nan
nan	nan	nan
nan	nan	nan
nan	nan	nan
nan	nan	nan
nan	nan	nan
nan	nan	nan
nan	nan	nan
nan	nan	nan
nan	nan	nan
nan	nan	nan
nan	nan	nan
nan	nan	nan
-0.022221056752961047	0.01114295635716041	-0.0023081854319089087
-0.03218577626465263	0.015310289343215757	0.008960611440312363
-0.038199776989879905	0.016487266637375035	0.011418491626390102
-0.03893709762927494	0.012967010677667838	0.006022355745861886
-0.04463101892233962	0.018810682697552185	0.016762893282837137
-0.041503451363761185	0.013312735633404751	-0.002949869437188314
-0.04287712612216293	0.0180574711159965	0.01368362350871364
-0.04131567020852014	0.015514896016164657	0.01863441038741702
-0.048334739853844844	0.019436780368163042	0.019023911985141882
-0.046851381674419566	0.013433231568845396	0.011322928300358859
-0.048902523828398235	0.02079929026711402	0.024057790247288095
-0.0529601461752525	0.015126743161548304	0.021486231921476348
-0.052695740258332846	0.021579416433788204	0.026559368599189233
-0.04853355494970527	0.015510782210222906	0.017121357767424378
-0.052927291798006676	0.02211112392138084	0.030917527462433626
-0.051013857627110366	0.017003550061275133	0.017883971851039314
-0.052759277355936274	0.016294675112317355	0.028357564167982838
-0.05188447904968106	0.020717432640513435	0.02347148339170385
-0.049416038187217015	0.012144809610922477	0.005036122164685089
-0.04992873047366657	0.010275488199102002	0.03209174112014994
-0.05039801979905454	0.0011235831919320727	0.02291415400953562
-0.03802408230529402	-0.012475570509815214	0.026843497212030137
-0.013913434221028196	-0.03425484513004668	0.050231757134936536
0.005030083625646988	-0.016929518715650176	0.0373270068880701
0.01469341571016557	-0.0189895878323829	0.022666426135003054
0.019276844333927193	-0.010709175221997658	0.021856912963912227
0.018782650248518395	-0.01020182723760536	0.016840662137854047
0.023310338116478438	0.0012986757282958032	0.009100945285267434
0.022106611778896335	-0.00705405475342151	0.009318018612905104
0.00606004944405548	-0.03706743566371347	0.03213608292375111
0.0023158104757357544	-0.0414975046293346	0.03646869370424303
-0.00566931771901078	-0.04274748129025258	0.030715029961469915
-0.011624976518204924	-0.03980201351715986	0.03466334497203144
-0.015231666331655264	-0.042490022155410964	0.03594245634835943
-0.018820672379425373	-0.035021151486837473	0.03644792561599201
-0.001482530146006637	-0.02523459315363486	0.02633823833810243
0.015833530001247917	-0.024104255986497722	0.023982242341861623
0.007961096075966345	-0.03720192281380605	0.035024783739425525
-0.002671970672297692	-0.039614818212493644	0.032706534340009
0.001283511239174573	-0.031673830535225746	0.0349135897423593
0.0023668222160840814	-0.041164562371097356	0.03682413072508102
0.008352249576421621	-0.03627257652932711	0.029925446756585802
0.011895811909503697	-0.0326066752250688	0.031695314680768416
0.002957680856165681	-0.05058554594152446	0.031401347897039536
-0.002307602468078661	-0.04400858386723004	0.03756865743332301
0.008165636824992478	-0.03281001875695326	0.03080582231510018
0.023496036181322597	-0.003729182137853182	0.006193656646567822
0.0220703419970055	-0.008170181205310031	0.01178560800080524
0.025235723713096812	-0.005352653298293702	0.006034855277001951
0.01589746448206779	-0.025199201431088367	0.029523615338122235
0.0038548936407930994	-0.03938078090746427	0.04850436483904505
0.00956969151787982	-0.03585982045330097	0.03346485612004562
0.007267346851041976	-0.04394562991806337	0.03346188312265613
0.010806440165419866	-0.036944185745822755	0.023985072115114248
0.009786315757952248	-0.04071662235146124	0.02244956987007536
0.005004007153220621	-0.042675306215873586	0.011015736507748782
0.010436601517386412	-0.029657997410480672	0.017373675696771555
0.015426216506073903	-0.03558029109328983	0.022274560983846888
0.027365080900386328	-0.009234355479329255	0.004603018077981504
0.027235164682353877	0.01255621352689598	-0.011610162307532906
0.018287490142232694	0.0018584055328850226	-0.002451837767525125
0.028923960601905194	0.002955533073604206	-0.0077496131309195485
0.02558799900598604	0.007352302581516433	-0.0033598416543160065
0.021241866952456792	0.020982815559819987	-0.018083764950560778
0.02488249876109144	0.02764277389320929	-0.018851097462193236
0.022795657581856008	0.019093615163637036	-0.009268909831265198
0.021101561808265924	0.02717324252270148	-0.02432234408610773
0.025059356816337638	0.024165610664447643	-0.020983658070485793
0.023765790371091815	0.033010235725700166	-0.02480270339994019
0.021977906575949818	0.024264613605889253	-0.022185467533121075
0.021793654927098713	0.026631172742350093	-0.021383358858021232
0.021018770156957932	0.017988350661066327	-0.013200385223167209
0.026640207072529294	0.02010302573819779	-0.01789495044480696
0.02288937509233399	0.013587878244830206	-0.018601595141742134
0.019416400375652967	0.011334836913755466	-0.006326785450350893
0.02384840420079295	0.0167702181341408	-0.018621080579732035
0.016560598239642364	0.019881882596483998	-0.01739875602196614
0.015421323479944807	0.02796781076556631	-0.025863777989830257
0.01617433594205258	0.026212895995869158	-0.02175855756907737
0.019094327922367045	0.010381907990496339	-0.017225106810332208
0.01651992341601357	-0.006592073073688972	-0.003782908355801893
0.009308631070429658	-0.02797921075970568	0.004572549990801625
0.00929704283082595	-0.028205439871076876	0.002688282760168273
0.004736210142263618	-0.028643112534001175	0.00010387096094681587
0.009693973252300016	-0.03186139787269921	0.00842134737679718
0.018503662178077477	-0.022162511541048088	0.0006381692148675587
0.02001732035880981	8.460144289017436e-05	-0.007946280570508932
0.020820489842029024	0.007089948004361678	-0.011926419539950248
0.021549297223337045	0.01344132537263876	-0.014467357565997471
0.019085600869953055	0.028736971231935002	-0.027254245476901685
0.01782564064152274	0.02182400163029993	-0.017645672125481054
0.018644059841103736	0.02368023293579312	-0.02223528202185226
0.01742847995362332	0.024916754967609523	-0.019497582501978188
0.012808668247945342	0.021563473159747947	-0.020713429430892147
0.018235724868219016	0.02743150109017216	-0.025599695212123793
0.02359166895783843	0.02719737375075865	-0.02585585178759674
0.015427578595437164	0.019864180005239377	-0.01693794590386605
0.017184209944436667	0.023301278874619368	-0.019967150826245093
0.014188518178943791	0.01872537844430123	-0.01607513222861392
0.01084186745430449	0.02389813748128319	-0.02215208815736417
0.01587550079337047	0.030219881289636697	-0.02723128694828694
0.011835363218097583	0.022785842304173434	-0.017989303356462844
0.01574750888322543	0.028512059960876385	-0.024502648065346518
0.01389070991401176	0.02724114518072231	-0.023233343843486458
0.011744983715463187	0.027831819079803925	-0.02448342741302312
0.01599046058171094	0.028605198674970467	-0.026932443647963305
0.008933830746112531	0.021682301613428344	-0.021605160576873426
0.011968099010461215	0.01907710560884653	-0.01754020133293758
0.009138125517320338	0.02078664379918124	-0.02008537036093131
0.01062554925818085	0.023718617699600725	-0.01974140705965516
0.010628753321904313	0.023544693169782447	-0.017924065022549694
0.018371530020240525	0.03038338959949802	-0.026739357592230763
0.02136829809577204	0.031187274088273056	-0.02912320974164202
0.014899141044534473	0.02830562013512706	-0.028780023182310994
0.01212684784114614	0.028360006824460885	-0.024535602739875553
0.01305801344821733	0.023717374874497706	-0.022630177352304104
0.01334941367787713	0.027687770439011623	-0.026062971672582435
0.015605886398039802	0.027869448625539483	-0.030291989382678172
0.016901189625587478	0.0258185252038844	-0.0233766572829887
0.016522811973436795	0.02436762005913074	-0.020988138683659337
0.01865703089217307	0.032786525532391815	-0.029878108606665395
0.01889788477341124	0.02893808410059784	-0.029032796500758143
0.022712306001138948	0.024787172779663167	-0.02887260828329867
0.012740388842254535	0.019146554787372004	-0.016108940253823242
0.011162267614384084	0.019417081696927112	-0.021599961395816984
0.010283725125261023	0.019286684901661945	-0.01651272698473646
0.017574776954191264	0.028057253165501297	-0.02597041242987517
0.014532778266896796	0.019775751941399515	-0.019345520055402462
0.008445670943441185	0.010444218675061021	-0.014030749677194572
0.01417979524058924	0.0145839736731186	-0.019579808286920755
0.014519829399411386	0.023663532164868002	-0.023090927553063405
0.018145975896706492	0.028351374061325416	-0.02800094360848049
0.02457225966370296	0.03340909171114161	-0.03273858657585241
0.01967779995085119	0.026375674266091154	-0.026985203818580175
0.015816843060568415	0.013586655405046144	-0.009857808514442158
0.023940747963826725	0.0310403609847762	-0.028473602168599628
0.023930155688698107	0.03071956979342929	-0.029780605185353238
0.021341364651532663	0.02723545636518661	-0.026963218848114524
0.018303018259224403	0.02360564352080511	-0.024499725636499887
0.017446002334507243	0.024894537739858447	-0.02155680336526116
0.014107359841446798	0.02316614297201946	-0.0211926782395249
0.014382106116818108	0.020057055546571202	-0.01697196973399312
0.02256310152621739	0.032778543082526236	-0.029900464391052404
0.020948554147803403	0.02257574687417911	-0.023718032392194152
0.016649769620387025	0.02064926022136486	-0.016924468840548785
0.016295356806746878	0.024938728837186827	-0.02641806520440418
0.024703030858630296	0.029023648061930828	-0.030832228844951525
0.01894979917128658	0.028297777935681164	-0.025297132183313358
0.01821743478714963	0.018816395025827822	-0.02458454808730436
0.02105398218287431	0.027207078877576337	-0.02243545560208771
0.01235654555683928	0.015319476918012064	-0.013845791681403336
0.028009813670589145	0.03460782773284029	-0.03335428813489716
0.013756846838814868	0.022533309521110968	-0.023042582547895915
0.016858758620809582	0.01912755053871122	-0.019703199408184352
0.02077653247381414	0.025918142336312237	-0.025760378654113313
0.02435686202545165	0.016324686634085886	-0.016288851576794546
0.01961945207775712	0.018330249398015305	-0.018811141362634138
0.01987348581957221	0.013128093833091773	-0.014099717238494645
0.01874426050625009	0.00983508699278249	-0.020993259323866933
0.016160214146160933	0.004438559962858327	-0.012835780021408047
0.018494703951487567	0.010356976874238906	-0.027497979891253212
0.017515344393753463	0.004855217509881377	-0.017215075904040426
0.021646307011827747	0.013646802257922117	-0.01587620216345109
0.018511486915591277	0.010467635361199336	-0.019141140898624565
0.020739276635965774	0.019203408394798487	-0.023782932089858797
0.01326087822635079	0.011726602157793108	-0.016587112953012934
0.01911600963140353	0.007485713824072962	-0.018316096160085782
0.00895144876987035	0.005672502214393219	-0.010837365401878718
0.026195985473155426	0.013813959920615793	-0.01875785063252529
0.020191451647660247	0.011338303840112241	-0.013455683657698385
0.024341908360510433	0.03373083080157088	-0.031599231965537475
0.018088628093443953	0.027448541582698764	-0.02778625510100562
0.023296903065370793	0.02370649017397295	-0.02458481917766609
0.024460634670672884	0.025507063648196503	-0.02573809324566576
0.022882420620444124	0.02615617093951283	-0.03015925584893093
0.02464424666516485	0.01984752199030694	-0.022441088535018718
0.019373167781968667	0.018674254923729275	-0.01972849423028368
0.0161467989779344	0.019553272631623948	-0.018583447209876636
0.022889308638525663	0.025947482034135924	-0.027813992737161165
0.026914613405416968	0.016108356263278667	-0.025870447103941315
0.02672963515581845	0.008991329970814602	-0.016976263142302807
0.022445015066930408	0.012910497418568518	-0.01846843291496957
0.02523553295177507	0.030265634292258647	-0.02649530387680797
0.019585496716229365	0.02282396892067195	-0.022001097079154923
0.025787259185309285	0.021317474720617898	-0.023323557652254637
0.027589518832946743	0.01928243589863629	-0.022447339651455636
0.01902090189369835	0.020514756092029428	-0.020148064918747054
0.027049714978624798	0.02323988856112033	-0.026531268077316778
0.024662589023163182	0.02018937318625029	-0.02588735545230465
0.02546565677549321	0.022770619266043613	-0.02533938504289047
0.02873174151932168	0.01590045029150364	-0.022474149781964218
0.028012509389030268	0.028036022138881712	-0.02992908218158659
0.023259548529292257	0.0022311105523824034	-0.01385386169377099
0.027826836476741085	0.00554170792920157	-0.013344922050845486
0.026032554454180366	0.006916955204109885	-0.01601446031142741
0.02681866928143767	0.00893906024551771	-0.01619387154818273
0.027467647866369512	0.016678371658867163	-0.022451943614365158
0.0287599500627383	0.014675955202477633	-0.02639341469132707
0.023824136116681424	0.008304861145943632	-0.030305430990447357
0.019881969403967976	0.0073555638152130705	-0.01807424553191286
0.02689061202221594	0.010380678562109237	-0.021281816636787805
0.01879146805365715	0.013666745936144033	-0.014688123662214052
0.02569154583645326	0.017307730350316356	-0.02278352212434888
0.02634637692746648	0.023827192543046608	-0.02096194222348888
0.018098172174615644	0.023690132055976195	-0.019770538000962123
0.026650634247154848	0.019716924390206444	-0.021466922994638715
0.03174506278438223	0.007629603059867138	-0.018751667866107588
0.028348230282815714	0.010659512202613821	-0.016729314239697778
0.030043687514809608	0.004782721204157692	-0.010622550556871276
0.03031601583915804	-0.0049727104157451345	-0.011244059071028528
0.02685456621324237	-0.007662192462517625	-0.010075574277107112
0.0264225918143827	-0.0011401163669785106	-0.009006511400985191
0.027093987089853545	0.008859493460878979	-0.014713236808629078
0.029000876043977306	0.008586911481482962	-0.015514914556728349
0.027589965315076098	0.009743489954166143	-0.019731665054889505
0.02739562843638931	0.006388971818050431	-0.015742493754426955
0.026203736161359178	0.010725345285547064	-0.019667445689516967
0.02358175542159879	0.010258051387988791	-0.013500807894302545
0.030287205902209804	0.013695349456451606	-0.020920208131239782
0.030572268656420914	0.009267884738969072	-0.014610683204137876
0.030337535314683986	0.00715151550026884	-0.017135940472863247
0.023540094602913536	0.010470346070069	-0.013026540380880997
0.03020036532875482	-0.005994823817927677	-0.013481503260223546
0.027998362204976427	0.0008900681668313645	-0.018525079112761512
0.034122727472777475	-0.004992661788275591	-0.009948871397287493
0.024680079603276277	0.001941911439935904	-0.017002711307093684
0.031786925315521755	-0.001607993856095064	-0.01430816649132343
0.024831939026206444	-0.012439405484591725	-0.0027491946255582787
0.013480033451733956	-0.0018565135869472976	-0.0062194338479442425
0.019681979166794532	-0.01305084065112939	-0.006823294765386772
0.027907746870371907	-0.0030078210944247444	-0.016316584413348652
0.025971697089435846	-0.01600670243148562	-0.008961280090418508
0.023882348345781727	-0.0358946657277065	-0.0026262774862350763
0.020461415961153497	-0.04642539950842121	-0.008709195385719827
0.019733182130864887	-0.034141168616870055	0.0014675703821672714
0.014638796771144639	-0.03908966206533114	0.00047204471976356084
-0.0030781411215197695	-0.057700151390948154	-0.01721632027047335
0.003343993974358065	-0.05859052269236156	-0.007044131295839561
-0.00014415858015914425	-0.06238785975411605	-0.014115763537297077
-0.002289734137374529	-0.05775690849789814	-0.01571385804593528
-0.006978354095113022	-0.05281468901764596	-0.026989849197540862
-0.016251416071059944	-0.04659071413760686	-0.02766100106194047
-0.02781198699664985	-0.046040130120249344	-0.052891927405260095
-0.03223618623836939	-0.04069250502505555	-0.061057924260052764
-0.038740073904453234	-0.032602304638241764	-0.06096622033803768
-0.04405709120568559	-0.028523190888674915	-0.0684367301410881
-0.04348173097088787	-0.023251956374507842	-0.07010546244315406
-0.045442874167472204	-0.016681745766572453	-0.06544071078155803
-0.045969534145969174	-0.017599158230218827	-0.06473978015900836
-0.04380834055542634	-0.02053168662162701	-0.0682035006299239
-0.04579084778762004	-0.01780670658319534	-0.060610749887775914
-0.04841851836105063	-0.01822853320278049	-0.06298788087799376
-0.04857810201959983	-0.01305190970634588	-0.05135570395269825
-0.048600782961531426	-0.015710725044231814	-0.057748033446182255
-0.04532807096621207	-0.01506123965134549	-0.04884966724649319
-0.04898215785345957	-0.008705986410593296	-0.05114135891937397
-0.0467639278869739	-0.012041009699481721	-0.05256317227202492
-0.047613255118784184	-0.015573745394903686	-0.058843754909501014
-0.05193288699685645	-0.012356925790959887	-0.04880687437618374
-0.05368955807529929	-0.009239286502919143	-0.04473413157560963
-0.05164683088713371	-0.010928411066212694	-0.04635401072812611
-0.04943835746124217	-0.012091063578883347	-0.04318571481059842
-0.049564418230581365	-0.00963495010916808	-0.04385083005888349
-0.04948871103030772	-0.016141509963777317	-0.04765711195975928
-0.05187233022492181	-0.012489307540801924	-0.05048089122899699
-0.049911963153542196	-0.008681067259008805	-0.042009277227726155
-0.045629778400264435	-0.009270999765044852	-0.04550328559497086
-0.050787102652241616	-0.011107911070143651	-0.049143582682643745
-0.051559422223093176	-0.009226784094422666	-0.045959053873710895
-0.05099066134070234	-0.012801456020197251	-0.049916654182993826
-0.048853218411065776	-0.012342613899647827	-0.047173285198050446
-0.04208122677736902	-0.007023576720911595	-0.043655796826461014
-0.049955958470350996	-0.01867392397075358	-0.062209655054718135
-0.048472627021527465	-0.013128869567730683	-0.04901586988079954
-0.05255142719991102	-0.01802162138954703	-0.062101921071962544
-0.05044241760809042	-0.024489000702039597	-0.06195646664501229
-0.044067855575668766	-0.03524026757158554	-0.05068690019483701
-0.005303432728249415	-0.048940772519526214	-0.0036698264264041353
0.011465173054819077	-0.05707344151006144	0.012481798959169187
0.015472224761245816	-0.04358093449590571	0.007537258498144267
0.02487079745318776	-0.041818439087523876	0.005912481459797371
0.023600396852898147	-0.010275451820129912	-0.008012938171894236
0.02119680621631778	-0.042394509506249005	0.00017763069637848766
0.0005057738908445365	-0.061696399408520786	0.009093765105442311
-0.0029688577766073822	-0.056364050213863086	0.0035941055721346905
-0.0034508298718466768	-0.06165078118188938	0.011813828867469345
-0.002870347722360757	-0.05543682416478142	0.002746429480723015
-0.00732461780942791	-0.06061888378457042	-0.010669901960481693
-0.023343706428208207	-0.05579512527156186	-0.03504047934877039
-0.03564977930403211	-0.036750877277344524	-0.05931729743235847
-0.03954442504493555	-0.030041110499409652	-0.04179831812473595
-0.04194012704434639	-0.031160386220294625	-0.04469150710906479
-0.0435387002257844	-0.036113371378513	-0.05234140788942496
-0.039906043301473855	-0.030489770533635965	-0.05203726915456249
-0.03407353008255744	-0.02598770445331626	-0.04284174599149494
-0.0316272885394347	-0.04569676788054804	-0.0354163410966165
-0.03377996124259791	-0.04037804849187324	-0.04728429491926335
-0.03139733751707812	-0.04678510820355265	-0.0296820977773311
-0.01606184197890401	-0.05398249353744401	-0.009182535452218825
-0.018271096072930097	-0.0574698152478744	-0.013338034410706606
-0.010740649731538302	-0.045898023267243314	-0.004670504522568728
-0.01339844736380387	-0.06140347294028352	0.0026008900962293316
-0.004348013099155315	-0.06486717625451296	0.0011937678690958605
-0.0074415881114925355	-0.059619828245509744	0.00822452493526323
-0.007323709162764925	-0.06287201715920354	-0.005951528205560149
-0.0006058443474687197	-0.05990330591689514	0.011366177438978822
0.020708752813935718	-0.03705961348659005	0.0008253548820355491
0.028398066783195116	-0.017128469876186565	-0.007696731602998226
0.025975602908556075	-0.02200720208746139	-0.0011990763417544098
0.02653015562919867	-0.014952536974095777	-0.005369169927828755
0.028447123490297807	-0.006358119177809205	-0.0070104359760885145
0.0257176448436148	-0.010752244253790585	-0.0020314981322063427
0.027994518033791337	-0.006239061166805225	-0.0027436311630974763
0.024813649888395524	-0.01924892218860605	-0.002112078374364921
0.027826886280578726	-0.018908811932284702	-0.006769943016617822
0.028777041550879186	-0.009680927039549954	-0.012871189775748797
0.030406991678294682	-0.015549795609521902	-0.005942793035780599
0.02675578178646413	-0.007315670432121822	-0.010295705585704373
0.02280450162122806	-0.0208345380515187	-0.011347832674625975
0.02115699714682621	-0.03250514820948601	0.004480503683936779
0.023631921386189584	-0.023450014383366347	0.004409828642315004
0.020996524631470424	-0.021893610788092332	-0.00170581083780302
0.02145731922054025	-0.027880502361791876	0.002013126083998198
0.011237912410634016	-0.044464692602464745	-0.0011894820826762725
0.007478759860678385	-0.053060227056240576	-0.0005096005572513048
-0.0028893460401334674	-0.06770570830440681	-0.0030419293234515373
-0.001438703170162625	-0.0531202094710005	0.004919557834588972
-0.0003552734308451317	-0.05064583719396799	0.013610034404525065
0.006467438260284992	-0.05302856602569453	0.009749655449906061
0.009736507851343574	-0.04787563160686928	0.013654966168683363
0.011792271961511221	-0.036362974342642886	0.00962288981984168
0.01373810914258001	-0.040502237046694534	0.01764298767979623
0.017663520536801217	-0.03317681456646381	0.007854780240132137
0.023177816520805847	-0.03077211755535345	0.008143192281270686
0.022573324214749127	-0.03754987512225316	0.013662905237187568
0.021615186234543445	-0.0315132102841398	0.016427652288152617
0.011762575329651422	-0.046236303021778315	0.0162613070500016
0.005831693815151834	-0.0446133672933066	0.007868416251915023
0.009240043298894014	-0.04355295491122256	0.009260325935246122
0.0016192916049484261	-0.013585928278199239	0.020766672747042667
0.007318396642073168	-0.03466868355737529	0.01641402909799386
0.00650390863062781	-0.04694251427890561	0.012489527000744098
0.006103865049032016	-0.046974467089175416	0.014473470928081607
-0.0015481718460567005	-0.04135470409090428	0.019565181938891365
0.0002754629077620148	-0.04438010989245876	0.004384152273358191
-0.005879189490438134	-0.04148310411806383	0.012853151913474284
-0.006789397114632409	-0.026465411624083494	0.008185585720665817
-0.004282770600696085	-0.05405630564760314	0.004465928185574689
-0.00542074674964066	-0.03328464088988043	0.008172365224928868
nan	nan	nan
-0.006395275473684056	-0.021027006231366246	0.013000205413144316
-0.001806163697878038	-0.046185901999663444	-0.001632812967764635
0.003939882761903496	-0.05959062831186849	-0.008444573666351967
-0.03139671218898312	-0.038949420971055124	-0.057241803930673046
-0.043566373682147344	-0.024896351997583416	-0.05898701481834835
-0.048486147440393604	-0.02171967440896778	-0.05843507067343166
-0.04864874131735112	-0.02098912523514272	-0.06202663060576637
-0.04695346308008606	-0.0209473259593821	-0.06856281937943878
-0.04749007112397785	-0.017927405861370586	-0.0633222240415919
-0.04575741246401364	-0.018035718685250873	-0.06399063238333219
-0.04510047130232041	-0.021768798250749722	-0.07079363338441078
-0.04646760473209944	-0.01863958080496145	-0.055252802412271235
-0.04768087006837924	-0.013679191235667852	-0.047659145016463365
-0.038832033328361194	-0.017488072422508424	-0.04786769763135745
-0.04192028358975541	-0.017045023690988394	-0.05242154798237392
-0.045027102671801135	-0.01616958363933026	-0.05920210492330531
-0.04742837849165248	-0.020475576401268552	-0.06313913108976833
-0.048359051603760764	-0.015705782497999306	-0.0652717243035137
-0.048437474761877285	-0.02179100897538386	-0.06097725122867673
-0.04020189303740328	-0.023525519172270866	-0.06626045407209567
-0.04660112113464355	-0.022955182457373057	-0.0603296620062486
-0.0487033465717897	-0.022339167858261517	-0.07643582433845567
-0.04399596148805246	-0.02080342727195158	-0.06315286932545114
-0.046304461079060034	-0.023906582508747134	-0.06034407817526673
-0.04432007766052138	-0.026961280731749217	-0.07097967145536002
-0.05000181149788691	-0.02040222493125748	-0.06117971974901559
-0.04479618138771187	-0.02543732919782978	-0.07207596316781605
-0.04243706880521444	-0.03534326498347057	-0.06964786965033978
-0.035214906092388594	-0.045930096349654594	-0.05880830834487483
-0.011674849144396687	-0.05127870642073848	-0.02435091444727064
0.010776085444633857	-0.034771593529389945	0.00029285910963755546
0.005240381684748252	-0.05178075361496486	0.006514348358773884
0.0020144789721102717	-0.04805504721421344	-0.004229165706771399
-0.0010667565291734291	-0.057266788336265285	-0.002965108620803455
0.006430084308917824	-0.05809839576953388	0.010607880455912367
0.010429438790684703	-0.04720441441567345	0.004189082575899842
0.013643802179858961	-0.04061398258774467	0.004472997450319309
0.021622259202611606	-0.018765406512477645	-0.005202233033800921
0.02136226986156212	-0.027540659094173157	-0.002786222175988236
0.005821793481392032	-0.03967810236915636	-0.0028053540571210053
-0.0003060264317629153	-0.0441933587301445	-0.009016700235245204
0.0042322887991554205	-0.0151423464337932	0.006383292314325155
0.0019323163020101345	-0.05587683512536177	-0.005448796626112416
0.0047908914223171815	-0.04834803658322282	0.00086278804190621
0.01319371288699092	-0.042986324645447174	-0.005136039813707603
0.020503537479732416	-0.017082201228790433	-0.008357118100120905
0.018867449942860104	-0.019775422897094483	-0.009832973057790375
0.02671027707069933	-0.011239452531167442	-0.010772873661303483
0.027924107856052666	-0.00552231489384196	-0.01226723107791194
0.023411006663795038	-0.022646630799004745	-0.005554141755737867
0.030595870786191103	-0.01784589267857506	-0.0097204018870666
0.027475507062307725	-0.002246432803320762	-0.013054650628176161
0.02000035138844304	-0.03635858241176131	0.0009109219043403859
0.011617514350775545	-0.04193670622947936	0.0045635085875177575
0.007710258881315644	-0.030699561298594892	-0.0064215784056595275
0.00559726394237111	-0.047154262244260454	-0.007597940241098306
0.009217147825315339	-0.03893460506402992	-0.004818938173051431
0.012084140639716372	-0.03614822512287846	-0.0013574487471729978
0.018349680183107137	-0.02974368594072078	-0.0013768931042515212
0.019347582338779805	-0.022041768460715486	-0.004080974600942335
0.020722808694268187	-0.02879993744067642	-0.005973750649367799
0.025527790398374918	-0.022001109726380863	-0.00489675787939272
0.029301051391086578	-0.008354308160802248	-0.005124129226686539
0.027395110284556747	-0.013906028336478134	-0.010528204528000549
0.008277179771743904	-0.03446241203889672	-0.009529595629937765
-0.014905258886489664	-0.03276139203730264	-0.03792876591059681
nan	nan	nan
-0.015592983492769212	-0.03162041067916975	-0.022723904069572393
-0.024552410071134064	-0.03529083512871168	-0.04001690208390496
-0.02544745239369111	-0.03308553249739177	-0.029479832571745884
-0.02502058771723756	-0.026047749165563364	-0.029358642871059003
-0.021403841972098492	-0.027903376335240815	-0.04336513191560944
-0.028376686101954225	-0.027302413952612768	-0.038123824099778963
-0.02585931649400501	-0.029268299034980436	-0.04247592531307814
-0.025523842682326454	-0.025123275989012553	-0.03128348952665514
-0.02294105275582063	-0.02316687480230858	-0.035435372283035414
-0.025435098612013207	-0.023194567204121115	-0.03328271140233373
-0.020052844294998585	-0.02518578212758326	-0.026906759526388015
-0.021151294205739645	-0.013170260767012826	-0.031610627516172954
-0.017761603627357573	-0.020139073242635846	-0.03581326314769297
-0.02249035720992866	-0.01949087065691391	-0.029142541040296
-0.020841371597048176	-0.014443962866152864	-0.02676340517809732
-0.021048356221026843	-0.013660009749883182	-0.03026657533918843
-0.020659185963490527	-0.012083465092843538	-0.02763596999903491
-0.016298639151642133	-0.007827246916477223	-0.02932235601590997
-0.02268688012271446	-0.018516260626654808	-0.03492856014766124
-0.022193544822738543	-0.015506259305163642	-0.0317903824757697
-0.01769199081033913	-0.01747120073177071	-0.02570799191427723
-0.02061963932251495	-0.015671923467398586	-0.028884524374624562
-0.02816845876630069	-0.01734525548332344	-0.03533311339699458
-0.02303330012295107	-0.016705434039049758	-0.03149128492628384
-0.024705984588569437	-0.016937832422057295	-0.04250556816224044
-0.02095892133324857	-0.02738826859430439	-0.031697006558408895
-0.023984369330607175	-0.01767409747472116	-0.03685753996751949
-0.019599742768539468	-0.017837197133814903	-0.024381941039235522
-0.024490298042418843	-0.021115550188135025	-0.03767514254078476
-0.02145656537747427	-0.025376073918246977	-0.017633351008745992
-0.02731269335021376	-0.02136908507790932	-0.03617995765227609
-0.02250549689684192	-0.026348240525397734	-0.0265901366236975
-0.022972299644123385	-0.020676432090118692	-0.0398249183681632
-0.03000456193475854	-0.02142615676548239	-0.03758626330042697
-0.028549656431960054	-0.032028548004429336	-0.03350061178948766
-0.023509609281496834	-0.029261504703178107	-0.0221321279101555
-0.026884742841733585	-0.0343563565953021	-0.025630323998156523
-0.022554301575388888	-0.027024479228395522	-0.015630949651279216
-0.020511270064908608	-0.03623026322860473	-0.03003741159831618
-0.017402066557999998	-0.04132065087538649	-0.03192877915558909
-0.000572179804105209	-0.04318229665773006	-0.0014935399100422589
0.021081225346583944	-0.02895818341213082	-0.0014221374866773273
0.02468676780353804	-0.0014659606260132847	-0.009453218488258565
0.019267194959109092	-0.020446764102773265	-0.013907398711806417
0.009470412602274903	-0.049984669253543126	0.0034967846030640928
0.0077536371286558185	-0.05053501193730443	-0.006353930805071347
-0.002689935410845816	-0.04613997011831135	0.002855563172350439
-0.0019472911905046783	-0.05042000936753562	-0.0038779169651120063
0.0038528914911720434	-0.055113716612029136	0.009284340861838648
0.009052144518919105	-0.05376107221431906	0.005910974254773566
0.009117928825384073	-0.04891021432292842	0.010071413305794277
0.008897346620543953	-0.044880458442914245	0.0035422165002081977
0.01087618849805796	-0.04564656472294779	0.010932603886048222
0.02027634512464095	-0.028580243365933948	0.00039518531631060547
0.01925349556155146	-0.028043772481600178	0.015558206112443797
0.02466771933785324	0.0022742808557795913	-0.008544946780145557
0.032122719016641675	0.003069519704667141	-0.00898274627141489
0.025461249407403554	0.0045078411552121915	-0.012126179301122652
0.0258967951316736	0.00035935949391619886	-0.006824209191339109
0.025678264162919056	0.00021713161779241279	-0.007645861669240726
0.02876049593253088	0.002951930596980414	-0.008390803481783844
0.02345837290371276	-0.01575193595976493	-0.008037580080690679
0.02078596633340733	-0.028526636243666383	-9.586761244917072e-05
0.022023997214662996	-0.03763757466248012	0.007009395906920521
0.023381018588928226	-0.020309526941879673	-0.0022502814931812908
0.02719042997838975	-0.023990445306256193	0.00027608740852932273
0.01849422840532872	-0.0390648314203724	0.01017281022509546
0.016767479628625997	-0.049533531202830536	0.01451568726399688
0.011879467951789893	-0.04213742014775347	0.016804436880631785
0.009984483916373667	-0.04534926380562663	0.02189962500507906
0.012451892541784635	-0.03756135577938186	0.003928065766390517
0.007466138520551086	-0.034441979162903244	0.0038981578258527323
-0.0002107039684220623	-0.05374434486943131	-0.003627163629601688
-0.0036982272157122147	-0.05444459268369146	-0.0007508771425002716
0.002921009281488532	-0.04881718073195644	0.013706237535107312
0.004699518301689856	-0.04274951454668753	0.018823890231606015
0.005665269332000778	-0.05083608235394787	0.01588280023577854
0.011092635041242038	-0.038509836081471675	0.009013129379593247
0.012643743084242941	-0.03793131386992531	0.006765005397752236
0.012712911868022472	-0.03975699772604996	0.018142733065150286
0.008507048805515909	-0.03368768178692142	0.013492982407970852
0.01131201000166417	-0.03938086043381754	0.005653510534602928
0.011901854894198769	-0.039106970266741495	0.015386805539266099
0.009671138652842049	-0.029181977990505058	0.013790207778649564
0.010260404001238758	-0.03421658352560225	0.01063265633661511
0.007341637983810568	-0.046306018498630405	0.008984247291690183
0.01044339208171651	-0.03949462259132921	0.014319076070469682
0.01181019634785025	-0.024655717342230085	0.008704854125079358
0.009894452367086068	-0.034632113609680534	0.008564447984257893
0.0060126426293375	-0.030356216306541468	0.017081175905132744
0.010064767488784387	-0.03989810016533493	0.02170464027807631
0.006983044232041565	-0.03626549202527086	0.016469611623677275
0.009637881157245018	-0.04786034861595053	0.018165075970875133
0.010158654383470977	-0.04175481955923577	0.008844583488475489
0.018648458104488286	-0.025452096412340808	0.004655694213132278
0.020964471936627854	-0.028947068048358327	-0.004424329925069918
0.008274481120322617	-0.045521601376630055	0.0015332764068863745
0.0005132602803335586	-0.029501676851569687	-0.0025857586379984896
0.00873075510719979	-0.03880925765254069	-0.0007621706798081503
0.005842075032077218	-0.046641895373145115	0.009323970606156163
0.00331101232514778	-0.045652064922253696	-0.006371999955912561
0.003762319008628724	-0.042172424310404785	0.009111260789495357
0.005039776370091914	-0.04120201504188941	0.00835868504726381
0.007149843490442057	-0.04451108336334597	0.010182628169811721
0.009455864024206702	-0.044713099031172994	0.009042400053530558
0.0031872087006476054	-0.045437316433228035	0.0033184842541530033
0.010374171652864785	-0.04276583889392099	0.0038386303153460175
0.008617657354407036	-0.03963330457597954	0.0016367604314932518
0.017766451866243135	-0.03264654972224782	0.0010223859556197715
0.019282576500192883	-0.022216096284703953	-0.0026092904336217186
0.02923706435842049	-0.009962245298670652	-0.008884316470448322
0.026011207184952163	-0.01656331982578494	0.0009342631199464324
0.02615578128317635	-0.007849830139356247	-0.005572777802735195
0.027661627373729392	0.000879819118002446	-0.010020443511333684
0.025123359483936115	-0.00857642860130745	-0.0033077795683874867
0.03159887121789656	0.006451671070601832	-0.012931262789380157
0.02711932723397696	0.004656939030165771	-0.009061680284404034
0.026691185457414206	0.0020192050241860417	-0.008054028829373245
0.02286444266253963	0.0020769129054864755	-0.010483053983659892
0.024328794121509338	-0.002398475142723223	-0.008269230503825786
0.03023136509175139	0.0023712149126322575	-0.007317413623938503
0.02248634079916515	-0.011992459673766661	-0.001339890067046174
0.023968511361258035	-0.01716625526732965	0.0001751288688487465
0.02750775365854352	-0.01575670973813867	0.0023409676946388944
0.01963302161266282	-0.0145745140929163	-0.00543805086046753
0.011141212471612644	-0.03362200601341801	0.005163033900412025
0.008315151311020745	-0.0341508406565681	0.003099155119044894
0.007716575113035371	-0.03810576771631836	0.004211204671523855
0.00475438702928224	-0.0400425520303699	0.004375572795317985
0.0025718126659958927	-0.046375182364787465	0.0011598827056780612
0.0016555379514310426	-0.04334998450573125	-0.00029398495582667644
0.008089145108567489	-0.04540113218820967	0.0030052800292086753
0.009232790029524702	-0.028826694377185866	0.0016928983960156118
0.013742891008757268	-0.03739954672276708	-0.004522229382064549
0.01615152251973768	-0.0293373690350957	0.0001862942013635127
0.01996470487287532	-0.027186273495441927	0.0010653655918838115
0.0208547128077535	-0.00938943371689715	-0.0036008657476925623
0.027478074738076105	-0.00012649816712904802	-0.008189505269932354
0.022704508805870556	-0.016921665684252355	-0.0030690324868067193
0.007851983246714614	-0.035225720231464856	0.00881635444497108
0.0012423030747339405	-0.053325725446237156	0.008080002881282335
-0.0005770104089785911	-0.05885820637556873	0.01245915940108812
-0.002201068688345362	-0.05484489226857114	0.01024081429899436
-0.00025094753066475515	-0.06302027252565205	0.0059683745777674635
0.000695664003411796	-0.053532418832143214	-0.009365612652105077
-0.002052049493707165	-0.05104208712760457	0.01401888044173898
0.0019274070372303775	-0.05505325513880656	0.0012411153512405923
0.006862015208873886	-0.03845978496849518	0.0066207630241857125
0.01054079039569121	-0.042308712082256526	0.006855657619128411
0.014450576399916855	-0.0347435119242475	-0.003785790513809279
0.02140763520677581	-0.028519228435738068	0.0007984529147700599
0.028677127059589313	-0.010655844118615549	-0.006184577549985006
0.02324500142013851	-0.012793111126921133	-0.0052844167386880275
0.024486629698349884	-0.011758233125760876	0.00019955706569440776
0.0269935963459737	0.0023089823843210804	-0.006589804594781375
0.02644605751797516	0.0033698033056242314	-0.011106808355565705
0.030038378432892594	-0.0060331511139679345	-0.008116459716542047
0.015432456732534489	-0.019729687617655377	-0.0012431552833342217
0.004212343499796458	-0.04740273851163059	-0.005356289416665011
0.004344808356133049	-0.05598409495064701	0.014802775823171244
0.012044296688844335	-0.038077297856283526	0.004943632616292621
0.009265208667626902	-0.02632375763353722	0.001926528625951644
0.006416980884289779	-0.0363278131286838	0.010243763032669446
0.002449308627349663	-0.04174541572092165	-0.010377857445064668
0.0004114000663060823	-0.05962943242454785	0.004560175323045709
-0.006267074084547722	-0.04900927230672219	0.0043998508476986225
-0.000331436656122945	-0.055438559290055194	0.004952638244477689
0.0044393574815595385	-0.034942865345880564	0.0020508379636815397
0.011434823316387087	-0.03424825893810181	0.006436613636220631
0.0055027082266935964	-0.0425148690091825	0.00640104172497947
0.006694348302668333	-0.04307100723385642	0.008523908253870468
0.008269931222519376	-0.04750834425898475	0.0008493371626664874
0.016093868522003455	-0.03323419159547757	0.0019176404065284949
0.013297250224503251	-0.03163341931463337	0.008366503046343525
0.00748577065323588	-0.041737795189189054	-0.005406311833853727
0.007413849931580408	-0.04129060892886246	-0.003182698485898241
0.011129064322740695	-0.04700101400275245	0.002902277931438423
-0.0015324535003329262	-0.05365238663768662	-0.007996301049097841
0.004701229772092969	-0.05408236035111561	-0.0036719724380796055
-0.010724419729198716	-0.06605494746359725	-0.021854626774761927
-0.023919156089447686	-0.034073536984698866	-0.02903618935277011
-0.037233757679304265	-0.03219433790042064	-0.05884782378610986
-0.03996518635424026	-0.03118427505022102	-0.07031549798994757
-0.04168928556710985	-0.02416449788532547	-0.05757356047545395
-0.041419924600177356	-0.025053090999619537	-0.06544062268590381
-0.04164305304204791	-0.021440515477594325	-0.06456463571375191
-0.04433377847973964	-0.02710942721589424	-0.07032450347754837
-0.045541391598094984	-0.022813104522556915	-0.06705165660749272
-0.04758343453882157	-0.024814064973772598	-0.061729348357957785
-0.043398829328720884	-0.01966305853882831	-0.06392799573167172
-0.03613038242371946	-0.02376934348035065	-0.06150846531287435
-0.03370053385871382	-0.022101820363718105	-0.05905791944438937
-0.04130687873476192	-0.02213658871865439	-0.05614188288483299
-0.04139869800705263	-0.0208400533713178	-0.060250060598118646
-0.03900861734575175	-0.023895595135060083	-0.05664071673165116
-0.036761530977972835	-0.030391658433756113	-0.062483077519222475
-0.024427499006213632	-0.03913544366745907	-0.0475586766775279
-0.015712474253767983	-0.06274089076530615	-0.03633758645031017
-0.006458162240077025	-0.056154656428790084	-0.016796623163994336
-0.0012191552649164666	-0.05818688176838228	-0.010501029529950403
-0.0007447982829466815	-0.05441692547187578	-0.010404156837951373
0.004989736648642715	-0.04848844145611979	-0.009174046308208447
0.025261745156149984	-0.016878072318221662	-0.005892050334782791
0.022462198181624565	-0.0053817617602384266	-0.0023337942491036823
0.027470850557162915	-0.0068339261452434056	-0.0030309966523474063
0.027411110087721537	0.0007746472488658733	-0.009846644019076891
0.024694731965525255	0.016196834598616257	-0.007645991390093018
0.025234617582060307	0.010049557440883379	-0.010385500494896685
0.02674429309349076	0.007848483121510532	-0.01246183632624669
0.025674754518583705	0.00045598296146499097	-0.012110415820362382
0.016611723073364594	-0.003072077143028939	-0.011375905072502062
0.021803392216129737	-0.009016357959524605	0.00019459672751719753
0.02509933400803266	0.004859760838560185	-0.009762196771390754
0.024386775696935915	0.014258796286945135	-0.003279229251958341
0.02818330585246843	0.004830941912084929	-0.008220448235755132
0.026220811293748533	0.013810274159438739	-0.009540681003605986
0.023699030908221112	0.025647343702157623	-0.018779154783166614
0.03186500399044879	0.03086613757266345	-0.016220491161653125
0.029311850689944338	0.02935233422668877	-0.018350461248256143
0.024500875953625895	0.029860602053618433	-0.016193258647034275
0.022861509509453645	0.0331997596851554	-0.01643636831342204
0.01915926081458373	0.031798276961757736	-0.012352903847230676
0.025017834976495856	0.035463916094100996	-0.020316327455955466
0.020368260554225606	0.03404105042687915	-0.016375736450466534
0.016829536195566763	0.028011401971990202	-0.014710778817327609
0.018607789253979778	0.039311106839209714	-0.02238425951427141
0.021235237206771274	0.03362589420790024	-0.020371784283408658
0.028865150917706275	0.04318117208245177	-0.023233471639487118
0.021140993173156694	0.02655370689877434	-0.01186682534642948
0.022444040881825757	0.02051666646531634	-0.010562820408906583
0.027337377649409234	0.02522075951055345	-0.01603877053831887
0.017784544036056785	0.015319457621712657	-0.007699679859191826
0.02458009193428879	0.017693713936896106	-0.007686083255094244
0.023105204911172805	0.008143320114451102	-0.00592960944658991
0.02483923486894148	0.012797348913502895	-0.013045849445628026
0.01931301051801924	0.015277592328997959	-0.012354048481102081
0.02460322679070912	0.01948754205889244	-0.012492189478443001
0.024235105160200433	0.01459771852834718	-0.0021730023476100938
0.03082456005625027	0.022653946469698528	-0.010698504979309686
0.02598818027500898	0.017036073433477315	-0.005661046213219625
0.023871471548184788	0.01180329701045347	-0.0040576424695420825
0.021035093349745477	-0.0009827604313389718	-0.0015648650895028482
0.02211366403575327	-0.0037731741594222174	-0.004781861365209257
0.01929812840039861	-0.0029814580180069885	0.0005188143734433173
0.01620666366704918	-0.006504199643889051	-0.0018032431081557165
0.02035792595117578	-0.0037361140331213264	-0.0004153713062210497
0.019855530762567578	-0.003600112431798863	-0.007584284609809467
0.02302245643794547	-0.005432497338482648	0.0010944077656204823
0.022573937290878556	-0.004362622501780395	-0.0030110320482049716
0.024051504794369617	0.004801684424502357	-0.0011228113189208772
0.022150218924278185	0.0010123044790060834	-0.005289671821248544
0.019081725574873084	-0.0016825305987116586	-0.00624982778130246
0.014443759437520593	-0.011798038788874868	-0.007183104393584204
0.016352312299581322	-0.009747816826504125	-0.006035583985157283
0.014505089997935082	-0.0005816088104980204	-0.0026670850386149893
0.02557595117147455	0.009170668747016986	-0.010138261091034995
0.024751936145999968	0.018474990654787228	-0.011288543424938423
0.020678769766071206	0.004919283494880998	-0.006764717510391958
0.0201145773317356	-0.0076392730311877636	-0.0031277741152459446
0.017240903478961293	-0.010991651931528092	-0.0019897904241712207
0.021683009397315385	0.004751469493095077	-0.011138262731099094
0.02762762605294213	0.017268914451336433	-0.013228557845598721
0.029409239547410558	0.009729180861887454	-0.008289209502804387
0.025102596809820174	0.001174540713624271	-0.0025084806547956834
0.022332109980872265	-0.0029469639798198385	-0.0015065339447225753
0.026827368296958722	0.003916261284261019	-0.010426242159988032
0.025574243890824216	-0.0046624198474289995	-0.0003519933265253572
0.02418780448417897	-0.013685810525460593	0.0014519687509017137
0.016954843757187733	-0.014190926444408185	-0.003185195191892979
0.0253600629208797	-0.019431533859296232	0.0022376529200278245
0.015828630116319853	-0.03147489728763075	0.0028049222116870373
0.013601850756262896	-0.04452154172373938	0.007102173618924137
0.007031237166073132	-0.05752389645914012	0.01621972245220135
-0.00034029057761737037	-0.06492611232226968	0.011207392526666582
-0.0017488783773682353	-0.06148754131823653	0.021588566015022518
0.005248465303739556	-0.05394794453131773	0.01318146266347971
0.001782023004767558	-0.0535687929298278	0.021608844844646116
-0.0002822345925997501	-0.059971848690372184	0.014526874353753345
0.0006588115048736117	-0.0601553555583091	0.005495201009973346
0.0037939505865245	-0.057414547318229085	0.011633100285209537
0.012668838461790231	-0.054681799526176314	0.011775099195739594
0.017003373612053244	-0.023648100679173646	0.005604522404775776
0.020463799518417553	-0.008056075568725042	-0.0007898481074113256
0.021354240334556695	-0.020484041424389456	0.004324000958133099
0.018919901505455597	-0.025107371926304984	0.0033816057415116552
0.022927364713270344	-0.01286282122921834	0.0005888670158441627
0.017263939208494613	-0.013565009777023592	-0.0017207376958512759
0.01817195793782225	-0.018525235630240246	0.0050670118662954
0.017693939703698827	-0.01748727652194667	3.979950711312241e-05
0.015709994128771998	-0.026391000390989267	-0.0020889106824770257
0.018746651708023046	-0.01642323534374745	-0.0008454231441216153
0.012118453561148759	-0.043366658973583584	-0.0016392643981584833
0.002131262565777915	-0.045794818682010276	-0.0028362550028244514
0.009652949809759928	-0.04179089503435729	-0.005147382490375095
0.017883354382619943	-0.020989719361708004	-0.00042427711197691106
0.023077395876270546	-0.019962074223433865	0.0021052641027242275
0.01942978468843243	-0.02087117063399868	0.0033595404820452
0.02278101460274111	-0.019638440012853385	-0.006050157815400813
0.013846151667973528	-0.02249963326853386	-0.01108594332321124
0.006895510053643619	-0.04527984214290975	-0.004577933036624533
-0.0032782054813195686	-0.05432413387211135	-0.015401188030923291
-0.011125367504963544	-0.04830370178434622	-0.02668303800370607
-0.01788017276501447	-0.046834896390226956	-0.03127524713126264
-0.029256733688406904	-0.04338908690160861	-0.04857347394225292
-0.03266669393502322	-0.033955809194352385	-0.06210007912965439
-0.03969037919083477	-0.02810365082959051	-0.06451443342354338
-0.04550935928975619	-0.024240287449996407	-0.06747379158035735
-0.04433346391383478	-0.022411169798069116	-0.06291602566837642
-0.03767226740869745	-0.018908566292557	-0.05585705453665334
-0.04389885716608442	-0.017894703598094794	-0.05644401303163531
-0.04307628310733359	-0.019221013357658075	-0.06290117293021771
-0.04265203104593385	-0.014273367394901273	-0.04412477711941294
-0.0355883946341546	-0.021756171595655207	-0.05390358284896091
-0.04309554232594518	-0.022297720132696625	-0.06105618843060069
-0.03980813057560743	-0.027310773115231907	-0.05964209617226918
-0.030608479084363337	-0.040341068396794105	-0.04237728265948093
0.0018847486953397518	-0.05283716449749795	-0.00734962529598312
0.005004896478090902	-0.05347553717941418	-0.0036372879005835274
0.004415928659968911	-0.051569647779539485	0.008226568737115615
0.020742620620517425	-0.028496411608030833	0.005589588060954467
0.003984545378614066	-0.036560884560111896	0.0019961623648509174
0.00416889133075272	-0.05043387454612242	-0.008528841502824229
0.0053162539780831075	-0.05376784916656841	0.0004812158085844556
0.014066848511999366	-0.03212793233896979	-0.00836294844267976
0.02091647820819425	-0.028922167744955596	-0.006506988362090314
0.01559077137824516	-0.016810091342749606	-0.001367381623222098
0.02389991177655878	-0.0013370225221605147	-0.011262142480607838
0.02166186072724632	-0.019625205175556763	-0.0028567992554993232
0.010477844359751234	-0.0452020971805633	-0.0051173981051275425
0.0032268752208532794	-0.041775542090231176	-0.015422753681988007
0.010504319482872887	-0.03633882281605494	-0.00012947539383174715
0.013680446116682555	-0.018496119983261897	-0.006008327926802835
0.019389664560507478	-0.018928832916951025	-0.008516225038159235
0.025061570126502283	-0.0018048994208066922	-0.008979218916961771
0.02698078153792251	-0.004606665303531241	-2.296443482495414e-05
0.02567282664735003	0.0002426569076321483	-0.0095014453449845
0.023908738394780547	-0.007086125293626388	-0.00858604508528879
0.0170999548320932	-0.029661321276094693	-0.003942801015246938
0.008448519903351291	-0.03759611266607903	-0.009790351467055012
0.006603609840992622	-0.042526755423127637	0.005983039785379947
0.00454137767123727	-0.04239619311052128	-0.0026163146937630563
-0.005494136525977219	-0.04373222419740906	-0.012855947194586659
-0.006294050752150926	-0.047074139488161935	-0.012952806135553552
0.00442622265861885	-0.0469152216043443	-0.01046988740926531
-0.035807818852982023	-0.0345911718369816	-0.0660926868985373
-0.03671438174788267	-0.024454421351174267	-0.06904502458913483
-0.037820595352192274	-0.01879512853811896	-0.06969616738888834
-0.03731502968296187	-0.022844263631866014	-0.058810890299491166
-0.032827887167440305	-0.028778693961076997	-0.060794204431215554
-0.03831551063645038	-0.025890232081550578	-0.06788967523305303
-0.0357709368978645	-0.023432275448754553	-0.0661126102760367
-0.031931467004665426	-0.019851076017859032	-0.0523534675928643
-0.03724430963164735	-0.021955401189357696	-0.06538039833175825
-0.038407931242786256	-0.020417349127818864	-0.05258952939109817
-0.03872324892710497	-0.019993435843827782	-0.05992700904687888
-0.03326670740233126	-0.024356816998634012	-0.05718205370455699
-0.03426154403396009	-0.024179486251792337	-0.06302563068259384
-0.03643208755618371	-0.021731711963957068	-0.057166578101083665
-0.03983668786175735	-0.022094882936282055	-0.061457528167449094
-0.039401020630953916	-0.021954301594101704	-0.05572532593755623
-0.039669488359245456	-0.019418492539944553	-0.06204356984700407
-0.0392872580275461	-0.02185934757598716	-0.0632074409672464
-0.03799404919836181	-0.02133166712027266	-0.0641419831684514
-0.03569292551746284	-0.024216314634557912	-0.060554112581246
-0.03719020880235096	-0.026359759657349918	-0.0652349170131814
-0.03248420318143764	-0.017528913514895036	-0.04735652960314288
-0.038176060693378554	-0.020401620862925584	-0.061764452613992146
-0.03975446361411724	-0.026593114573822345	-0.07046765673569906
-0.04048697153774069	-0.018513006549078746	-0.06691677723152552
-0.03833659430331932	-0.027189450856751226	-0.0671010245758132
-0.035920687067088175	-0.01977994041222669	-0.059565598363872985
-0.031272529249233884	-0.02519774558433055	-0.05776826741501386
-0.03398526343252375	-0.036034904788022286	-0.0644350978492721
-0.012599332780777904	-0.04440572349313352	-0.026082100547326785
0.012255637631152718	-0.032234204902178064	-0.0050727574510014365
0.00882920278803909	-0.05203233385146156	-0.005223257708049144
0.016433336392653423	-0.028779591621603855	-0.010117594176822089
0.02417368989215125	-0.03402590090559154	-0.00535350817538089
0.015342131170389812	-0.028023169199952198	0.002705665696855812
0.007514095389449806	-0.03628846048670717	0.0014141889318353999
0.009393590677789972	-0.03312829521234909	0.0003372280582514698
0.015303585734989111	-0.03543348053332551	0.0022477201423573706
0.009092048902828689	-0.03118456059910599	0.007465403901758896
0.013140536829845225	-0.03468012219657629	0.0017754778282006757
0.008177879516771114	-0.046827366771300054	-0.006546277709312353
0.004345682655399907	-0.02751274939455783	-0.005962285751206162
nan	nan	nan