# EV_1 (72.0479)	EV_2 (29.9938)	EV_3 (10.3727)
-0.018066343278564084	-0.0035163308818429843	-0.008376826720575098
-0.016740894632559677	-0.002313385712095984	-0.004969975661270684
-0.018606221679127236	0.000482792294254347	-0.008890407480579125
nan	nan	nan
-0.019996920337471642	-0.005406063546070651	0.002262888048430743
-0.025156019252338145	-0.0005097450374180089	0.00186510216823247
-0.024738021055986555	0.0028027741650539966	-0.0007626165741206337
-0.02972834397293253	0.00469066595158062	0.004957876923252013
-0.026935893822501267	0.008654920931131661	-0.00257293337554812
-0.029948857370850887	0.010335989869329069	0.0011941500683413687
-0.029700022276278132	0.013582201012815254	-0.006270037610774968
-0.030055850696573523	0.012920757656153319	0.0011366040611784853
-0.03069451248556774	0.013891216231439806	-0.0007182010319529211
-0.031259695820332944	0.015987701848273105	-0.00420421255290869
-0.03080975130907794	0.015883711241984774	-0.007874293078202362
-0.03094730406552927	0.013891266301256084	-0.012765517855360196
-0.032008773254267216	0.011025968731184157	-0.010130612179761796
-0.032321119063083985	0.007423999268978254	-0.010613538814068842
-0.030319860719821512	0.002150135218801443	-0.005173247433142767
-0.026442939556481655	-0.006060443884223219	0.009903895651437813
-0.02676329651472058	-0.005961944718278828	0.012291952725896418
-0.027906831904805078	-0.003369707929463616	0.0065678559497492905
-0.028128294682288946	-0.0028640899615248517	-0.005859278256726129
-0.025925107099522903	-0.004997501857144529	-0.0022962209146261438
-0.024111146001512786	-0.010008520662001582	-0.003229791085860932
-0.020988063490746712	-0.013729125486190265	0.0008853903283176541
-0.014767304875112065	-0.023520492130490022	-0.0036011105878591913
-0.011693725517381959	-0.02824281734213531	0.0023983545076374808
-0.003857288796426897	-0.032775821357107264	-0.004223710025704673
0.015772308345325056	-0.03290508510823804	0.007643118383605364
0.02468004462229649	-0.03018599536312348	0.00287749701251043
0.032583130893986026	-0.033865874450190826	-0.0021363924112776725
0.03044788167778904	-0.030136282302497708	-0.0021501536570680754
0.02745226471357492	-0.040627839769808514	-0.0030515358454660836
0.01054949614241778	-0.04481027910784379	-0.0014558164164630016
-0.006204621213503191	-0.02375973714520621	0.008607045863561182
-0.018050276355016756	-0.01385614331532675	-0.008363838416403344
-0.021519586721195673	-0.01250370749229268	0.0036214086545234905
-0.023543667389861446	-0.00994678238513526	0.0026959324436181403
-0.02174645687392768	-0.009172561889271883	-0.0024683691455352937
-0.026548459591656335	-0.003233200824175377	-0.012628693077413093
-0.026661621663864026	4.3482453565225816e-07	-0.008148772037136272
-0.03031373371788977	7.734169681261977e-05	0.0002997579381579067
-0.027518525937031385	0.00035893520496214627	-0.0037546432492351622
-0.028226890075910983	0.0037631811764260686	-0.01119297412471406
-0.027440890708245312	0.007092341393873042	-0.014047617756782692
-0.027697248918746732	0.009214638440197617	-0.016106520126878493
-0.026173557088238868	0.008869083133936079	-0.013485640858941562
-0.024667847929874108	0.006074090157239242	-0.014601556024943459
-0.02039575873061882	-0.00233516405162628	-0.00586050132635588
-0.01811508058013439	-0.01642393673381396	0.003066268203049803
-0.016774691170065987	-0.021711356386807205	0.003948803623195808
-0.0186985366418857	-0.023322853758404413	-0.0010328971654137327
-0.01476744929522781	-0.027976509821529473	-0.002935053579801339
0.002099884878120589	-0.04377567494889431	-0.008748290004405739
0.018852314692166836	-0.03928870149437139	-0.0008720689732844983
0.021097064052112577	-0.039451875451518	-0.0029778813332589048
0.020841541880604837	-0.040977436554395924	-0.001365132999667916
0.022215582418305128	-0.04730233127728841	-0.014687079497272531
0.02427387176092735	-0.04690231292827465	-0.023896681580999106
0.022127932819574297	-0.044912738324186234	-0.02248906665180295
0.020088586190101395	-0.041890952685518575	-0.01693386550048935
0.01358922556458742	-0.0371404266671989	-0.0026177280188289537
0.0010012676752940764	-0.03385376903951636	0.005798450808701254
-0.010486143258728355	-0.03419873839426118	0.003911912523869887
-0.010532463895370945	-0.03509190403170205	0.008207973744670879
-0.011289996695579419	-0.03358393500242483	0.005072747219461996
-0.007840177041886217	-0.03177375047970234	0.01060422487871647
-0.015149817122902157	-0.02445349943229464	0.005895484860717209
-0.020527109918228075	-0.01781516825477504	0.01249766505012588
-0.023371815065560863	-0.004878085573482839	0.007599102328793565
-0.02414241445683483	0.006427909786595645	-0.011373464394984564
-0.025328756094785868	0.01463101906123054	-0.01948042042072345
-0.02634393078670767	0.01758703219727202	-0.023307383302028715
-0.02798621697849018	0.014054872294376687	-0.022383090783725315
-0.025128114458634367	0.008396053365947039	-0.01761580018716681
-0.025902615499103828	0.007321198405809368	-0.01342247514254973
-0.027115290178967216	0.004627483771946412	-0.010911226375372406
-0.02580734085602053	0.004265643005527657	-0.008076746185105708
-0.027876791931093575	0.0036141614220857915	-0.010871711084348541
-0.026734419634004237	0.0028353423801865288	-0.005644742129329812
-0.030063344419468518	0.000270972291164736	-0.003877347942829755
-0.02893745411758219	-0.014078600775953142	0.000584594962801898
-0.023215344819671843	-0.028020648063018083	-0.0014253094042627722
-0.016661209402714677	-0.039354464092108174	-0.0012362841164066957
-0.01293226850210273	-0.04114257080712764	-0.0035268412813791016
-0.01462970533975692	-0.03725697334986901	0.0006321786660377464
-0.01137749785134516	-0.03700122213782285	-0.0004538341234807085
-0.0058715090597087774	-0.04499384127970045	-0.0005385151089060871
0.0024079523205021653	-0.05434863596317937	-0.010880416494017879
0.005817014405042287	-0.04841535196207805	-0.014961727063449753
0.00742524290549419	-0.04646377353923661	-0.014864294200159552
0.008766651354846547	-0.04967645390133514	-0.015606482584890419
0.008192333845914326	-0.057231353976083914	-0.009857104366072756
0.004901691053231832	-0.05709579718254752	-0.006996679368761988
0.006306176052960042	-0.05896485632745824	-0.008043751662564503
0.015816382822323453	-0.059705354062709104	-0.014972817256161765
0.018772424412151528	-0.06060562632758965	-0.025106010093907404
0.017862635527582008	-0.059260246891649736	-0.026181224753269266
0.014024441002233472	-0.05766284254358361	-0.02211079251159747
0.018007545804755002	-0.062136208956095715	-0.019007378257598826
0.023045583814765635	-0.06024081216737898	-0.033375261984079585
0.033375853160709124	-0.06126448542057031	-0.0515791376612013
0.04545987475321367	-0.04831765297211866	-0.04264958415470544
0.0459939024838175	-0.054993868981370514	-0.046577179715535905
0.037692585017511965	-0.06205234960683615	-0.054139428073119576
0.03727979631999348	-0.05475575659967602	-0.06152397178269693
0.05603034892776627	-0.007257993850246633	-0.05249751650318746
0.06860504668363096	0.035692338823488254	-0.05381215645819021
0.0703174586407896	0.05245020215595686	-0.0486466703372498
0.0697530116085705	0.054192563900831714	-0.04547543505929305
0.06873780682580292	0.05228733582899417	-0.03923505107111035
0.06786602138649762	0.05001287420367087	-0.03996499347114202
0.06814700462873981	0.049630936063137496	-0.04080246827834762
0.06707401440377593	0.045791505168157824	-0.048020453443370525
0.06705900093626237	0.036894226556711505	-0.05373161775191866
0.06588238523282282	0.016674920720462446	-0.05441448830638483
0.06040245564542247	-0.011169705450141317	-0.056426756533706865
0.041469409697783524	-0.05066981435466486	-0.05512856367608013
0.034043798607054726	-0.0705290152333315	-0.04525348079505723
0.03626009884627237	-0.0728247625151916	-0.05109509748068325
0.049233103848036315	-0.054718238148716375	-0.06835575366892208
0.060266896673111206	-0.02979926831196861	-0.05840557144717461
0.06076766471411951	-0.02809430943394999	-0.04851978556061456
0.05591518883441639	-0.041300453591896186	-0.04384830643195842
0.04420577068050178	-0.06313701862385379	-0.055051107610408274
0.042741045274616724	-0.06652574845453345	-0.05242368223582699
0.041165743276847085	-0.06491459851303792	-0.060884525839568125
0.04063988462536	-0.0631807608952277	-0.06723955225778404
0.041096313226713116	-0.06198914973188902	-0.07260295009141862
0.0482230745996755	-0.05393535300607145	-0.0622216218162249
0.04902607896742777	-0.053912311089154306	-0.054042772925635855
0.049300372104712956	-0.05509240516162432	-0.04823028642332854
0.0438641489318581	-0.05494877533550395	-0.04499888034767053
0.045867425792666804	-0.04379856242605079	-0.04845645349459991
0.0499539769985493	-0.033944691042820475	-0.05337944161559777
0.05524078308141498	-0.025929159926747217	-0.046109632586230555
0.05571510644840119	-0.030456733503883737	-0.04269878127861318
0.046519992463659565	-0.04309024777101215	-0.02558960334810894
0.03273461154251466	-0.06430675867003773	-0.02524888409780962
0.03020242989059404	-0.06940458039351823	-0.02433262461573191
0.03317281514327745	-0.05786057896739513	-0.03864937752591146
0.046669898875464175	-0.024830134659295587	-0.058686567271661674
0.06329220127300933	0.01735790634657364	-0.04881924633681228
0.06917015987133135	0.03245622311844961	-0.05687356500001138
0.06933712647315955	0.035771716201922606	-0.057188075188462056
0.07128880672747101	0.0353082046935972	-0.05295225247540129
0.0695104785314581	0.029438081280825156	-0.053053307946000355
0.06835290085562971	0.009996506410756542	-0.06574310115792728
0.06684305432640006	-0.02001870953659957	-0.08020169578341267
0.05734726553237823	-0.04859348027678854	-0.08749717656726197
0.044895080336896355	-0.06954265900774946	-0.060680277446679406
0.034447907204782066	-0.0739821860679203	-0.040661755816516425
0.02371734389979951	-0.07011229010878972	-0.03260529297408239
0.006958106351985436	-0.05029070441451329	-0.0047933626313635316
0.0031259493521016424	-0.04347806720307854	0.00014439464937616043
0.001065795577739368	-0.04709797640874599	-0.0017339969686021805
-0.0012102047398643693	-0.050602333551670486	-0.004790153288037083
-0.010656870100804043	-0.0486739292277221	-0.009241410023825896
-0.01513009866052648	-0.039017858218606774	-0.008087366075019397
-0.01736034480271682	-0.030989762026538418	-0.0022243024730171715
-0.016306158149921604	-0.02382414747656373	-0.0006519860318180346
-0.018060070385597683	-0.020512399057995002	-0.004806822758498657
-0.01153991309765038	-0.020781473097285244	-0.0054912592885335175
-0.00017222684762755944	-0.0159113958505269	-0.008297545588609997
0.0017909314105775094	-0.01839008128917087	-0.007883273896036653
-0.008743910038683338	-0.02244132740773112	-0.01621675140712123
-0.016149547350252612	-0.020359834142676832	-0.00820677829823759
-0.02195305046650671	-0.012612822248957866	-0.005888300992015247
-0.023067148599374785	-0.009837060240642341	-0.008364460166211837
-0.028640853889169805	-0.005992697919879327	-0.013539685418623507
-0.027009944615241272	-0.008892256356647877	-0.011755140830370917
-0.028640233104478774	-0.006012198147791997	-0.011144134756154136
-0.026318457058377775	-0.007855141735806441	-0.003286361937558036
-0.028891326803116554	-0.00829619878821318	-0.0026157345260065246
-0.02561477698982208	-0.00805024740040246	-0.00556012957882613
-0.025173316739991954	-0.0018199200295272023	-0.008291534842483999
-0.028114820237250676	0.004972630106746281	-0.012797007122396403
-0.035565153820105264	0.004828331685333001	-0.02127978680310471
-0.034823635179740756	0.0009994100389916826	-0.024689141762773814
-0.030047233685574354	-0.001798483934626712	-0.02972877557759633
-0.024927177768697656	-0.008717482185424445	-0.01962305217980047
-0.019636209897003088	-0.01623086368133647	-0.011998766103182897
nan	nan	nan
nan	nan	nan
-0.015058095581378933	-0.016760292869431554	-0.0037924301302662937
-0.015220129623392711	-0.014355581426284748	-0.006525337340807957
-0.021090967188803253	-0.013323786401109785	-0.007424979825737088
-0.025238267167058334	-0.018186919067638963	-0.013032270680535158
nan	nan	nan
nan	nan	nan
-0.026169775487452595	-0.017588808448048027	-0.013686033840783063
-0.02301315299179102	-0.019427316760715352	-0.012570216887805453
-0.01960141651288663	-0.02139526098370729	-0.007741523069331624
-0.018757922342928356	-0.0325861449335141	0.001724683189282792
-0.01876129733630596	-0.03737723856120758	-0.0004065125816121694
-0.01800785585345753	-0.04135885882758248	-0.002125001923425643
-0.015680297169185606	-0.04278279680677456	-0.0037441909190221584
-0.010638578390597012	-0.04659410221228953	-0.003427017442647712
-0.004792522895192344	-0.0562019441608572	-0.005722850084440132
0.005599303264867902	-0.06622637148843342	-0.013686644440271054
0.010407121918227999	-0.07100031751376586	-0.01530882008610525
0.013669246034567298	-0.06324241236093549	-0.012292354175273884
0.011079278215669305	-0.05824399493952658	-0.015478936254694296
0.015660450475769732	-0.06012776152641572	-0.022983733241635503
0.022639845445650623	-0.07054372059531729	-0.04333130721958366
0.02647581049289328	-0.07409963927642234	-0.04938539730201511
0.022924008389394727	-0.0758436343373952	-0.046709845053470325
0.015421134535130419	-0.08100569604763745	-0.040527101429479365
0.015866298751803183	-0.07954577456294283	-0.04212068660529932
0.014759310850302895	-0.07944653157360448	-0.038462479301122454
0.024477833105874147	-0.0681629355507678	-0.05008238695684521
0.03237095105801498	-0.047429781473817996	-0.06381333813963389
0.04148842863979561	-0.049435302484939964	-0.07636723541815593
0.04850067863144764	-0.04914037358623218	-0.0841193946396216
0.06178213779599194	-0.024345722201284767	-0.0885845119474738
0.06630396198857229	0.04096058987222677	-0.04583803435479984
0.06806422896476005	0.060170233710545064	-0.03361569291983471
0.07013537160842433	0.05880807504819979	-0.04499485090420535
0.07095543260245805	0.05751504031867581	-0.04668733072319037
0.0702717289496697	0.05823632133677034	-0.049301586160058725
0.07286958769953442	0.05467652805110109	-0.048241090126797406
0.06905509569467194	0.04362405898241356	-0.05610413633041984
nan	nan	nan
nan	nan	nan
nan	nan	nan
nan	nan	nan
nan	nan	nan
nan	nan	nan
nan	nan	nan
nan	nan	nan
nan	nan	nan
nan	nan	nan
nan	nan	nan
nan	nan	nan
nan	nan	nan
nan	nan	nan
nan	nan	nan
nan	nan	nan
nan	nan	nan
nan	nan	nan
nan	nan	nan
nan	nan	nan
nan	nan	nan
nan	nan	nan
nan	nan	nan
nan	nan	nan
nan	nan	nan
nan	nan	nan
nan	nan	nan
nan	nan	nan
nan	nan	nan
nan	nan	nan
0.07227296589317682	0.023448921728735958	-0.0616456352677489
0.06208185868539767	-0.014980103046750527	-0.06200246989194371
0.04587946004171794	-0.05854613378501698	-0.035638991259473916
0.022306611892860158	-0.07629763592433109	-0.02239451930790408
0.014915420488771883	-0.08025559392957363	-0.015165432682724472
0.016818968844639497	-0.07253317982137504	-0.022863564348914775
0.02669519215213869	-0.07342244348966138	-0.03405267763157439
0.03551604928865936	-0.07520784738062651	-0.04344087731253505
0.03916387639091642	-0.08366760264683469	-0.044320516387712006
0.03191440908418539	-0.08345050585398651	-0.03183647626876462
0.024154690853930176	-0.08007947704386197	-0.018241932916621247
0.013748782418068817	-0.07413651707083901	-0.01067056106883938
0.002800802452207785	-0.06222507224195061	-0.01093800760160712
-0.011286049400373418	-0.036645428134327813	-0.012100520861073825
-0.019115324394236258	-0.025384667722913614	-0.020701869440211455
-0.0268357004513976	-0.015037744792110532	-0.02959401921784271
-0.0313667034606705	0.0014806274582314016	-0.0294322229799625
-0.038106582743496584	0.013053517928022495	-0.02947766341137291
-0.04000546430857403	0.017069519905422777	-0.028846001327018853
-0.041249000697678125	0.01243703790425906	-0.025743591747501543
-0.038077381195984625	0.008941398807766341	-0.02070203244775987
-0.036590402343962936	0.0017618837767159503	-0.012537441108004008
-0.03652431867268808	0.0033142716053109747	-0.007933207990739571
-0.034630344518620175	-0.00042757275220946635	-0.0015524278655575235
-0.034908039621692075	0.0044071138738990085	0.0011004514594620957
-0.033269573884504536	8.855653494344754e-05	0.002350138924194674
-0.03366016117521277	-0.005992498693288415	0.011485446114522721
-0.029732457540825985	-0.013428166917495769	0.016726338681588317
-0.031047873686828865	-0.014686921147903787	0.020087362854568563
-0.030428761958566718	-0.011503866485881637	0.021910517902585382
-0.03317477534365358	-0.006222834406953244	0.014431694965171903
-0.03174743273961282	-0.0064112974505943455	0.012005239176735426
-0.03180620355587327	-0.004028984558827732	0.00993962094226239
-0.033167092672085924	-0.005521806582705295	0.012729161090594687
-0.035039639495349474	-0.0036205404445859442	0.007493660902885113
-0.03425055874808962	-0.0033371299929031047	0.0054760659072339915
-0.031817389387877024	0.0009600758577432569	0.0021670085322925553
-0.030312071128018123	0.0021903677572709247	0.0010513869723042003
-0.029245013172043238	0.0016148911354616213	-0.003223198647598409
-0.02872976792420429	-0.006444716234196143	0.0076536787111581295
-0.026577658848354436	-0.01174135330387254	0.012922773105838496
-0.026629758776320532	-0.021266544408216723	0.0201610214289986
-0.02373033653259031	-0.02340031534933183	0.025347989417978514
-0.02151930869006626	-0.02729249553772236	0.03130958055046679
-0.02071921302897774	-0.021327550989169573	0.029486792728857368
-0.02103672521895905	-0.022737894440465232	0.024284027957270554
-0.02222466487241371	-0.02625473888385299	0.026037808763710393
-0.022799649619402895	-0.035004159982917116	0.023567765332235802
-0.025851883276394854	-0.035912436482005566	0.02157380389957436
-0.024318402838190777	-0.03460407803364108	0.012014979601627607
-0.020195230756315637	-0.03601655927760298	0.018497437242624894
-0.015073942341518584	-0.041504558596802625	0.01993907661751923
-0.014164472456094274	-0.04773219803563413	0.021912254621109628
-0.012145300442509803	-0.05195190728811297	0.009003276732292998
-0.004108955719552079	-0.061932010047497925	0.0037042654223027206
0.02648852091679306	-0.08071684043388173	-0.012224466734863177
0.03762041981116218	-0.08436563771266672	-0.02239131830549635
0.040876008447992856	-0.08433476076716545	-0.017430979539157655
0.04564007271477531	-0.08854927229288544	-0.02549518395678789
0.04912273060507105	-0.08136548527521036	-0.0404419528538936
0.061675124197308626	-0.04504386401629211	-0.060224941017906646
0.06883774826618531	-0.008312612067169708	-0.06898806421316146
0.07480606586013865	0.02612146298583274	-0.061378849040563205
0.07189261793411181	0.04089282929120765	-0.05355788566091524
0.07365808910291101	0.05068076144809241	-0.04556528629465381
0.0711203062011148	0.05257357821209904	-0.042535888989199105
0.07557921547038705	0.052646398029002936	-0.048052390838843814
0.07664828845944427	0.05247289575873863	-0.04774721376539599
0.07634763918629012	0.053361081065499645	-0.048936108406881854
0.0742896036907315	0.05843039989866506	-0.04046656521271692
0.07401574154996522	0.05949694521877524	-0.0364280537972419
0.07608465191439961	0.05351390154146884	-0.03835501472269742
0.07983495099097564	0.047431375434355515	-0.047641720819343744
0.07928292075734336	0.020992191223003734	-0.05311248591764567
0.06507139067057169	-0.03452824134630071	-0.07545157023768422
0.05180103217568931	-0.06066048747613984	-0.07704081582893607
0.047034941082241224	-0.059345849248171004	-0.06819522318968216
0.04441448002603021	-0.06075754478702446	-0.06068604541068972
0.04605678117323874	-0.06879718037321114	-0.0539245831029491
0.03700636863806875	-0.07751913340390935	-0.03620346799586309
0.02048492411349368	-0.08643387280439095	-0.04117208885867609
0.02073040337667218	-0.08784412253001998	-0.038961628453972955
0.03962553962569259	-0.0805583091422351	-0.03596454920716652
0.045346640223432995	-0.08329273084893142	-0.03209122795299692
0.045382078363876865	-0.07950857552719026	-0.03141825600905466
0.03531243030777515	-0.08257854121611456	-0.02137938545665271
0.011033986455348376	-0.08273561278238954	-0.01717117132074905
0.00023797489877050437	-0.08188142489071489	-0.004681795175955211
0.0024564790931723597	-0.08287659234949181	0.0045407219720733395
0.008937055525936079	-0.0855990597891474	0.001213988011148916
0.014460467639848346	-0.07927721711301829	-0.008393013344346901
0.008269329960750405	-0.06809498378991466	-0.017417577533439844
nan	nan	nan
nan	nan	nan
nan	nan	nan
-0.01931814022912682	-0.033898406615551255	0.0006866885841625876
-0.02482194578228946	-0.02945988272648423	0.0004669008426170136
-0.022351420435458805	-0.03025029022759716	0.0001169338457753695
-0.024126408355233397	-0.0322655214183903	0.0009102112366875005
-0.02630594987033781	-0.031249802787544342	0.0040598476680690845
-0.02624951885921413	-0.035350542165618545	0.012606189707769944
-0.02371216120837096	-0.043034995938159584	0.01906748499214251
-0.026507574059292556	-0.039508964469416236	0.019341514254966434
-0.03282633800084424	-0.027065400983780893	0.0200068690519968
-0.04031843038222155	-0.014104303785564412	0.01676907202868138
-0.04373832236197017	-0.01566898670289535	0.01041885845423627
-0.04482946254891044	-0.01580001641534801	0.010605693254619852
-0.03885163321891079	-0.015741365930477008	0.005412083265626068
-0.03163669777212205	-0.017852195368011463	0.007871703279821209
-0.027118080874958983	-0.02494980084732326	0.0061498223892883196
-0.02898923583944628	-0.026108977615352073	0.00598216730387854
-0.034605650475467264	-0.013925186403150465	-0.002048866054052377
-0.03569029650776617	0.00508268824737977	-0.011512450624054166
-0.029601910492721966	0.014935189620319344	-0.02228731121983505
-0.03030292391995722	0.02062099677882383	-0.027651406642384864
-0.032731626464925036	0.02182265232524875	-0.029759371555388908
-0.03723470208278034	0.023775211518674382	-0.02839780107421304
-0.036666556400580606	0.021669201313816826	-0.02325370901061162
-0.034274268566613246	0.017483845218329908	-0.023486852414766096
-0.031004695235419526	0.01721968337070107	-0.019066763481561708
-0.031063728565794185	0.014709891683281467	-0.012955595138561486
-0.03704034383615628	0.011927929530298378	-0.004318051414322427
-0.03956666085277819	0.01428129765217745	-0.00799634418616018
-0.035609826338991325	0.010078446902008974	-0.01080203869698802
-0.03753572722589735	0.015369224737487962	-0.023083543552223584
-0.03872248989288467	0.012230624557523407	-0.01584164744130065
-0.039151521602857856	0.010390355658970278	-0.014937339922024149
-0.0362698236791724	0.011051187474529826	-0.013337259926764676
-0.03545106155350325	0.01651959419671668	-0.029846923743340623
-0.037963589787599984	0.025837330715796605	-0.03586411568807755
-0.03983117867244619	0.024835963489247635	-0.032191615034455064
-0.036068583863249716	0.019464999587314336	-0.022384500778499596
-0.03367349775427387	0.017794960659564443	-0.023494015260090928
-0.03007232499809775	0.012522320718422256	-0.014017265594637177
-0.030723253506436496	0.008119603214694406	-0.008079158210182465
-0.026242016353359706	0.001995610928755456	4.0749595587235427e-05
-0.021706297294228818	0.003859378376055454	-0.007150821818787302
-0.018511839521806864	0.005274836853282747	-0.016571678243965587
-0.01934810905693576	0.010023506223374981	-0.01491298796864848
-0.017351988238091837	0.011733758918898045	-0.006183994372696303
-0.014949053662492029	0.011948414089539425	-0.006215222496774253
-0.01488003101827326	0.00919153293794973	-0.010389189728461364
-0.02095451934263526	0.010422329527352458	-0.018756787569007814
-0.02739380285311141	0.012081346653399518	-0.022715771237368766
-0.031161591644632145	0.017811082855752978	-0.03296022861324027
-0.029471029543635424	0.01954578038881822	-0.03376497402916859
-0.028719974624184307	0.024113319869308338	-0.03888896317574076
-0.029604156718489667	0.02518357846253718	-0.03731904234244169
-0.0332975865574466	0.02209681477443745	-0.03574058904570369
-0.03859790889271328	0.019090424140682214	-0.024213667309128353
-0.03807809687403231	0.012209471329225355	-0.014795618660240348
-0.040017303863327906	0.010769089365646297	-0.013398579740136477
-0.03915553486475948	0.010360988826603622	-0.017606022118759068
-0.038422964208624184	0.016012305976763456	-0.024891986595359492
-0.037181896050194375	0.018515235503029064	-0.026328210353977994
-0.035660590408517934	0.01765433565994782	-0.027115301462921425
-0.035036209390975695	0.01711571223849692	-0.02410603555279574
-0.0339245867503491	0.01346381343373131	-0.014142645579642683
-0.035538860535189606	0.0132149426267601	-0.014835738118221073
-0.037413926844733644	0.010454383367156221	-0.01575675480148593
-0.03425503845751776	0.00347152003292217	-0.022919613291713648
-0.03131614274696901	-0.0011447218979453398	-0.01651606386044145
-0.02762565516821697	-0.005702524876407444	-0.01200728429737187
-0.03233237612735735	5.1291519040742536e-05	-0.014740551886654588
-0.03422849280418634	0.003900711399067809	-0.02011015315432715
-0.03769256437005277	0.010695878723374795	-0.021550669342668062
-0.03841967086565634	0.0174204372931769	-0.02803232076910313
-0.03888941547485605	0.022742724538853384	-0.032943076408255126
-0.03445773636175353	0.0236083052013544	-0.04054423442466484
-0.033164327600023816	0.024197725778697738	-0.03586465862303808
-0.030272098867222486	0.022365932209595197	-0.030850327848342945
-0.03650718914622704	0.020698033725251443	-0.01650040069920145
-0.037911960881940335	0.01915962528651337	-0.01269714319642485
-0.04369052348846722	0.01667972906017895	-0.007318149175881625
-0.03827595276943361	0.019054365706483764	-0.011919095863477076
-0.03687561616731775	0.022054642049496954	-0.016186509013179213
-0.03579939312944412	0.025953518846714433	-0.026908983325916895
-0.033829992852138335	0.02099906754187332	-0.023669904874958597
-0.03097024720781907	0.014839491517433969	-0.01591891158267659
-0.030102767217815976	0.011260192845065471	-0.006386954107224601
-0.030075547710500652	0.013874607788010042	0.004605526548264394
-0.027041962670346836	0.008512711739145343	0.014004859174419952
-0.019102999533393682	0.002909331358018824	0.03397322354046449
-0.018971321874224626	-0.002043258639053599	0.043327651479666426
-0.024886145474558544	-0.004361895489002186	0.04674344162234707
-0.03023618329786331	-0.00432136721409105	0.04454985290327047
-0.03102083924365031	-0.0018787644685476954	0.04784482708340622
-0.03494310510626071	-0.001219375123603476	0.05011980390901007
-0.037046393269343086	-0.0020733005513842552	0.0586189391873923
-0.03359749120464231	-0.004439093034525768	0.053241198061556666
-0.018879232354011205	-0.0023297820200042633	0.04265793957077675
nan	nan	nan
-0.01588483046944942	-0.0043103849159549035	0.03514559652485905
nan	nan	nan
-0.020921699495081134	-0.003914568969926733	0.03831132548047556
-0.028159560425406398	-0.0021371010338132076	0.041839303511519724
-0.030715516757304277	-0.0030267955729360637	0.04625700246268726
-0.02855675796935122	-0.0038713924352972444	0.038400285709317736
-0.03046774929627623	-0.0040434433228698115	0.04013515122648583
-0.032854915533136145	-0.001441261936408246	0.04247165053288058
-0.030126338358624452	-0.008170178146915893	0.054285260537854804
-0.02907290042857649	-0.007905467716348685	0.05534038704269226
-0.02723708872652938	-0.0060112576073256515	0.04693007436976554
-0.03466000197020756	0.007808493481888105	0.027414493067345676
-0.033701987296637294	0.011835385873869304	0.010893064191618416
-0.040580994887079024	0.0187145068649676	-0.004700208127399491
-0.04186601313206183	0.018216073553717405	-0.00018005493775401227
-0.044230930473176	0.02314656405024638	-0.0006085837069644967
-0.04135088060934071	0.014504019304176257	0.012440921353607456
-0.0402650973047088	0.010040910463843637	0.021224776238961726
-0.04179943872998207	0.004796331737531331	0.036011365323222924
-0.04224749845167915	0.0076708697690687005	0.034474357879399765
-0.04066190677205687	0.011711670336484983	0.024992455644273555
-0.03754941193809437	0.01511078918866253	0.01101296467262073
-0.0395634655227596	0.0149504630350261	0.012256755587728214
-0.04193980780834704	0.012629316815579055	0.006468119199635004
-0.041712351488760895	0.009889065401068507	0.012141379080557589
-0.04042139472951742	0.0060011839794041205	0.01901392950739507
-0.037406012405198905	0.005540982461377425	0.025651383627858335
-0.041125008529648274	0.0021812297129210263	0.02769183247970862
-0.040877277497259695	0.003933243649340672	0.02121553547241161
-0.04180602672809758	0.003747944082181543	0.015467757536216951
-0.04212409041668319	0.008096456377594421	0.013727597537306582
-0.04384038744226586	0.008037213181881494	0.020244484517749316
-0.046979339902244385	0.008361660469061168	0.023675247041487976
-0.047531574205604145	0.01050425504839753	0.018617558218331644
-0.043867820224829275	0.012310926175295478	0.008727914199566887
-0.041470983088590305	0.013994307417420712	-0.0032662988437976853
-0.0424292018998254	0.016375944608863942	-0.009607266436756454
-0.04461280252180495	0.014686132972661605	-0.006389195113446093
-0.046302531987047146	0.011522542242148591	0.0010282958505240317
-0.04454285571700459	0.006617054464981785	0.007925368200296483
-0.039448863336449536	0.00043725813998141073	0.005212210064743587
-0.03914758154709158	-0.004529185309596635	0.01610770269411281
-0.033066824552624	-0.01355737063399507	0.025385234507482424
-0.03368962953887592	-0.01934225466063136	0.037213815012210834
-0.02766413459277496	-0.029939901709907055	0.04660516991872732
-0.025206837570965503	-0.04045521840304303	0.057118700302856984
-0.018821518267362638	-0.05253428081369845	0.06702595569222497
-0.004382054360927073	-0.06191197049706388	0.07457187996895225
0.025009647416353656	-0.05936649768891907	0.08178000898680417
0.04762232199912941	-0.04435736549103865	0.08118731902384378
0.05753214487877292	-0.034930772431763284	0.07033731388361728
0.06812244647529786	-0.015458113481650448	0.06371893630911554
0.0706416970933069	0.008723826393727646	0.058668775722455026
0.07531988634810213	0.03781149382994093	0.07260973582954308
0.07476324653425125	0.05562277673342895	0.07850219100607093
0.07481763056286336	0.05988893203554138	0.07550946487963722
0.07451541307302298	0.0633526186370606	0.0725308519515508
0.07633782734532439	0.060074248202441	0.07405000328369196
0.07689053391033494	0.059773983945585404	0.07943052028218806
0.07535713849394289	0.0576268275837958	0.08108259369122575
0.07353572419802579	0.057671105898393436	0.07489670580778147
0.07408808337327104	0.05716056281049939	0.06782963952770932
0.07413505743567658	0.059702396776609004	0.07684192650851714
0.07485538700537717	0.06103734042468421	0.08788316803038276
0.07540394430741162	0.0621775350346538	0.09360031884111207
0.07677018541373075	0.061145922343738585	0.08211473345164193
0.07839613693391335	0.06156808934008326	0.07242111284114668
0.07570629457913781	0.0567908364569182	0.06095129179073999
0.07439596444752081	0.05658938902734551	0.05914277721222481
0.07251861145236166	0.057548516559991054	0.05990405556250223
0.07190477433163292	0.06331244869499988	0.07193686919105276
0.07196908957626488	0.061535709010747563	0.07719146714489408
0.071411608878555	0.06065631723474634	0.07655085163921568
0.07056127163420416	0.05731601917522715	0.07146860159174628
0.07051012337763855	0.05977459758069426	0.06539975621223888
0.07204375909189756	0.06009436301367225	0.0667892419150354
0.07520221270955968	0.05822029975897932	0.06389664716552113
0.07497362796546077	0.05518940503844702	0.06729848008549107
0.07470197595391119	0.05784935665854913	0.06935515990628284
0.07215575936133624	0.058289867248314704	0.07347499452394929
0.07336390332991881	0.06253055071069429	0.07215481266335524
0.07223494776902535	0.05984815261165577	0.06517405269483781
0.07285304562352211	0.061337212893168624	0.0656361079750612
0.06802285667977197	0.04192710210635004	0.07073923294607062
0.05178031501707553	-0.008191137224485338	0.07758025466099672
0.03997918073885614	-0.05153801990391934	0.06971368465265132
0.03720185873878923	-0.06928348477931662	0.06510003020160042
0.033247369616977065	-0.07265119766667828	0.05315913934762374
0.032952285411669745	-0.07087287375821151	0.052475392164046605
0.03104798143308158	-0.0712385142095928	0.05700863653573955
0.04224710940519991	-0.06260558731147799	0.050502861606349765
0.05160762435845287	-0.056627382104986405	0.03593141752935683
0.05480467424363486	-0.05192727032693686	0.021332623418438813
0.05736830133325886	-0.04955173111991805	0.01938962892916321
0.062352865852167746	-0.02416167010841662	0.035960095771739475
0.06740075689843025	-0.00741936665084659	0.03242083773833673
0.06330519823167349	-0.00497420680442745	0.02568051742410115
0.06109721716660273	-0.014637023732577864	0.011614190972618336
0.05968335746332365	-0.02380040256363629	0.013023938497269044
0.057472471919800414	-0.03598256111654492	0.01846904609923381
0.04896766098806488	-0.05509997264498337	0.009665497207469738
0.03905859453781472	-0.06289719184938192	0.012877640786426177
0.028910212257883722	-0.06438921854096874	0.01590042519473682
0.01954210231746998	-0.06295967279144159	0.025544312625717137
0.010278485576284423	-0.061652066861569335	0.040405094436173204
-0.00047927568826591055	-0.061078491328127475	0.06514900019762636
-0.008577270493217302	-0.05545888731868023	0.06731769682646084
-0.010748552259714944	-0.051245089898935565	0.047188069237475525
-0.012855013805189705	-0.047733658109760733	0.03849315369569869
-0.014217305381062553	-0.04415223766799289	0.03159899148957954
-0.013036806729179744	-0.048160502579166334	0.035250843819477816
-0.009382465558888631	-0.047788955422540726	0.0275627019082468
-0.007948729509349575	-0.04653702185860037	0.03237890644430993
-0.011918457283935988	-0.03202025334153955	0.020753345252143618
-0.022100531604448175	-0.02405325895621417	0.02500012164427422
-0.026375972141734632	-0.02050488510105946	0.01995867907669763
-0.026608034802133283	-0.029388887855178025	0.03517666110931189
-0.0244570633001986	-0.028747076773930173	0.036143747838476334
-0.02593163644280443	-0.028446864875471663	0.03228468088481834
-0.03103103551463695	-0.021120541268300652	0.0286105521866414
-0.03223382533599689	-0.022483973287555307	0.029590950632936375
-0.03230428596590025	-0.017541309611363954	0.02685347148571713
-0.02738130976537764	-0.01711299208448124	0.028129440288511928
-0.020034738373283813	-0.01944603915819457	0.031371564457748594
-0.017769007660730814	-0.02645931241355354	0.043134489189372245
-0.02069546500205938	-0.026235563598613145	0.043368125147886294
-0.03049541110285749	-0.017892762955708397	0.028649024675242888
-0.03263865641714098	-0.017975525428112524	0.030093794111694758
-0.031957728557949684	-0.021610489466939945	0.035068100875981126
-0.027969494741150337	-0.02501060481399066	0.034442451476536996
-0.02800137023678502	-0.02047530748135092	0.030178868318712856
-0.030732687688164766	-0.014642628903712243	0.031089673650051924
-0.032797909126045716	-0.005092263190185195	0.01783837991555589
-0.03345724777005227	0.0014147506734635846	0.006574239640574325
-0.028003871009392015	-0.0034263450534400205	0.009462702205299402
-0.02416064797727868	-0.013725667151781511	0.019983832799208904
-0.02048531778053436	-0.01810085020294353	0.0312258530009439
-0.018945296037231812	-0.018504663851626576	0.0391348175569438
-0.020351604732888433	-0.02047602082090402	0.04208893964331605
-0.02042429017017765	-0.022035581946949562	0.04096256954906035
-0.02387760663719533	-0.021755090359068856	0.037690259920362235
-0.01741185623704363	-0.018389645018044225	0.03943929355902435
-0.00913310752126238	-0.02279953942515674	0.0466664698763576
0.0012350239440105126	-0.029973368418808863	0.05219819357954609
0.007391751479732588	-0.033957516488660744	0.039547652961697835
0.012026123796885226	-0.04242064197965484	0.034344355915267
0.016302762492283414	-0.0428614653080045	0.03544346458583161
0.014369566046302582	-0.041487052491625376	0.03846477970439077
0.007326935777875744	-0.03932850828776076	0.03987617258405575
-0.0010359658251783612	-0.03515089744960844	0.032017111155934676
-0.005452604014698438	-0.03449426528467978	0.030412190641736944
-0.004488156399603178	-0.031098097351928485	0.032549045195904874
-0.0021670285127647713	-0.029617097707813265	0.04607187224357103
-0.0024241058631274677	-0.028446907102536695	0.04066546274921548
-0.013112668605324064	-0.024853338525007457	0.024665749959642616
-0.021510787937177197	-0.0199863761769129	0.028650814584687666
-0.022324690300226546	-0.022850549856898474	0.03421209698013172
-0.015832059638553334	-0.03030748338953616	0.03782064804623904
-0.010566788965266858	-0.025751216007965025	0.03795158980894041
-0.013873301582246858	-0.01809965912919225	0.03583390880478114
-0.023667749027427288	-0.01359022901483726	0.02829817324267562
-0.025654488021342462	-0.015133506213613838	0.02762428065575778
-0.025548988662623128	-0.018161069170767295	0.03378571921151421
-0.01983994859708138	-0.023046964522623573	0.02830249229331965
-0.021256500511421268	-0.018255162522806342	0.034917160940588554
-0.01946225719660108	-0.01921854822654185	0.03736397792947144
-0.0211313663969574	-0.0189008721461639	0.03918088575089741
-0.02060439489630186	-0.024037552287399733	0.0381959493314624
-0.021246034546848	-0.024649009835748473	0.03860111312035919
-0.023332415771983885	-0.01653211459206279	0.029248089041635908
-0.026418382899736487	-0.011376285527379537	0.01573749379409235
-0.031061349229080375	-0.006098688394783742	0.0028545918145055187
-0.03830846629430087	-0.0005415458522161336	-0.004038514445696584
-0.03858738066648173	0.003123120623318441	-0.005101617856801091
-0.034915998086476135	0.007389227036421527	-0.0009438889316260371
-0.03319124831694835	0.0016174500953056764	0.0029960643133049025
-0.03817289024558794	-0.002516247265664205	0.009051747469081904
-0.04257637551487315	-0.0036101239822416724	0.016021738134362286
-0.0395697910141864	-0.003325905644105884	0.014823811425174763
-0.038450083818771054	0.0008043654662517179	0.011469710171003955
-0.03331476905409901	0.0068818003457655095	0.0015741639198408458
-0.03318365845608291	0.002817235245385503	0.010286079082144108
-0.023943188881671747	-0.0014138386284056374	0.011266431108962548
-0.01617728225728878	-0.0028481605014168223	0.022383775779684274
-0.016191800037473184	-0.0031644678973423703	0.02208090859222547
-0.01860046044227868	-0.013423868505386901	0.027108030297326394
-0.013555527943841721	-0.027979609019631577	0.027452669020791236
-0.001021797101420833	-0.03316866636236818	0.04013564397301227
0.0037813207781965904	-0.033102913800637485	0.03102526334035236
0.0029723314132193332	-0.030916127814744346	0.03151876513852814
0.0035509029631041714	-0.027747644679318166	0.024182897404576367
0.003984166814425865	-0.03439456922855959	0.029713430563203143
0.006115710992270395	-0.037368809244187166	0.0434290475682248
0.0085212017415373	-0.03831903200733796	0.05281923957241543
0.010111084389181237	-0.031696463369426796	0.04846223795963732
0.010133413286741659	-0.031545812346183	0.0483575989631701
0.0033120249242313245	-0.029632723650292403	0.055910090875226776
-0.0028665600153719444	-0.032310748132033225	0.05408360687517243
-0.008981891112458971	-0.03340661096779446	0.047644301497104434
-0.011268908697223957	-0.035834826813812566	0.04000241831897166
-0.00881060943905512	-0.035870624075911454	0.03668961054654128
-0.003949149829845362	-0.03611508127540463	0.035236987134122565
0.002326631784582888	-0.03579960803755111	0.034441222033902354
0.001329604545534186	-0.03824524287845869	0.037259995879630095
-0.0023752521862911323	-0.03566269801830809	0.03994869634671258
-0.00921708182584561	-0.0372817527857405	0.044602727704842256
-0.015148859046983994	-0.028445666480306577	0.04326723836980695
-0.01888107499302002	-0.019964846727914796	0.048067941357115465
-0.02482615461121608	-0.010212543152244647	0.04373711153652435
-0.02319776070316745	-0.012195754690824453	0.03346564918908183
-0.023246137979644203	-0.026770238439160945	0.04008323730518656
-0.01949878665498509	-0.02486871949711574	0.039282978664038966
-0.021014750366782856	-0.02260971999649946	0.05010437666717148
-0.021179554928465412	-0.020420417426899835	0.04929718069886313
-0.02039662120675837	-0.023526634318501063	0.044346935446672106
-0.01740835908106666	-0.029634601350362742	0.04586947291930224
-0.016718517686165432	-0.025581931937527867	0.041663374880321305
-0.01732950739060648	-0.02895113712807586	0.043227449039137895
-0.016615445207307587	-0.02780597429195698	0.04461389631418733
-0.005906590151389582	-0.03432156148271214	0.05072843355623507
0.015199374617302554	-0.04140636152003995	0.05609286833673412
0.021737973483083435	-0.04276799509746902	0.05542588678646469
0.02276433565064707	-0.044819791026438655	0.05342866177504632
0.02116880171088443	-0.0503933353088737	0.05758743525372784
0.02493067145708932	-0.05121073047839436	0.052919728271888664
0.028529543245911598	-0.052873941167529324	0.04618522040425456
0.02615489495448737	-0.04912888571610524	0.05259472911104397
0.02623900274184853	-0.05269659443647525	0.05252782062925965
0.027979676206768844	-0.049118265560055274	0.05991484115358803
0.03770133562753574	-0.04420798699493609	0.05903674784401333
0.05325619268646143	-0.008543480301579249	0.07846652965999874
0.06074966599897077	0.022642147498816295	0.0633763172038944
0.06199530341687161	0.04142498590031396	0.05546034368329878
0.06446161301626266	0.048878709885310845	0.06446259949842556
0.06511623057053484	0.0484744649730069	0.06117038101775734
0.06568703508855298	0.047052175192324325	0.0613451798739915
0.06732056226703678	0.043654743853009007	0.0639878335423436
0.06657713477309503	0.04135135885465159	0.06295063605485128
0.068475729870287	0.0418322182657865	0.07046915283581417
0.06673102418949564	0.02632846844492659	0.07374148648569313
0.05586019232246591	-0.0029178066481139148	0.08309533606755387
0.03751177587122356	-0.030815387332107036	0.07331490439391203
0.031462921501122204	-0.03735886872212263	0.06833926702809637
0.03432802085826188	-0.03897336165894961	0.06381787147547027
0.03310603728362846	-0.03984641068021903	0.06125107109107194
0.026990494822400533	-0.03381341250978296	0.06606787608509329
0.022058715043264083	-0.0369494568957805	0.07261651929729424
0.022684861996501497	-0.042145503245044263	0.06072535916389528
0.019271117072270354	-0.046266806492124286	0.056445495222745
0.018942526590109792	-0.0408269576177763	0.05307220516681844
0.01679881012120345	-0.03328895744432159	0.08002076212590627
0.016418791067420585	-0.02952078597423887	0.08533051709669706
0.013356167495608522	-0.030448851388692234	0.07975017959946631
0.014435823334057922	-0.036711987287571066	0.0631864684582823
0.01664989308619099	-0.04212267528024958	0.050163363602865774
0.01226809154249002	-0.04294576359167639	0.05489152425771819
0.004846307045628663	-0.03857406934508065	0.05623135062536199
0.00015351591033371218	-0.03579345977277288	0.051688700323235165
-0.0017851978747882007	-0.03819459214124915	0.04725110890667677
-0.005347948298259854	-0.032814165659934544	0.04504229856465566
-0.010991937567285044	-0.0318009761430734	0.047431593313005276
-0.0077263142573374115	-0.02739162625412558	0.039180696033285736
-0.00222100261820137	-0.04135482419301526	0.04591038942561902
0.000590125670115996	-0.04288612682788708	0.04500688717213199
-0.0022031603959447596	-0.046849011361539274	0.051026280166054455
-0.004547622388364222	-0.04033309827965262	0.03758527114866758
-0.007241990148964483	-0.03958217211573429	0.035961818634613264
-0.009028103526000997	-0.037533372015275776	0.028532967087617003
-0.006892130943148691	-0.03571796933589171	0.019993081591388462
0.00087279149607473	-0.027313608221789732	0.018286586621274723
0.007734253841338013	-0.02964965571144583	0.01484245843507873
0.00913396865981608	-0.03139648927549596	0.01932424368234294
0.012280411724929021	-0.03334021492645712	0.02256552532204696
0.01224977054803936	-0.03228713829928414	0.01995912358652214
0.012546404809703626	-0.034562102387926064	0.02315653002474176
0.013892788235443619	-0.038178758746270705	0.022972742902141706
0.004222119539230574	-0.03678740021971294	0.01720218411062475
-0.012861746017468437	-0.029675176296875876	0.010502357048957004
-0.021942158133524823	-0.02239854612240905	0.008938121370344398
-0.023576048576491662	-0.021543665565573723	0.011829067596421172
-0.02522429947701968	-0.0194388377571199	0.005745148212205717
-0.025514680303282952	-0.013502725078613671	0.0048892371919466125
-0.026834145820654097	-0.007399045185620789	-0.007299317933253842
-0.029395786645564255	8.898684950253287e-05	-0.010726554860160022
-0.029938037305739407	0.008202002450276457	-0.0164940606812118
-0.030963924157091573	0.014033669881026507	-0.01237962026109293
-0.030886434141631447	0.016480635336267955	-0.011651964249293663
-0.03278682551390698	0.011925391061332986	-0.006591430530788794
-0.0347771667450118	0.011677884500155172	-0.013889359182547467
-0.032890676088796075	0.010167469779925711	-0.021106991869882675
-0.03172779035518716	0.01762753427452679	-0.03184509882519183
-0.03086792110405405	0.022664959774534834	-0.038556173534537976
-0.03178019355283588	0.026150076939832158	-0.04397541367798748
-0.0315417793882584	0.02397124474662639	-0.03661978752431807
-0.030222934852341232	0.020987986619678458	-0.03888649573917309
-0.03498829941907653	0.020185693427005647	-0.031197607745483732
-0.03892042980895243	0.015615534326703226	-0.03105805374276579
-0.04013173156937254	0.019006441854709323	-0.02476297965994277
-0.038629724788196956	0.022551205126727824	-0.018841708033597273
-0.03628880018907503	0.024409056919651638	-0.021288729857223954
-0.03499732827134777	0.02150753822606048	-0.01886710687816617
-0.033051114179166965	0.019379108151286205	-0.020826010910646384
-0.027677335881560967	0.010362916953113947	-0.021142799340717274
-0.023440668575135288	0.005108416541956584	-0.016664148409277196
-0.022723523828364796	0.002547267578023114	-0.011918988769139669
-0.027735316738221293	0.007193341746544206	-0.012844123797715804
-0.028877637646106964	0.010763437634138033	-0.019338797522330926
-0.028681191104862377	0.01141904235075258	-0.023843818985580075
-0.023775764098557667	0.007089379271300666	-0.01564743340092936
-0.02099866014720859	0.0011673035492779321	-0.004095948950500611
-0.016883739594697186	-0.006170237649726352	0.0031181708488575224
-0.014763816535798144	-0.009779851940202809	0.0108132793385798
-0.01662507361027441	-0.009293362253303626	0.010179883985578102
-0.02074380622616956	-0.007662948873226428	0.011081763127424229
-0.024317509248634062	-0.005213438528233758	0.009097878148653142
-0.024741838143082097	-0.0013082140837756963	-0.0015127859936229955
-0.02498361336765794	-0.0019850924202962183	-0.015075974666367065
-0.026431647564480947	0.001576339544112543	-0.0147538285180719
-0.02585400587693967	-0.003876949611091916	-0.005121744661731188
-0.02602410930228484	0.002093728763408654	-0.0022650477136059513
-0.024495436016919774	-0.0024751145518114677	0.0008646096008208849
-0.02548757488965438	-0.0019332119193817522	0.00021294843422208984
-0.026558476596786024	-0.0008597183855775648	-0.010939320967184812
-0.028108477079790327	0.005145094737907275	-0.013051464177118454
-0.028044256026919602	0.0055131037365001405	-0.011314735166898144
-0.023558994480149174	-0.0026108567767901916	-0.0007428290758746958
-0.015452553499236812	-0.0132515299802914	0.00029981840766661084
-0.011223541298901166	-0.01800547953047272	-0.0029437313850637047
-0.010612009212341787	-0.01795506826626599	-0.006135311289262002
-0.010777861979940531	-0.011163820819185603	-0.006927603619621679
-0.011681098440396536	-0.00998608694923026	-0.004252312459213871
-0.014651412549230296	-0.006150855230950731	-0.0034905858910155574
-0.019943651218523678	-0.003620159780647546	-0.003510343564523774
-0.022602772415714692	-0.0013797357520814219	-0.008385338200262393
-0.02557482745121109	0.001827846110882307	-0.011456597211918617
-0.025264261738961496	-0.0006006676179368346	-0.011785773122046568
-0.026633242532459297	0.0022884584750619353	-0.013730887170321756
-0.026491875658757345	0.0007887994596589546	-0.015373669455175697
-0.02717075488466836	0.0067656116683090465	-0.015868389043796033
-0.027042961603691993	0.004970223478431615	-0.010176064493992939
-0.024161198538740953	0.0025509557702839973	-0.008475280552181136
-0.025375153710120977	-0.0025814520836065376	-0.0031039960736463194
-0.027637017130375113	-0.003492976010722296	-0.011649697661522074
-0.0291212302455464	0.003939776931329274	-0.01347588349681619
-0.02644711075818327	0.0135614711585769	-0.02291692603798954
-0.025948364454423313	0.01855921488886517	-0.02679861211622599
-0.023146510615045156	0.015405518071010463	-0.027773359867923324
-0.02629500376113185	0.016651218362424013	-0.02986769849895681
-0.022574710822912458	0.015687872874191346	-0.028629737108105943
-0.030462551581545698	0.017916880429100845	-0.03039185617106117
-0.026378983783685698	0.020913678939086026	-0.030869350988151252
-0.026270173093218493	0.019626793583975496	-0.02889802946600531
-0.02378129564189124	0.01841350434786109	-0.03119997945710276
-0.02346922184737263	0.015928843807268722	-0.028660696099400775
-0.024033743598993084	0.01777781266840844	-0.028459612502757876
-0.023296927697163978	0.02020112975059301	-0.029085679050245526
-0.02303390434877562	0.020195044594309576	-0.023064499209233976
-0.025669721759304466	0.0215803218682267	-0.01916108688356323
-0.028625807847106624	0.01947606038810493	-0.019107833835978465
-0.030767205420851693	0.02052045471304663	-0.02342327889962729
-0.029187056577257876	0.01868393230843329	-0.02196438192027441
-0.02707266638940746	0.01728515346102702	-0.017254983936332135
-0.02418453542578641	0.012864787435283334	-0.011556705455815379
-0.024749889683452153	0.008190638235214936	-0.008864501830819146
-0.022797499745392125	0.003511918868559404	-0.011366486495444592
-0.02302690730566906	0.006135989663358064	-0.014680942554721988
-0.02307597369243712	0.008698464609826298	-0.019796918904162946