# EV_1 (102.6015)	EV_2 (37.3773)	EV_3 (12.5742)
-0.0007440078868555267	0.013369908098322022	-0.020893650449678485
0.008005466599642033	0.017545260939508322	-0.03014707347454307
0.020749208997133995	0.01241658759066384	-0.01651260647699185
0.026214679946167715	-0.003232978647785709	-0.0017365874098537078
0.02968588871422085	-0.01797086353676627	-0.00459746591837306
0.029260818349381094	-0.016330988513933064	-0.006215329759263331
0.02916428702474802	-0.015199674795844043	-0.011680448900469657
0.026049559639577842	-0.005218705406860868	-0.008985018337288448
0.023811728643779555	0.0037737329603936653	-0.0041653388446530465
0.02388679687334201	0.008000876636812402	-0.004121963775470212
0.028193160822544586	0.005889277219394303	-0.018035984386999913
0.03432455693472122	0.0006566727353215633	-0.01459914742855501
0.03482317265179463	-0.004773031607113666	-0.017861479712289838
0.034016596809045334	-0.00823315686467318	-0.01643512943039189
0.028597624504107532	-0.004707206926492836	-0.021162706410460575
0.020919411464293693	0.005722167492351243	-0.012415350740672612
0.019506786410122767	0.009555835258540642	-0.01667045847471172
0.02300122744924565	0.010827777591334601	-0.0120491103264272
0.026106021138917822	0.00226172570501479	-0.008364884951132766
0.02724956709364903	0.001619432742841903	-0.010068610384630899
0.025119585757895618	0.004281408780068518	-0.008631392644406068
0.023816916202781008	0.010403855731464458	-0.01247683687808978
0.02173122483807628	0.008049592053925587	-0.015193301333603498
0.02400128496772311	0.0035252428576614454	-0.011076978497697523
0.03030596475466741	-0.0010466430183548243	-0.004068754707599615
0.032541976013491326	-0.0050994199316096115	0.006228626165295598
0.031842479253913335	-0.012461344607550776	0.012466887212158627
0.030700664692899546	-0.020360078533103385	0.005098129282268726
0.03201825836073142	-0.019646437213131147	0.003094548997841326
0.03242492900202023	-0.01797603919873879	0.004758876775655844
0.03376535829220525	-0.015834063735592905	0.0086742162788257
0.03340526368897572	-0.018044617767012786	0.004241054359912091
0.034427384881744044	-0.016533802997503205	-0.0034384524195428603
0.03500394431194486	-0.014572410603715807	-0.0015616803497592938
0.036291380143682946	-0.011554068646480288	0.0016849833106685197
0.0345876214351264	-0.015013492688194865	0.004045543230162409
0.03188188360036196	-0.021113099872566765	0.0003875888174586922
0.03055349853378391	-0.0289467435849292	-0.0007400218926706149
0.03163898354116346	-0.025805159836381052	0.005184049028288826
0.031183008014141676	-0.01792689686962662	0.007158136747152648
0.031818645024406116	-0.010446258123194262	0.008495489693950281
0.029632746223685127	-0.008298009543529418	0.0010284766619488885
0.029811464583139036	-0.00047926282653123516	-0.004437763988231966
0.028612660760598353	0.004173092766247785	0.00490984123296993
0.029985295801257205	0.002929460674881553	0.006421049363816555
0.03120639915564599	0.0026646519588371907	0.015989180922194958
0.030362156455772123	-0.0023289993437066872	0.0021800229062455406
0.03168811985445344	0.0030930797683248585	0.00881511116026434
0.033000792674668114	0.0017086537401274986	0.0027991630875794024
0.0339171956825708	0.003993895288171165	0.008042977627081276
0.03250110317030853	0.0084434927915928	0.013726846049822865
0.02790535910234138	0.018255808238724195	0.010888405889979625
0.02604349688257448	0.030884807036407627	0.017940254131031775
0.021626909763489854	0.033996197984686775	0.006517635626501182
0.02389309929037298	0.037348920734038116	0.015961177425755983
0.021971865131063213	0.04268481100856613	0.010255275966657394
0.02462300179792586	0.04048984100350542	0.009721666450029505
0.020695117243272537	0.047018311701892204	-0.00011421019601134605
0.023434980319831586	0.04662028209463104	0.0018618122507388299
0.019357418289092397	0.06223230074530957	0.0021846416980940905
0.014905766098646004	0.06499242883053707	-0.00886853846559134
-0.03224795665276503	0.05325616559691197	-0.04298474877108404
-0.05404509837449388	0.02714306659775887	-0.012012866447705738
-0.0607603536691544	0.013207293513434193	-0.008577886969963158
-0.056422414375950365	0.0070557473456400255	-0.0017982567124355739
-0.04389345023494503	0.011070682806099921	-0.013717970239320244
-0.04141363622190519	0.010324020409036076	-0.005220177520571023
-0.04547609790864683	0.009681205752557792	-0.0026983843983932956
-0.05308854076203983	0.006848877987480196	0.004308371373878989
-0.05506312483135957	0.0072234692216180865	0.0018939442664483233
-0.0568515370697803	0.008568867717113796	-0.0011661124961186708
-0.05468102600583854	0.008990696688892465	-0.0008138042297033896
-0.05626947130776036	0.010649177041272702	6.730505155033012e-05
-0.05642351258932857	0.011013642390458931	0.005997254246485735
-0.056104727810264	0.012027203757428528	0.00283974293349646
-0.05502551157977777	0.008192073290096307	0.002129882879246231
-0.05416597809035723	0.004990045987287802	-0.0020556870082159354
-0.05282143767089628	0.011928645310179313	-0.011892693917748588
-0.0467087954076681	0.031173227311716668	-0.006830850707613544
-0.014072952078309773	0.06989902527731531	-0.046716760283272075
0.0023711980880348825	0.07658884494642433	-0.031133335691948302
0.006053235706619109	0.07068171986714879	-0.012395457205002524
0.0011832819111728056	0.06909147046697117	-0.019426998776592822
-0.004545886632894748	0.06882223018432913	-0.031694208904766166
-0.010892634948742676	0.06974196901261193	-0.02915567674371307
-0.012198402171474382	0.06848785513606842	-0.03026465687118561
-0.008315917386111562	0.07511481180849804	-0.029664740070946008
-0.0025045726665894013	0.07115652195267089	-0.03666514639747412
0.0020298359322906915	0.06943771035598519	-0.03037848040596499
0.006465692414514575	0.06439430204081062	-0.00727966015618807
0.012829712459416463	0.06562587739313579	-0.006322794906639425
0.014438005809327437	0.065431127725839	-0.004251707970260102
0.008444245373407983	0.07137003826279469	-0.027929550489054943
0.000651082558225398	0.07663474533888472	-0.044473927885404926
-0.00949791370598642	0.0770439671137315	-0.038484213590003494
-0.016542295654509917	0.07103060423017787	-0.04645545007374051
-0.02089268231987744	0.05880879231795636	-0.03473439318144263
-0.022616177114144168	0.05469360052163218	-0.039337564324963104
-0.015317875052894418	0.06209230904209525	-0.020186101333749564
-0.0023758899816771744	0.07849628980021459	-0.027937045148985713
-0.0017241612147105886	0.07903929474035024	-0.02799898062006306
-0.005061809922614656	0.07758597618568953	-0.03166670014898754
-0.00483992602649739	0.07630057193348501	-0.035312391283576265
0.006903913186136233	0.06817296514688637	-0.02089198999516382
0.02830213177425265	0.042711510512064274	0.004993000092348394
0.032175436692221976	0.03290376776060497	0.002594267652682891
0.027486265445395824	0.03896076554264642	-0.006801736410705528
0.01768597752404237	0.050798866070248715	-0.009259941209116825
0.01326170543407627	0.05742757302896775	-0.018069352908864154
0.00914846566770865	0.05890690410671599	-0.030027360139403554
0.01125291944446612	0.05324873363455439	-0.027050409347379532
0.010703977745207911	0.05388748837770328	-0.0333708569745256
0.00960835357031721	0.053323178428625946	-0.028044830173582273
0.006416702093001221	0.054621799855320806	-0.02553944609695795
-0.003099282030281569	0.05549764169254439	-0.03432917915843389
-0.02305396454952573	0.058193490900477485	-0.06105710845284505
-0.04757380037737848	0.04610836689861148	-0.03233996669010157
-0.04791485198421616	0.04430952449347232	-0.026165708656215706
-0.04808899824407812	0.043929100747118914	-0.01979280733802169
-0.04990741909234098	0.031816188963637325	-0.027323843945248543
-0.06397305585716627	0.002045407589681622	-0.0035848077105977774
-0.06996585805491182	-0.013412720419077866	0.002773632849271429
-0.06958601426205191	-0.015456773929162454	0.004838099368834781
-0.07125515458287536	-0.013584015468696378	0.009446308956069266
-0.0710606800987919	-0.012361607420114459	0.013182500553954368
-0.07319371254749092	-0.014333719028644555	0.016229495935338928
-0.07242609801009725	-0.016499875230426106	0.01530531135147653
-0.07178445381701849	-0.017892600462588518	0.011376214133563142
-0.07274618906406663	-0.015355446122415805	0.012650217481532514
-0.07442131740184224	-0.007157340262832691	0.0030375052090878124
-0.06898351681998427	0.015029840306198812	-0.007174314801097086
-0.04288041670821573	0.05432074722083827	-0.05832334662926039
-0.020397666670203537	0.08139475967016295	-0.07587033717572966
-0.010716731751709523	0.0885778863623564	-0.05999024645990697
-0.0009406938410085029	0.09144834318072989	-0.05221814641307204
0.007760942597586391	0.0885682677751095	-0.0360193939237538
0.0108171417393378	0.08658591335653759	-0.031709578316202226
0.0054593872017781615	0.0811562830785092	-0.0271383234105844
-0.040566906021542906	0.05785586685326421	-0.028991627205799543
-0.05927993294973503	0.0328115851554598	-0.007693737652784555
-0.06767799322926853	0.00945775985124571	-0.005759373501954573
-0.07358897212756772	-0.00939972736688221	0.0029623385036737365
-0.07540829349949961	-0.019550760237647097	0.018837921718890538
-0.07355403158902624	-0.02054943971394798	0.020395038574357316
-0.07208365571975177	-0.0223691368699843	0.023757541058916545
-0.06872375426068315	-0.020871257305333922	0.020523484748077747
-0.06911506203484254	-0.02032376458839123	0.027854206488971495
-0.06928329752390701	-0.017789829487397216	0.027431271794065473
-0.06936237808865658	-0.018864233145025503	0.029647983639698408
-0.0695158850606258	-0.01799653573194358	0.02446991912124434
-0.06745387546510115	-0.01860695326875483	0.025386248538027942
-0.06881071981218308	-0.01943056502894604	0.02441082364259904
-0.06950599002193476	-0.02030547366794871	0.02766334780026282
-0.07221499598674083	-0.019387199920572678	0.026001142229654106
-0.07306155704330888	-0.01768682621695179	0.02218364224450725
-0.0739684484811414	-0.017400352790762953	0.02051132176673799
-0.07462184111814514	-0.016661723463889895	0.02055453347666479
-0.07657070179561214	-0.017153699421603302	0.021470881009608478
-0.07288269335850317	-0.015695301844421448	0.022680989109585076
-0.07254065435131486	-0.01633901659003643	0.02392641682177038
-0.07059948934805683	-0.014087693235183813	0.024155771652276115
-0.06826667494297184	0.0008568685790115875	0.02107671136973352
-0.051760224554442825	0.039095268748939	0.008826396727570657
-0.022569946706326106	0.07669025206558976	-0.03898773878269213
-0.012358454875501435	0.08583448841225268	-0.011307972724349103
-0.012450463249574717	0.08231424004595451	-0.004003558885479874
-0.014354145511135162	0.08649912460417081	-0.013901484129089129
-0.024055193375212672	0.07857295953725933	-0.03850627372641538
-0.04330592489682792	0.06332884256760297	-0.01228206764240147
-0.05027062107657165	0.047450989401954184	-0.01869806163494505
-0.05045672210527173	0.04673284750902958	-0.02051203267216429
-0.045779880385726446	0.0493457619801198	-0.027854838598577486
-0.03563641760678729	0.06806683590221847	-0.06087206326868071
-0.025995414602846007	0.0787588368256794	-0.05386106288862745
-0.006838510654375526	0.08126534135673856	-0.029650256128074287
0.02516336939790953	0.05558845727652557	0.009093343744393849
0.032999809452295456	0.042173102199927405	0.019335748527535584
0.032846357486994146	0.03655502213998003	0.024734795990647936
0.03251112204905018	0.03442646256881517	0.027395696714033746
0.028533455318594983	0.0427935843223942	0.01677416063882709
0.024842516780631672	0.05748353459997398	-0.006236319975048674
0.023101839029779837	0.06654665392368599	-0.004565489223956047
0.01778885159050716	0.07101206139272961	-0.006265716497588277
0.013322775306105131	0.06767529456683866	0.004501227057835393
0.013522891590810748	0.070785705977574	0.008596870879403943
0.0137682146064033	0.07172643841660944	0.005199484423331936
-0.0010757283225278189	0.0829838476172159	-0.004535738950621825
-0.015919146678954464	0.07832589003033134	-0.018430283506521886
-0.052499164308183424	0.038158666228685786	0.030759794576369202
-0.061286142948931116	0.011656673094522308	0.023996212070105133
-0.06639965162191645	-0.0060855665645792815	0.024289795100447722
-0.07260215560527691	-0.010008425070277528	0.04185035068224653
-0.07676295499237173	-0.015449941592123827	0.0392348364293099
-0.07505747896825256	-0.01494604562969527	0.04723338044094254
-0.0709671698938711	-0.006192683988064763	0.03858809000638942
-0.059745031370377705	0.021307718866264595	0.036876416976226345
-0.02013124946130103	0.07209450013256774	-0.00039198477435279516
0.0036307598596644433	0.08308601562758156	0.011566760445618267
0.015943045017216155	0.07797200492953094	0.01773555835572232
0.017332689881107612	0.0780437215825833	0.011831213618886281
0.010638277464461889	0.08080878012702253	-0.006202816889012095
-0.005819082743281131	0.07515411584683339	-0.024877382242556065
-0.007336259700233741	0.07183324907162386	-0.032949050778943306
-0.00038813977294242064	0.07172464675278663	-0.03548009184948395
0.004636597841547389	0.07223248918573079	-0.025757122599065225
0.007417367555115355	0.07504386090782529	-0.023766680917467344
0.00615701925373622	0.07333985518018891	-0.015060076558767989
-0.002767316104525851	0.07821085516869547	-0.006469643776263421
-0.012363976884914243	0.0720493376035563	-0.00974908930793601
-0.01132182749445437	0.07338270111629554	-0.012823631457107833
0.001416898848258263	0.07735785650555034	-0.013820324242708541
0.0070602225874351185	0.07638175863764426	-0.01841386404492204
0.011911369840354215	0.07885116954512668	-0.012219931862666107
0.007690382055380346	0.07532954891716945	-0.013118512582540964
-0.0022900400015799694	0.07608575939188034	-0.0033367446259583216
-0.034821780531269754	0.06330493150718748	-0.03490419310612826
-0.06719538264797487	0.014484856433346568	-0.0007613034169250271
-0.07573435256371008	-0.00999867408153193	0.008323736370215731
-0.07808190770072634	-0.019273142938335364	0.019026181322333816
-0.07846176333073711	-0.020806175923167053	0.02150497162577289
-0.07855013964339756	-0.019803519890150154	0.02066135559466191
-0.0755387315947374	-0.0010930309469103713	0.012187464658825337
-0.06137816884610749	0.032946178818591104	-0.0014699126733102516
-0.0013635006392194121	0.08148983295675603	-0.014326710927602971
0.0020882160892146512	0.08620092508132922	-0.011819823630734498
-0.005130513780334272	0.0826768185558588	-0.023018679990434793
-0.010286874899723322	0.07687985366687476	-0.019512380945729664
-0.016074286730204414	0.07226550279922099	-0.021831841377368422
-0.01847869031700581	0.06847490117126756	-0.0026306785679159235
-0.015880781023698814	0.07244808718153715	0.008028606310457233
0.0043214943249756605	0.07251729660430221	-0.0021478787083214343
0.005797694835977565	0.07160006248695112	0.0006174025554340854
0.009650921472558036	0.07244832787011439	-0.0011831604573212789
-0.0016492032662870995	0.07234349275007303	0.009349979365788484
-0.003455006582000366	0.07460860737134334	0.0016122098180040918
-0.009589165224128442	0.07546701593125398	-0.010837635032896042
-0.01723087821588741	0.07708473436313004	-0.023082727453517606
-0.047188009216473925	0.048406435029910946	-0.013043059367565439
-0.059522939533818896	0.02733580606751541	-0.0017885264651176028
-0.06379249757190601	0.017339980478999723	0.012613806079327633
-0.06274179836171878	0.011457629831395949	0.015544155460302009
-0.06568323023051373	0.001854339430364097	0.02448056196980085
-0.06470753995298811	-0.0006413842095073153	0.0314904845792478
-0.0612470899552665	0.009873907817462366	0.01702657556355596
-0.05058797990899383	0.03002938995036404	0.020638983375886585
-0.027463162422519293	0.05772740977067184	0.013378563375403718
-0.010656108727164746	0.06592786472012618	-0.006516171583680278
-0.009658948352575707	0.06951165621032904	-0.009844515274893455
-0.005172732496825861	0.07010585738123493	-0.012238002243648004
0.0034064820966688523	0.07848779200911078	-0.008164631892034558
0.013362261473720917	0.0749932932347237	0.015483364726518976
0.023705612235650736	0.05826662731385731	0.022795379130563842
0.030276563703069536	0.04777336992353127	0.03898540589819183
0.028201733089306753	0.043016887334516744	0.03312551145264776
0.024167464875809685	0.05448726597029869	0.03349858825681736
0.021859648657536056	0.060725704267508195	0.02841469715966203
0.018920689586310626	0.06520296668216095	0.020772004162229775
0.0055257648400697575	0.05596289820234008	0.009733246914046633
-0.0038564275848690897	0.038983510857138734	0.014474888990861273
-0.005142731449027546	0.03954592102412369	0.014071190707770104
-0.010173269413693918	0.05188313780193724	0.006700007961690126
-0.021736719932836313	0.062118670551831234	-0.004432798200249711
-0.02440021802208741	0.04769767949753163	-0.01573083804518274
nan	nan	nan
nan	nan	nan
nan	nan	nan
nan	nan	nan
nan	nan	nan
nan	nan	nan
nan	nan	nan
nan	nan	nan
nan	nan	nan
nan	nan	nan
nan	nan	nan
nan	nan	nan
nan	nan	nan
nan	nan	nan
nan	nan	nan
nan	nan	nan
nan	nan	nan
nan	nan	nan
nan	nan	nan
nan	nan	nan
nan	nan	nan
nan	nan	nan
nan	nan	nan
nan	nan	nan
nan	nan	nan
nan	nan	nan
nan	nan	nan
nan	nan	nan
nan	nan	nan
nan	nan	nan
nan	nan	nan
-0.02896441152929674	0.03515488471731768	-0.001369846797978639
-0.03667067447886739	0.0333793087524191	0.033758498313313144
-0.04700986049817087	0.034399804064540886	0.029019409816150893
nan	nan	nan
-0.047293583580522464	0.0419355411752299	0.03448517768012749
-0.03635946843175533	0.057009523313048496	0.040272432196208616
0.008400255522119966	0.0727227196172861	0.05160415645141683
0.02624283888149295	0.05066489062120944	0.05105299769678617
0.03529939182728171	0.0291443902065651	0.05439642726583689
0.03937779992459298	0.012455710036823896	0.05207304306632857
0.042230257411520686	0.006231732328022197	0.05682753402135898
0.04160205693549344	0.0034942161987991088	0.06335261347904028
0.04316201233157196	0.000857214597563171	0.06565517782256802
0.045258234313241844	-0.005418009967212836	0.06078329091860875
0.04924144468848939	-0.012133549625274897	0.049131570201558415
0.049454323674607475	-0.014283893484436075	0.04689176363773275
0.043780762578213124	-0.019579960836136966	0.04368692242230695
0.043583221812872705	-0.015959099037681796	0.04998787818271469
0.043474008113037324	-0.016222809699773168	0.05165555638075604
0.047204456278109784	-0.009475646363163894	0.06139737208859289
0.0445307792996501	-0.008750346813462947	0.055584968851495276
0.03972038686648824	-0.005229769004355064	0.05222855166279846
0.03472381981129458	-0.005413908199271652	0.055987940666002114
0.03454674248690981	-0.005903483770335981	0.05572084246431125
0.03910140707047359	-0.010035434467594875	0.05296422959081648
0.04084703089258315	-0.01821722751189692	0.04259940701117019
0.04347874131942386	-0.02330255986263928	0.04272065296195264
0.04006219162620425	-0.02093591073738669	0.039538428169874525
0.04403837443563258	-0.019760421515713507	0.04378736327896252
0.04285847340115614	-0.024971268006338813	0.04147170233390102
0.04454652554888382	-0.0269772341566237	0.046403772694003434
0.0450408964007285	-0.026461647155406748	0.0457182077742021
0.04563185682705397	-0.02637134724718908	0.048876859093577724
0.043557467672343975	-0.027966106697564524	0.03791168046453726
0.03605735735490612	-0.030778788638277307	0.040556741580235894
0.03432383866789926	-0.02621936771338541	0.033770217735274284
0.037123083006611345	-0.02972740439743768	0.03947883838563731
0.037850401003545704	-0.02944242432187467	0.027878183716330614
0.04055299750325068	-0.032923594036537225	0.02967052144682604
0.04039409793282187	-0.03268157251689041	0.03025905847581794
0.03985120583134198	-0.034708617586432434	0.04456026423629426
0.03892468957540164	-0.038535035012660986	0.03800415105171463
0.03881675784879252	-0.038850586187745804	0.03968057542198036
0.038749257305668285	-0.03833103491285397	0.03391495168228678
0.04007742476238429	-0.036952469538572605	0.043556434241993625
0.04055453456821685	-0.03931121488615551	0.04175759515377974
0.039982553558031944	-0.03784605298208369	0.043168242457470744
0.035657731079587	-0.036945883723736764	0.046201124208389587
0.03379736574578364	-0.034615144137546607	0.0473762315563019
0.03615523096416747	-0.03633370009532757	0.042489616192787974
0.03946474607430296	-0.038705493711690485	0.037685861025427037
0.04170368983891036	-0.03745964993989606	0.027833146211583924
0.04228946458193895	-0.03807045899937619	0.03128825598421472
0.04067870609454981	-0.03089511162991928	0.03699211597496699
0.037592386051892565	-0.026615334250581567	0.037814072463299625
0.03464272896096644	-0.0203204057700081	0.039269903788654706
0.034543834448834715	-0.020976735562532652	0.0405872155998731
0.03986371275468021	-0.02674656103547488	0.05146200343450339
0.046781471237654616	-0.029456627827496813	0.053918697811742265
0.04628254950984176	-0.034070756153875184	0.05002639068526661
0.039182744766638834	-0.03146123590346805	0.05438562504656548
0.033583305869906876	-0.023607477531861015	0.035772101581766365
0.03590220294569355	-0.018977202517218607	0.05114378801599892
0.043182390446580336	-0.014496610579791798	0.053659863501768434
0.04921167533949763	-0.023924200444961855	0.07125946996415813
0.04433963184812179	-0.019010153267687277	0.06281284874493018
0.04288564563872072	-0.01650888545743969	0.06544942519146231
0.036960371937060664	-0.0041819164652128656	0.05910960950394843
0.03917122740947997	0.007715016383331438	0.06000974837422861
0.037596240586215655	0.02009807255652551	0.05982931156319418
0.037025772004361614	0.022627544913477248	0.06055259125573485
0.038730184854562415	0.014560256597815468	0.06421704981918057
0.041563975857148265	0.0031857599131551706	0.0703626976582791
0.04557415556626235	-0.004134581685421284	0.07846052271735679
0.045294043761264634	-0.0035400697029877187	0.07940587612009872
0.04390293390379228	0.0005167191202115224	0.084762960347191
0.04521756398039788	0.009037834192559548	0.09768608003036722
0.04256611569579208	0.019286625508842102	0.10890373676423219
0.04056826927268705	0.026978064880516257	0.11234206144242978
0.03682114361350061	0.03137660396366889	0.10341896429482825
0.03413635794438674	0.03616408840432756	0.10718832046920261
0.029541079312238788	0.0514101408416674	0.10800830668926002
0.02017310357516182	0.0700515920279144	0.0990959642836609
-0.0030024199122762833	0.07958117541263392	0.08030645919631275
-0.02852178760665365	0.06555622216544861	0.07134975149877255
-0.059814740272976626	0.019300578975136602	0.09565319580174311
-0.06777633569244655	-0.008110468732210682	0.08013968926587157
-0.07033983360957151	-0.019272791030569746	0.08005991455792787
-0.07048672557152846	-0.021073691641896444	0.08060142982747587
-0.07115018819226474	-0.02143924791770411	0.07921432479580251
-0.07116173072976614	-0.022350185350441722	0.07854127343682223
-0.07251447701411931	-0.023312915372522166	0.0790494622870588
-0.07143362297476225	-0.02288545930424709	0.0847394397401318
-0.06975956425944065	-0.015339110057494757	0.0833936491663466
-0.065052094640791	-0.0019313686719232561	0.07272828488693558
-0.059164744437288676	0.018666644486912545	0.06334892665385909
-0.04725483817716666	0.042845194197193286	0.06398027066090389
-0.029145406029217308	0.06282468896531386	0.04388191726231823
-0.016243905670994204	0.07462471911647503	0.06013632482252765
-0.00530948146619426	0.08183733620055732	0.06945656031451841
-0.0010208001320385182	0.08410265753714516	0.071421312067367
0.003620033878941567	0.07766247510678341	0.083819941402498
0.02858257657285905	0.060657490534379535	0.07524387172741015
0.030428105113953555	0.05932564180294088	0.0842504500630158
0.020589725227940663	0.06653644936526254	0.08272852654412094
0.015125750770286385	0.06767492013750843	0.08421729009590957
0.011093649432448076	0.07085294459864262	0.0787516412417669
0.00412937626300706	0.08106409267705836	0.07846831241155426
-0.0033776431140507173	0.08234364546900469	0.07437201623341717
-0.01880420881145106	0.05523811049669607	0.074101343874904
-0.06207329005505521	0.0046429049379993394	0.09275016374734538
-0.06976937639657764	-0.014015124527676297	0.0889569386139062
-0.07032790302500419	-0.018237857991190258	0.09347395661947198
-0.06969765164506266	-0.018879990036451008	0.08560965409321816
-0.07104710862863442	-0.021154163143278625	0.07768121147726866
-0.07273429269460778	-0.02254028903156626	0.07291090442668229
-0.07349431452863582	-0.020796718323302116	0.06606256779263606
-0.07297709728886546	-0.017170925796657077	0.06542846678099697
-0.07164785282098601	-0.017360991117054653	0.06752901074587427
-0.07178360028714013	-0.016973868470880515	0.07444015981252897
-0.07181126603671927	-0.01829343308127517	0.0786910793981149
-0.07161028409227044	-0.0163936722677598	0.07725745681207338
-0.07103013013873054	-0.01331451068327244	0.0756090745044739
-0.06783952248651988	0.001373625336293986	0.07006956858540024
-0.05589210836306718	0.02869529282824494	0.055486338067177454
-0.03851238580821121	0.0559770805619471	0.06027372418048039
-0.003092217622526682	0.07016660700643505	0.06359981235953714
0.023545100622450733	0.0647276701251457	0.047907927429580784
0.027565890972076627	0.052100395602945215	0.04629503919871669
0.026768403434320277	0.04561780926024876	0.05911498069663684
0.02958093222031568	0.03976868416381719	0.07783081160842459
0.036270214799474974	0.03616848940611055	0.06895928456509542
0.04029468162677473	0.028256981002856285	0.06494172124523555
0.03867394884922666	0.023676920665105693	0.05806692823703116
0.03678385339102183	0.020657509517541046	0.05412406588635822
0.03638510925729507	0.015344766067877233	0.0488671415192264
0.03781002422696193	0.01012868688319776	0.04848303921524142
0.04363711866033082	0.004022807475537275	0.054423431249414816
0.04478258490239129	0.003411632373457618	0.05390497622842105
0.042090950154574175	0.006154035425114258	0.044933818885296496
0.04380483551072922	0.0028268694520741417	0.05308087054494495
0.045637373344899035	0.0050952837619022	0.05180763025161343
0.04574076390793833	0.012523981005070297	0.058605581886558705
0.034902953250185526	0.024254012268092488	0.036782741838209426
0.03387011888717546	0.02324431537631303	0.03871734894395102
0.03390230724376494	0.012059867731258316	0.027522156443934583
0.034116880274532496	0.0105199589305832	0.027944322581263913
0.025837184029631474	0.022167152552988904	0.023190594592437577
0.021749811460900045	0.03459491202651572	0.021711865351600912
0.024124427318336413	0.029307948374002444	0.024548910992706858
0.031646079122743746	0.0033522575128085564	0.04294224938134873
0.034113631569689655	-0.008530028842859713	0.05223467920429563
0.03726177714248397	-0.004210507454215193	0.04755342246463089
0.03659866366521891	-0.0009136119306083004	0.05347804709609564
0.0363010717086173	0.0023929534223407207	0.05114823652014534
0.03160951396593992	0.007078135743551696	0.03952301015024266
0.02656032650104703	0.018451371666135464	0.029579848064020912
0.02452802909472347	0.02734706188812901	0.022833906245226125
0.025780396125711886	0.028867099838169208	0.026014131584734524
0.027252974441943172	0.017877556431140713	0.018232128647266747
0.02619299251442612	0.012270588219192528	0.014978996078047525
0.022369969276159567	0.01390392500502828	0.013057212594064907
0.02303105225442166	0.01768813174441439	0.020502865142495875
0.02750801944363974	0.010019642258311218	0.024179443903824056
0.035076315854209235	-0.005079083822537155	0.04123591418959026
0.03615628052943157	-0.01335264259836347	0.04953781017758227
0.039558760425111895	-0.008983532176019807	0.042103313529889747
0.037305872217155	-0.006210678376231543	0.042578810732743624
0.035555689364030064	0.0005629353004389734	0.029628602311747944
0.030300274330020353	0.005336651179565402	0.023243808250368314
0.02734517196900393	0.01306266108487655	0.013820970554214195
0.0261306046688521	0.017585593360702534	0.015879597011629595
0.0225078727717215	0.0212354950653749	0.014839985274318545
0.020843356140478383	0.021802064436580743	0.010722631430716539
0.022695486166530474	0.019390495370494042	0.004750267073012578
0.022828036568744842	0.02015375615638842	0.009807310490124916
0.021367254207732507	0.022031634738016528	0.011580241647080294
0.020738569947715238	0.015385024241911892	0.010830671336055073
0.023799442984709887	0.01273689331229961	0.013834827604390367
0.030096698302184713	0.008277936033294908	0.010038772400955322
0.03381393454173661	0.003879440820026049	0.018994940840532576
0.03582645445605753	-0.007856280757075208	0.02006182936495075
0.04050811949239481	-0.018674277168152762	0.031249934635666998
0.044899980087379415	-0.028547689644287687	0.02859388859233908
0.04651155772954746	-0.029751291983804787	0.02793201272944591
0.04520003857139942	-0.02937232459913204	0.029440265439015626
0.04150356497786259	-0.024202415018768884	0.035147758279990234
0.043032479434886035	-0.02667741768965651	0.04357355395750538
0.04077561844899913	-0.028094270144524702	0.050184580832850545
0.045192686110735805	-0.02879306535519486	0.05049529211327172
0.03815368222237768	-0.02551904133184494	0.03851250476679593
0.039080293509583086	-0.024166611754559527	0.02787237534402641
0.03711377122465751	-0.02679402243145829	0.027157601311491864
0.03783350838461848	-0.02513969361383792	0.03535280470546179
0.03849432918665496	-0.025980733851154767	0.044360834878589044
0.03574678525199353	-0.021681402637491683	0.04903877924874489
0.03892323738332768	-0.020586103287068506	0.042948061262503855
0.03724347694141552	-0.01725991742227747	0.0450159500336076
0.04215209140803944	-0.01746644564588397	0.05683691762939254
0.038522106895767204	-0.011736992277392569	0.055067720454835406
0.043116861812093406	-0.003874977687823517	0.04626707001147273
0.03517904326367428	0.014038818059985058	0.045812448698362165
0.03526735775230513	0.031738715814507025	0.050335732723346516
0.030245339936071352	0.04390770839670039	0.0526295322506473
0.025995230700154935	0.039934995589443904	0.058176878077383753
0.027237183046443264	0.03399566155583431	0.06308573444782817
0.036184983249967245	0.024538373478477572	0.0526552045840875
0.03782773518443728	0.021606996709049472	0.05837027890924892
0.03438514434449877	0.02238757577728706	0.061164345918956094
0.03286362838803269	0.028971411789750188	0.06097097339209058
0.033902850855059376	0.035462378052452656	0.052447340301738615
0.03083004245442442	0.04198450038630527	0.041512431400938514
0.023901984542125894	0.05086088378804893	0.03827876358189412
0.012822216085799101	0.06266186543145541	0.027542236860735363
-0.017052274725337952	0.06801771137820917	0.029161211901327946
-0.05003704521471979	0.04119442294497902	0.06238865498237289
-0.061505581993594204	0.008859337961041366	0.047376646302263736
-0.06755513504928276	-0.009950646771002962	0.05404297319139477
-0.07282372732295425	-0.015199813931420047	0.058790700485437414
-0.07071804216139414	-0.010793975698368997	0.05297901912381321
-0.07057612488975297	-0.010621419736890536	0.056984492548341314
-0.06809165316522224	-0.005546094273730047	0.060136633578086504
-0.06374027854161371	0.007987341381538551	0.058698576713767575
-0.04735587428324594	0.038085353194878206	0.036798220883453615
-0.023413490294756884	0.06415616494472727	0.013887373212183467
-0.014788859779970891	0.0631540354122551	0.01876198284855081
-0.008093557735273392	0.06159893850656067	0.03160632857105613
0.002574344979462007	0.05672512720919312	0.03704652424104699
0.026255736071742457	0.045920993905624104	0.056161821992663244
0.03271583985617538	0.030591248478430793	0.0643176687822089
0.027748526782486776	0.03738218938913798	0.0588415222746829
0.020292809587672947	0.05215666459049216	0.05197446813323599
0.02071589492123736	0.056362861132018396	0.05768431456344411
0.014353756094866759	0.05544258153339699	0.06389151616064029
0.012592431745794865	0.0613499081323804	0.05698310813642317
0.004046069267390253	0.06801125852745067	0.042951386541940716
-0.004683902770637803	0.06539391060183149	0.04639464027334991
-0.012130323881602094	0.0612614011716534	0.04649943205992451
-0.021010021767233468	0.05313037481261261	0.035007900137329635
-0.0622440182772078	0.011375362779777406	0.07483560411188059
-0.06920921869511948	-0.010566544748281734	0.059572769916465915
-0.06919380783546791	-0.015923461530952036	0.05333687461659628
-0.06744862390158991	-0.018039644215332728	0.04858003130113597
-0.0683511906346352	-0.01391676395949932	0.04658437904614224
-0.06891843165362432	-0.016404063734302143	0.04815199608383178
-0.07086008250167938	-0.017366865777704958	0.04648242332499117
-0.06924710023229941	-0.020217105581420248	0.04812530431460023
-0.06971536266374492	-0.01973966721651513	0.045126119177456014
-0.0667092257443914	-0.01815274750475432	0.04330014685346703
-0.06858642502016736	-0.01594298036130845	0.04713631646400038
-0.06960158089787351	-0.016016812705305573	0.05334333380676555
-0.07185011477751195	-0.014083972454594008	0.05884786000772943
-0.06833092555171448	-0.013707522278196247	0.05256348229537372
-0.05979777639937793	-5.64144947232272e-05	0.044748339738739255
-0.048875775496266406	0.0197622678681493	0.060787816545301174
-0.0013220285749014659	0.06554693594305673	0.05016330202790009
0.01584198276841024	0.05959988151537961	0.049856708238739014
0.020336495505602094	0.0471299086178592	0.04865177879989252
0.02189658611411888	0.036920310160381574	0.044592957377879584
0.023558065491501953	0.03603405668504422	0.0427256477664897
0.024169353257110948	0.032017995645340594	0.04708587731683648
0.022988693006006415	0.03378955239369121	0.04416058125876408
0.024532746784414274	0.034048213471447146	0.04988490704691491
0.026869402008725517	0.031292527632095155	0.04753829990280007
0.030555678002079992	0.026609235606765647	0.05547965718443505
0.033184003579676456	0.01965377250275065	0.04906370010515578
0.03237937702712563	0.01955756597772727	0.046657159517109886
0.028007280502177632	0.019314945504952687	0.043882845855345576
0.025564799317886914	0.025644437131100817	0.03639796167206505
0.022620107327351785	0.022801983308252557	0.024808807619522925
0.02086207503325438	0.027503669530951673	0.022743955968884216
0.020440110239550648	0.028625527811894796	0.0178215832394861
0.02378623984881403	0.02556507295646575	0.03438240559958148
0.02767625607004871	0.021073787970086428	0.040448282423453295
0.03384678319059704	0.012935456881387501	0.045464943252030786
0.033578435488672655	0.018987975721481545	0.03643122248811654
0.028407443959496563	0.019427596066314175	0.031104739151224206
0.02721225874764902	0.019552613325799446	0.025936568949871258
0.024633387890858907	0.01809247298858525	0.01869528492344043
0.01995639709077563	0.024153582030006306	0.008994800865765136
0.02014703576779328	0.024661679180523463	0.010426130074062998
0.024579682775781188	0.031517860519760375	0.016426842078613526
0.02201629941224957	0.03693966356116843	0.008772726604097886
0.004509202698166433	0.047707826433642575	-0.00037894856200823297
0.0019842185764409443	0.04727121518535921	-0.008464288152656086
0.0054093251209591945	0.04891003447798936	0.0040039737505909575
0.007259251306081687	0.04817401699901715	0.011934798892307804
0.0019405547684612531	0.05525608507752371	0.013915827387100664
-0.00567920305070173	0.060082138100857045	0.01627471296850238
-0.005771381184604065	0.07101882789634087	0.023608250904602973
-0.002886997082430803	0.07645573632432758	0.038179976455857384
-0.0072693402732877995	0.0722670931561979	0.029593747742979577
-0.0432698951183788	0.02044882287147983	0.07321902465635718
-0.05484160242986091	-0.0028391981878689927	0.06377452204869932
-0.05971408757074162	-0.013423689923787216	0.05868393255707038
-0.0622617969495329	-0.018887401925001584	0.054217715719746346
-0.06436442344812181	-0.02083064854900985	0.05082673236856004
-0.06358416170709923	-0.020198654318603362	0.048214539659090686
-0.06411641949581805	-0.020669322763761492	0.045003579732609905
-0.06278395023164778	-0.01888058896378089	0.050228755726980365
-0.06422425674621864	-0.021263294948860995	0.04848294819227937
-0.060179305483047695	-0.016078852028649917	0.048037498407164037
-0.060109804213049074	-0.015241721226796057	0.04783255809666122
-0.056688068447721535	-0.012029783927583441	0.05163868835632676
-0.0577982856249621	-0.013261764494950163	0.0564405589417193
-0.05724393482087237	-0.013498155646887234	0.05818288525280137
-0.055496439152958425	-0.008842346784893361	0.05573922901061553
-0.045124120162338174	0.004593723467999322	0.04857151595312509
-0.014602607806151587	0.029423323728353632	0.014822673940234088
-0.003984422827120322	0.03763280301633233	0.018519056156838208
0.007998142969059865	0.03489682253397336	0.026247395365279237
0.019797516345566285	0.024614960025217916	0.027836464704965914
0.026406460126790248	0.01091051882350808	0.025722077555493446
0.02961705744752196	-0.0009315377961130197	0.02709463984217668
0.030300354462329274	-0.0113939447430833	0.016357403455572735
0.027718968490152752	-0.018352917054710333	0.014010389475841835
0.02912571475729709	-0.02304677076491518	0.013830927972781543
0.02604324377348446	-0.01963995301879429	0.011544489790906306
0.03154186125429487	-0.018776114603247327	0.002413918884692185
0.03226330555092927	-0.017721913479477172	-0.0055708721240119025
0.03725182274945753	-0.02823437032971048	0.003422326443164349
0.03584466881160683	-0.030673524512091578	0.002601607076639298
0.03336326514915713	-0.02962971577765465	-0.0071989113146629785
0.032354989146051095	-0.0291235477924135	-0.007082428360898223
0.029786719864155285	-0.026357592844214194	-0.0035112459571386735
0.026638561543408382	-0.033904273421537734	0.0017571313895270516
0.02361861091963217	-0.03222289214866489	-0.0003791239619089261
0.024071214119042554	-0.03503357723167532	0.0027329566832723397
0.024355495819162444	-0.03167190321459961	0.009948440764254282
0.023549724970740895	-0.02981841311946403	0.001984194953263352
0.024045581607757133	-0.0312227341377048	-0.001830463843587364
0.0268395102957342	-0.03219425211774953	-0.0007283146595359231
0.028663658547195794	-0.03374630066163052	0.004014821072429089
0.02868308378735577	-0.02900432566990627	0.0021560285504019124
0.026982858864227112	-0.02522979855547891	-0.0013845752012155675
0.02548593010500529	-0.022636928514792147	-2.896843515859046e-05
nan	nan	nan