# EV_1 (128.7967)	EV_2 (29.3711)	EV_3 (14.4629)
nan	nan	nan
nan	nan	nan
nan	nan	nan
nan	nan	nan
nan	nan	nan
nan	nan	nan
nan	nan	nan
nan	nan	nan
nan	nan	nan
nan	nan	nan
nan	nan	nan
nan	nan	nan
nan	nan	nan
nan	nan	nan
nan	nan	nan
nan	nan	nan
nan	nan	nan
nan	nan	nan
nan	nan	nan
nan	nan	nan
nan	nan	nan
nan	nan	nan
nan	nan	nan
nan	nan	nan
nan	nan	nan
nan	nan	nan
nan	nan	nan
nan	nan	nan
nan	nan	nan
nan	nan	nan
nan	nan	nan
nan	nan	nan
nan	nan	nan
nan	nan	nan
nan	nan	nan
nan	nan	nan
nan	nan	nan
nan	nan	nan
nan	nan	nan
nan	nan	nan
nan	nan	nan
nan	nan	nan
nan	nan	nan
nan	nan	nan
nan	nan	nan
nan	nan	nan
nan	nan	nan
nan	nan	nan
nan	nan	nan
nan	nan	nan
nan	nan	nan
nan	nan	nan
nan	nan	nan
nan	nan	nan
nan	nan	nan
nan	nan	nan
nan	nan	nan
nan	nan	nan
nan	nan	nan
nan	nan	nan
nan	nan	nan
nan	nan	nan
nan	nan	nan
nan	nan	nan
nan	nan	nan
nan	nan	nan
nan	nan	nan
nan	nan	nan
nan	nan	nan
nan	nan	nan
nan	nan	nan
nan	nan	nan
nan	nan	nan
nan	nan	nan
nan	nan	nan
nan	nan	nan
nan	nan	nan
nan	nan	nan
nan	nan	nan
nan	nan	nan
nan	nan	nan
nan	nan	nan
nan	nan	nan
nan	nan	nan
nan	nan	nan
nan	nan	nan
nan	nan	nan
nan	nan	nan
nan	nan	nan
nan	nan	nan
nan	nan	nan
nan	nan	nan
nan	nan	nan
nan	nan	nan
nan	nan	nan
nan	nan	nan
nan	nan	nan
nan	nan	nan
nan	nan	nan
nan	nan	nan
nan	nan	nan
nan	nan	nan
nan	nan	nan
nan	nan	nan
nan	nan	nan
nan	nan	nan
nan	nan	nan
nan	nan	nan
nan	nan	nan
nan	nan	nan
nan	nan	nan
nan	nan	nan
nan	nan	nan
nan	nan	nan
nan	nan	nan
nan	nan	nan
nan	nan	nan
nan	nan	nan
nan	nan	nan
nan	nan	nan
nan	nan	nan
nan	nan	nan
nan	nan	nan
nan	nan	nan
nan	nan	nan
nan	nan	nan
nan	nan	nan
nan	nan	nan
nan	nan	nan
nan	nan	nan
nan	nan	nan
nan	nan	nan
nan	nan	nan
nan	nan	nan
nan	nan	nan
nan	nan	nan
nan	nan	nan
nan	nan	nan
nan	nan	nan
nan	nan	nan
nan	nan	nan
nan	nan	nan
nan	nan	nan
nan	nan	nan
nan	nan	nan
nan	nan	nan
nan	nan	nan
nan	nan	nan
nan	nan	nan
nan	nan	nan
nan	nan	nan
nan	nan	nan
nan	nan	nan
nan	nan	nan
nan	nan	nan
nan	nan	nan
nan	nan	nan
nan	nan	nan
nan	nan	nan
nan	nan	nan
nan	nan	nan
nan	nan	nan
nan	nan	nan
nan	nan	nan
nan	nan	nan
nan	nan	nan
nan	nan	nan
nan	nan	nan
nan	nan	nan
nan	nan	nan
nan	nan	nan
nan	nan	nan
nan	nan	nan
nan	nan	nan
nan	nan	nan
nan	nan	nan
nan	nan	nan
nan	nan	nan
nan	nan	nan
nan	nan	nan
nan	nan	nan
nan	nan	nan
nan	nan	nan
nan	nan	nan
nan	nan	nan
nan	nan	nan
nan	nan	nan
nan	nan	nan
nan	nan	nan
nan	nan	nan
0.030962877834233554	-0.0215392547463569	0.007878953206113433
0.03375026980687996	-0.02275599055181212	0.005716536913812416
nan	nan	nan
nan	nan	nan
0.03470826160324649	-0.0230469412148193	0.008568758085166214
0.03199940750404946	-0.016510341071544504	0.00881192192888693
0.028365713766855087	-0.013645266789791648	0.014715731085540102
0.02838348691867209	-0.015686010846937496	0.011805958662616255
0.03004809273213656	-0.020202476583455815	0.013367727838052422
nan	nan	nan
0.033097515670244604	-0.02032816878027662	0.006031733225880319
0.03849773393761554	-0.01934973226259397	0.0022826642031549826
0.05059008172236383	-0.021680261867230946	0.004661726907050932
0.055705047585069584	-0.022648310576151357	0.004202571130760016
0.05325582756216768	-0.01814178076377949	0.005989437785513703
0.04709511599463441	-0.008321919319538091	-0.0028868034601013046
0.0383351451353628	0.007270307926279811	-0.0039820984096317485
0.0009999059201480608	0.027443623821595476	-0.027850917597238872
-0.008883500193854617	0.031676241542648045	-0.010869526879806265
-0.00865395765635184	0.03139098603152083	-0.013188555681993697
-0.00835426672562006	0.03159764729090765	-0.013243872394469274
-0.006875753099191503	0.03521604675418845	-0.013238502933995698
-0.01131724760790639	0.034773897064303484	-0.006912830191643293
-0.011831791043377607	0.03147162591372168	-0.0061665607013200825
-0.01710198405057503	0.021755418714974942	0.004031180316984108
-0.020542933918032066	0.00956246491588934	0.009935842439986152
-0.023518523146926	0.0029101775185055656	0.01788757366952213
-0.023181323153929893	0.0027194157956325787	0.020850410237143905
-0.023819496816251822	0.00529907975682228	0.01285335678499758
-0.019458194002420177	0.016742353780325275	-0.002200926471873678
-0.0069472851645331225	0.037063728850366094	-0.01674918980470421
-0.0005610776852435607	0.046795578008427076	-0.025685639320874257
0.00391771325830094	0.05309416937509497	-0.028755704337735707
0.0041044273192161465	0.04679694724512783	-0.027527250981001092
0.0025697358654456458	0.04847637128599888	-0.03113151269335765
7.488943563212845e-05	0.05047234361976766	-0.03377180704013926
-0.0020045800471200554	0.048303984411296366	-0.03353111360249238
-0.005628964889238148	0.03991586173287807	-0.025688087854813278
-0.010661013289652781	0.03255482378753982	-0.0178365647743847
-0.01630448204228229	0.023988812671717794	-0.0029517265195017767
-0.020532863487389478	0.008203414963974198	0.012823679691487701
-0.02166891391730268	-0.0024184176597523374	0.018782720624695284
-0.020290939850481717	-0.003201322119376426	0.0200090462153191
-0.021119892958951007	-0.005544400273207091	0.021952781404444347
-0.020368096228856422	-0.009403102705183975	0.02238877223054298
-0.02148058988175933	-0.009698860129520993	0.016162547526624004
-0.021336784920719328	-0.00852904541464429	0.013719061629493389
-0.021393106235267675	-0.006432225247899005	0.015436068903984475
-0.02228732032537124	-0.004311471315738388	0.020450156726044437
-0.020659080134025964	0.002712585664351691	0.025195842741552742
-0.018405199693244445	0.01299074701101519	0.017920718248768373
-0.016501567786295968	0.01899616596110214	0.011152306911459776
-0.01554392340487927	0.018125861807546054	0.009822247921878123
-0.01988160265638432	0.019067280519331136	0.014437424244706513
-0.020745917356225635	0.011901123316366466	0.010872531095632382
-0.022333486987290728	0.005921837461098641	0.014735889334226236
-0.020028732352178922	0.0032068177066556162	0.013851539927833105
-0.017602709851116033	0.01806457538457503	0.007668358635129192
-0.010954692333072837	0.035473325471850586	-0.024657054717875618
0.007313830044950426	0.0539942440013256	-0.028943092832093523
0.028444061936011077	0.048070350180285375	-0.009641309760600437
0.039969782489582516	0.021433195149324638	-0.001021963550331649
0.048379606790195935	0.0020124757339213873	0.02003614058190667
0.05343766379959736	-0.006392911154265813	0.02571089901982982
0.05292130217850516	-0.004923291925498897	0.02367464600118396
0.053163452707008396	-0.007627353286202137	0.01718919602580167
0.05175119800758764	-0.010525694540130298	0.018353594344395534
0.05335904449688203	-0.019864602249487485	0.01591041766162056
0.053806583747147786	-0.02334576767711729	0.016456569827413323
0.05199704040503977	-0.02091748838851914	0.013395472518824642
0.05253689576208037	-0.020412273266532565	0.014747414284721164
0.052387649780258644	-0.014287328381215854	0.024496633765433724
0.05594314473822248	-0.01619746535146923	0.029187739139529892
0.0531015888085892	-0.01448210886883512	0.031965027617264524
0.052893644634529315	-0.014779408036252025	0.03261510034641484
0.04870178797706675	-0.017876775596854983	0.01797661095929308
0.048654968316050255	-0.012902896567852465	0.022423241054670626
0.04889113825107274	-0.01798884443516963	0.01724024664538301
0.04851866024018161	-0.023057673381762678	0.014930029077580072
0.04833597290680181	-0.03238075981460669	0.004370516661071043
0.04626294260716117	-0.029592825645238314	0.004330899967108087
0.04890956593162128	-0.024100471979846508	0.009783916932841467
0.04974579586664413	-0.0217597520464136	0.008877618346802209
0.05299917599088013	-0.02508219927583311	0.007872853132328592
0.0504351454514569	-0.02543823454981718	0.016586675322128853
0.05083426420069024	-0.020848767772242663	0.012874394990955933
0.049979262871275264	-0.01583787028115489	0.010202548971351436
0.05170696629967414	-0.018740254633169043	0.0007524280834780642
0.05219710722064069	-0.022757462618501288	0.00106777226953398
0.05182908525744987	-0.022759212521305153	0.004024991134851864
0.05229359511963709	-0.026357138771877286	0.00045817580045094675
0.05269532069068398	-0.026602593414465293	0.007104812124827185
0.05005198406255145	-0.029169158584718552	0.00879662795669682
0.05117135265079326	-0.02858412701334241	0.012728992121105932
0.04628816212709394	-0.025575981145776545	0.012601688887297721
0.05009314449603845	-0.024848313134766143	0.009302517318217761
0.046684048764843625	-0.01527086111298699	0.025281160821385033
0.05231087352193226	-0.018660075569500854	0.02440186194951395
0.0536532669303342	-0.017980610224691437	0.02368182516459647
0.053964516540577094	-0.02566606478925168	0.009637503916971074
0.04942294171286482	-0.02876169886524396	0.0016593318719527114
0.04608014866129215	-0.025477754122298208	-0.004710870284610577
0.04798182687980742	-0.021067295836358677	-0.0041218059897129705
0.05421456627666135	-0.01096074459383684	0.02711187695759447
0.056292753390846405	-0.0136180010706729	0.03334196722293124
0.052002810002840794	-0.006798831853618412	0.03824747602015849
0.05181145904647006	-0.005883148731977325	0.03663681257797469
0.051697541824088734	-0.005784227447899437	0.03690055450033747
0.054270996415000966	-0.010845745702102935	0.03476905387173092
0.05367780721648599	-0.011376109311644875	0.03257432087141546
0.05527615941804621	-0.011684064825796085	0.02887435475151864
0.05445761693826618	-0.009282152006896327	0.022761315848904916
0.05712568747733022	-0.010170333713687058	0.022152041935033104
0.0537167979065068	-0.005160446753978212	0.031003383237814163
0.05323151591279276	-0.0023374297831047627	0.04204018721942581
0.0484680009362364	0.004529277881268795	0.0395179418810261
0.04363229181389406	0.01639347483663494	0.02820726712715323
0.03641892748148944	0.034717662207962706	0.012147859774627557
0.028006332870765302	0.05441734983360136	-0.010777837114828742
0.016697535245893683	0.06311625898130001	-0.025105057481988043
-0.006545191505810067	0.03549786239670383	-0.028503366998405583
-0.009043201257154791	0.03342812677894781	-0.0174121562696354
-0.01180452153283393	0.024660648031943008	-0.00967916146335175
-0.023139249226208046	0.019394803426519534	-0.011806217741604634
-0.026326367095621528	0.014635392471690215	0.010692885898674741
-0.024589516459329507	0.004327957374549492	0.030646085521299694
-0.023797167381108455	0.002948845606323028	0.028506221342355365
-0.02326789504213075	-0.0012199144405157251	0.024375030986019605
-0.02082391505672341	0.004390044584195942	0.005619772433943508
-0.017556786695418176	0.023998973207041387	-0.0033008176081851005
-0.012704124097397353	0.03308642224531792	-0.007212860330701362
-0.008591404481951751	0.04653766555771211	0.0012447374641629816
-0.00893213042667004	0.03781557132793657	0.005448483681111357
-0.016241858781799186	0.03356242075296503	-0.00403235253278999
-0.020628949496800997	0.028334356307698365	0.001953421694023228
-0.02047891151797982	0.02728142957669532	-0.0009930577512414045
-0.017473695458064823	0.0318300525674696	-0.01640792175163397
-0.009747210748602726	0.0340926924676032	-0.013354006715100033
-0.0033976464299124115	0.042562627444816925	-0.02926169242022172
0.004010125301086422	0.04859897147685337	-0.04645315172791657
0.0174429741917763	0.060161995181553005	-0.03605676157736394
0.029321878897900246	0.05261583775826823	-0.010372752155149111
0.03646315581742789	0.03289876456382571	-0.010427805809639451
0.037364047849791304	0.019428728340785885	-0.009536428833271902
0.03893759394478544	0.020640869091376034	-0.0014625256470716524
0.04089031784392158	0.02981428545150269	0.015462615044631499
0.04296952529705065	0.037896103862484716	0.014791631833392722
0.04605396084341141	0.03413626915762922	0.015453845957486993
0.04168352194341704	0.029241236752502446	0.012548714824730568
0.03476927033187203	0.019984256575324752	-0.008662421940311672
0.03224572660533142	0.027421407798626177	-0.0051350438247875566
0.024885211503807476	0.038756782182471125	-0.018202951611162477
0.014748569483777223	0.05928270672482942	-0.013788931572010272
-0.001807482724994167	0.060048024884715216	-0.017588162703429205
-0.011304723431555135	0.05479954564724515	-0.020016404671343725
-0.0101772330487383	0.05651817240686689	-0.027884474424907692
-0.0012047785594045237	0.05312156376957743	-0.0038286484595743578
-0.0008193722500795236	0.050485400644020524	-0.004391803537307936
-0.009316432706825972	0.0398606612863727	0.0005201961393006913
-0.01593294141276337	0.028545423385271208	0.013584158123230012
-0.023654530705797632	0.007845259130083538	0.012500176499455048
-0.0237748980580702	-0.002805861888276619	0.019503306713772053
-0.02361663300558517	-0.0044193639059907554	0.029291447363393754
-0.024299262530885036	-0.0029623302260377887	0.0347748424543152
-0.02789005272252718	-0.003128822146738283	0.03538325470663513
-0.029214251557916775	-0.0009618549099758776	0.03827286498516882
-0.027517946999908224	-0.001972667976560411	0.03644879360415949
-0.02517170245246123	-0.0015428810140535548	0.022476071230939632
-0.022267271933382328	0.006883113356375182	0.012366551355729713
-0.021522918735335766	0.015834078988244838	0.007316828543485879
-0.022319637336615697	0.018567715468927996	0.011788492339496658
-0.02638579918900596	0.013845091442731525	0.012376755481793573
-0.02523209010244683	0.017101163654421315	0.007877911627806818
-0.01846432076485014	0.03543221083961666	0.004760549361353936
-0.012904468226783001	0.05739555246114107	-0.0013638129902782056
-0.007084448046629299	0.06310867863373555	-0.007745531885053224
-0.009567946744876836	0.06111526958517961	-0.017531931585265736
-0.005384938728604934	0.04934012460994287	-0.010653639407384865
-0.010107677828050186	0.0579720731142398	-0.01582713645125371
-0.009433969166718079	0.05132902618438722	-0.011874412630742818
-0.010608240706300984	0.056812983619832585	-0.013145676760129375
-0.009890522277668293	0.05357718187346079	-0.006138692455983412
-0.007622210313519401	0.059039669456768924	-0.020335569480099656
-0.008565654069153668	0.06199388449922885	-0.02713771964088528
-0.011086358079595592	0.05950664875697819	-0.03040519785534963
-0.01374402573165249	0.058694459691891125	-0.023024349061074437
-0.011135517592854867	0.0577963254095153	-0.02418941957237857
-0.0031744333542908262	0.06523815632339229	-0.02961769605297578
-0.00028147062308757326	0.06326901933875816	-0.029122676379169116
-0.003263255175821439	0.05650249778503104	-0.024700608151505484
-0.0034893755781126956	0.05633831436867057	-0.027036177383162708
0.0007904013903226298	0.06027944914596642	-0.04241754520895641
0.010366748661131023	0.06158167024204533	-0.031158881499467432
0.017908347283307476	0.05238194684996867	-0.04028191369684318
0.03846019920293945	0.03187435211807782	0.022883709906729353
0.04436793126788426	0.017113468400731614	0.027339826637159028
0.045425968907227283	0.00840661027396645	0.0394024542968684
0.04937374467663467	0.008434164476764991	0.02863929301357804
0.0504326769080771	0.011647558742122116	0.02168185858534377
0.04953166289098745	0.018111100886771623	0.008290308111451442
0.04300178537693887	0.03314749193056199	-0.0015820214529205581
0.031216517153630344	0.053727494062643814	-0.04165923659089832
0.01800799710340676	0.06676773278151114	-0.04611282762175886
0.008042761356340678	0.07196597317228334	-0.03642480339244579
3.242903800182235e-05	0.05994808550366567	-0.037221230710811626
-0.010097188803683741	0.04592779531896901	-0.021560927917559855
-0.020763021084969194	0.03212139468317511	-0.006136307194600907
-0.021696860196440893	0.029115996483540758	0.0012535518741491614
-0.013458137689080173	0.029143148842555228	-0.01857503502265889
0.01677371995337691	0.018013505404738252	-0.06699457928148066
0.0324872960936836	0.009046552590648734	-0.05573635377478929
0.040892988323322034	0.0025334425135959656	-0.048363329898694914
0.043422550289002215	0.004736672590556763	-0.0426432897605002
0.04541007546488274	2.1393074839291607e-05	-0.047070655751602936
0.04580898530909735	0.0011869435242186273	-0.04451112076100222
0.04469485078278405	-0.002001880122701165	-0.04367788526974451
0.042644329651132414	0.001880341323898966	-0.03698908546033626
0.04255862655105636	0.0020258980322286646	-0.03743434193514626
0.04264945137149867	0.0019274652578928039	-0.036813447462071366
0.04235315408432469	-0.0011790507899131911	-0.04943218715548936
0.03972232633398722	0.0012099573693254981	-0.041354371659409764
0.042047411085138764	-0.002569434021301297	-0.035001461197714835
0.04340645620415341	-0.003487426057572244	-0.03181226672125991
0.04676936964196973	-0.011012861955968485	-0.03259888513886306
0.04180464119524457	-0.011957245972189643	-0.03642979010728386
0.03273070570428732	-0.006491274129512234	-0.03039535644626
0.032952828531350634	-0.0030440813144813053	-0.03231194463278262
0.04414572892132735	0.0022747313170164867	-0.03176769570998489
0.048578258902974666	-0.0037863432419388953	-0.041374401119268385
0.04586721284919648	-0.0061477571994954065	-0.037291696195882316
0.04293797252652572	-0.00449214576669862	-0.041457988290582296
0.04187638422985167	-0.0013577425375308912	-0.03120010763954755
0.03906564533546736	-0.0016639349553428792	-0.04320734204927845
0.03754673757464107	-0.006684993459514986	-0.03904579460919375
0.03621619460471938	-0.008349193935648523	-0.029586906748777744
0.035787162123544915	-0.011696600831924107	-0.03443950629354375
0.03730397049578319	-0.01443649623339839	-0.03995174360228004
0.03736984449532492	-0.015595883314297804	-0.04730550581038205
0.03885807617029231	-0.013707443399337303	-0.0327339593537526
0.04015026816097451	-0.013558089637849716	-0.03558814087909931
0.042342773134800504	-0.013322427130167947	-0.029768204458746443
0.03918464730015255	-0.014625335638263931	-0.036753808667402854
0.03936564412484123	-0.01217364506926066	-0.03295383373780756
0.03904678555003274	-0.00926413450644533	-0.03945702103979507
0.04316410303867317	-0.006358596751622478	-0.04476781854439234
0.043541605217766635	-0.005957067064356976	-0.045109612027460846
0.042986491316185343	-0.010050978126972672	-0.04808005470395934
0.041309472300646397	-0.009604553243000916	-0.04306841880744415
0.04114626877902333	-0.013590942002802338	-0.04835754765546373
0.03873887827104268	-0.013467678083887897	-0.04821252077848972
0.039813164058704255	-0.011659443560679945	-0.044956788052004926
0.04064360839769944	-0.005415974866944762	-0.03593381539127445
0.04363114210535745	-0.003821737417532694	-0.039803071933075945
0.04101809949083936	-0.006135803332941763	-0.04088768867691577
0.04151194429852138	-0.0030933702936986962	-0.03291738476618587
0.04148660520364253	-0.0005498839207449895	-0.020475279862646988
0.043645409622383925	0.00209238629411271	-0.030291326232659253
0.04426180424584159	0.0021052540706173973	-0.04048488289418356
0.04407203259556082	0.0037587192432163687	-0.04142158233072162
0.04650264888026593	0.00539898704835516	-0.02984202049612221
0.04286006891631873	0.005211520683887236	-0.03146007319834924
0.038967672082550975	0.000660550646421556	-0.04951304229307898
0.03014245556199511	0.0049855893618531025	-0.07606893122829239
0.015375510253481049	0.028738430339423998	-0.08227928693021974
-0.010822888679329663	0.05223607327559238	-0.05062382898944756
-0.017985029165894534	0.056887675262995444	-0.025964462818913975
-0.015204350338801196	0.05630585231235141	-0.03240540822450601
0.009530641195466613	0.05993563281580522	-0.048881949115335145
0.036937964278477155	0.04136305077201471	-0.04471764171869574
0.043241418599470526	0.02481357152489028	-0.030834369037323547
0.04428685170246652	0.018945496747182853	-0.0128432601886488
0.03818103938670238	0.01753722639835057	-0.008298143439807601
0.03643050348904898	0.019063077724955586	-0.013068199000268933
0.03680538474354174	0.023286783015974227	-0.01573722076273317
0.04061835262930435	0.023656777542269136	-0.016623448301829005
0.0436406823485385	0.017775765383117034	-0.01365662267916111
0.04551756386575116	0.01256301558036714	-0.023475200696265047
0.04551216599805879	0.009385616959395156	-0.027657249687357208
0.0423463074186522	0.008559507265382503	-0.027387108231784883
0.04250674262250395	0.007891364506956641	-0.023466535320180837
0.04439049716540637	0.012200608679921463	-0.013561438824175147
0.04735537481696897	0.012845690544667455	-0.010062243809997568
0.04354403768752938	0.01036885017671138	-0.017824340202575117
0.04422733756521377	0.006912657596948537	-0.02244692853811569
0.04329434938899812	0.0037954960716235823	-0.02978530187253209
0.047893028003011325	0.005782635126583725	-0.016400471909531464
0.047220863443511785	0.00928886653389252	-0.016702025681933547
0.0471044996274587	0.011972251243387057	-0.024270379282941693
0.04553111487183025	0.014355020855560403	-0.025205487866688046
0.04683460582741897	0.009775136850295312	-0.024854517198924564
0.04545196814774432	0.009558394518965398	-0.02052686060825234
0.04303493045816392	0.013846828858623138	-0.011966277825862875
0.04227903440501873	0.01860049070145232	-0.007780722305360158
0.04269645868525282	0.017822586326807215	-0.00963860068266463
0.04538222493118505	0.011256153955433869	-0.022937801878021226
0.045735109981063664	0.007801094515602605	-0.024376546311919753
0.047389895243580844	0.011881630862123503	-0.019608906320036
0.046603788033798096	0.011601893621896214	-0.01807724706556163
0.045460478698045786	0.012147893041333034	-0.020455557436134975
0.044587363234609156	-1.732217608652515e-05	-0.0244289888787197
0.046869501384539276	-0.0019889344208160395	-0.02383305057778841
0.049659583331922594	-0.0012578140284273324	-0.02718499750637597
0.05033766441745473	0.005566866581555922	-0.030024675638265184
0.04948644797247645	0.011226097896411102	-0.030607969106241972
0.050175456632612	0.013472013364329443	-0.02489220930789017
0.05175074609275979	0.014096689931670773	-0.021578584223923773
0.04959589353378452	0.020113113138564516	-0.029031314876454543
0.043388523539652946	0.04355903232060952	-0.0361476382016455
0.03173066209036426	0.06892361389052448	-0.04093959055443529
0.007441295253991801	0.0756433233530328	-0.0681500234302834
-0.018343494842454504	0.05433622539176269	-0.0233220603566693
-0.028859356934713434	0.02861877644272057	0.004395170698368606
-0.03144771474379209	0.008220614835992972	0.028009592155227143
-0.03060040223541638	-0.0027919028747210657	0.03459133313835426
-0.03130751341856709	-0.009176790139540298	0.044274314855495836
-0.034146405772115626	-0.006447072899839752	0.04336345979850502
-0.036333624038044	-0.001686438888163242	0.037870547226728994
-0.036054501958828235	0.0018704691939201228	0.03152295666421451
-0.03601028785641736	0.0011910656921015417	0.03319396898309313
-0.036911650287065806	-0.0036751298545975738	0.03788927454690947
-0.03788055979046906	-0.006478313162082671	0.04201306257373347
-0.03805021262521468	-0.008020809343129737	0.038370081184128935
-0.03663376563080063	-0.005695445025461979	0.03433880785366242
-0.03671169350552388	0.00981092506623338	0.03310943377905465
-0.03280977829383629	0.022481470382642175	0.02638508802582302
-0.02671268195800517	0.03195983103249272	0.03448484675638997
-0.02541884027566511	0.02258122716597968	0.02950041834072696
-0.027150567190312357	0.02720889836494395	0.02175847221389522
-0.029008782325040457	0.03316362645427345	0.023315696687950995
-0.02955761957636583	0.03534380545830596	0.02523060063437274
-0.03176746310008681	0.032967064229707584	0.026562990305067112
-0.02918314310318886	0.028079126491154086	0.01940372253519715
-0.022346366027252023	0.03715901973061122	0.012476034561551413
-0.018648623969253524	0.03364721217813291	0.0038162346127389064
-0.01701834734974215	0.03726251191720512	0.007919866775140266
-0.011966315033717508	0.03991389267537826	0.0030518533707154325
-0.009688886062444502	0.04556424794792683	-0.001486097352051222
-0.007843010036107989	0.04655912746069808	-0.007049393238560411
-0.01212553623977855	0.040118996781246155	0.000984601630459941
-0.01670401534233854	0.03166633252812786	0.007785747838678275
-0.027101616893066473	0.01629608654941546	0.015831445694208936
-0.030897208776500325	0.0018982535722926427	0.02668450466090605
-0.03345684927241614	-0.0072680506615386935	0.03252723186731927
-0.03130448320103975	-0.007321306887832893	0.032826505088762246
-0.03320472612576605	-0.010165668652662312	0.03593378126427216
-0.0314355225025762	-0.004067126748470492	0.03728595050843785
-0.03051380027291821	-0.0020061687845698917	0.03196736945420135
-0.029739825332546675	-0.002134582442236634	0.03251935836637491
-0.03100005882668457	-0.007573086631851109	0.042325329117551005
-0.03231810668054537	-0.014528903217319972	0.053476366400920364
-0.03223703999820301	-0.012043297874459027	0.0477539861880617
-0.031042506424726817	-0.006722250330712182	0.04588643348391342
-0.03146320344612941	-0.0061307118432834444	0.04578059102967016
-0.0314569024476328	-0.011072483701502513	0.0500141441648665
-0.03007390919829639	-0.016294023413284335	0.04582166288766682
-0.02878930359530011	-0.016244059414224906	0.0424195464720508
-0.029054265735622833	-0.019648837693101634	0.04262313032874644
-0.03186491005503021	-0.027098896220650988	0.0411957610425081
-0.03426003860875468	-0.026507241242175118	0.04815192128932786
-0.033579541592916484	-0.01944792338358277	0.05112782367926319
-0.032798828622201966	-0.010698663995045064	0.05118394786767656
-0.03258873851751875	-0.008680344482925584	0.04776545642378603
-0.03571792760521444	-0.008808423982812763	0.0534474276115717
-0.038356374550260974	-0.008744852441134494	0.054526300696826645
-0.04012214977786768	-0.011794381935703167	0.0557606165813287
-0.03705545726265355	-0.01562237771567864	0.05550983076125061
-0.03651190273523972	-0.013330553390659548	0.05194383575246642
-0.03520643284035036	-0.01087459501563276	0.04900617379279427
-0.03537549719300784	-0.005252188833800662	0.04088155390009742
-0.03337734762075644	-0.004491791978909904	0.04001634996262398
-0.03300836718848067	-0.0028079556728158026	0.038970875800293694
-0.03171757200029972	0.007140611679093989	0.03578648081968507
-0.027509483997121498	0.009951129998744906	0.015628152317099738
-0.01882684687130556	0.0199671091699775	0.023106294951170343
-0.015584781895114221	0.026808378215632166	0.0175212960217975
-0.01802450122465271	0.03153328759290444	0.019040175165697844
-0.015355495959345551	0.04181364735976902	0.005989040862347122
-0.014840729601089425	0.035776677865264325	-0.00020262077920222415
-0.013378884452141991	0.041511832039522155	-0.0008022301694688341
-0.01550811744750104	0.036615842728269274	0.008980947674721738
-0.01607553428907588	0.036195924632885894	0.013722774710850497
-0.016412356707308378	0.033549101440892355	0.01980123318234943
-0.014252044697973762	0.033346650375868626	0.017452968651608683
-0.014750123187174577	0.036990534133550614	0.010366309686107302
-0.017357173834739732	0.0389144061608827	0.012537545158077947
-0.020040342331647427	0.04055651856793342	0.012811129666515594
-0.022655640340825452	0.030625919787846328	0.013577121590157885
-0.02212937023494313	0.03683038798970156	0.018182132079695348
-0.01926092993016299	0.04294523303636274	0.0075989871432470095
-0.004700490620373049	0.06136528533944201	0.007649838199908443
0.0021388843965924604	0.06702206135830029	-0.004774503328255086
0.0004221525266987666	0.06876492206811408	-0.008507043732715502
-0.004098038997845388	0.07720098138676808	-0.008424914821948837
-0.005437284168629597	0.07611678344280748	-0.004867963072848091
-0.007708653646662061	0.07265023473734755	-0.0033223468898973523
-0.01855701931874495	0.048168732019238714	0.0049872447692078
-0.03160424903189732	0.02999178871184111	0.030363334219836842
-0.03505550427991047	0.017368768501076416	0.04259326904217373
-0.03296252095367255	0.026950760953036175	0.03068432803271618
-0.025028606728919097	0.03509745195380728	0.023455706373702385
-0.022869857280249307	0.0445822159563707	0.014699844820243502
-0.022830780595052034	0.03978236276083422	0.02255633866451305
-0.022192036088949017	0.04400454286140141	0.024122327202932652
-0.019910008241582382	0.04165500422926031	0.02709810215719537
-0.01981791404405815	0.04399939097984737	0.012932464591051442
-0.025722589982200447	0.041250711890784046	0.00047783345419103937
-0.03312593682229666	0.03922193928121433	0.01392786434547235
-0.03418255121958089	0.03503812737323659	0.02244480181881376
-0.02883424766519125	0.041651502147448734	0.018884056541377855
-0.01849671888392907	0.05531955017823181	0.012646224416908942
-0.0035239461293673064	0.07537055776029666	-0.00041810198570708555
0.0011733748478632686	0.08391288042930652	-0.01172808422143995
0.004241219756374313	0.08679590443629857	-0.01174396593741862
0.003986344263416816	0.090635991790329	-0.008220711506730816
0.000853672357264899	0.08119547282498048	0.0050539769790423055
-0.01288407193979753	0.06404612562488163	-0.005132141328197908
-0.02169594582753965	0.05763795073041654	0.010607700535831006
-0.020054401795395926	0.06438707585462738	0.001371909672835861
-0.00039801693912094887	0.0767178129280652	0.015722880455926045
0.0013545452749509277	0.06834974740650147	0.011052390407052168
-0.007327436147744766	0.05138243625303275	0.025607723392795795
-0.025225890779551872	0.030246230073680488	0.03389247303542634
-0.029494292592868294	0.027245856445414784	0.049971686375957655
-0.030899741817298904	0.027272836198698438	0.0483134776460392
-0.02688163820388218	0.03087840469219534	0.040875402091893505
-0.02767293118973352	0.0260096378473881	0.03794542467043728
-0.024406360515260305	0.024264445341930528	0.028136611004466197
-0.022809522270840578	0.03387630163127161	0.022624830551535337
-0.022510992741048876	0.045980515181213565	0.02424147497844794
-0.025543503360724	0.052586208022029624	0.03828817285128607
-0.02853665191999562	0.04782353967323433	0.03699628384709193
-0.02604981559070105	0.049088897092965884	0.029230189936165506
-0.01814242765295287	0.058139351680620094	0.00901013546743665
0.017477783473102266	0.0902666017905872	-0.005057067020556697
0.02602993009077575	0.10193014609248313	-0.004390799995251028
0.031622772368584004	0.09698689037673919	0.0032310472789683943
0.04155500630706429	0.06564316159023147	0.04166878871543731
0.054954850943231624	0.028386460741996567	0.06827472876347043
0.06026642807995497	0.01731382254610025	0.07768589709156143
0.06103762807421889	0.012479168789723253	0.07713744576490095
0.06268125072989425	0.012724038548582004	0.08296125445184616
0.0637329164823247	0.010835174052003472	0.07457347054996458
0.06521864648221301	0.014460683152246311	0.07816719480975119
0.06446340559280081	0.019097350836335018	0.07447318358655423
0.06233575068327122	0.028470800166092648	0.06826679791737415
0.05708328264659814	0.04594566329366261	0.051368644601985064
0.04689682721538405	0.07051570569880639	0.028758158424824036
0.030727668114530746	0.08812088409994376	0.008416253536422225
-0.008834494371621452	0.07408585907162628	-0.018206304840729177
-0.02331485200072471	0.06377364637248945	0.0029702218711085138
-0.028975160331465934	0.047548890741198946	0.020454388372899597
-0.027850500968458494	0.03490922874564823	0.024076892539687884
-0.030190746223132583	0.031240032376365395	0.027948036937662367
-0.026939978090711317	0.03574111219421996	0.012105781009954505
-0.028157009740036258	0.0457661025272875	0.009057368863042335
-0.02579721749656004	0.04793881911143641	0.005218596828277522
-0.025394227788849387	0.044996779848826524	0.015558194299228889
-0.02709181624015532	0.030517737520398592	0.02463855628799825
-0.033083909806319	0.014475125532793677	0.038455640569278325
-0.039705934272425324	0.00782211941019874	0.05278917142174185
-0.04058755474328203	0.0031106076722437186	0.05386237312121094
-0.03855387328682431	0.0005726224816380846	0.05436507890717152
-0.038286265533899806	-0.0005854145237947135	0.04933791063694404
-0.04042995400570745	0.005993616322178476	0.050134253882730254
-0.03931804706069294	0.01506891847256309	0.03856137169521653
-0.0326570532730642	0.021553447605422948	0.026093206238441517
-0.030042143062967746	0.02420448777989788	0.02662174187344149
-0.029264127148562625	0.022208972028418948	0.023530781803931252
-0.032869602959836375	0.025246607494190453	0.03378512755835858
-0.030432019888472727	0.03214049404976359	0.026319745155267027
-0.0266784866372582	0.043701036537850214	0.029478829486467243
-0.020463472109131596	0.04934720756699094	0.013705062191986524
-0.01571774234409528	0.058575687137471986	0.006888965308721611
-0.010816335273719856	0.06353128952265218	0.0074896905299899254
-0.010371889165940232	0.06836943557409346	0.0032392778053547
-0.0066698200516548695	0.0666490218845264	-0.0008048557298765769
-0.0020858307215262982	0.06692947612995669	0.009953930310573778
0.001851736476348519	0.06437303043561075	0.000900153942869285
-0.002432677805548945	0.059532967753588115	0.0055643646448406804
-0.011252595791241235	0.0449584587505384	0.0018962119510661408
-0.012587425729839842	0.039922126104923315	0.010135360240981382
-0.00651508481973131	0.03967480660418444	0.010626131187921183
0.00046019214574848083	0.043677914819555144	0.004839913387688182
0.0010260871844217203	0.04319413171589006	0.003777593056675225
0.0007718048928458958	0.0475499147366009	-0.0003848502319673502
-0.006309852663997499	0.040237140010157595	0.007936894450557206
-0.02244240160361115	0.025957028909994153	0.005837583007154749
-0.028666342914141284	0.014260808131907844	0.024565945437487188
-0.03152000459981666	0.007929517204474806	0.0320107993486488
-0.032771392737127536	0.004693735340661454	0.04132692438525754
-0.03607380604256814	0.002397560888450578	0.054721132627137924
-0.03630378987805342	-0.0014189755372525136	0.05030297177611138
-0.0391816877583361	-0.008529678232550731	0.048631479111889475
-0.039146744605308356	-0.014156199131377289	0.04561548185132946
-0.03867424265044417	-0.014243781710331348	0.04696017904077088
-0.037147402454749914	-0.014254213180021286	0.05129865312508449
-0.03608996250583033	-0.014622618765269556	0.04977843103023338
-0.037743552023408844	-0.013405402374646663	0.04824403699054218
-0.037607275071941434	-0.015637390582629387	0.04614891792839054
-0.03666748782895901	-0.016359758342740807	0.04657424897105226
-0.03519398437634273	-0.015761914620219277	0.04414038212528805
-0.0353037692935561	-0.01722271612600524	0.045262313597057
-0.03184980055264195	-0.014205246604155846	0.037900036399936
-0.02939723829698982	-0.017251323917101727	0.045086851644278225
-0.030136331788461593	-0.014240223841882314	0.050377081040665
-0.035461015594428005	-0.011897010753756567	0.05118915251442033
-0.03750453121379289	-0.009401293259361593	0.052793046976781034
-0.03785572051172454	-0.0070062743109551955	0.053757489961485
-0.036670236467001266	-0.006880473276064195	0.051674214346519774
-0.03472741409805535	-0.0029026700967435762	0.048091297922275365
-0.03321451481779396	0.004421305763383982	0.044281171247142946
-0.029218623262715546	0.013488190594411292	0.03306532537378365
-0.019474461652304192	0.0346771417401369	0.03739351023272346
-0.011480413478719222	0.05988828050587482	0.009828818860212784
-0.006621177504582533	0.0655393679978369	0.0016368312585229618
-0.007326684043240265	0.05942419702960473	0.0032614007540693896
-0.006268432523841504	0.057370521651444115	0.011666277520163488
-0.010590364411641464	0.05371021292815347	0.016335739232209812
-0.009476847171135694	0.05424816994696315	0.029717324611927345
-0.017210921865797108	0.04433507790876613	0.016508008185613165
-0.020711449191009965	0.035025188253420284	0.025721945796943136
-0.028676894455887218	0.021526083212142895	0.026361330886759043
-0.031050318711016173	0.013094937395988335	0.030864790672286844
-0.031316525866520756	0.008592015807420318	0.026773961612472884
-0.03295893648707511	0.009078412302772709	0.031226333179584696
-0.030788104789269993	0.010644411741272126	0.023842439150423306
-0.024153637287019903	0.022155397678849362	0.02722821752134949
-0.023447730740369318	0.02166171219077576	0.0237204117366976
-0.028933668557430292	0.021644090659796122	0.02604304529072334
-0.030804467127056877	0.021926094316538594	0.030277640404188736
-0.028653734173563143	0.031234560411777447	0.024500684273151944
-0.026923552688031933	0.03647039061375863	0.023350488161745057
-0.022990181683030804	0.039656670379088224	0.01797391565384918
-0.019924001289323024	0.04259265451949354	-0.0006966322095643303
-0.012105958722272915	0.05064170639466027	-0.006726989854615862
-0.005641877836520358	0.05879345537036205	-0.0028219827706393607
-0.0020811253833548	0.058319802780399346	-0.009505656280915202
-0.0036086255983829975	0.0534151025750313	-0.009039923774264495
-0.008351744202294604	0.05001682258243036	-0.0005018754889462695
-0.014748190872262467	0.0441270445355539	0.00662809362970636
-0.01955827988006717	0.04125551096892418	0.0165017564313482
-0.01738435578179259	0.034418637044773034	0.023949184895740126
-0.019145378505314926	0.03170974106573452	0.021661795048482882
-0.02187376686621101	0.022041066407298287	0.024053659679531766
-0.02916513567960589	0.006661049808283362	0.032094943540750494
-0.03185794299148057	-0.006425684516382629	0.046568654878249814
-0.031856604796462476	-0.009312741989363058	0.04152422830462991
-0.03483665525082971	-0.008781779415908133	0.0388827939942752
-0.03595018670103008	-0.01127816121868947	0.04115927249877615
-0.03247625665208231	-0.01062154592883539	0.03821937769237257
-0.031127666970342558	-0.014767985285745425	0.04041848453720116
-0.03079277286571894	-0.018890142030212505	0.04078207321548553
-0.03567826795666338	-0.027151963162845457	0.06001790023855199
-0.03377195253487237	-0.0236787408855994	0.05647207444964822
-0.034433733992971546	-0.017379402617539556	0.06101506931966208
-0.03481961275227477	-0.015539968763043463	0.06394129363558575
-0.03374159245180469	-0.01837965709335331	0.0576608136368293
-0.031165161796255926	-0.0169537412864079	0.05873241406065331
-0.030965336213190656	-0.014263356857942689	0.05582286325820876
-0.03393281511758805	-0.014033512752851638	0.061529050938327785
-0.03629700005542721	-0.017136304610922262	0.06667289087651915
-0.03549613615686244	-0.019331569855927773	0.0630544898330114
-0.03736600602605585	-0.02109327857146449	0.06466380488174168
-0.037970339511618774	-0.020241189792822873	0.06019555158541632
-0.038493580549349905	-0.02112682284113435	0.06344042348722329
-0.03766023835772893	-0.020967336307717587	0.05969527129896136
-0.035976333966483524	-0.02173549748049444	0.05983117278476837
-0.035001563381022956	-0.012680841428234587	0.05592936465844433
-0.035850074122379616	-0.005086879680697108	0.05647226618541391
-0.03638378502784141	0.0007608042193887171	0.04993064223095075
-0.037993429168262545	0.0009355109890572515	0.04363455243712113
-0.038163781985530026	0.0045427491670798565	0.04031755544130839
-0.04036223673980351	0.00918770014321464	0.040708763966103075
-0.037136777137162603	0.008063331014981539	0.04088435425217935
-0.03172684960965792	0.011905217054386883	0.043723968229082394
-0.030167263683656145	0.014594875922250396	0.03329521430595224
-0.028951711727290007	0.026742302327841215	0.02630770083989083
-0.02857233911247826	0.019978513420855777	0.02480745652559779
-0.02634173659922694	0.018909776562201552	0.02622566383747504
-0.02803996195432756	0.013506688817466358	0.03660683800276518
-0.0290206405012346	0.020172212564725463	0.04858015624517019
-0.030859150981148033	0.015084949404087361	0.051401228286321765
-0.028031343050047425	0.003736612299449259	0.05279189762489355
-0.029336970281894595	-0.005420389046587143	0.04355650280494779
-0.03100088315081345	-0.0071808505148323355	0.04917025464437843
-0.03180518457459176	0.0018921042869063025	0.04893961674491153
-0.0300693642134002	0.016210797929566076	0.05393686377876361
-0.02970429502811826	0.02417495200939953	0.051495219449612314
-0.0320152365216004	0.03125204835733211	0.04758977592862973
-0.0349566037590478	0.040085588143621606	0.04131616839383685
-0.03320523227331237	0.048562454903508745	0.03215632897941704
-0.029275893928504226	0.05888248419894715	0.030371807715618336
-0.021414805652198974	0.06965607518673757	0.013651032130968094
-0.0037288019826075343	0.08904520243560274	0.009166946943569017
0.007627506025100246	0.09650335511093681	0.007343945346270228
0.014009999913742731	0.09568726400976188	0.0013454388855184234
0.019231803966573893	0.08937435177127513	0.002458713011392208
0.02849271142637017	0.0857911698888084	0.025450387245556164
0.039869343023600054	0.0742461526755249	0.06340890513084238
0.045298865525685385	0.06024390335845293	0.07087869324035789
0.04834141634653326	0.050303327808462917	0.07799958666193836
0.051759055229430424	0.04316316775533988	0.08120568002686718
0.05507887611143712	0.03794845506371321	0.08669905135027592
0.05453913530073914	0.03665520899519733	0.08187728097834815
0.05444203966322248	0.032489178026846324	0.0792282631957515
0.052860581053773836	0.0350075024154369	0.08045949498417915
0.05349579144760567	0.029855418432942073	0.07996234443919344
0.05209207395588999	0.03021263335317475	0.08224714929405744
0.05250451284782936	0.027104914266345783	0.08535639647213564
0.0537894323848557	0.02960417709770801	0.09006998497176014
0.05351648183399295	0.027808220826071674	0.0842363914181162
0.051266084548384105	0.02799924534936475	0.07822025603694635
0.05207411386126155	0.02549393334199984	0.0728523951279327
0.05226156864858776	0.026835533324208093	0.0780982586419662
0.05116246278341177	0.023548640957008437	0.07430742215548497
0.04808287300552926	0.02855501179523567	0.06926273808568384
0.04789075241025283	0.03833369731973825	0.05592936946458972
0.04429575238773264	0.061550502372643076	0.04600541517668708
0.025979906246962076	0.07971424836968652	-0.013437491148241928
0.01182534110061817	0.08828915550143249	-0.043004725997516716
0.004726397806053558	0.09118423885157267	-0.04104082895297186
0.0012365907977890547	0.0933090887206795	-0.03670119227672694
0.002818982197330979	0.08527017323862397	-0.024439397690280237
0.0018459451396343203	0.0861835083891817	-0.01933702317450169
0.005231052242631529	0.08692442973149378	-0.01205754650263049
-0.0017860783929489312	0.09206209752974517	-0.010207624092696174
-0.008784163542003441	0.077046551940713	-0.006122589619786891
-0.01568921244693732	0.07521161951678018	-0.0026712860049902705
-0.0126368743134357	0.07327442391608051	0.006044011297567502
-0.006588294844679041	0.07439763961191956	0.011835364714590383
0.03632569439946639	0.049408403990321	0.06844911017056478
0.04717084861013208	0.02872572418310422	0.07737867457300814
0.05148300272551665	0.015392499925496125	0.08786022742893805
0.053639279547677526	0.014089176801200545	0.0923944954006061
0.05366411063977408	0.012698541311255213	0.08697044813451255
0.054739850634856625	0.011833447767496227	0.08106178507161416
0.05442416009097929	0.012540052386616795	0.0718891857082417
0.054488644472999004	0.010811350455071056	0.06918072276305917
0.05193235204662558	0.010390677705053314	0.06941436909908089
0.05211975102022264	0.0031148256569625346	0.06817973306198867
0.050436734998212295	0.0014837020916614158	0.06756449911401818
0.05099177868290441	0.0011608602393617772	0.062016542993653924
0.0522552836302544	0.006074630276499525	0.06955697364898719
0.054280730656511254	0.007347092306277919	0.07313912327101656
0.05532059213738981	0.005820580658112127	0.07209877427924438
0.05509251635842127	0.004737754272711828	0.0672909392301903
0.053965212516452435	0.0005802399926204749	0.06427696671579317
0.05601009309888236	-0.0015224175272466464	0.06274062684595233
0.05445650185772732	9.500284619842341e-05	0.06046432612094758
0.05502582135583818	0.00028049909398343656	0.05449471693565787
0.052533003487057445	0.006329615967686393	0.05572348372836132
0.05034990081081584	0.004544543460505667	0.05327224958442864
0.05150568410364917	0.007787526261344898	0.06207676376004429
0.05271586179177508	0.006168572000226342	0.06575604902862318
0.054573920562450834	0.006575604296244231	0.06348358451554206
0.05196856880078741	0.003752870118063017	0.05516203843530986
0.05119051367667963	0.0015844369882160993	0.04938620898875636
0.04939062809984488	-0.0033475901086657514	0.04457323917227149
0.050424254059809596	-0.0008764411978265838	0.0478876904899633
0.05146350749813953	0.0017029364924804984	0.05176640273851726
0.050485069326209275	0.005719870738973575	0.048599184075901
0.04981412688326692	3.893823128497634e-05	0.046381880531884155
0.04939303416866118	-0.0029876101198463806	0.04752941572268338
0.04980794480284197	-0.000496671968466531	0.055193768739843815
0.04880384124657519	0.007015665382183919	0.05690427356493691
0.04802556831781395	0.009470171460253453	0.05850470196377158
0.049952802605493264	0.005771944132216995	0.06179839467295746
0.05149407881557619	0.006701412842394183	0.06301226181914825
0.052439205215438385	0.007615985801389366	0.06339877984117913
0.05382031564974102	0.013128137745295893	0.06066979766284932
0.05070261628722211	0.010159440519325845	0.057056662628851444
0.04897270551684059	0.008325014583232183	0.04493688794517978
0.04664714058486935	0.009826593876813805	0.045883819933323085
0.04894459584571303	0.007698525589763333	0.04764095828617617
0.048337818816766354	0.001741418383791321	0.04659984257400742
0.050160942786358305	-0.0028623882047080097	0.04369814506587694
0.04911762219694753	-0.001937650340938395	0.035655231052992536
0.05119387863281572	0.0040053360941508295	0.03617787864379916
0.04981218549169432	0.00036607393134771137	0.02914438970406912
0.0523901128099788	-0.001395509483220874	0.032400441318314474
0.050547695305011915	-0.0049367638812224494	0.035085702906685515
0.050879583798021974	-0.006408049609099224	0.035802986703977135
0.05140650424077326	-0.0050437354030909605	0.04455307992013125
0.05454873740327	-0.005682555255797121	0.04598606866300434
0.05535135779883063	-0.0013434411064575966	0.04576150969015636
0.05447345388035411	-0.0032945523574982863	0.03883127134903964
0.05362200637226062	0.00035063980734084476	0.03746220626273113
0.05337232167876694	0.0019308537623088458	0.03903329467837638
0.05297633965986624	0.0015706054556090952	0.04271976379101712
0.052745088711038404	-0.0004242892794692992	0.04458648583922124
0.05101199873213134	0.00054423447311083	0.048982404683651184
0.049904458410585245	0.004907919590554273	0.05130671741724282
0.04896698475311421	0.005531969487480455	0.05354915329137627
0.05069266739673234	0.009340607478120629	0.0525219751341582
0.0522411206082098	0.017066521259634787	0.05590858957044361
0.05091321142131151	0.030790469188284257	0.05146026171850302
0.04394451562163216	0.04573223324805298	0.037175124358040365
0.02922387808978313	0.063389520930598	-0.0139550626475506
0.016102206314792172	0.0791505604460328	-0.024179211310578756
-0.0021054902715476327	0.07970578443976509	-0.03185092808148793
-0.012665357405250363	0.07213665240434415	-0.037786279693552506
-0.014850403520109983	0.06386840034210563	-0.029672690142974058
-0.011133790104905445	0.06192736242779096	-0.027849935753756286
-0.007006782593339288	0.05640468810396552	-0.012057388816460641
-0.006112404764595878	0.05522176575413786	-0.01228946795618164
-0.008563433866850254	0.04991567254288469	-0.013859663747937989
-0.012925279106909455	0.05017295267730204	-0.02302916267190107
-0.017065620461700518	0.04858318956636495	-0.024169311109505928
-0.017217480963076088	0.0480984374218969	-0.020534457024064274
-0.013531897967971116	0.04793070807507739	-0.016983165912699764
-0.009916398963526488	0.05362753879710539	-0.018220035268950052
-0.00804472002554501	0.05883329760048584	-0.019359487051046474
-0.00951761687644622	0.058762544388321944	-0.016733650844771686
-0.012412170927649803	0.05269280800082351	-0.009562116521932985
-0.01705086607700084	0.044528088894038746	-0.007950321698387537
-0.016905215918756846	0.03619885752287618	-0.011412326502277595
-0.018401766092208345	0.03174480900977543	-0.004650619234279424
-0.029707617545480736	0.013204360196982377	-9.900579351148145e-05
-0.03245271313993006	0.005883492066196469	0.017316615334085968
-0.03034514704131041	0.004714140063827148	0.016344350902223703
-0.03042755863610318	0.0072608626683776465	0.012547512933642545
-0.029550576577264304	0.005652074299378322	0.014829662274340311
-0.0333539394854602	-0.0024902700469596707	0.013936295740731415
-0.03392409015230219	-0.008324050351720834	0.01731267113512165
-0.038256298086712694	-0.011503739977235684	0.024213914358317518
-0.03616304961955302	-0.012370219657139778	0.020683920921180557
-0.030342956098747906	-0.006696262773347353	0.033106871064910906
-0.030333127735593914	-0.005906009513840324	0.0336835572147646
-0.03318455057107066	-0.008945303851317504	0.03058273565035026
-0.03344694996838184	-0.009721679139896735	0.02292729386106033
-0.02756604303952307	-0.005311638539589496	0.012007824551211112
-0.024976521382553594	0.005482474039930386	0.002712532003201009
-0.02413127564022342	0.0046542062546025284	-0.0012975600996651925
-0.029736844365226174	0.001447908719577012	0.008513402887145503
-0.031782120885171836	-0.008016749585245533	0.018577630200986864
-0.031075102418383575	-0.007652503695215501	0.020297241412831575
-0.027755904119088824	-0.0032530925454228466	0.012575016336037238
-0.02701434967356001	-0.0037226896429203207	0.011072209869013968
-0.02854970789381851	-0.006175991275715429	0.00982418730607685
-0.029544928703501498	-0.01160562288014222	0.008877943676517293
-0.029085191556668645	-0.011365375362881928	0.012473848501284752
-0.027845197488808933	-0.011571035057106582	0.017296185548554763
-0.025485759527262848	-0.0018576186459778258	0.016679695982470988
-0.024112595268715092	-0.0012156820703592521	0.010564166761991477
-0.023347975106579606	0.0010453122514518193	0.0123435406503687
-0.024482574831885668	-0.0003926565043658675	0.014857546198828182
-0.02591038960535181	0.007445507941754232	0.01499573757070093
-0.022309994114296145	0.0198689149555886	0.0024242962297733386
-0.007745417395262484	0.0406769402206933	-0.007404404997414253
-0.003945854049353462	0.04533862850961618	-0.012129275089354177
-0.005007867130955977	0.049058890131859004	-0.010293407147668009
-0.006656816660448798	0.03893060987937138	-0.005713415070280071
-0.009060224878612888	0.04042120647167126	0.0020472770345475177
-0.012428005047416864	0.02675235500260862	0.012965008500173342
-0.023587306143418033	0.013591854169418653	0.002597317848195519
-0.026352078536873897	0.007800262824825642	0.008276078612101903
-0.026567022685343344	0.015574528285565506	0.003756641184162822
-0.025857568604605082	0.01563102480739795	-0.0008126460126723252
-0.024216812750392922	0.015844388067747912	-0.00020000251684893292
-0.02242110232089246	0.01609661073700832	0.004108420710276339
-0.021886998356149375	0.021483022254102778	0.008859943484055312
-0.01984657761663394	0.01992535788007539	0.006416120708353859
-0.015586787855750026	0.023665887812554486	0.0003293288725699662
-0.012761847087555336	0.027531055462007913	-0.006597323708741608
-0.015203691045787586	0.033297881030473785	-0.004018228375334597
-0.02181866149539559	0.028407752133048345	-0.0004260101860176918
-0.025244619250396966	0.01642298301319945	0.00403025318532332
-0.023265922494811145	0.009861297185952328	0.0016890990062209538
-0.017724521456664758	0.008017365152116094	0.004231806892092068
-0.013661354937842792	0.023733998341769664	-0.00597131703945662
-0.007057303739074139	0.04720042791152616	-0.014635826719060083
0.003065692046860395	0.06662191309044699	-0.010170982041740455
0.005606347397500161	0.06544049807679214	-0.015147572233717304
0.0037074988473435717	0.0628424906159672	-0.012247685490723465
-0.0005600459316370777	0.054572120772360684	-0.00799072512149333
-0.004814365910424733	0.044873035488728244	-0.009622040177782076
-0.010095104131736591	0.04253897438111447	0.0011758668665043624
-0.01095730157334599	0.034908827305356396	-0.0004649688580863204
-0.01710856136938425	0.03721405537482316	0.00012739552733646853
-0.020065588014797596	0.030637895673197035	0.0007030406761262473
-0.020323551634204705	0.045509079350852785	0.0009332265692338741
-0.021150603902133414	0.04080455131951678	0.004038317509633734
-0.02177220798332141	0.043961807108170596	-0.0032447395994348593
-0.022001954699691368	0.0372399328929816	-0.0013465137240918947
-0.01959932995789376	0.04007682348225583	-0.007986857941947033
-0.01433658321901805	0.04607351715120003	-0.010939771383046307
-0.007744679882919069	0.05430358980142808	-0.0037820074060192655
-0.0007008513911245081	0.059476735350395854	-0.01599988397943574
0.01158511867422714	0.06158768350247473	-0.015126645634711541
0.026667458623193294	0.0602807091666253	0.010449997352322247
0.032802639334042046	0.04857514965234596	0.020927952128281045
0.037154011282589695	0.04106177141394328	0.04366253655298014
0.03726924934456592	0.03265387980413409	0.053274810184624835
0.03841922058072377	0.036075918509741865	0.06045367616683717
0.03914632445253969	0.03333488301676882	0.06035316623452226
0.04068395063788874	0.032428249992717574	0.06038595784972791
0.04403971978964271	0.028543726936499234	0.06592998676840493
0.04395026679297589	0.03080499276616912	0.06219854981902778
0.044086353388687285	0.028757933462536245	0.05898580183261285
0.04173817404001837	0.028175264097972743	0.05530759141519936
0.03955282338746822	0.0330270823939025	0.04409333843886723
0.03211618738718479	0.04310186672550537	0.028905182345209873
0.021123847467780357	0.05375352597189946	0.011799721770065583
0.005174632640526123	0.05990387271170536	-0.017758196680082817
0.0025029248769735243	0.06668457499970697	-0.01285994818529181
-0.0013270504086259844	0.06685411606620054	-0.016016830561103042
-0.0057336158385432635	0.062343290789003886	-0.015958929300305506
-0.0148049385320116	0.04901174743166604	-0.003259765201728047
-0.02788586011676944	0.031602927209017195	0.0027681493190987276
-0.02850004969986376	0.015832312769796335	0.011853116625082451
-0.024320970401755276	0.003770230284253974	0.01655461256208949
-0.022867055100281843	0.0023877756623595443	0.01058361609069363
-0.02695016962650238	0.005321083976799699	0.012367613102671482
-0.030771962343488803	0.0012209182795460756	0.005976362139212127
-0.03320664433244901	-0.0038993823709340073	0.00842290837578636
-0.03040270120118351	-0.00891760324698256	0.005310484599013142
-0.028720928402031325	-0.012754877533188519	0.011102015605383361
-0.028872333115127814	-0.015403296258013172	0.012075254837356646
-0.02883814697854098	-0.017609061800241885	0.013056481086470562
-0.025711987831315654	-0.017934993000734253	0.014182452392496884
-0.024100662758021682	-0.01661257268359458	0.00886940461142506
-0.023153741923575617	-0.0132799177485384	0.0037263083124344787
-0.023249285839988112	-0.009860277126002605	0.003747094726322734
-0.022895033604036812	-0.00591015513611431	-0.0021517550121062587
-0.023549113973760326	-0.003149688332893843	-0.0009973035928888749
-0.024925577378299684	-0.0008391775834985225	-0.0020630829115036615
-0.022353637808052336	0.0007686517386944752	-0.0012362410819073064
-0.021873261533974377	-0.0010093352905395198	-0.004738006063574402
-0.01811075687498882	-0.0009041056129836801	-0.008822645652748845
-0.018543395275600782	0.0005640139304238893	-0.006152657313292708
-0.019520608885559006	-0.0011230836530433457	0.0002990733574682325
-0.0263112294976736	-0.00762033648520734	0.002853945158611787
-0.030460459427586427	-0.016858085961827928	0.0056315281781167716
-0.029229031522013848	-0.018684040932832217	0.0012625761428708207
-0.02373050764988181	-0.018162368252983455	0.008564392145524027
-0.023806506256027683	-0.021758712168128146	0.012127404964918046
-0.02433370977898571	-0.02351303315197382	0.012927454011816018
-0.02652440376762095	-0.024417376633046835	0.010617180376186076
-0.0215487997101086	-0.019692678912635552	0.0088008491672842
-0.02351386059131749	-0.02002821892762817	0.007571730495601427
-0.024568779420454573	-0.02194938920136604	0.010657218939151933
-0.026845751039727538	-0.02491445563161931	0.008330701467802213
-0.02832236331490628	-0.02442129659803396	0.005906390756624507
-0.025392814050668663	-0.02429012868402	0.004315486728634597
-0.022889530298830906	-0.018526736351849815	0.0020329676408369843
-0.021192109222161203	-0.017886986028572353	-0.00022945700221146947
-0.021021606085876714	-0.013514948371685204	-0.00047114705655438086
-0.026008073767449947	-0.01941464474666114	0.011002378980188368
-0.02902565421262237	-0.024159302069166496	0.007841371975187087
-0.028625151048185856	-0.025707200423651308	0.005237970567416799
-0.027879227288110243	-0.022843368784513936	0.0030741343308830354
-0.027727235477483205	-0.022321657990284172	0.007128519169778882
-0.027509008734533737	-0.018094604186362856	0.004962089078438446
-0.027294698737748545	-0.016055733448193155	0.0032858942297939696
-0.02384202876528372	-0.006617218925371134	0.001034750552473266
-0.023306256569245537	-0.005697070724994001	-0.0006920818384472775
-0.017552723018717502	-0.0046026586169034605	0.002078860626316306
-0.015735967175164112	-0.008765401419002127	-0.0016507954129190792
-0.017552343928325703	-0.007658159573882259	0.0006409516150863263
-0.021054039996711956	-0.00810078322423781	0.0013907214798512708
-0.02129305239539026	-0.008263631054705107	0.005416272170615764
nan	nan	nan
-0.020814172168568665	-0.013738612225011201	0.010841743096080596
-0.021024594499389107	-0.01435368523152486	0.008397648714604116
-0.02311228504246056	-0.013065921755063431	0.012958885961223274
-0.021839819061670117	-0.008103903855060256	0.009523160643611018
nan	nan	nan
-0.018859217583164892	-0.0037878169784428526	0.0047642738722944444
-0.015152359638951413	0.005372386266497611	-0.0028421947895402935
nan	nan	nan
-0.009565520901945842	0.019290280629848246	-0.0063935712464962755
nan	nan	nan
-0.002775857084338213	0.03094698024917602	-0.01178590960356046
0.0039360521884502534	0.0393564885198915	-0.02293226221771126
0.0176012282677278	0.038699437393809814	-0.0046499499072792
0.026662471735421425	0.034694994335305054	-0.006530701508047004
0.04131031784822316	0.02066433070944698	0.0208963256184396
0.043467320581838956	0.01128127539487533	0.019197973038859395
0.04354245776841698	0.012639579588788957	0.0247994730418036
0.042197683673263535	0.009427214551581723	0.02742837130636195
0.04494791236200279	0.009510018040487695	0.030342124669594923
0.04545440895633181	0.00984948182066459	0.02751170981389209
0.0473079954849924	0.013959324530406615	0.02942060712507043
nan	nan	nan