# EV_1 (110.5384)	EV_2 (44.9768)	EV_3 (15.3663)
-0.013962061791236437	-0.011917334392590545	-0.0007618369030986741
-0.02023661633305812	-0.01183393318815759	0.0008292679400511947
-0.021428256136403732	-0.010435511964596824	-0.005990318744535639
-0.01981946683940867	-0.0055692881500391846	-0.013425425672714965
-0.017955075684831096	-0.0051456380316464495	-0.009609189606374417
-0.017771077131878046	-0.00789907508133491	-0.004219357007917531
-0.017740282311214	-0.01049279878346303	0.0029488891775307675
-0.01697948621027218	-0.010143137826970409	0.004663569414013781
-0.01926337077962358	-0.01326557217948208	-0.0009813783238131132
-0.022474000536059937	-0.01516444072020929	-0.009539140840713828
-0.021607588830170218	-0.010017431313677834	-0.021141152905295196
-0.0038431956086214564	0.014021046897646538	-0.02426228728266675
0.00316758746327634	0.024878780443863595	-0.016871358235641568
0.008010872413448625	0.025404151930853058	-0.004853945780401053
0.012968780540805032	0.02553350876826662	-0.008156457528288537
0.018621270674614852	0.017893207789059687	-0.004172642374198104
0.025139290432404433	0.013418679530216138	-0.002525531120946823
0.03950221453928783	-0.003855020599356362	-0.015199457100372724
0.044931993759425796	-0.013062974603398794	-0.004502924563010435
0.046725363329860485	-0.017561847626913867	-0.0035167284982082353
0.04827541341539872	-0.01979234626172704	-0.010342225913434373
0.04646211283424208	-0.017390685937021044	-0.011155712641626118
0.047496332573216386	-0.020411872966050012	-0.011405440420836008
0.04462650333976671	-0.01816414165748516	-0.006850723136214834
0.05037866295476424	-0.02248258076357601	-0.010184860598549346
0.05126179010596332	-0.02027807159612508	-0.007766472514514074
0.051393811035509634	-0.018930324505966697	-0.004741347226807684
0.04339160290466215	-0.006278747215518415	-0.0018637184187214814
0.03330066670434419	0.011921780802878519	-0.014042488020682184
0.015377437548473342	0.026605435858848284	-0.022456872260901276
0.0009116706282029376	0.020238766198304187	-0.04217167642437546
-0.010175470624037149	0.005617295117876752	-0.0316424799052183
-0.014467035402187836	-0.00021954348852115045	-0.022962513478995902
-0.016766870436803187	-0.00227872060263102	-0.012338668178099449
-0.01766318599507923	-0.004820834609336549	-0.005819105056377375
-0.018600664742934946	-0.007064564589743921	0.0022239701753783564
-0.019069255442675636	-0.008229398186734103	-0.0021715454677043756
-0.020754138355606782	-0.009299092015483882	-0.010138545405929433
-0.020890197793193673	-0.009948749175992193	-0.016003149259903853
-0.02068226192588013	-0.009475804409471695	-0.014731831759964769
-0.020084276162238957	-0.006592002052701296	-0.008514949923436557
-0.01893725507024035	-0.00522626557027225	-0.0031341803806041527
-0.018096693559580743	-0.0028728141404775025	-0.004278268721626798
-0.01805543860658364	-0.002124106228770665	-0.008396608642445593
-0.017289220661050785	0.0013233722147047552	-0.013217294899732956
-0.015225613238710375	0.002536597370152732	-0.012501183601194293
-0.014631769397830315	-0.00019257946901970557	-0.012339998233505907
-0.014052010417602491	-0.0008950014416583644	-0.024871046973267506
-0.01048544956606123	0.003233732619626657	-0.027945814863793876
0.0022324022352214765	0.02793034371995123	-0.005355232846635879
0.007863371222107715	0.03157337179498569	0.0020451301661665528
0.01031395001941368	0.0284639395955213	0.005988954780421933
0.010157314176055164	0.029971839184903964	0.00403047155556977
0.0055460218190351565	0.02609020475168206	0.004141468483965174
-0.005621508146003249	0.008159586881721326	-0.006091161902363421
-0.011512366230444302	0.0006515168965176378	-0.01262080799038627
-0.016006326210818635	-0.005864990248731034	-0.016666263943583573
-0.019909224966810305	-0.009624100434576755	-0.01900384917459006
-0.020580063036002526	-0.015621357671210385	-0.015132483151044256
-0.016283453865756914	-0.010561044001064139	-0.019647128051300276
-0.014909368557338482	-0.008865444134299015	-0.016099180314877812
-0.013506822667697269	-0.003572572912162907	-0.02056424503274772
-0.013882422112599843	-0.004557598057460452	-0.012516553310178528
-0.010872830013730924	0.001540997593723334	-0.017436037525421937
-0.004920021783668574	0.010582580070940576	-0.014642858375372797
0.001938995736753563	0.02334758436462719	-0.0030804225597838623
0.0018228814768437081	0.025016000415353644	-0.008529955952411124
-0.0027734851289351057	0.0252399481172817	-0.02591315247813388
-0.002012871450038831	0.030179986608475835	-0.031839265701805224
0.006223233201676772	0.03732436059139402	-0.016155195305814378
0.012499119380507266	0.040148108424312136	-0.011388377254818522
0.013588616580426902	0.039868509710939234	-0.01330462777456424
0.013169018178309939	0.03644852706986082	-0.005195039080109588
0.012366562077466782	0.03318451666342055	-0.006071403511331033
0.012461370215118546	0.026937958616052964	-0.00811377083386861
0.012594670585034726	0.029428753764082556	-0.01823240942903678
0.01075087853322602	0.02555572060711438	-0.01857218438326689
0.007215665627132818	0.02302712295557605	-0.029949711766864538
0.0021939368442508897	0.013445763991026845	-0.036813510014949286
-0.0006081717894088155	0.014111455434859267	-0.04469575303343918
0.00258231935446547	0.02055054213286183	-0.03942917462625173
0.011322536008813378	0.02658074935218385	-0.025961963504783026
0.01717736769382847	0.026593430838237713	-0.009118852967153295
0.025726934070962847	0.01455057308149112	-0.006849528543800602
0.037148546901114236	0.004464499092206801	-0.01506366295372543
0.041326270987671755	-0.004088359897136952	-0.012161578574488428
0.04306577280270285	-0.007089752829372648	-0.013121573020501015
0.045302119373415016	-0.01474189200955628	-0.016536648982111796
0.050672384758421424	-0.019037626516211475	-0.022016656829833246
0.0516006573297397	-0.02225730604598556	-0.019764761603336782
0.0528187063412077	-0.02210752885671998	-0.01692010328189167
0.04940967075867985	-0.02054058689571639	-0.017979192171917596
0.050007061620945335	-0.021242085214559267	-0.024301101113000906
0.0498825139477705	-0.023908317853885364	-0.027203836070761808
0.05232113786487323	-0.02534542319091774	-0.02385910229510084
0.05313756357805939	-0.026498273725134833	-0.02248331151536382
0.05349121009489165	-0.028643965396537883	-0.021634481634793624
0.0518338656711401	-0.03050714574322714	-0.02616321414763454
0.054255590291964056	-0.03137955678446895	-0.027143948426841667
0.05046280254278497	-0.027326127442723554	-0.021127559068787084
0.051528773286821296	-0.02555179059550069	-0.014941441536390966
0.04920833871585708	-0.026751736704866896	-0.014843891113839894
0.05268055066691572	-0.026505491904763707	-0.017332871150612862
0.05256120446071981	-0.023997696504191927	-0.018505676450032975
0.04999820803167648	-0.020777830800710276	-0.017932927104732814
0.048497773304444804	-0.019768765236484007	-0.016451400705454734
0.043072861454677605	-0.019444476349414444	-0.0138713610626858
0.04413589526115632	-0.019817066388994362	-0.012806569946827565
0.04115378995343414	-0.019520297750862288	-0.013071180829398787
0.04534396322884537	-0.019505824346470035	-0.013322739284129005
0.04604624132646618	-0.01591694266727882	-0.01437946092747
0.044490609492812576	-0.007212090301810733	-0.02269520455604971
0.02871482970213068	0.009176393654212953	-0.019712787754919255
0.01689881671655797	0.01713741341707535	-0.032168530967134165
0.004471170991778479	0.013986944418372928	-0.047038274390166016
-0.01237738583430097	0.005308507477108483	-0.05581634754904657
-0.01655838864045035	-0.006986888597716933	-0.05457609189863771
-0.016519249026893293	-0.010327118773108523	-0.04393734540523732
-0.016546781664115565	-0.01244966305505092	-0.033314476182967984
-0.02191636078894797	-0.01365816688746858	-0.026720526359855293
-0.023414734467083004	-0.01983214445044592	-0.017710693836366812
-0.02482489149406425	-0.018255638813286956	-0.013986138458046856
-0.02291654126816522	-0.018124543852851477	-0.007430352173470616
-0.023585029842400265	-0.01593410997660256	-0.0033574259084260642
-0.022331421851538316	-0.015077700592251969	0.00420059142455758
-0.021834988806889957	-0.012786723155056242	0.0022179646968979484
-0.020498353923161246	-0.013920307494250809	0.003139940971603118
-0.020928066881090005	-0.014241093916494635	0.0020245930757072823
-0.02236667103394028	-0.014533264064103116	0.004287434065980263
-0.025310951924243437	-0.01493372398155274	-0.0011640713145621047
-0.026657328641717035	-0.014566335430421426	-0.00731201030729221
-0.026113043846633516	-0.01515512723262144	-0.008497515562371664
-0.023021731657523803	-0.012564174989744801	-0.006282390638435883
-0.019637786264016008	-0.011684919235375912	0.0020095926896922384
-0.019395822075873113	-0.011041216860418555	0.001164418563884776
-0.01963977866092673	-0.005721867839877523	-0.0007029578500294953
-0.021494768042730865	-0.0032385901629064955	-0.005403490528449486
-0.01815637934500276	0.005120759955802396	-0.0025429324588052173
-0.011354399187044145	0.011674487501820296	0.0011897458088701972
-0.006428160303917077	0.013550583160147933	0.01027177558533594
-0.0035673529012813935	0.020786709092556838	0.01803425498403031
-0.004059529079647131	0.02084846961440172	0.020262449169266068
-0.0029429786249172926	0.026483705386415844	0.0212242319989522
-0.003935626735273601	0.02269998545086227	0.017807529599115635
-0.005625163293236688	0.022036289368926463	0.012933410636907682
-0.010252114420176298	0.017938491817182937	0.0030887654319167127
-0.012021228608395832	0.015711781289288816	0.005788539172501481
-0.014585408091371639	0.00898140185502199	-0.0001988350748497788
-0.016418882739480403	0.0025605419346000965	-0.001888668620505407
-0.018809564680838872	-0.005583798412333209	-0.00489092530474685
-0.020651940207914967	-0.010465593860859372	-0.007021977191133661
-0.020720411586079783	-0.011016945501876037	-0.005786606436210342
-0.02203664397113696	-0.00845286620291079	-0.010211784499668908
-0.01885728109064103	-0.0006009523416413301	-0.010596772305804098
-0.01117264629280835	0.00649454072179926	-0.01553359790434587
-0.004843500130342305	0.0195159280216094	-0.009327481871791209
-0.0025179708433209864	0.02538588863715057	-0.010477429088853006
-0.005364376877785577	0.026253537560534432	-0.023473049985392548
-0.002930135634778031	0.0244228216010337	-0.02029683998975268
0.007764137848729163	0.030220383318999584	-0.009895456685094898
0.014199297524645226	0.03968115853434273	0.00577810961200417
0.015104660075617716	0.04338966224334578	0.00853530291114633
0.013647695562772927	0.04079357503943883	0.009373397673421689
0.010218653656553514	0.03966447489253739	0.002683337824427745
0.006683503959115778	0.042747077886709534	-0.0010397630476016266
0.006029886987772825	0.04218835072359208	0.000552928327766696
0.00770916837658177	0.043567797106056745	0.004476254217013888
0.005403140803015904	0.037972974075055135	-0.00402826757007788
-0.01035390892128168	0.014392565053730952	-0.029925023115893436
-0.01819148409666129	-0.0015513663311310126	-0.02840156626838139
-0.020031709566841454	-0.005653260981202515	-0.027840472445674943
-0.02021421914997413	-0.004644093707878408	-0.02134153764500412
-0.01949055193966351	-0.0020164611152306924	-0.034519332592256875
-0.020105248138899124	-0.0030946671394064397	-0.03429507751849889
-0.021149106920336204	-0.006952959796470147	-0.04222568700085974
-0.019870138721591157	-0.006967488515079173	-0.03031434213778913
-0.019193879640384034	-0.00933398498332943	-0.02795370035973964
-0.014289147541298716	-0.000131806084220922	-0.019113768649391478
nan	nan	nan
nan	nan	nan
nan	nan	nan
nan	nan	nan
-0.006543405965697205	0.013840988694829687	-0.021684127688225616
-0.0033204033534663573	0.02195923594494953	-0.020594367193545467
-0.0005678881837084467	0.02673307114322813	-0.0341080679512989
0.003840888815058958	0.02888881732429494	-0.04211482200562494
0.009153551911586826	0.032702494724468394	-0.04380482135732098
0.010468407106096077	0.031218088679188363	-0.03955942838386904
0.010622921690398765	0.023984254263895406	-0.04718370413577342
0.01298187198874535	0.016632277945154286	-0.03847284013961004
0.04089604380862025	-0.005806907351030531	-0.026850404375641387
0.05181962130792744	-0.01717989658961679	-0.01600870393298364
0.056626307471115654	-0.024699529423491514	-0.016036384035587124
0.05973561527129779	-0.030634601619292018	-0.022444361813607178
0.06097122121581776	-0.032525195668105175	-0.021115668818268478
0.058958513426623116	-0.03601579151310142	-0.018700179937835237
0.05893677965708563	-0.035049050680168184	-0.0162073153469088
0.058483377400037805	-0.034138409616820485	-0.01588613530908458
0.05928792455814852	-0.0331379214532443	-0.018417051310809493
0.05759911770770151	-0.031027901051920756	-0.018080611318453094
0.057255744929463115	-0.03078894137114583	-0.019870930800213786
0.05883571676992657	-0.030408465431786925	-0.01897468184297412
0.056292926127507296	-0.02801797227043219	-0.017514584885505773
0.058788616137720136	-0.027611599952211623	-0.021387549694750492
0.05489075342633134	-0.025372771141691883	-0.018635219737874367
0.05986395887840811	-0.027572406357557117	-0.021765635489402906
0.05614580581822103	-0.027545149660907924	-0.018614298140015036
0.05753770434621084	-0.024887671427385138	-0.018377082191708763
0.053924961005942275	-0.022836635091634614	-0.016322669542676783
0.05132993451995277	-0.014036573946756609	-0.02030910901179348
0.03983265824771138	0.002110178138757104	-0.028726905107758063
0.025587464551568122	0.019555417298694627	-0.03708574836800993
0.014405106491766382	0.027518333164084762	-0.038779436448932496
0.007853690790680257	0.02231417997718918	-0.05151015499862596
0.001919025616943704	0.013914949820022086	-0.048323430778620974
-0.0045786756935687475	0.003943316809381011	-0.05419207686397961
-0.01278733159148348	-0.003770981570385473	-0.03775191572876791
-0.017108459081512636	-0.011197480145745412	-0.03769058146496406
-0.018772803613730373	-0.0119547774365518	-0.0333599165054914
-0.019149438666221662	-0.012270550050080957	-0.0413586403200501
-0.014667164033539501	-0.010280864772478018	-0.04371132603747838
-0.010911538966761503	-0.005780173368697515	-0.04221555421679618
-0.010882383479299993	-0.0028303501253552285	-0.03888784230162243
-0.013482434637924078	-0.0031543366616240786	-0.044246093871373404
-0.017094458509912203	-0.00632814042091467	-0.04135798233771258
-0.021361383320309187	-0.009897421370620964	-0.035620053285718954
-0.02320212726065449	-0.013228611067743139	-0.03477303647332142
-0.021336260291550974	-0.008755682252223633	-0.03959509483279769
-0.019130769771914063	-0.005126142616831336	-0.031957414694055754
-0.019127649749018438	-0.001963547026080351	-0.035976550891068715
-0.01829298261281155	-0.005772815088912975	-0.037143082558011284
-0.01792887122676818	-0.007592056674646054	-0.046116228162650263
-0.013606263563777749	-0.0024809975318614863	-0.05463070477943129
-0.005007239756878238	0.010130703216480361	-0.05511464987656873
0.008867301258545167	0.023618861168011332	-0.03969079929323766
0.011500288176743853	0.031071062735382154	-0.02965447949263203
0.010479310873643575	0.037626978798238654	-0.03436684988715863
0.011747509646999107	0.039502674629590104	-0.027951954553854713
0.027089695924507717	0.033278002131424206	-0.02644314802729827
0.03303005767499721	0.027709977316257187	-0.007252421933427469
0.03408257602634215	0.019178787443741418	-0.002157451200313333
0.034036049146929835	0.01455267813963382	-0.0035590305050201623
0.033827273385874344	0.01726657820823114	-0.006185800317098235
0.03144461235333604	0.02612447293264899	-0.01123482679583026
0.02063306323221091	0.038561606300390815	-0.00847642875985986
0.010384744435585758	0.03982853976127035	-0.02168884527344418
0.004681254614063794	0.035913539760945246	-0.037665664269748975
0.0003563245727193178	0.026378093961448915	-0.04015746179734969
-0.006895020792260401	0.01401939997451649	-0.04462959688374519
-0.013451753913718856	-0.0003668450531818345	-0.04164112892201967
-0.01962081634216462	-0.007779891685307916	-0.04173650452052096
-0.0209456357056174	-0.009154794346911767	-0.039496566560082824
-0.02040914332598198	-0.0025990185080287183	-0.0510972708335795
-0.011072136372485159	0.009248429307260926	-0.04982385884799577
0.0072247311120322375	0.024913168020032878	-0.025162461319297724
0.017721034144384785	0.026760683793642947	-0.019247819504080336
0.025299343934399632	0.022279794492713494	-0.028717181955689966
0.028029718051478796	0.020655500731076783	-0.02641532300411811
0.027372903773048088	0.020685476671431086	-0.017315901046338015
0.025520885343832084	0.021528219151953975	-0.01357258599972519
0.02309218387554036	0.027514006676021076	-0.011766785989330512
0.02224197712446761	0.035179278064372425	-0.010007768780201012
0.02242366708432371	0.04314893671395299	0.00011746124906906324
0.02326787200165632	0.04441649204503335	0.006309890659224302
0.019603534089625018	0.041684005458876475	-0.0008516544665656579
0.013143525045122267	0.041824074052882146	-0.012777201913156972
0.00805544950286119	0.04003823804914554	-0.023481029050835957
0.002165895403725208	0.03702721942025898	-0.025113001927293675
-0.004730530292712358	0.026370429151315027	-0.02924076851531222
-0.011501344890463398	0.013317115311125777	-0.03513963394158691
-0.013464952483631788	0.006666391238072903	-0.030173132454540286
-0.013649974053518064	0.007070857406211851	-0.026147044112530667
-0.01308981481692984	0.008789791385985067	-0.02019023405113413
-0.018168936551211986	0.00570757452191419	-0.027921694263175627
-0.02177509080061084	-0.001814132794065818	-0.025348563568860717
-0.021302139236203325	-0.0047243910291700246	-0.020464627170906698
-0.020026285266280263	-0.0038673111976235395	-0.014267318604138962
-0.021749435300057567	-0.006155855642645138	-0.015714376898252246
-0.024015477275630363	-0.008242023110101132	-0.02399983930483337
-0.025905042653013965	-0.01158886157944953	-0.021020203635866364
-0.02564668859883305	-0.014600949295944458	-0.016763086317313308
-0.02651052790075876	-0.018552922328785956	-0.0016286502240134317
-0.0260430933168424	-0.019184402312318192	-0.002516744221892138
-0.025844946035516285	-0.020597496700846298	0.0018571012933947147
-0.024457506665315317	-0.020162696675254027	-0.0022421585550126584
-0.022429587586576896	-0.018294199212394387	6.116799012748433e-05
-0.02130663414332931	-0.014506112963503178	-0.0034616420476327077
-0.02277761310760125	-0.01460196183352436	-0.00675866132410732
-0.021050326637207326	-0.011338321533982202	-0.004919578809704145
-0.02021829029112334	-0.00849492780226666	0.00021414007690854359
-0.018270587332199405	-0.004242983354485016	0.007831926662272046
-0.018048509440305758	-0.0001990612707120436	0.012559204870596169
-0.0165001107526568	0.0015384436479524539	0.011383606675632492
-0.015925367995205622	0.0031522365532222355	0.012286852518715415
-0.01474784620142601	0.004718701699380326	0.006466588698911634
-0.01591475301593854	0.00545208600847154	0.009483768034116484
-0.016201926331682385	0.0017050836287028385	0.006908968627514719
-0.021048575374673018	-0.008375451875420301	0.0019926550188036907
-0.028087447349643503	-0.017669690434163984	0.006666873606954223
-0.02953675789102212	-0.02292562569265862	0.0060075367884925915
-0.026633884047568557	-0.021962146364761695	0.008361108400826364
-0.02449459240227679	-0.017368313591676284	0.010170363200579836
-0.024579290538981294	-0.015394242297600872	0.007977999519414407
-0.02375137668237779	-0.017133681659659103	0.011764984405543188
-0.02557286516464438	-0.01973043359601677	0.01041632567230093
-0.026029931307082452	-0.021714846608542736	0.005989682537605689
-0.028497717076128474	-0.0222390481082849	1.3366906271572443e-05
-0.026468932251170217	-0.020065267453329406	0.00024459403415426004
-0.025827274645952056	-0.019774147761331472	0.0014647629797921377
-0.02170970408127183	-0.013099376812435667	0.0038389537269533404
-0.0171496726874913	-0.006803317066998065	-0.0007531692600381036
-0.01682369504045521	-0.005217211741121813	0.0010346494224236294
-0.02138433045781355	-0.0078103026604632855	0.0009125995481337364
-0.022210493554234902	-0.009506306288955907	0.00041346256727104597
-0.02254927812071844	-0.011530177689343087	0.0022187068931501693
-0.02283384822724011	-0.011916868151098018	0.005383792422823826
-0.02256804296752343	-0.01310988322675538	0.007226502611416857
-0.01861550825095834	-0.011279130969430206	0.002410384194197042
-0.016144007601848254	-0.011359994256050995	0.005585925021621016
-0.015703291433589187	-0.010310213903236247	0.007011744324055467
-0.018902177893984694	-0.016052808221846737	0.0020623790056990762
-0.023496930947496483	-0.019766277613177036	0.004107158694435006
-0.025008234903988822	-0.02271220453992083	0.001813929641018723
-0.02368141851866861	-0.021222309543866977	0.005613096132658899
-0.025035884746951783	-0.01927690637805835	-0.0006994207522226792
-0.02726223903966364	-0.019608091031745378	-0.004454418290972855
-0.025930276148693657	-0.015462659904288202	-0.010269463507867605
-0.01931781720150461	-0.008207741802450113	-0.011593070688714523
-0.01284630898693721	0.001276343763447859	-0.010404035093246144
-0.012129892873811355	0.0033799514982015212	-0.009886505177119547
-0.016454473217952917	-0.002570445288710332	-0.01291339048355637
-0.02290757927278217	-0.008109955001459824	-0.018654360521367163
-0.02295689829319439	-0.010324134449746144	-0.015676053111686343
-0.018379925460301302	-0.010114573011803414	-0.012011735424155649
-0.017758537335963467	-0.004326304997331688	-0.015728942368133405
-0.015428627644635992	0.0007154746985629826	-0.03204719531713129
-0.014259840467401672	0.005720823060186731	-0.035416526776365205
-0.009491153381995741	0.01275632491021567	-0.023715106038250937
-0.007838921276535269	0.011905799156639628	-0.012516259907225517
-0.007157392429690968	0.014963116424029418	-0.013545728884389728
-0.008217243459564995	0.010590008723408591	-0.012540717248864054
-0.00844871089887382	0.01170724411127003	-0.020166223613375084
-0.009509091043310018	0.011493406035749795	-0.018600716354902166
-0.012578648893258253	0.008360319584088489	-0.029250927884923172
-0.018769000233762472	0.005090616397898657	-0.026031200524510734
-0.023224400486939936	-3.061144837349753e-05	-0.03367879711234224
-0.0248811605657261	-0.002042717002195074	-0.03460677048158905
-0.02781991770598623	-0.005432716074185506	-0.04519756019190063
-0.027668627974938343	-0.00576920779156269	-0.04758562744482962
-0.029364366399374203	-0.013043861925166605	-0.044593467059166544
-0.02855691737970288	-0.015275726720517448	-0.03741552021302041
-0.02710403149431211	-0.016529289195343078	-0.0375279292086051
-0.024704358960148765	-0.015318491251919234	-0.0509931292516763
-0.0198103925091652	-0.011852362163829715	-0.06276897629906752
-0.01727227823582029	-0.00928946131494029	-0.07041532430152178
-0.016639410853432835	-0.006254131354397266	-0.07481524247797913
-0.01725862713176033	-0.0041354912448861815	-0.07571202576356438
-0.014521957438269931	0.0022889564015961313	-0.0748491074077008
0.002671973229879582	0.00849012939145366	-0.07031466323552824
0.03204673412573541	0.0031679392877190004	-0.04954904981831128
0.049572987053958156	-0.010550692049330916	-0.04498693390660326
0.054542081635145026	-0.017097476318139265	-0.030480796491605837
0.057125301728808045	-0.021997217718704005	-0.027500494555707723
0.06023715111052154	-0.027045636178215465	-0.030675966642153614
0.06088566342067733	-0.03149209599886532	-0.033742557220824934
0.062263434033062254	-0.034610971357988185	-0.035273803516438856
0.060257927540986196	-0.03297081290171325	-0.031777381596931914
0.060559053178786355	-0.032256823970800576	-0.03228928623894635
0.05985270182312647	-0.030832664548276528	-0.034320554270336395
0.0606143500002262	-0.033070728085986	-0.03622707542723151
0.05991531804475898	-0.033977802744993256	-0.036069313848220756
0.058423400121518206	-0.03553013744974013	-0.03666323846444322
0.0576100943786061	-0.03514956282672595	-0.03546165537626576
0.058889161375160884	-0.035047740151132434	-0.03529083567785156
0.05937414058551366	-0.03260082863028407	-0.02837649041935294
0.06003389122865417	-0.032073482398430046	-0.028261168693134657
0.05930169092465846	-0.031416446598147275	-0.032278025116675636
0.057781542440279145	-0.028176649473149927	-0.03148704085538716
0.05161908900732309	-0.021939406477308805	-0.02848686751558386
0.04422681837393642	-0.011861371121291908	-0.01991080758704839
0.039929828843052954	-0.00415736448913337	-0.03574826618403217
0.033596478730856735	3.939721770352642e-07	-0.06109667522684096
0.014124088694614782	0.0029997828477949825	-0.06418583956634548
0.014272728653883153	0.004044992555310072	-0.06520121175273326
0.0341090655125026	0.010628817553092003	-0.05799421053506989
0.03483852574458501	0.01227365054601726	-0.0551707402368536
0.022422154621792506	0.007680919482195916	-0.044121937187905004
0.022199557740330854	0.00017217243414951452	-0.0340075258828902
nan	nan	nan
0.03768245242328874	-0.016860358325135685	-0.03399530463649479
0.050117523055262514	-0.025381275874393146	-0.02433871158123184
nan	nan	nan
nan	nan	nan
nan	nan	nan
nan	nan	nan
nan	nan	nan
nan	nan	nan
nan	nan	nan
nan	nan	nan
nan	nan	nan
nan	nan	nan
nan	nan	nan
nan	nan	nan
nan	nan	nan
nan	nan	nan
nan	nan	nan
nan	nan	nan
nan	nan	nan
nan	nan	nan
nan	nan	nan
nan	nan	nan
nan	nan	nan
nan	nan	nan
nan	nan	nan
nan	nan	nan
nan	nan	nan
nan	nan	nan
nan	nan	nan
nan	nan	nan
nan	nan	nan
nan	nan	nan
nan	nan	nan
nan	nan	nan
nan	nan	nan
0.04000855076335055	-0.019039724001489098	-0.012236616792937458
0.03498984432789875	-0.013808997202609296	-0.0021787179105658624
0.034764956623181895	-0.013269070529685513	-0.0031029881856169117
0.049591422111103144	-0.022510489383888298	-0.02368442850164281
0.05212040448845691	-0.01490072447931631	-0.03218845203691703
0.04542607692107049	-0.006680509659717996	-0.05333970229765991
0.03690844033302813	-0.004684875742642574	-0.08021374142614934
0.004003970212746869	0.005422114202378961	-0.07620730129532159
-0.001316644421302894	0.0037210179445829623	-0.08632022375074774
-0.0020410105485096615	0.007659399452132904	-0.07755388530618197
-0.0016032007765076144	0.007253705478827295	-0.06296278639630251
-0.004643760395361761	0.006507775066956077	-0.059745506020942266
-0.012591216340983683	0.0005380807607045478	-0.05371839416486672
-0.016587708098717034	-0.004235155677994467	-0.057658860511855634
-0.012609219932818515	-0.001339967001669021	-0.04329674136361991
0.009115073018121946	-0.0012903483725673584	-0.05380881292491865
0.020374513621015795	0.009863277897150108	-0.0329534547287842
0.022389398148672253	0.021736414857041704	-0.02273798368122875
0.014647974914240455	0.041543764762245576	-0.016541086525748844
0.013408896109414646	0.04778949641816859	-0.01474100203076182
0.014737817250266653	0.051374851613793945	-0.011988698013947523
0.0173280235924836	0.051050654426690406	-0.003153147105927897
0.016209227208970247	0.04875620859896543	-0.0029291747379217616
0.012692912423491918	0.043249034514616	-0.012973835875813237
0.013073629827803768	0.04172534475449025	-0.014685688482687564
0.01572645271994711	0.047844951604820884	-0.016058863340308562
0.019399958938700924	0.053001061614278554	-0.007890264260831045
0.016994882382506363	0.056661536824427365	-0.01100886668864242
0.012746636208059315	0.05319788348580171	-0.016550545672462044
0.002683895378231812	0.045628976968057226	-0.0256455828341327
-0.002612323747381505	0.030821573871765574	-0.030739165569324847
-0.00511721164132981	0.02892997135908811	-0.033961298903981224
-0.004329025966444731	0.029323184932305266	-0.027435665669956623
-0.006634409970121761	0.026050611322864937	-0.02951582970314701
-0.009444151592569968	0.01810059806775807	-0.030048546985712982
-0.013231632817081852	0.01132628987820015	-0.03101060463706461
-0.017602259559588652	0.008202234066105608	-0.03532236533816595
-0.016505484465725962	0.007814747780048766	-0.029644628804815356
-0.012865116994998541	0.002433886951567841	-0.024130487492078852
nan	nan	nan
nan	nan	nan
nan	nan	nan
nan	nan	nan
nan	nan	nan
nan	nan	nan
-0.01445547052008597	-0.003044126664125825	-0.026139493199367356
-0.028628661034824466	-0.006052506782270331	-0.015297648474894485
-0.030023629249014635	-0.008712452264792036	-0.017198338760558273
nan	nan	nan
-0.021545721806669662	-0.005504344573144144	-0.013514540078421662
nan	nan	nan
-0.015932056544991805	-0.005669542823164836	-0.0073186958118551925
-0.017299634643400404	-0.008746398426716775	-0.016253376342106843
nan	nan	nan
nan	nan	nan
nan	nan	nan
nan	nan	nan
nan	nan	nan
nan	nan	nan
-0.023380231537746536	-0.008103262237639207	-0.018217239602300313
-0.02544735341984427	-0.0035222096894894574	-0.02051504534700174
-0.021811994822747524	-0.0005505701247335605	-0.012409337123927933
-0.017956714113880327	-0.0011353692230384178	-0.0031389224254696636
nan	nan	nan
nan	nan	nan
nan	nan	nan
nan	nan	nan
nan	nan	nan
nan	nan	nan
-0.01978532718811018	-0.003634512261200651	-0.014384891544699198
-0.02489190386084808	-0.0013531942601684038	-0.022801646945487142
-0.028787969491849297	0.00027396698575968845	-0.039953942529728996
-0.02399399733858207	0.009064886830563659	-0.036132963723572026
-0.014751732212981957	0.01782290111180932	-0.03604806835769186
-0.00841052581642247	0.02172735516075295	-0.01698766357792443
-0.0027984372274712163	0.02629028271456883	-0.0013316794712084753
0.0018393132066993616	0.03155083308673907	0.005299099571393239
0.004302539594564534	0.038116535657777055	0.006875908890567088
0.003645364787208496	0.04185904492962832	0.0020710994609930947
0.0017932983418362347	0.04097191904534918	0.003900294623091373
0.0004575504393850141	0.04167116449524884	-0.00010261776500862844
-0.0018755357937655494	0.032421067320672785	-0.004739977784868593
-0.006917796897463139	0.026982466239498938	-0.015277090012333253
-0.008953870995802676	0.022479730962942063	-0.022372285894061712
-0.007673043864827575	0.02807319719792492	-0.02192287967831698
-0.008461915227000029	0.026223265379933497	-0.025119246127008492
-0.011498967746469874	0.018327359988688507	-0.03458617521115534
-0.014593632499318875	0.0065940027101637705	-0.03846187794642091
nan	nan	nan
nan	nan	nan
nan	nan	nan
-0.014912375524975926	0.003116835601197623	-0.03219200114073322
nan	nan	nan
-0.012134310786282786	0.005937177075327302	-0.02235347559400578
-0.014074637526769043	0.012281086806272603	-0.028043891215100827
nan	nan	nan
-0.021353096635158587	0.013839697941128127	-0.041900845250380236
-0.027417392655932845	0.008422517915540445	-0.061376822245681154
-0.03024947153411482	0.0017708455579556282	-0.06393603732589294
-0.026786285483479198	0.0051022446553273485	-0.05460312354045817
-0.019232289711944444	0.008712939077006382	-0.05666077875059975
-0.01746345980054808	0.012940125832963192	-0.05908574438236122
-0.011475078899823925	0.02252889163085378	-0.059794330161651324
0.006222726309734407	0.0415118237333038	-0.0533262941690934
0.017543613311851586	0.06058433215168952	-0.02613528126656992
0.022382753205142256	0.06927918918465008	-0.010727388704229693
0.022210565459628153	0.06778585950254613	-0.00754064726593854
0.022763763521517474	0.06530574908777798	-0.008028900947363561
0.020523216864631284	0.059046344305344764	-0.007823343733851695
0.01763327134241638	0.056919009661017594	-0.008958015543459461
0.013248535340808172	0.06022392760970294	-0.017598985073383436
0.012553753574421228	0.060884843685617224	-0.020691443043448478
0.0138817136876702	0.059906441106842234	-0.028580729692454614
0.016042157717077433	0.051595520856157186	-0.03354457096712669
0.01405356104227812	0.04623836671372821	-0.04759656906538937
0.00773404403082961	0.03718799452952417	-0.0624668758969068
-0.015254971602541344	0.007588478539122112	-0.08221614189141005
-0.016920609519451978	-0.0037127612071270032	-0.07555257315290345
-0.010609135801018537	-0.004969503044066915	-0.08246637328239177
-0.0025186897874583105	0.005063467570396281	-0.0714337885785291
0.011102589764200876	0.011748010234098001	-0.06334458008311501
0.02878144117521676	0.0017036113863034873	-0.045158354532448534
0.05479053497118682	-0.023556659663757154	-0.04545248261220931
0.06216823730823456	-0.03168304189196717	-0.029357869526038395
0.06442454738496899	-0.03148263773407775	-0.02812570981273467
0.06294061065474042	-0.031167455767153608	-0.024833465873854932
0.06402591887616274	-0.030684020205235425	-0.026875445789837527
0.06111845066851179	-0.029989124715240796	-0.02571211422607885
0.06355911318206073	-0.03147433594203107	-0.035325549820644314
0.06082365536209756	-0.03003654942151584	-0.03466174838733587
0.06320956066327221	-0.03351783240378312	-0.03725458189318075
0.06383761709259218	-0.03569175793489546	-0.03541286039147887
0.06413829655799838	-0.037682007297640735	-0.029716118934777894
0.06502220757146769	-0.036484063384154566	-0.026779298902046222
0.06287799738489797	-0.03421444147147383	-0.026369327006080134
0.06235142747897374	-0.03304840212166893	-0.03169625953892998
0.06123347491120422	-0.03194402687023038	-0.03725015508938967
0.05996127673811435	-0.031111199097791354	-0.03696364858095398
0.06178151870163	-0.03395475361151598	-0.03540949621781553
0.06246319837370034	-0.03431665417013892	-0.03280686585256985
0.06392153725159379	-0.03401949502690278	-0.03581692846897655
0.06272865063566932	-0.03260591157495336	-0.036387160074930355
0.05961577059711467	-0.03283166434833258	-0.035256364509393984
0.058349237230329094	-0.03400945648807693	-0.03506047909227521
0.0580669089021572	-0.03351447156312335	-0.03603354497366158
0.06037596845894523	-0.03150816796888386	-0.03572353692621426
0.060610919718463316	-0.030771304541928134	-0.03797750054362361
0.057121589888632716	-0.029517080969959114	-0.040633421016329614
0.055769631035958375	-0.03130580358835661	-0.041719726988922595
0.05514017298802129	-0.03170690186791488	-0.04134669156260898
0.05903096528159889	-0.033839558013281215	-0.04175656534711797
0.0605277493889696	-0.03361674217960931	-0.04131628756541561
0.06173132530343566	-0.03481559413320427	-0.036523180684316196
0.06141047002632007	-0.035732536691527615	-0.035644556835616424
0.06057975347695636	-0.033036189190388324	-0.03447040091811377
0.059643719514754646	-0.030357929727747434	-0.038629974856232506
0.05688515060600135	-0.023256192527616237	-0.04255881726706724
0.056193258102775714	-0.02481575954639458	-0.04247706867151113
0.05706073079840865	-0.025584425272019266	-0.04003406817726448
0.06016213907958697	-0.03211049738087893	-0.033116119088197525
0.061870614971857946	-0.033794760738445236	-0.03441024908282168
0.06166766594438041	-0.034943941719339955	-0.032575348874904646
0.06198652603932664	-0.035385138103669056	-0.036062721045385285
0.05967879224377137	-0.031720401502445164	-0.03140773606156582
0.060339654415848085	-0.032164313195224406	-0.032555449938061115
0.06000550995561381	-0.03201667173748726	-0.0345033325264798
0.06030347775811742	-0.03384837114999393	-0.039421099510643404
0.06063626758140393	-0.031210973329552055	-0.039174530840448835
0.06032006925804814	-0.0312011285449996	-0.03868363554648271
0.0609615661193697	-0.03121029021455087	-0.038613346109137595
0.060023483705727486	-0.030115643434768795	-0.038816747839391486
0.059436822985694956	-0.02736963226308507	-0.03771377152642127
0.05850005666860424	-0.025854751160249677	-0.03768947273117039
0.05455115716798632	-0.021274303922254423	-0.045628319035240894
0.04143734538137242	-0.0035793404622245224	-0.05542017366409083
0.015134622989767709	0.014679005221161202	-0.07533709354807876
-0.0022937637219095685	0.02358324412397655	-0.08009407698533344
-0.0027442679108265564	0.02550023163556882	-0.07262843941343025
0.008936375932649383	0.037620957805722124	-0.04665855457084642
0.018955411406624465	0.04359866511833665	-0.03522891271299597
0.0193871267926387	0.045724125263798356	-0.03949376870752518
0.011277235081510547	0.04723557333186409	-0.047013938911135714
0.006287958639746373	0.045140563282235174	-0.04855183353148592
0.007681740950908764	0.04741575181354591	-0.041118205718614506
0.013786685181934096	0.05007593910968453	-0.033296752923261785
0.015378034801051911	0.053541600041023436	-0.025300729189215623
0.014524422765778089	0.05371863904666485	-0.019911293735059607
0.016208799593829763	0.0576142036720841	-0.015431871140801502
0.014789998925442641	0.05490991612448061	-0.016774937179380306
0.007447890106963828	0.046645771688591804	-0.027046267089004424
-0.010117276834984392	0.03373671027276394	-0.04490625373218586
-0.018520723086212165	0.022576992548504943	-0.061329270947494297
-0.021325643119345684	0.018519395046498417	-0.06764883338378598
-0.02180033320893718	0.014520827130331669	-0.06517215526110055
-0.01703822748547616	0.020333398976752206	-0.05112813900242844
-0.015270048234627801	0.022092159373720797	-0.04404299487638774
-0.017107365754252972	0.02008736612817501	-0.041379347123321406
-0.0215688359502861	0.014073564769593584	-0.0416916156026499
-0.02651954135842667	0.010094000812532531	-0.052935931060807025
-0.028528821001110746	0.0014780925544614742	-0.059381850696413566
-0.02843854250238638	0.007442012469080378	-0.06756585859671528
-0.022593135815922975	0.019800307988064227	-0.06219611449961018
-0.011580266961316005	0.04461057164804785	-0.061141581576838286
-0.0030292121098832157	0.05619704452385231	-0.04342263164546441
0.00534687859540551	0.05815979470073009	-0.02348758646697207
0.012179632471689695	0.061049889041448556	-0.007360497538973301
0.013889973007047012	0.058966899272018335	0.0022374357161025135
0.01433294339628982	0.06052248795252985	-0.0015821091641954714
0.010931042969325063	0.060765286230312084	-0.0072483522052468
0.004895647714530894	0.05440652890629231	-0.02646719597008948
-0.006928205696274631	0.039514068512326236	-0.04990197879784615
-0.02100136706214511	0.02364450251082671	-0.05745735199413088
-0.022691029614883482	0.021741300075759865	-0.05164438619854862
-0.017120090064222805	0.03256869252074279	-0.039877851093158945
-0.01007396541098365	0.035154388328389505	-0.024457035816927226
-0.00551852923931527	0.03675716992768198	-0.02159275476057312
-0.002187476542379659	0.036436615585663	-0.01832321259294226
0.001579004751574453	0.04297818038606193	-0.01648506785013286
0.0035398527488499014	0.04164098164380707	-0.006816920953659665
0.0063144877861476606	0.045724688567573606	0.0014071105764566052
0.0029297175410584937	0.03828218352515997	-0.0064843570414208655
0.0019031226976913573	0.04055780003327248	-0.008706574866096169
0.00022554254716233512	0.04173704108630655	-0.0056144042184479125
0.0011437291823675996	0.040844773689819355	0.0009214411904208993
-0.0037718452979252724	0.03178876006879334	-0.007688631554136127
-0.018098239305039537	0.004123203160614138	-0.020192017519450097
-0.026036774036615282	-0.005225476563285933	-0.03389225822450105
-0.030418366182024113	-0.012889356077452199	-0.036175587738505086
-0.03269511133510703	-0.014896714643149405	-0.041967644960956424
-0.028930726405306934	-0.011704178823799443	-0.03486841643955053
-0.020578940069538806	0.0010907888147761785	-0.025402885808223075
-0.007639605294519661	0.02503104914383952	-0.015905684071698095
0.0006090230361298312	0.03811670872853646	-0.0036645969461002147
0.0038258967019832294	0.04541227118228098	0.0038408869064971347
0.004502449502400822	0.04943061137037611	0.006228776180354467
0.006368223812531972	0.05214626377276728	0.008127901936696755
0.00640286231527988	0.05253287914081893	0.008706605212778046
0.006694201475312387	0.05429768430782215	0.008063914638734487
0.0058146273284055555	0.054381837773089005	0.006167977199975438
0.004565430744338974	0.051164451649366255	0.005286374320188974
0.005057765623303578	0.045305675309399426	0.007191105663534477
0.004886946083310472	0.041362253653513106	0.006626011934801009
0.005839173909928566	0.0425852023048637	0.004397874322235279
0.003720171169513699	0.040250265341641174	-0.003137941807287038
-0.00011706412105766955	0.03726776220228147	-0.015572265028582026
-0.004699410342606958	0.034279988213179485	-0.0203892138983015
-0.007655940439926346	0.033743504749430074	-0.02310156952343652
-0.008142289626682892	0.033651289357352905	-0.017724865027162345
-0.010332415407331371	0.03476556407255457	-0.023967524701207568
-0.011322005396557415	0.03558875959540705	-0.026361674146295214
-0.0115832410427223	0.03809109823105358	-0.029932671965487892
-0.008098985501699128	0.04060929600452926	-0.025554327621398223
-0.003305078149290796	0.04514172529000577	-0.019063135556316113
0.0007546999276700537	0.04719068596617219	-0.014243525927512582
0.002508123955587877	0.04584329573633249	-0.0041536266113618246
0.001818405502230866	0.04273431714012885	-0.009155183573078079
0.0024069565667616355	0.04192491155123058	-0.007015594461762614
0.0026173124705921977	0.0459620176467954	-0.01325505277691181
0.0025165088668472847	0.04459243988948115	-0.006754355150579053
-0.00017713455514888646	0.04430910074019423	-0.011845433637514127
-0.0031540281933664536	0.042973718296291104	-0.014049714319491455
-0.0036734287616944396	0.04150502579761899	-0.011942176800376783
-0.0011608083022003415	0.03903496460834946	-0.00801001669514433
-3.435420335898961e-05	0.040628675112734526	-0.0086005044050556
0.0009088067385003328	0.04403998576722683	-0.01819319773848945
0.0017672265009776604	0.05086857720608071	-0.01885808113778598
0.006301308154846936	0.051906297869736634	-0.006450267130826093
0.00549146762005317	0.05137168077503651	0.0012635381901031873
-3.829414757953876e-06	0.04366245912280928	-0.0045273922078863426
-0.007158175656883257	0.03360064679471838	-0.021373980412954394
-0.01362715159552829	0.021411640364519317	-0.03660763433601424
-0.020570991607958958	0.008259586404564258	-0.03900956665303987
-0.02462263649059638	-0.0040916820570060025	-0.03908857857947962
-0.029448293746951425	-0.01311706602680837	-0.04717530975058512
-0.030539330646188655	-0.013269305771298902	-0.048762521944791526
-0.03076271773739068	-0.0123085155534137	-0.04861800199031964
-0.02838726565772067	-0.014380241758931475	-0.039190161973486244
-0.027670185753321162	-0.018206145431703485	-0.03228246703680098
-0.027004088521234017	-0.021606753767940978	-0.029709456375616766
-0.025876432595080944	-0.018276091730252353	-0.027965119059307864
-0.025573244689965323	-0.017579783934718242	-0.027302998505895695
-0.028401109437882606	-0.022346900147924533	-0.02421136594447644
-0.03155976485953508	-0.026646784437460658	-0.018082294141695637
-0.030843142977996108	-0.025536991039814237	-0.012474417400547215
-0.03124690815003404	-0.02525364462132638	-0.01274610722156205
-0.03067766838527342	-0.024586067150098	-0.022821848786334024
-0.03160938540069373	-0.02534455220175245	-0.029437028464131564
-0.028604060269002987	-0.021870638696230696	-0.02448153950386038
-0.025906094939910813	-0.019004029857740835	-0.013125849008520929
-0.023772590346262654	-0.015583522157022925	-0.00546646318501634
-0.023676079578392937	-0.013779721700893595	-0.00871757500564013
-0.02506521653953941	-0.015339660940054132	-0.010947011955201095
-0.02842066814351723	-0.020318418074183702	-0.01748643071808426
-0.029762123938628964	-0.021680290389270853	-0.01575415769504921
-0.029359995141774887	-0.02420697882854467	-0.015624215652958079
-0.02639077500803778	-0.022463795475902656	-0.013265779143530127
-0.02571209208694431	-0.0246616836987307	-0.011437697396578876
-0.02259207457628906	-0.022583901819284623	-0.0060292950520635
-0.020718467458989413	-0.022860892655064073	-0.0016226254477526673
-0.020198269095333943	-0.02137200782553285	-0.0007639715746207629
-0.020583141229001824	-0.02090869163786999	0.0028902013599884056
-0.022726087295919743	-0.020755253181725154	0.00028693006953176003
-0.023780559982774573	-0.02216532041940481	-0.0023810902830134796
-0.02525938102040506	-0.019542987548408438	-0.012174328975200247
-0.026714735223513558	-0.019873873892910576	-0.006758964133874619
-0.024694465928390343	-0.018864749222555516	-0.010295753254604917
-0.027555569031752415	-0.021557425541587814	-0.004576590505520308
-0.023236172420394757	-0.019708694470852224	-0.009506414776764612
-0.021514375162200144	-0.015350229071475603	0.0008193123316605697
-0.020509985766198318	-0.015539005032756221	0.004609640720705539
-0.02191556139010349	-0.017577584139060992	0.008208233324216076
-0.024551515455990686	-0.023352124669735772	0.0009885793518150145
-0.0250817276232818	-0.023790166167928447	-0.006131428574133176
-0.02720391532966566	-0.026309630868466674	-0.008174209230271987
-0.028254604451029296	-0.02794255532442426	-0.00594261978968948
-0.028263729604837393	-0.028675753280619706	-0.0012293430675549138
-0.02699750250908848	-0.02484609982262743	-0.008748770004232666
-0.02809482186628935	-0.02257190690728189	-0.016188516729670373
-0.029561066238446485	-0.020651563386251456	-0.020894055277201225
-0.032936313481497066	-0.023611053972119014	-0.023697873870368417
-0.030655438235715565	-0.021915721389390477	-0.02389781616028849
-0.032047070684767295	-0.02188948271161963	-0.021526860394532908
-0.030792162544665963	-0.01962236041650451	-0.02031488894755059
-0.031040792606718912	-0.022066260601036294	-0.014273162811667857
-0.02912982230970884	-0.022619550633004845	-0.005605357805842769
-0.029750895998845284	-0.02534148820213751	-0.0041445712932352136
-0.02927350510312818	-0.02637495751977478	-0.0042322871105641875
-0.029228314814836412	-0.028073302072759213	-0.006011192708766027
-0.029340720431550837	-0.028836058188904876	-0.007149803772527805
-0.0266089821342705	-0.024841772729468522	-0.0021521739840291917
-0.022955212579756	-0.023428393093100002	-0.0029105622728975676
-0.021482333024696692	-0.020819258392861986	-0.0024781162680215414
-0.024379948344149357	-0.024254632299386483	-0.00992226498260874
-0.028731479277911597	-0.025068667549129436	-0.01643546777991478
-0.03047858482179462	-0.025407465672606846	-0.022442798145176676
-0.031042559360835293	-0.01884639562503472	-0.02933586824323045
-0.02971127099602709	-0.008426606782987364	-0.04341059555945413
-0.027760620139019386	-0.001645771991144916	-0.04191184906764507
-0.02675871812105761	0.0024931968622353426	-0.046912285653783664
-0.025141700093059466	-0.0010711513219323367	-0.04317361493180769
-0.023675346104920014	-0.005900560820170701	-0.03995266638058658
-0.023977238318659826	-0.011239309723307665	-0.03595116596670376
-0.027072860679173732	-0.012558428061938713	-0.03769897987929654
-0.02827331286727046	-0.012441913789235851	-0.04446371409390258
-0.030418782800250763	-0.011882740789391352	-0.04294560683492228
-0.023917773885363893	-0.009946541878714512	-0.04158280105892005
-0.020008720628256142	0.00023881711800255182	-0.046472029879188664
-0.011877975604959658	0.014431113155867675	-0.0398448534905854
-0.0058343958236059855	0.03684178279384995	-0.031869125593717386
0.004644122337647173	0.04699706994902173	-0.015990082151123585
0.010732170376342026	0.05151165779018822	-0.0035665344211969086
0.008232917805977314	0.04875293954853453	5.785892222118921e-05
0.0034756154998535293	0.0404095905960415	-0.016168585803093556
-0.007590569173868232	0.035464300391237484	-0.030908233889323497
-0.00733866530771872	0.03813195590789657	-0.028669354906723857
0.0013615252524042532	0.04453057619416545	-0.011315716563258627
0.008676518070611953	0.04924136046676732	-0.0034449380927373714
0.013706906179617541	0.048557051704588954	-0.002175526847509695
0.019525414031338284	0.050746053904045046	-0.005637836446681019
0.024518042065145115	0.051385502783486976	0.00044293285319495224
0.023259703694189306	0.055229303138545065	0.005004117751706869
0.021055784161736188	0.05916838847978675	0.010187483467355122
0.01615528520042556	0.058661545595878474	0.004511802296537179
0.012862420699370134	0.060346841238489914	0.00021769384568410578
0.006988947207688098	0.05303666477890488	-0.002372451983869742
0.0038063529083672653	0.050483633666509944	-0.008524162009973467
-0.002493438150018498	0.03872062602901529	-0.022653935372694868
-0.010538952021198516	0.033530121600064716	-0.03142120393272648
-0.017801487649444763	0.017505191458311295	-0.043912914301304465
-0.018798265317815293	0.01336788890989819	-0.04210280595464487
-0.020342500346687907	0.009794483252753384	-0.044410996285519005
-0.022283355264339676	0.002217748401222254	-0.03833224652491706
-0.025316335495987025	-0.010394109361630094	-0.031694534081774445
-0.02326127050221599	-0.012921986765870388	-0.02663532809014043
-0.02208256384203242	-0.008223505796444734	-0.02559876966997178
-0.022320260660927464	-0.005416933609203199	-0.02949141470854895
-0.02332020765977287	0.0009536449761623167	-0.024889923036362723
-0.023046050886298557	-0.00014712671874624026	-0.027866467994502608
-0.021419098173386754	0.003716943686545242	-0.027901221833603204
-0.021393644265571443	0.00044933690435990364	-0.03024301930256785
-0.02213849197438509	-0.001376196276290411	-0.024925408529218204
-0.025152063255615826	-0.006707785794627441	-0.02612294467984202
-0.02521702208217074	-0.00954006124897841	-0.03447939152352189
-0.026001254237888655	-0.009937262691103493	-0.03205839418835966
-0.022137074945357972	-0.010472223841365652	-0.02736287593903553
-0.02163884158992807	-0.009153407800929391	-0.021750251230654206
-0.022357360056003337	-0.01052472513335565	-0.027211154459254545
-0.025280725418329462	-0.010319588061122584	-0.037415430519757785
-0.025185230501675235	-0.007124230892123504	-0.05023168433751203
-0.020797626473243236	-0.0015408480808158979	-0.05631032947426244
-0.01740169145206122	0.00151766460868105	-0.04932930777979806
-0.018078072534043577	0.0005732111403231617	-0.05070345034911437
-0.018220801539599638	-0.0017481029630414923	-0.04811746856419981
-0.02025550599884647	-0.004092556143143243	-0.053309178488098685
-0.020711835458481074	-0.007609123839948675	-0.05272275855866901
-0.018598657076910514	-0.0026913763470692367	-0.06396928314192649
-0.007948660704244968	0.007239512232270221	-0.09098519124043813
-0.0075920588675663404	0.008516720561106028	-0.09073962712249921
-0.005206890008502678	0.01746747923427574	-0.07782423843823001
-0.00035422411586453985	0.022702088690104375	-0.06035328766587105
0.010789672329460504	0.03251616944959408	-0.044247648255180926
0.026051276619492286	0.03612898519557566	-0.03204387551688506
0.03740018329544629	0.028459689538071046	-0.020195878130342314
0.0490638479245714	0.005653087596863838	-0.02154675077214742
0.056278452459683284	-0.01425273539923313	-0.02700663063328381
0.0584585520580713	-0.022157890603578766	-0.0280267116531612
0.057064022209742694	-0.022475035477219137	-0.028210259972069288
0.05485270003176783	-0.02085420563381514	-0.02492973206797878
0.05550652910708899	-0.02078389552774006	-0.02002866425711676
0.054201229657312	-0.020212736919920746	-0.01719041693286199
0.057549744248372274	-0.023561323548222702	-0.022061646252867828
0.05469299319676713	-0.018265435882667436	-0.024278887948472334
0.0537706926978318	-0.017265512126013335	-0.019880964863339595
0.05331327822704587	-0.01735598922660355	-0.020581583983409833
0.055887946897981856	-0.02185358767798413	-0.021462640671831068
0.05675312999577219	-0.022795870388769405	-0.024382402996677204
0.056580433116045485	-0.02111207845056428	-0.02053101302153853
0.054315293424825654	-0.01879245396837289	-0.01973874596387521
0.05454286493820583	-0.019835483630159943	-0.01813794909022945
0.053997353456172376	-0.01869769240516795	-0.020712211560690315
0.055120813496252946	-0.018144534095441457	-0.02340193337184894
0.05578699121118727	-0.016961741051298794	-0.022023385911868733
0.057110891279110086	-0.017169105013111897	-0.02352372264046281
0.05668969213305172	-0.018658155351365197	-0.024161211074173704
0.05644478410436318	-0.01852419087910767	-0.027807647971357485
0.05541232732928371	-0.019657212784299292	-0.028236969903889117
0.05520569523171764	-0.0195263085353525	-0.025526865588401705
0.05525245156508922	-0.020049361576933086	-0.02464904438526974
0.055398409990060085	-0.019621237582612215	-0.022668647596023724
0.057685205514157636	-0.019954618548853213	-0.0226736803874416
0.059543133153730624	-0.01740088731576267	-0.023088699425684728
0.057455525853092805	-0.008534020206139126	-0.03246674546989494
0.041973580996780106	0.01303604041904607	-0.03711771075503637
0.021783619222779816	0.0333772297229999	-0.04118614158436884
0.01348751911250924	0.034445142061441995	-0.06261264522298847
0.0019354340507361718	0.030630980377070825	-0.06721977667980551
-0.008384855718438939	0.025310677527104596	-0.07062546172258541
-0.013185451567799563	0.021067975363124245	-0.07874261549983261
-0.008465285841340047	0.02641651519814272	-0.07209050770674497
0.011165737095767406	0.05458408480878801	-0.021103830537025813
0.015271876463084436	0.06510051271810349	-0.0016913666480007274
0.017292495138404838	0.07039841338701444	0.0021935535542412232
0.017826590444546944	0.06796687380297178	0.0022092817135471905
0.02372527817660359	0.06722683231888829	0.01497799577079595
0.023279088995627424	0.06585494312891277	0.012620251765167277
0.022357325084309886	0.06196801015338384	0.01149701914340041
0.01814905011054183	0.06307204717113793	0.0026457022017276465
0.015376867165165993	0.06186493834620799	0.005019545299752709
0.00813271065686145	0.06067593041954787	-0.002859995089981726
0.003353959470398559	0.05141163395381656	-0.004283358688717126
0.002439611503394967	0.045839159967085576	-0.007286987188455196
0.005297073093291477	0.047731398541819875	-0.004350097073113626
0.00584557049814419	0.05151910971715859	-0.012007254322745292
0.0021395477074425333	0.04963517737143147	-0.017885340337154557
-0.0032510152168311063	0.037588570667133954	-0.01505020192162472
-0.006586192817858296	0.025674134854929555	-0.0170888065456996
-0.011184978936154994	0.017999184455981077	-0.028475973148789108
-0.018663795855947435	0.009859602795710675	-0.05025067969365399
-0.023580016828336294	0.002450458665479745	-0.06035859834856888
-0.02331565001529357	-0.005163304656560248	-0.048313159193241945
-0.023968238779234895	-0.008546672312316215	-0.04331637245958893
-0.025159604152733862	-0.011182826525150855	-0.03537137304937449
-0.02572051649506437	-0.012822549190433847	-0.041183459160987035
-0.02631250112449049	-0.014021737995103095	-0.04296769289387836
-0.020595314164548628	-0.013201459775044156	-0.03755156725935088
-0.016530826304310763	-0.007918399732834994	-0.03382158741663022
-0.011653837108792996	-0.004952992683774219	-0.02078797784724617
-0.015514308465931223	-0.005999803592894785	-0.027237625407637002
-0.02269033466499543	-0.009845787997732584	-0.023197554533257152
-0.02872153717395771	-0.01687792108256607	-0.03442592686618716
-0.03117801896087438	-0.017976027786705363	-0.041150880858356664
-0.03225939626857537	-0.018822824444799893	-0.039724876192774726
-0.031813999864139485	-0.014932387772482895	-0.038517924473702725
-0.029483618454491916	-0.013247562040848235	-0.03707780637107059
-0.027097810655553622	-0.009431157605872237	-0.03262764629323597
-0.02641863581254531	-0.007835016510678009	-0.028643248652373908
-0.027300519729007725	-0.00742916619959795	-0.034695009804362645
-0.028075252317462163	-0.007454624794653785	-0.03630738658444367
-0.02801891115672635	-0.011028456419720938	-0.038893923914092264
-0.02835896654615398	-0.011647984845590561	-0.02560928478943154
-0.028725595938907972	-0.01297461405617124	-0.02786488375755404
-0.03116764606142001	-0.015046935837769886	-0.029871894616149162
-0.031038757662530638	-0.015084260090708842	-0.03550147291421957
-0.031420093471366387	-0.01379428466607663	-0.03570069737964326
-0.027548105620547728	-0.010357501723547272	-0.03122334858065508
-0.026932272458290635	-0.011938114446427922	-0.03293377855507632
-0.026605993800471066	-0.017323388462717245	-0.031182694718881156
-0.02853933407554545	-0.02108562132731896	-0.03227307010597132
-0.028959061574201812	-0.01933606682185641	-0.025299778841733657
-0.029698851121835117	-0.019644550974070894	-0.023464862939574935
-0.027630268883022772	-0.01672090731557798	-0.016499287407325237
-0.02528793323631058	-0.019565119723643363	-0.024883512537396707
-0.022726146568880615	-0.017290746501651574	-0.023907488601908434
-0.022153740172659184	-0.018817988481006062	-0.028438489187489334
-0.02136438898886759	-0.01919486532881196	-0.030228245201964845
-0.022769027868592306	-0.021579610037980427	-0.03189928734542382
-0.02339014542881945	-0.02204094083029638	-0.03385348774937526
-0.023917704538520167	-0.023936219161625135	-0.03575083163390732
-0.02333457412352276	-0.022289969929235785	-0.03811624777720157
-0.021871311783299662	-0.01936723387543027	-0.036992541043987914
-0.02203246322105632	-0.015327835712902702	-0.02853035626765994
-0.022072621526395577	-0.012250973340964543	-0.027307518797291493
-0.022507069673656538	-0.009317046985902489	-0.02392423078745296
-0.021187023371541616	-0.006613773704042053	-0.02163296695747193
-0.022194941397818073	-0.005084224002425172	-0.025765934543177913
-0.02417705167891151	-0.007215029288836948	-0.027888588878670878
-0.025200929554307742	-0.00864456449854688	-0.031365057561053816
-0.023102046558369196	-0.009341460420018596	-0.02095735937376129
-0.022892723844306292	-0.009166091232752156	-0.023117149105198527
-0.023073481366108265	-0.009849868593065629	-0.02116902291952352
-0.024516800794979192	-0.013091580826916902	-0.023778532555542565
-0.025623465934976244	-0.017636587769074067	-0.017260213139998856
-0.026120409428092614	-0.019358661016907173	-0.016699435462125666
-0.027379467043016078	-0.020337324683973507	-0.01821325638824161
-0.02826991261820095	-0.021290836963802934	-0.022889369013027648
-0.029832376274146907	-0.023569710986499137	-0.02377081468838465
-0.02626418661784789	-0.01990607982127047	-0.015957618215762984
-0.02181401080672021	-0.017027679044783445	-0.005515198970329108
-0.020862195608471062	-0.017930199090477883	-0.0035032240204967077
-0.02573162721522809	-0.022461610621240545	-0.016818570996928232
-0.026395293127994164	-0.0232140513482674	-0.024074268419044965
-0.02612574202433223	-0.021880096547098583	-0.024291138383897664
-0.027128401658474584	-0.021843822304969448	-0.031067713789408175
-0.02787325545314515	-0.02177405405511512	-0.026236198126634597
-0.026557042563216664	-0.019276907382704826	-0.02563152057901518
-0.02230197545649322	-0.017944229453974683	-0.02316209039335989
-0.022024611991203577	-0.018478401149170674	-0.02393023234273542
-0.022667721321810164	-0.017462031283152126	-0.030412744297824257
-0.02214894157594559	-0.013629672095788095	-0.022546480734445994
-0.02016414291441481	-0.006809649309620107	-0.026616265165825163
-0.018124226426797896	-0.0004522859124997456	-0.023950544491165217
-0.015977829619631352	0.0090074595634205	-0.03341942794158536
-0.012735156516041311	0.0165665916664171	-0.03084925727750943
-0.006886183315788964	0.02646932897408975	-0.019776310597891724
-0.0027262453212162072	0.026460458441733305	-0.017546258595637583
-0.003985415680523479	0.025552067736519107	-0.021592039561352784
-0.014776382620618209	0.01824033273193395	-0.03345180550595528
-0.019591227834802116	0.010653797074551278	-0.051813637982173415
-0.018081788588059367	0.009710267542977819	-0.05856187795280207
-0.009659140300507189	0.022568709856065513	-0.037339895607157315
0.009300132893801346	0.042757302760837106	-0.014596079932158746
0.014953220127054637	0.04998777863704254	-0.0018977347013694867
0.014086468667058552	0.049195972044676635	-0.003962192810984465
0.014347472799091106	0.05017223292496799	0.0007673092361163911
0.009604007647658019	0.04100308158039412	-0.0031148581037662507
-0.0015304216612101239	0.016351701569255778	-0.013904990977097468
-0.010849495195455517	0.009139307552657436	-0.023893446975594534
-0.01442312787672313	0.00982646620133352	-0.03185088218001208
-0.014400565934987975	0.012001995926296631	-0.027491732172233857
-0.013164536318760604	0.013173839816685125	-0.02373872971301209
-0.008708173111771201	0.016902145436254186	-0.026662589855078356
-0.006437594174994548	0.020661944342291932	-0.031793431432771545
-0.008117397672610124	0.023334930105044047	-0.04347601092402037
-0.016068014218530588	0.014646544131550822	-0.04912998392976274
-0.023688189240802106	0.003623089084658972	-0.051881188368546105
-0.023967147022176723	-0.0025671756889699476	-0.040481350466820165
-0.022063080940788387	-0.002510827254240362	-0.028788076257588394
-0.022566040565636748	-0.004888172985267959	-0.028107750369936048
-0.02593584498679543	-0.01186362297415692	-0.03763039573721923
-0.028148508139240334	-0.015370584325676449	-0.033556854676669745
-0.0243513858816483	-0.016420143870971474	-0.018246666419165402
-0.026879744268884398	-0.01606088584095889	-0.017498892450076416
-0.026806532554637302	-0.018128268886354406	-0.017569742040655853
-0.028848125589869975	-0.020426651177303287	-0.022933706448772254
-0.02567827676141401	-0.01868502652441918	-0.018687430033292828
-0.023062475170624704	-0.01622763419237069	-0.009059263016848007
-0.02052313656653677	-0.015559483508507693	-0.0013827860913020844
-0.020712463690817362	-0.018771649531167455	0.004468739955658999
-0.020090001823742345	-0.019246918219000403	-0.002133857943497963
-0.022551918099340155	-0.019830848232799618	-0.015313282250363821
-0.02085463690976212	-0.01223089822325259	-0.022833227150945233
-0.018277235320640003	-0.005201446742736972	-0.024986172501285885
-0.013268488427766621	0.005367484520912141	-0.02427650796047967
-0.010306001999429026	0.0178819413256107	-0.020787261710350145
-0.012291406831027026	0.019496092623221457	-0.026352323406758457
-0.015222782309694333	0.019694427049214702	-0.033717324171858264
-0.017359312734187844	0.018487315099645345	-0.042885885743218916
-0.011707303035849602	0.03289253837238155	-0.03333453097963911
0.0006131463612927796	0.05583170089889623	-0.01304783497784566
0.006604582171178831	0.0628379190300467	0.0018215997704756877
0.007158486478994703	0.06159045666390864	0.008872286008349998
0.007803639464832009	0.06022986011764396	0.010074089607510843
0.007792861787265719	0.06336263980388784	0.012515343254689374
0.0083709445246544	0.06944066015750654	0.009232147814410074
0.00722301433958903	0.06717962125214043	0.008115514219233885
0.0064498053600738564	0.06344237567282904	0.002455501537730201
0.0011502586275376056	0.05389930854121501	-0.009586682960500768
-0.0077998770812629115	0.03994878021240471	-0.025993759173673206
-0.015683149343737542	0.02378217771659655	-0.038085164988743384
-0.021141892601198788	0.008756675160425187	-0.04562649146974712
-0.02604110211966387	-0.002547606589326823	-0.05006835680061754
-0.027734309303416464	-0.010089613716520649	-0.043697702350289525
-0.028132838550436252	-0.013962730630297933	-0.041207819298448765
-0.026786760672171776	-0.015622478333415532	-0.032397721208264355
-0.02751140198845587	-0.017644697614771658	-0.03488827052065238
-0.02786352182586301	-0.01951831378038881	-0.028380122397869398
-0.02757703844858281	-0.02150694089176589	-0.02585052502573188
-0.02643534667753013	-0.021832450083235977	-0.023533758951427165
-0.02579339453261185	-0.022730260000437267	-0.016547140654803935
-0.02494927684062129	-0.022538853137463934	-0.00826684976349384
-0.022858562211093624	-0.01959754233548347	-0.0043761391626235165
-0.022866065873604142	-0.01992361521488032	-0.0022934557382697056
-0.02422129042197421	-0.020760302396527597	-0.008742313601111142
-0.022657885595883644	-0.020539796347797068	-0.003253550157228318
-0.02135822886487649	-0.020891099219816533	0.003724576747333279
-0.020968425687332627	-0.01950920612096843	-0.0002779564991919163
-0.02584292639340484	-0.024316470450226106	-0.008932055495126753
-0.031046982938993047	-0.02403693130353662	-0.020762677773428287
-0.030757904221802645	-0.023156724617912353	-0.018201893183144774
-0.02961827342730874	-0.02223992721496396	-0.015477268918583842
-0.026296709163700166	-0.021799202281755407	-0.012535347236615512
-0.02958787973782872	-0.025952581416812497	-0.013126404925886622
-0.02994510046755119	-0.027894427064344196	-0.009423176726144313
-0.028839500796456047	-0.026363729183888383	-0.006102842833181878
-0.02555497410870363	-0.026008337434163614	0.002659495464072091
-0.02579855507881243	-0.025776160199901785	0.0013537382180434099
-0.02656605712104402	-0.02749294260383889	0.0017414832082286238
-0.027007488861820746	-0.027052416707916138	-0.002102826810715757
-0.023942776792910327	-0.02528403189830858	2.2027627712188635e-05
-0.02367289815957497	-0.023983074476652145	-0.0016392612456552318
-0.02414318800915234	-0.024454094844292847	-0.00549350161578787
-0.02580255985009033	-0.022771369057924835	-0.010733571719758134
-0.0287798742448194	-0.022332848422808853	-0.01674784351679441
-0.030002383418505453	-0.021204869234045885	-0.023440434951631894
-0.03212550776186405	-0.024439952637472874	-0.027002014132145015
-0.02961977805889279	-0.02364645015028243	-0.02195350177627087
-0.02498633269097469	-0.021665382516808007	-0.01018334246759323
-0.023815863063031142	-0.020614427058405646	-0.0053404003608759736
-0.022308408402744253	-0.01833366870583695	-0.017830278882106927
-0.02493327752829327	-0.014533443457125983	-0.031232883248552695
-0.023792824213500596	-0.008486278959981122	-0.03846289573591169
-0.027181533859553485	-0.009529384477735272	-0.04549541712613396
-0.02981670385334621	-0.010471726134373959	-0.0597183726731273
-0.031014409756119497	-0.01093744047480052	-0.06681330520748315
-0.028295511091039213	-0.007319947025700584	-0.06094145912411167
-0.026555042726840828	-0.0006610029329963007	-0.06481816834572929
-0.02076345482042041	0.014807256082326166	-0.0715463227388276
-0.004515438799199218	0.042469816048760316	-0.06414646221263502
0.008306227919235232	0.05812420050890083	-0.02387361276206751
0.012896402208470643	0.05964257015679683	-0.007483290141972089
0.009997361066374211	0.05754459552715478	-0.018216207176388784
0.008581775363601694	0.06245289491337059	-0.02281942521736228
0.010602727743198129	0.0666961707817832	-0.01839672957735748
0.022224562734754448	0.054988721362878565	-0.01327384825768458
0.02985750978616927	0.037615821876508686	0.002454003738568144
0.03813601586398698	0.021274360337794705	-0.00485808629410342
0.04334282430463784	0.011463647384562672	-0.003658305871993575
0.04285204768713859	0.005528922445697169	-0.009595623624833571
0.044583856052143704	-0.0011737140068499767	-0.02010664338678076
0.04320411479069722	-0.00033207920660565266	-0.01647801428384183
0.044112605503750096	-0.0017014008319893963	-0.00961390337061583
0.04434632803634009	-0.0023789227009466656	-0.009815848006584957
0.04564022571841632	-0.0019420837769024164	-0.0067393344451261855
0.04633117315489422	-0.004225648412376708	-0.007755664405613566
0.046832602425553795	-0.0037651436399908297	-0.004061483052241979
0.04740930889720127	-0.002580450568156948	-0.010649719393515528
0.048852727836121906	-0.0017519869224993819	-0.0116316004340455
0.048435332091066	-0.00361945588056152	-0.014094972576770566
0.04440877376562542	-0.006129748755909751	-0.015584558554846348
0.041372060497675237	-0.005742212806772982	-0.015055881943732898
0.04243338984318749	-0.004447333359081913	-0.015206918607261637
0.0448000941296006	-0.004013546461088459	-0.018057125918562157
0.046892873490020325	-0.004421309005033284	-0.018630156780488925
0.04623634795895483	-0.0023432396468929255	-0.017093760810859795
0.04553759447809766	-0.0019749494365489824	-0.013632910049451802
0.04550986657493373	-0.00408748948011414	-0.016819966473315275
0.0446799171816787	-0.009778718974371693	-0.017708207782057776
0.046575568251052364	-0.011242532833448796	-0.020466746867182903
0.0477272544110474	-0.008376165516336605	-0.019053450020280173
0.046208905340311406	-0.005368548231674121	-0.016904681940139395
0.045843758426220134	-0.006053524849648552	-0.01837303652847168
0.04587588548982767	-0.0065604703884793916	-0.021593601962778167
0.04724693296823003	-0.006599792669419267	-0.026940967250781017
0.04462656493153242	-0.006966288628883556	-0.02544894058610006
0.04432413481365437	-0.00866988288091003	-0.021376410029621158
0.04586624454939641	-0.010178964936845501	-0.0179248436350348
0.04534727883080865	-0.00784905226571876	-0.02221509461457087
0.04272196423297675	-0.00678868113110127	-0.01655770880407023
0.040509438692313826	-0.004238293982446729	-0.013014793853502946
0.043554526399140515	-0.008079384650427087	-0.012685489888457739
0.044649126146159304	-0.006919443145889974	-0.017715332309200138
0.0474293624062142	-0.0070346897007641344	-0.021159193276866176
0.046434508300152784	-0.0054830636207130684	-0.01956267966745273
0.04420283444757556	-0.00140003880784655	-0.015920648868935655
0.04115147759129785	-0.002458327011498131	-0.014873422476188301
0.04309975441854594	-0.0004850155747408795	-0.014630386354996909
0.04488762629780824	-0.0019433626788439512	-0.018090803347797106
0.046790057551429544	0.00023255717213129215	-0.014732493547883425
0.04718980179159486	0.0005271963350102644	-0.012440196881990717
0.04809258891201622	-0.0005434664207777334	-0.0073098533562339085
0.045162788326133886	0.005383922065423029	-0.009882552760240977
0.03193248173912199	0.0172740286348179	-0.015403851729108395
0.002820432449601118	0.024896762409186653	-0.03463738684659905
-0.010691266250719096	0.021887746148510072	-0.04821089558523854
-0.016854971245300672	0.016341841509387712	-0.05712208896485036
-0.020876624682649537	0.01243730952116132	-0.061682666257399266
-0.022751139730107905	0.002856113395533083	-0.05843649778948304
-0.025216041563163625	-0.0038706117998596923	-0.04661068129796064
-0.025022984832906086	-0.0064733917813649755	-0.043440927326672735
-0.02232087052840888	0.0030182811777113685	-0.036370266791753286
-0.015958825593888202	0.019956319410915437	-0.03788312241110267
-0.01553964870910424	0.02295514220283348	-0.04016156632484429
-0.012239721168975584	0.031120572619949577	-0.04252296351826669
-0.005315512182256339	0.042423283144139116	-0.03877911052853837
0.00524516785824624	0.050538714345253026	-0.013055175773422696
0.011953747361835913	0.05650937682693285	0.007704852092423496
0.015993779176000786	0.06254293981101396	0.014813291629165316
0.019078579324887986	0.06906631058779168	0.017969031082012626
0.018538420027721735	0.06574525234744913	0.013004769952101668
0.019609789997949	0.06499517416819549	0.013681754805916598
0.018608652650116537	0.06413758530578144	0.012932196254003537
0.01859345344828879	0.06956402842488638	0.018595355929018793
0.01674486446897269	0.07126614708764177	0.02186445158876069
0.014803323161592191	0.06968384159379294	0.017400709956545857
0.008947486422044876	0.05931092803499274	0.0012327332839621062
0.0009525578808635364	0.04662271932889517	-0.011051505613279429
-0.006514577437024365	0.03336490574453966	-0.02188704682335584
-0.018136871107823638	0.01209047052532747	-0.03424418577847843
-0.024242331966438713	0.00428816868052783	-0.036115125721616875
-0.02516244318553193	0.006242209238004659	-0.031165236093549473
-0.023384408756386123	0.007700050719316643	-0.023741908589568667
-0.02377260569030578	0.005529605767720647	-0.019685928035416043
-0.02681682378136545	-0.0005656138661551166	-0.022543242185680813
-0.03082105063257217	-0.003764980335858029	-0.024444430918635452
-0.030164151485220378	-0.0027111426824744655	-0.02278154337626774
-0.02605256696277151	0.0008830185908591797	-0.021321915080467553
-0.023243421170559476	0.005541541607341663	-0.017185067904073578
-0.02151692524239107	0.008198811943619334	-0.016276767734904087
-0.020424683845830155	0.013577243007198177	-0.016556420191488192
-0.018229056523079823	0.014979311978981499	-0.00844163816415724
-0.020264469982050056	0.01216403696109228	-0.01126367974741661
-0.024308987793267827	0.0017415752638086696	-0.012144977916487533
-0.028987780757612627	-0.004855482740338749	-0.018590845826988982
-0.02852278885540406	-0.00473081327921773	-0.02408090004853262
-0.027430119543435386	-0.0026050175646060475	-0.02920410135934162
-0.022601084004773595	-0.0009258356159428783	-0.026920632535339932
-0.02346526052919681	0.0009357342083449302	-0.02548936935650191
-0.021803351826994537	0.004107409832969285	-0.018431238119438524
-0.023874194886982347	0.005043625114415891	-0.030641124674024346
-0.024538188561387585	0.002198942762035338	-0.032567780547266674
-0.024165850956567852	0.0009301319556585015	-0.035445964791114226
-0.022269175691626394	0.007377185518872179	-0.03822320957860172
-0.015313445099410714	0.023651838043557843	-0.038791952586174794
-0.0040203071155906584	0.040585156766141786	-0.03308549105625286
0.005495092665683597	0.05159364374832297	-0.016987166235677382
0.011481323663241907	0.05648525369023526	-0.003612812317811834
0.013393391916370815	0.05990915305376678	0.0003676443081136148
0.015609173631612946	0.06313160069803862	0.00858177206182363
0.015978827599044513	0.0642005777780562	0.009872598347272546
0.016639958900116884	0.06819894297252779	0.009321515479266424
0.016098439048072267	0.06944097551362194	0.01048067397052646
0.014097135251128778	0.07413746460155002	0.014370244989552066
0.014892862480663132	0.07208204863949359	0.02039618541267334
0.01293944066588673	0.07075516878279364	0.019652381756654715
0.011819526941149159	0.06360501146259818	0.01608509112760453
0.009323893729242558	0.060373779961167856	0.011255315281153134
0.008272990978142528	0.06300161744162694	0.010382827441593785
0.0049543852637239085	0.06383176246955849	0.0024541406434965642
4.009464821644216e-05	0.05902873981553142	-0.0077280975570747845
-0.006554486192194543	0.04609908534151958	-0.018427100238103823
-0.014943619145459212	0.02313970790338831	-0.030223791169490935
-0.019944448445886814	0.012603002026981527	-0.0329234678372198
-0.022081154800899103	0.0073020952183821585	-0.03348774782520997
-0.019204719720286055	0.010055546092869109	-0.029907503118104528
-0.01935118460417527	0.009754805080901322	-0.03030486540885261
-0.016223545916832775	0.01055147866741849	-0.02441218431590817
-0.018968769283355724	0.00965586070421951	-0.023477304674137237
-0.015061970515599757	0.012899346898794321	-0.013291082200239626
-0.010599707132884087	0.025123659953664015	-0.010119877340396224
-0.004401868433759404	0.03744432451649436	-0.0008665848471173052
-0.0001391760993498289	0.04708238176848181	0.002712781434377793
3.837803810130579e-05	0.0458350110359667	0.006017176991232178
-0.0012328024976963605	0.04408286433223511	0.0002698699109184926
-0.0034649956758424426	0.041618008743924524	-0.0019725989242779813
-0.0030235165401546176	0.04264670893026947	-0.0014300950804561063
-0.003924229340026584	0.04263050292493779	-0.005513034241000426
-0.006897293190952573	0.036265859100453206	-0.010909313337792735
-0.012269260497973687	0.02829016834205203	-0.015574806012973287
-0.015728579117449695	0.014765463402576612	-0.012451135023134045
-0.019758204181498	0.004712289108808449	-0.0157063654491111
-0.022062082734331318	-0.001533422824313208	-0.015353856507301223
-0.025371793002236714	-0.0057250858818010675	-0.024396300541865493
-0.02680111395918106	-0.012806238469205523	-0.021493464412345734
-0.02663964011605772	-0.018985754060146964	-0.01617486065496853
-0.02388759328041529	-0.01906413984273264	-0.009010762780435153
-0.02257343803563888	-0.018278290747547537	-0.00659495352973237
-0.022256015346337494	-0.016567506207741202	-0.006753137102457972
-0.022353027998498108	-0.01644341379931718	-0.008230223445670783
-0.023321413306858288	-0.014755942458577562	-0.01947806316906206
-0.023151252884821623	-0.010418863954103914	-0.037809591566906206
-0.024122728629535937	-0.003703220975502162	-0.04608267928925521
-0.020984281510360712	0.0019182850782851091	-0.04112520261649078
-0.01533414097679253	0.013705112716145891	-0.030587877457044065
0.007002983487969538	0.047454418552239516	-0.002847349134623067
0.011891811171164378	0.05390967619647405	0.013071207630899554
0.013662217997317698	0.06155186741319697	0.017377139070912956
0.012473322009751427	0.05753318181776241	0.009726569852940384
0.011516473620816656	0.06226702933079951	0.008457021595451579
0.012055663578829267	0.0618621883216624	0.009360222585185393
0.011669531844530468	0.06643888275396179	0.013178214310277688
0.011164374931462561	0.06804498657203467	0.011311559940352158
0.005245650213849342	0.0603244846420133	-0.00182569867364186
-0.0014597950964696242	0.042033773167618034	-0.011647652460919707
-0.006369488029067563	0.02804420609231037	-0.013947715542192443
-0.008174975637844799	0.020792620472805064	-0.008592634080683241
-0.010070414277334468	0.02031805690242505	-0.017128144670021817
-0.010403814778866092	0.020367933324060075	-0.018214985290509952
-0.010366554920847584	0.022421972520432494	-0.018177186810691384
-0.011373953363031961	0.02248091460351409	-0.017413175228023173
-0.011741131821032095	0.023557612938673565	-0.022353776650675193
-0.014773713809545655	0.018764420638985733	-0.027377518813798254
-0.01816197307246596	0.011796265746075927	-0.026462379385519853
-0.0197135806268487	0.0008906864168174672	-0.01715844233997863
-0.022714582538124518	-0.007145141732494764	-0.013197899756912502
-0.02142841155256408	-0.007847341953563803	-0.015465035582030714
-0.021654517783403222	-0.005487502110570581	-0.022792555831698865
-0.021191470339940528	-0.0011012653972549125	-0.02534348373351743
-0.022074501446929205	0.004001060421904627	-0.026289683059145565
-0.019199810371835626	0.012661043989308408	-0.01644515000658247
-0.009111645731580959	0.024528809555116316	0.0015878887692763622
-0.004858695091825898	0.029536217674719638	0.011326708667194655
-0.005197904230136871	0.03386311085385087	0.00838738179759097
-0.008201130722025156	0.028550784085989184	-0.007008728838631069
-0.013118890370609938	0.02390466852275011	-0.016373622653144446
-0.018972788073585843	0.015315716418280436	-0.025409758600802374
-0.017681879935951137	0.014102380183467733	-0.020631902124504442
-0.017312505624338982	0.015047186538087069	-0.018474262571336733
-0.014868636458314443	0.019822179357764647	-0.00923519100989537
-0.011360211563287816	0.024084246524059928	0.002621060007955903
-0.0077080154805588864	0.025385597213663135	0.0016657411924466872
-0.0064966635769905835	0.02593676234786958	0.0020149205928645386
-0.009475249862534145	0.021286183481358887	8.786356865654946e-05
-0.012329394167651055	0.015013698048925612	-4.5173482217709254e-05
-0.016144139522789643	0.006374795620653033	-0.00434092213237244
-0.018266504284840595	-0.002219408758183919	-0.015640434846145045
-0.019086391458845914	-0.008612910478560306	-0.013436191371236157
-0.02012997168864819	-0.010696983854601085	-0.016071893224882124
-0.020513342286350565	-0.012788291232587986	-0.01132701581065143
-0.021220545551292717	-0.011816144682448213	-0.015138032258738578
-0.02145399962674163	-0.014285494150120169	-0.009815453378550392
-0.02490495110362843	-0.016706438664536777	-0.0028472774934074248
-0.02681915918783741	-0.019282298336451804	0.0038648235449114526
-0.02692600503347484	-0.01707399658042728	-0.003275526758019894
-0.026791841649581125	-0.01510775682057945	-0.0020866834825861887
-0.028561053116424085	-0.015527836712704548	-0.013730624322605897
-0.026126884439595186	-0.013412538145512295	-0.01196238518203336
-0.02371122906881661	-0.009589571903729733	-0.013729321625592136
-0.021141585858984267	-0.0028661741402713284	-0.012352910831089357
-0.021187604895546854	-0.0009985799418493156	-0.012460708879549687
-0.022565569929944327	-0.0014067191650506045	-0.01840085926287125
-0.019399810271316837	-0.002123715399012538	-0.010308380994744909
-0.011952020917477008	0.0035064499911962124	-0.016733550832097037
-0.004350784981026438	0.020707358979163967	-0.005934450615069601
-0.0015029873308657852	0.03746855596429449	-0.0013429544085299984
0.001045031417761495	0.04188504662296756	0.0035577865514095143
-0.0005462958800553937	0.04332156542570297	-0.004962703778081586
-0.0024677504101835303	0.03929292153964284	-0.0073146874398641055
-0.0014761782589734656	0.042973374906635504	-0.005748531702026496
0.0010672241809488003	0.04096353283889755	0.003188888412553863
0.005956532184363898	0.04734563470038612	0.010787081081971638
0.005247872260919005	0.0434926478790327	0.012461304376920859
0.0033353576151836264	0.03568829097956657	0.006681042833927348
-0.0019751788785724086	0.018091153596484874	0.0016516841432170737
-0.005898903206995826	0.012773060436723948	-0.00960842291690578
-0.0100771248592944	0.024926476718325583	-0.0146945547695388
-0.009616342626209078	0.033651215088428096	-0.01934327489553413
-0.00460456554712759	0.04519338112035385	-0.013353721524877474
0.000754561763458573	0.05301596567816083	-0.002241871772522582
0.004942277794216388	0.061540634496408016	0.005142261239987555
0.007516324259695928	0.058323550256361927	0.011148379248525839
0.008208038159251831	0.06094872972116984	0.01445863364503036
0.003920823640705551	0.05334804769809621	0.004466698254762626
-0.007270862932727111	0.044159398334102255	-0.0137514380035675
-0.013287954177148096	0.027430531782211654	-0.02232144584830018
-0.015267242958144727	0.02325956860585978	-0.031673628634367984
-0.009625475208455888	0.031909228630882344	-0.02218994159691137
-6.647630963290869e-05	0.04850665309715808	-0.006613173327756596
0.007059635636192013	0.053507101579562996	0.004772471707719888
0.008986281064635998	0.05426357154766776	0.0008748453059167355
0.0079743651796824	0.05686595285541449	-0.003183794843689868
0.009032735520119507	0.05534463518826525	-0.003144660122437297
0.014329934079835417	0.0485125667580147	0.0038167487717933376
0.021958028701477603	0.03478175820458164	0.010756239883701025
0.02781929489212853	0.023884721368088106	0.006822160195855416
0.030915575008495948	0.018078917226720892	0.007964887895797794
0.03194938296131776	0.01967109869682165	0.007455731919929959
0.033221337173816465	0.020357711420745248	0.008715815370421123
0.029752754279937423	0.02020723198002277	0.005698346608170323
0.021833910687083524	0.016155774596823776	-0.0015586317972643114
0.0071965658218256295	0.017365867718613148	-0.0009221200417703669
0.0015460574707830087	0.01821835202501596	0.001463708311533644
0.00089116398128697	0.021752627976872854	0.007701304597567564
0.001285704161898109	0.022865617045567107	0.008655219036632515
0.00022342544025935967	0.02204656649347368	0.0045348705007787924
-0.00406404383539351	0.017748682175658014	-0.010211989305266716
-0.0030045599659363344	0.018191271324522976	-0.010276906967428834
0.0012263051700756368	0.02205298555952381	-0.006013134515635255
0.005022967466556625	0.027591702117393514	0.003696764074873949
0.005654802702636831	0.027243956966063812	0.005440937438975369
0.00474612278102432	0.027558816867371803	0.00452801611934932
0.0036584211307649716	0.022759580597975736	0.007873670340524802
0.0034303550060655187	0.02101888668009887	0.0064472359444788414
0.004308540959460243	0.017932992682279592	0.0031403159104670007
0.00520810546635228	0.020019796506545104	-0.0012431380729683895
0.002965256401022109	0.02182362129291231	0.00011773960258763903
0.002665979631441133	0.02087737982498845	0.005175011955453988
0.0032480043916436065	0.025520562893264584	0.011140529249786904
0.004255393425978914	0.02403531300361972	0.015260280844119716
0.004690471308318305	0.02603583525311972	0.013842566931429014
0.0032174657338780014	0.025402528981663067	0.008662600538414177
0.0026956433434265907	0.025546499816916275	0.00418515968562878
0.001716202067656558	0.023760054603685365	0.0036322821170693617
-0.0017630655275020128	0.014971927633171477	-0.003299596417327319
-0.008121601533354755	0.005347593359969298	-0.003985546847903704
-0.011241100029682972	-0.001053604196927412	-0.009644388084553285
-0.010010665839390169	-0.0030862186809298992	0.0024522935056858295
-0.010144748701829787	-0.006506816828945697	0.006758661755723443
-0.011591393407243073	-0.01088664159992656	0.008190546013589251
nan	nan	nan
-0.01246535866108176	-0.0100615266298132	0.00891845492425556
-0.01249282633974655	-0.009839365298240576	0.004855538394996618
-0.011666934700161466	-0.007701998527651023	0.0022753006509166375
-0.012354701428150707	-0.009890914608800051	0.0003339525739450757
-0.011885216732561384	-0.01024206070537964	0.003853003368080159
-0.01081234722983617	-0.008306392553157857	0.0027198498714127526
-0.010544402831919163	-0.010454481144168725	0.011012761564685282
-0.011005137273101108	-0.008937378959879998	0.004738329980440825
nan	nan	nan
-0.011472761481012905	-0.011592980060005847	0.008468672086196246
-0.009883960885729676	-0.008925060366532497	-0.0013696971189094947
-0.008521224685351818	-0.010614739767151098	0.006900058156290341
nan	nan	nan