# EV_1 (191.9146)	EV_2 (42.6639)	EV_3 (23.0032)
0.014666790046903362	-0.005444202259641451	0.007303593759146614
0.019529260549315145	-0.00760364606249809	0.009615907661433267
0.021931367214487164	0.00014613409619361473	0.010467289552068125
0.022384930160353096	0.01053358292445593	-0.00030347596608792243
0.020699438930528134	0.014005310768161569	-0.002811282848457792
0.022142146445294407	0.006124731522020827	0.0031545859054515693
0.02581370522319167	-0.0013268136194035732	0.02168637562511405
0.028629633108707378	0.002209962675075887	0.02172134068923614
0.024931063265919397	0.014978365785985569	0.002424993032542455
0.01570583862420394	0.024446784365890255	-0.044365667925830465
0.01085948435662814	0.030639869983873254	-0.06211967303403632
0.005946232578460928	0.03871019695880454	-0.05121377863476803
0.004960892240865267	0.03554747703542851	-0.05349210337781465
0.006869512675817473	0.02991145209728627	-0.045009659885282195
0.006433606425763232	0.02761175170882397	-0.05192956783372772
0.0042009153433136374	0.031540710332524764	-0.05978710203736677
0.0025619596509676365	0.031903807435007446	-0.06799372376854776
0.0020052092161921475	0.03222258231729354	-0.06095509702927516
0.0030153853745196663	0.03359169744981161	-0.05900641946628019
0.005409016683584657	0.034858681975722276	-0.053433068219773006
0.008217421275948537	0.03361395654322786	-0.05718879273040585
0.011677091792004712	0.027494825518496212	-0.04617301900369292
0.01581422226096414	0.02226270844564751	-0.027268050397490758
0.019423879474675224	0.01909185330525543	-0.01911606692750898
0.022696031959370047	0.017002182994936634	-0.010244141179405086
0.03066407966940503	0.008709715208031758	0.010124017620803309
0.03241965448610674	-0.004642625733942141	0.03389627676324625
0.030881360230354343	-0.009659977169403807	0.04223642510691066
0.030741733697699974	-0.009679468665092844	0.04033008314508788
0.030541221559203937	-0.004884823236872837	0.03500872157938234
0.029313587568972982	0.0026111983821135235	0.02899853206282249
0.02889764976630502	0.002443367626975078	0.02788235979945592
0.027800962458966516	0.0024303530430738567	0.03901999877547002
0.029253878431294615	-0.004953509649747188	0.04276607189393204
0.027280670276116817	-0.00468590288204895	0.04668730044497725
0.028078534779728485	-0.0047885688957418245	0.04265880825085931
0.025581011753464365	0.007236510158156129	0.0333909744337612
0.020527624352605106	0.02832583896782907	-0.008635477123799461
0.01570306618650078	0.03869207844082347	-0.027233758279933386
0.011744299886715978	0.045268188957190286	-0.04133545304153971
0.004843090361344123	0.04595683856586448	-0.05399570948613769
-0.015956837924642055	0.04117488266387634	-0.04869974398497839
-0.026595506179139333	0.025151565133729986	-0.035672788079690335
-0.03571857730185366	0.01194776884684301	-0.013838169925359231
-0.04115443367299319	0.005214413647486923	-0.0034909549258579295
-0.04422036489086129	-0.0005552872976048312	0.0014907599545470399
-0.04447618106300441	-0.002217280663841227	0.004134883474761472
-0.04424608060177124	-0.002735090445472217	0.0017191582988484097
-0.043226777755302134	-0.002122076358771971	0.0016691898224940813
-0.04122975220567533	0.001053086431460827	-0.002154921695058234
-0.037726107273331644	-0.0003165370653767652	-0.009097971309786929
-0.03238780707629984	0.007085174342148979	-0.01414831658240142
-0.029048908643467014	0.013965495759158682	-0.021109099138044096
-0.029257647144799302	0.014085753800452152	-0.02081680442213215
-0.038317064600966635	0.003957698803018939	-0.008154848984757011
-0.04032673111277603	-0.0006298232241743126	-0.006746277918826683
-0.04171864576970065	-0.0021782074888527445	-0.00431222532354341
-0.04113543518701604	-0.0011737549339350117	-0.002971059319536909
-0.0420161014852359	-0.0034300714447410285	-0.0030508824705866786
-0.040955042774524615	-0.0038579059521326037	-0.004053092607823137
-0.04190629327894466	-0.005554423805852464	-0.0017954774521639558
-0.04398696773139409	-0.0004363009988836847	0.008622842963367981
-0.045286726536739055	-0.0010671247874732698	0.006605641885174603
-0.04423232152205178	0.0014353446305912301	0.010423056781263918
-0.0428853075762703	0.000349855889202097	0.005900145394870104
-0.041316131198872494	-0.0013227149422077311	0.0011156935910150816
-0.041745969990006404	-0.0026118526686496335	-0.0015386212966134877
-0.040836306605934125	-0.003901530428744457	-0.00031456047302569085
-0.039322137367885736	-0.0020585755086324486	0.0018357276913522867
-0.03458434604676135	0.0047577061630898615	-0.0014686786274406578
-0.030140755688600022	0.010549291223790782	-0.004459386415934817
-0.027404500935895998	0.010862898678649442	-0.003002728841183454
-0.026690029065493164	0.005731359049218558	-0.009662871807255932
-0.024582178803934776	0.006728211879075231	-0.01657002105220915
-0.023953719693604714	0.014001130113965714	-0.025117019037320124
-0.021438737024368534	0.025059227607539966	-0.03573370800562129
-0.0180390124077507	0.0383286530099581	-0.03848201550006776
-0.0032657216734469294	0.046566717326468485	-0.06294510416371954
0.013305025745198117	0.05278156221917813	-0.04013373309991116
0.022796266775553894	0.04928652683868336	-0.024505669734442653
0.02327165116683614	0.04694568816211343	-0.021206675675109518
0.018664681298566785	0.04640130930250298	-0.03159632929280747
0.015841508477214772	0.04221821215608593	-0.04241504226542775
0.016843728247788528	0.04091417217780941	-0.0385776227937021
0.02213311676922653	0.036848353708571174	-0.026373237629401886
0.02575716590204359	0.01985631826311652	-0.00921676496525703
0.028915289989574634	0.0001418570963042931	0.015307998210229233
0.03028917348838575	-0.007809490457266855	0.03798697636829453
0.03184655852735728	-0.005655081448824456	0.04304198464636102
0.029951491512889165	-0.011545484530732512	0.0410768595647373
0.03129920382624894	-0.012614537705072221	0.04645514374649846
0.03039304377936855	-0.01139641476962907	0.04537861459376355
0.03013688376060638	-0.012511909606221908	0.03821172675871305
0.028776896462795853	-0.014087512013325514	0.03364879987064241
0.029933773538383432	-0.016374162374722327	0.04094026694423482
0.030947639296235174	-0.013113708054366565	0.04669353742315997
0.03080006584615703	-0.011575513961723294	0.047507849933105625
0.02876945898491998	-0.00786273047730444	0.040034185668797295
0.026880978799867415	-0.0015793962563593923	0.018672943490629094
0.024302153950598246	0.013891814185162615	-0.006510719213192892
0.019731421356613224	0.027316626034462315	-0.017425566009850124
0.015194820558862608	0.031025234621924462	-0.027032035996524626
0.012630699677940657	0.02933507941968955	-0.04247715675386575
0.012311454198632991	0.02801095383080658	-0.049232878785705494
0.016560387174116866	0.02506057772520821	-0.03960549332839294
0.018203061939331112	0.023452557859082436	-0.0314521579383881
0.016331586540182953	0.020897311619500945	-0.03301408355192899
0.0069244163928904034	0.02523246820118319	-0.050554852810188886
0.002340574617927714	0.026372379540302124	-0.07111747237621792
0.0023761686275459923	0.029832663038134206	-0.07668921985279195
0.004775976954905432	0.029507289198582864	-0.06992923326347224
0.009493921756607748	0.03148332163698274	-0.06338679871265265
0.012067365348507338	0.03065266462722995	-0.054073768917312484
0.01491266604692814	0.029740946398267853	-0.03973145297208758
0.017623023220341066	0.02527757524278346	-0.038077743007704654
0.020592697384678216	0.025930146486465022	-0.02961777050438614
0.022764348365082634	0.01852973613547373	-0.014630259552609593
0.02526259045714177	0.011703343509325104	0.0036560676154282837
0.02646359825950156	0.00320997712816214	0.015545367386783953
0.027884187107340905	-0.002882909057861179	0.016006406177058348
0.026351359462027102	-0.0008778814762180689	0.009529086049239834
0.03036204554680641	-0.0004623158403535138	0.003290927103419737
0.027258347186250576	0.002035448334151098	0.025364515607597473
0.030887055965671244	-0.0012618640655568114	0.03987754811798788
0.031009965971939973	-0.003349874136970247	0.04708965775173663
0.03136491471734014	-0.009983037142781748	0.04431574388172966
0.030091069044091964	-0.016690562474608706	0.044298465120820446
0.02837842041658676	-0.019413443809456015	0.04123511742751956
0.029309448652781216	-0.01724945045955584	0.04662380606959426
0.03369809675078542	-0.012388755137840447	0.04314613452160179
0.033598931889826184	-0.0025607524780351734	0.034985595152322455
0.026932789278436443	0.015785203012395974	0.015344753849713715
0.02033153986695037	0.02846729954144694	-0.016912676107399174
0.01767007537479505	0.027621974729563077	-0.02768246484012181
0.01722134413738196	0.02673551633129133	-0.025531191575147848
0.019535972888124895	0.021237366535281216	-0.011918328940927016
0.028264926050310182	0.015382739651126017	-0.005775294890330067
0.027512748257667922	0.015345686256468892	-0.011373063990280619
0.008355550399510862	0.028913277405546278	-0.03217292566873791
0.005270562778932394	0.035770926040061005	-0.04358118993884483
0.006510951360838853	0.0383403862296231	-0.035022301495645634
0.0049077244051247	0.04092067879508715	-0.03571133848030905
-0.006408343897359531	0.037800870382145246	-0.03244285570470806
-0.009131776651501208	0.030648426350852725	-0.0386732712661526
-0.014445161012019168	0.02189001993580523	-0.03324064253293304
-0.0322538410800441	0.009069986392114801	0.0012836889291801433
-0.037728652840227216	0.0004307471859136547	-0.0024560171993624133
-0.035838889434242266	-0.001498755363849899	0.003664044852078635
-0.034148987400833934	-0.0028563587505197573	-0.004874771974019705
-0.033690879160207715	-0.003005844370655906	-0.006463997616539121
-0.03667538402697232	-0.007081584737888086	-0.00352038656255501
-0.040244002669068975	-0.007540820850128957	-0.0003220740729178162
-0.04097546000863581	-0.0068322380280679065	0.0026679317908792546
-0.03761778896218239	-0.002472776132962144	0.0063552936706553565
nan	nan	nan
nan	nan	nan
nan	nan	nan
nan	nan	nan
nan	nan	nan
nan	nan	nan
nan	nan	nan
nan	nan	nan
nan	nan	nan
nan	nan	nan
nan	nan	nan
nan	nan	nan
nan	nan	nan
nan	nan	nan
nan	nan	nan
nan	nan	nan
nan	nan	nan
nan	nan	nan
nan	nan	nan
nan	nan	nan
nan	nan	nan
nan	nan	nan
nan	nan	nan
nan	nan	nan
nan	nan	nan
nan	nan	nan
nan	nan	nan
nan	nan	nan
nan	nan	nan
nan	nan	nan
nan	nan	nan
0.018551208134810537	0.01339874589371462	0.03746713001926128
0.023476839501732228	0.017599453733563565	0.05632501549505692
0.03139888461831541	0.011838288852201728	0.05470749840803764
0.0315955979570286	0.008112491944655388	0.06129676976911327
0.03379268732051871	0.005578513189520427	0.07102192351521948
0.03502987933442368	0.006104246021102291	0.07245150619560986
0.032273712734051954	0.0033412998336395175	0.06719666544404046
0.03344029450772982	0.0029345464771039186	0.06469319391080397
0.03210536089005314	0.0047152153191280105	0.06138146207785515
0.0304178031095269	0.010380190497538307	0.04934977872657877
0.02450102201475269	0.013496759208894763	0.046630034262284195
0.023940637088960142	0.01779035532710257	0.041183220588812894
0.025303846012084248	0.020085710339142804	0.039631858258293066
0.02553897031081972	0.02351713047632696	0.03329163290587918
0.0245140846937383	0.027162849984688608	0.034855157207610336
0.0230037646813134	0.028488363996755653	0.03528060111005027
0.023429062688437266	0.028475747963337912	0.04115870703383112
0.023725535518091936	0.026678290802771346	0.037208920451722076
0.025739838783900307	0.022930863917296488	0.04602092766845247
0.02765448526119212	0.019137689385570172	0.05362887052292385
0.029306849651580806	0.006547890176583672	0.06718023889981888
0.02953327058214344	0.0016873343849210624	0.06865021376486269
0.02814061319746672	0.0027096550022372504	0.06640652516970963
0.026842368329936195	0.00253200712985056	0.05584934937384345
0.02817562924303124	0.0021959165788016446	0.06799686776328245
0.03007228156897281	-0.0029530355933477873	0.06908160958660309
0.03077782820755657	0.0022419544303078527	0.07791084910544116
0.029112902515400867	0.008139205327138611	0.0721177708682092
0.029704079496749285	0.01460193895868164	0.07288527255766865
0.03328416719047957	0.011851867563930966	0.06997508457571688
0.03580548032247853	0.013513876428161	0.07649048751936496
0.03520071775533187	0.01496710280858754	0.07706241448291107
0.03662858698686293	0.020158826190526592	0.08300672075077584
0.03361851931157346	0.022976870055193124	0.0806326240716381
0.03183640934308189	0.03430103104428012	0.0711636824456317
0.026384457692475077	0.048625686065808436	0.03739630915997967
0.010154215421860109	0.06734733800939874	-0.010766424904653713
0.0025018548227632303	0.07415289596032132	-0.01672397050251475
-0.003562530691304671	0.07642932407519844	-0.022115363036720712
-0.008455604662414108	0.06993886428286882	-0.026223286857833365
-0.013809669764262962	0.06771631115874684	-0.018838640567544744
-0.016905000121177318	0.06631226107967715	-0.021225596952367927
-0.018294711058887456	0.06776569588764597	-0.02224521873223915
-0.020441642380957834	0.06430378059682156	-0.02505547482321497
-0.0232789092640071	0.059205898321019565	-0.022455590892784733
-0.029033569566878487	0.0565747947944336	-0.016039955013469134
-0.0286879229069286	0.05515216667294176	-0.015012292419650762
-0.020229587346518734	0.06484452535770778	-0.02012590306544521
-0.01121332949629568	0.07528851865443445	-0.015693635975226147
-3.660219729522546e-05	0.07936450214035173	-0.00605259686455812
0.02002086356201901	0.06626011710658193	0.018836137492698024
0.026080830766762465	0.05950570478195597	0.04326093980882807
0.030239992660518786	0.05332986645137562	0.05729890744004292
0.025981983042799084	0.05480763768918491	0.049832090611623824
0.029601210748386488	0.04392673459274174	0.05485332527658064
0.03376082532722073	0.040329960541739214	0.058865773491706026
0.03317998546469149	0.04811818688262653	0.05051340120642373
0.012726380609573297	0.07533368418942399	0.0029986257194944584
-0.00046612464870529613	0.08618964435015468	-0.010141450958984121
-0.010743891977857647	0.08370956462477364	-0.01680399369932796
-0.02022819792617596	0.07057716186502073	-0.019236376585850194
-0.039628655385229	0.048943348244547685	-0.0010663843942412057
-0.04678781493453547	0.0320515169896097	0.007868735678239782
-0.04849064933365565	0.025575451806536368	0.018844686365592084
-0.04901145715458141	0.023107271058944827	0.023416537393060946
-0.04847329945177312	0.024466561829571343	0.023669907132696576
-0.04716908167025012	0.027270312589895276	0.024420594175779305
-0.04597245522385615	0.025883928210780217	0.03087915938036865
-0.0441693941587374	0.024875272076039744	0.037027818346975265
-0.04096799579897131	0.02184519606402578	0.03827623935968981
-0.03872282159014314	0.026716054017614226	0.044340042214200584
-0.03919247090396215	0.028892934933634512	0.04375868670057411
-0.04076770406823437	0.024802957449708722	0.0393514649499102
-0.0419925234646126	0.02295814143827521	0.03626112856109673
-0.04263351667636038	0.020539358864182553	0.04026464965865629
-0.04298060299508064	0.024214125661356976	0.04498596645486509
-0.043601380519757794	0.02024512474587275	0.049369914597712596
-0.04346525282007185	0.02075666402005221	0.05380116396786261
-0.042746485300378514	0.017119717778633966	0.05537363075669383
-0.041821294839591225	0.00968837089125247	0.06335795976773376
-0.0387772538961141	0.005745117197925961	0.06798626327907198
-0.03497884219266129	0.009688031587859632	0.07469161205868602
-0.0342816710565704	0.010192472632413269	0.07364397685730457
-0.03447142329822941	0.010030631123110721	0.06805824209948011
-0.03689898339020423	0.008892560414742116	0.06637283265044883
-0.03464738608646046	0.009960519869140306	0.0583125993593978
-0.03669219284307684	0.008152900035295198	0.06646007215868475
-0.037088916494987106	0.00926761549493994	0.05944962206862669
-0.039104752979589416	0.010842785092885686	0.060875430274827766
-0.040961549434350084	0.014510901232728877	0.05338592006138381
-0.04444088278993857	0.012253548309731209	0.05582130562389786
-0.04528828020082122	0.0116524385970776	0.052122499722922155
-0.0446836757210392	0.01055232972246594	0.050354317444719965
-0.04461131684448872	0.011763434280698502	0.053979082159603876
-0.043753188597810265	0.012064837145589567	0.05346781816784389
-0.0419202789380794	0.013248949557550061	0.04581711240058434
-0.04013608119086793	0.019215127618262804	0.0405608758217187
-0.0394175645587444	0.031137912532585243	0.028282636371716914
-0.03443253247128101	0.048976018313896294	0.020161383763483254
-0.021595052712362256	0.05768557265161074	0.005411392520381954
0.013900581788824293	0.0437903054842053	0.029986947671093132
0.028865174876479376	0.032195223630716197	0.05289434175139494
0.03287806850894859	0.024057730746165622	0.06844209708497642
0.030474333736392516	0.020714263525939962	0.05815405962456642
0.031922033060420615	0.021558337238503002	0.0649097984865557
0.03277764718925058	0.025312321252997462	0.06457509775258408
0.03515123438276648	0.020862758009720907	0.07227991329895186
0.03250275632568074	0.017019880191903668	0.0594241790117841
0.03336311982510082	0.011905482437573327	0.06525543999180537
0.0316556049212004	0.01174539468604971	0.06929055945098919
0.03465040787967773	0.011391898241738814	0.06767416394920382
0.030170603676911614	0.029572565488438292	0.04356927946620774
0.023331182888735813	0.06232063091806948	0.024167440350634124
0.02306921574709965	0.07024296984858024	0.020255362650739236
0.028270243361497433	0.06925830998990895	0.02360635214705962
0.027050705602545702	0.07330972530191963	0.01340685947017813
0.0063226594379590245	0.08988209335158669	-0.02671196067942376
-0.007551378038152708	0.08748677796039658	-0.033546968187330356
-0.0374406256543436	0.07103626270303598	-0.0070140830600112156
-0.04909131900540589	0.0488538575728701	0.005984727382947874
-0.05303942993400206	0.03562260803792654	0.013468369855696181
-0.0551402393846748	0.024958874623940256	0.019949069959048122
-0.05594336395791709	0.017303979283089528	0.026108976815494647
-0.057647662588601746	0.011688285572601369	0.03225977541187176
-0.05771087820169304	0.009324960631268767	0.039057847840797154
-0.05856621573831308	0.005892063381279157	0.042408832782063324
-0.05899945456417548	0.005621149907390911	0.04133337662738934
-0.05914181746181384	0.005809636639712408	0.040330589861122174
-0.05970292648984976	0.008127767847586426	0.037190721936417336
-0.059358948791103344	0.005741026671940354	0.03804738082169855
-0.059526224689233416	0.005571273159624114	0.03370930112082162
-0.05917851142008576	0.006832068765706183	0.032820360738610624
-0.058540700890661476	0.012878772954695271	0.02590575484576349
-0.05603578395989327	0.020204167691124705	0.024716370102431127
-0.04926599267452133	0.03190450830398671	0.00045673107470405733
-0.04277052844499217	0.05756065467911062	0.005172851814627705
-0.017430838953436736	0.08601291828084145	-0.006983788529325801
0.006000412679584021	0.084787890646195	-0.013610183085510152
0.011378290095844127	0.08178789368796342	0.0032873612617335714
0.01615747636524669	0.07821648423323796	0.023291268572963368
0.028683163814810595	0.07148295538914083	0.030699756889321243
0.02941050534056098	0.06842958770660426	0.033170396350059486
0.028947317469331706	0.05853768696589175	0.04477487390184272
0.02964277415715891	0.0446727623100333	0.051995964993046914
0.03464496519368449	0.029241863747828965	0.06332603909485948
0.03418638582781504	0.032647860351152094	0.05592354855620859
0.029592868649802928	0.04366239046480577	0.0543749968422522
0.02353474886495539	0.05179989448481982	0.028460188404738435
0.01517012242567235	0.06028085277443029	-0.001125220735966959
0.015247780318965705	0.05342250179466414	0.001198249646894467
0.02737822750102705	0.04268245732408143	0.038945262739448545
0.03181925235883375	0.02218200379362066	0.06785206745389645
0.03528325902129943	0.019907087846429215	0.06247659426665118
0.0305731874201049	0.032409175372604695	0.04981605720404257
0.02640819409106851	0.053753993602395723	0.035151784445949324
0.022278885759241127	0.06296908444747482	0.01403976887114939
0.022249660056077335	0.06792535476270108	0.007057679938984412
0.024241095340118576	0.06538574179816647	0.012908882569178343
0.028910042870958785	0.06651552099485222	0.023820320903204496
0.028315106124249784	0.06985124243287716	0.023131395933149133
0.020472504153525868	0.08042691903851834	0.013474906060024085
0.013646051409893879	0.08760603236024626	-0.000296593524640211
0.013702289962644165	0.08552952933536483	0.002362575957119209
0.01689972815209749	0.07387455815879412	0.01307019676725666
0.016912812176675163	0.06379945921982627	0.01967691639065973
0.012208771173214276	0.06400874063730341	0.007109487213820761
0.0010144561155154413	0.06933763506724114	-0.01226076754665626
-0.02386470722869778	0.07190143962478018	-0.005405938442521269
-0.04016742335576079	0.05380740835016949	0.004330410578468495
-0.04819796479761335	0.03912342901934371	0.014461690270887739
-0.05261624217163936	0.030830414205647447	0.018077374209284663
-0.055318616994791694	0.02456596150256353	0.02174471986628497
-0.05748149531202912	0.018376998057155418	0.024593550113231555
-0.057914037380688024	0.015506751861643894	0.02643117025589717
-0.05719260716454952	0.013905960055510154	0.023106754960901466
-0.055988860006921916	0.019683818043444913	0.019265465322139436
-0.0542779734008468	0.028213610038660842	0.01578852920489663
-0.04985229479207489	0.03402316917667267	0.011210880375319952
-0.04566697120898118	0.039188735665968595	0.008416877336920243
-0.043852108193404585	0.044454216246449	0.012307534138948781
-0.04225785185794256	0.04881380860896562	0.020955256546533352
-0.03926339102002329	0.04556573205292518	0.027176183935382202
-0.03609742655276428	0.04478349050606508	0.03629994995076799
-0.032528380213810895	0.04136147714460975	0.04252213480665968
-0.029941224839782413	0.041929199430101344	0.04907177183964424
-0.029212251243465222	0.039892118414826934	0.048660975666644485
-0.029049908788765046	0.04032785371807679	0.047469828802076675
-0.02494612443419748	0.041625784774303294	0.03929195489662633
-0.02534144108868479	0.043256911374428046	0.03405977914394953
-0.03294970424617938	0.0484870111000578	0.03207460301228919
-0.03769656696386287	0.04827913512137958	0.017635241734053522
-0.04357021157493234	0.048378523797734566	0.020996112120134983
-0.050047430769964804	0.03909283706291733	0.017992720818504407
-0.05466704098938102	0.027871838469856608	0.026021636495061146
-0.05766146228053517	0.018608642567064418	0.03178650214824141
-0.058524498678425935	0.012166698313726243	0.04235511793265858
-0.05985946996190422	0.007867850439367524	0.045955957976259884
-0.05864657358978563	0.005655152514723559	0.04810848228894217
-0.05895709124337541	0.005204149897603601	0.04697524792049245
-0.05866153952520045	0.007439273941452967	0.0463220721266534
-0.05972364307239579	0.006414340572196121	0.04687914008402677
-0.060175793249760426	0.007803047572298903	0.04445342486700348
-0.06013521091536239	0.007518998145012355	0.04356162432600936
-0.05888096222675492	0.00978693245332949	0.042021540861991835
-0.05797367949343588	0.009823371509211636	0.04116777882375796
-0.05808869332355913	0.011335450173520348	0.03966091209664194
-0.0594469363278838	0.012072795062268417	0.03738159215116375
-0.05713029429803395	0.01741909513908107	0.03664326499927067
-0.050353948375258334	0.030674557222145047	0.019299348573081493
-0.04049992665637679	0.05553188129525461	0.009316791518346718
-0.002984798802285915	0.09451251755386425	0.013121467354849203
-0.0029730059812569497	0.09467772554679439	0.012638690079350857
-0.03983132755519147	0.06424465871516571	0.005375711895697341
-0.05184351819292709	0.04195474710870154	0.02264137689342731
-0.0556154339444059	0.02332624415383236	0.031416269433738764
-0.05720165869214505	0.012828406437652283	0.03803648162927198
-0.057980940661936486	0.01155611997046338	0.04266277178943265
-0.05878253859420406	0.010147033618895587	0.04413193128037074
-0.059521390161198395	0.009212894822614531	0.04640454773555999
-0.05959682435614133	0.00791474062032966	0.04778868349485377
-0.05991319939314227	0.00836984610759977	0.0477592570946748
-0.059548087300546906	0.007718162419672436	0.04710897275442473
-0.05892997397309841	0.009099214278742024	0.046739388703908674
-0.05844213776129787	0.009591044109080592	0.04772503547072283
-0.058273345489854814	0.010750923489982744	0.0473522609689971
-0.05822492156617255	0.011325439689288064	0.046350619583934216
-0.05887594288469346	0.011566267407013796	0.04775312569807145
-0.05873140111916812	0.009783292166500611	0.0489530805225967
-0.05932221585325924	0.007017429846581505	0.051016212165697086
-0.05813747865878552	0.005507519480639607	0.04967373336229033
-0.05876309092416192	0.00668474004704768	0.047123514442705114
-0.05903229904701812	0.007365383303718713	0.04674760223328733
-0.059997088254719604	0.006146534960516356	0.04564558719717324
-0.059415047042915156	0.007477182771137562	0.04705450375995938
-0.05896496453987449	0.006756274212238414	0.043848005199755194
-0.058292670584965144	0.008199834891957733	0.041727998212414186
-0.05779481437970267	0.008982552652837095	0.037955870021726915
-0.05764967792172911	0.011872718594533496	0.03386456192959452
-0.055954288134504565	0.014271791815756454	0.03065848186939666
-0.05597830699342279	0.015170419335847965	0.02670332691711231
-0.05672395292658332	0.016134892378835156	0.02503515109894563
-0.05946764475109254	0.0177181657144164	0.02332891206884021
-0.05805752500169255	0.026992879932673713	0.020176843144124414
-0.047763402358654936	0.051123413862987986	0.0010880507802150108
-0.03169162109605677	0.07856039963527922	-0.021770300493445936
-0.01652048709495624	0.09703943447231371	-0.027552939690442972
0.003151537526290729	0.09382121795399176	-0.030316539682472443
0.018704047730336307	0.07124857859025346	0.004404480680920496
0.031934907288939426	0.048823059280893366	0.041220500934567174
0.034392703558960284	0.03605690658246556	0.058848387790119173
0.03382157715985238	0.03049726023635068	0.0586026531250551
0.03623173162537051	0.013670825193296592	0.07307388837585102
0.03618654266497262	0.006111558410318234	0.06934471643548737
0.03626076386007754	0.009428135699673296	0.06251673180957053
0.03413829964136522	0.022025005662529063	0.042178252237852695
0.03222257438982102	0.03572648010926879	0.025946309765485835
0.027544922871613392	0.04229669907955471	0.02646372796165239
0.027589462784779674	0.04289618748388467	0.02931791700565744
0.033107191511814155	0.037553088653411795	0.041327889693619294
0.0341928782091281	0.03814705402085622	0.04521446847380046
0.034508480783366866	0.03851222521311143	0.04340281741974241
0.030535686365482248	0.04947916212384822	0.024225998863479987
0.023941335461077108	0.05708139805659337	-0.00015751542010791417
0.009890166758411569	0.06783502262288497	-0.013217064104162166
0.005637183047467669	0.0642837358493646	-0.03020390713954016
0.004528709779317075	0.07221186001615193	-0.032470843642276565
0.005604636602154711	0.07081180132892105	-0.030105727725950184
0.01047747617739661	0.06879045326079405	-0.007697996344368373
0.03114459902080482	0.03515070947636685	0.03485347657629013
0.03468415184474248	0.02356459690911043	0.055943993989686115
0.03317715917502112	0.022675933800315337	0.04782427449631438
0.025644053096834957	0.02295397948323113	0.041024511990463725
0.02475129700761678	0.02082400757570993	0.03542354255796015
0.02743757581322652	0.01810181345590613	0.040327614557491294
0.029771448425859888	0.01541143196847572	0.050327108172532914
0.030183598406546087	0.01283329163387028	0.05800574138477972
0.029392566662357483	0.008811709285633199	0.06562763674836883
0.03047258517353609	0.005129248267688204	0.0715658984797983
0.03012829548342467	-0.002906011213956866	0.06634375886853627
0.030036246818453634	-0.006106202751618314	0.06158400521558863
0.02948358217444258	0.0005504191128589409	0.05968539165882855
0.0313265690133986	0.004542804783049144	0.06635886142471796
0.033648129266918736	0.006696874725395235	0.06837491524914487
0.0350806244348194	0.0011247788824072756	0.07289552486470087
0.036152545959682564	-0.0054929032769925785	0.07930265640658467
0.03372297209645006	-0.007918729436045137	0.07020223714291435
0.03338444267242824	-0.004217386302622382	0.06473667059727617
0.03368954296502455	-0.0006768068330673394	0.0667238172793256
0.03531477048154419	0.006656036045943017	0.07197059267755106
0.03415146413119162	0.015135830599161952	0.06551420995722584
0.03238283267323294	0.022424485056237543	0.06408480751827532
0.032711679160120403	0.018396772317936044	0.06827008937253455
0.03173706226279879	0.013728742239860689	0.06888500170847883
0.03349806325147028	0.020152982728966568	0.06624854043213409
0.027884866511722887	0.04147066362154329	0.046180338512364964
0.025781794252953523	0.05988521117125159	0.03889960971917012
0.02404401134316469	0.06350351116769644	0.02655863694252447
0.027715402262789922	0.05650803128199675	0.041087556749129686
0.03498451538371171	0.04609620397067563	0.0509242285131418
0.03889837433630487	0.03823578427236851	0.07277584666907638
0.036424023385821735	0.04860267694991912	0.05802237253890634
0.02051025996563606	0.07319939889800886	0.03551730092144248
0.014025070442179979	0.08585508973993133	0.014264295807795136
-0.0028840372507154682	0.09167384496027209	-0.014956398643097609
-0.012443721802974227	0.08552639768441346	-0.022138699329266202
-0.02617285483297179	0.07058099109692015	-0.010362397468823243
-0.047809958757313496	0.04989186188246955	0.015637711141084573
-0.057235496402096284	0.02982438001712976	0.028879053094945026
-0.05881205176901701	0.01800066342645966	0.03234004259991628
-0.058818787749091335	0.014246907661775714	0.03199995739251879
-0.05726658180449739	0.014328303801682325	0.03306677453905761
-0.058600145642273595	0.01287423148166783	0.03057378280971185
-0.05634483306261402	0.012808045741191244	0.033343703657602634
-0.05859802948252532	0.011296443555581591	0.03352886214379889
-0.05879349504870268	0.01152971859675507	0.03773471155569727
-0.06031285892397782	0.011226551656825873	0.03957771993142233
-0.059805299922403916	0.00973692404750997	0.037979785644885904
-0.058423431129975806	0.008241992381477499	0.04008734087976542
-0.058676986628501265	0.008146340637645536	0.03986379126530826
-0.059191261937726745	0.008190796197404045	0.042291225060890135
-0.06019394630054019	0.00853417352695672	0.0420321502539869
-0.05941714284937096	0.007257060051742481	0.04163327905263828
-0.05857673100083514	0.0077056596832361796	0.04416580394213556
-0.05878668680038296	0.009427469764072105	0.04433471351954523
-0.05926878335875526	0.01449662353332299	0.041937178483833285
-0.05852403653068093	0.019460943354520234	0.0361882810398239
-0.05489844053448673	0.02636026389576318	0.025389162119154346
-0.049948393148521925	0.036544509152357386	0.005514985206768677
-0.04484854857917653	0.05218362842940549	-0.0019393334375100435
-0.03502507939512589	0.06722039720519503	-0.012290291904686177
-0.019369583352472103	0.0824075172053712	-0.014486690124819021
0.007841119324582632	0.0804899606564991	0.03174870292438991
0.02516022773392171	0.06932643926525822	0.044158230921696996
0.025245657555944975	0.06837098219985831	0.0421333044538383
0.00996317036837275	0.07779363744439022	0.003569213007617777
0.0020007222943419466	0.07772948343111163	-0.020136684183819174
nan	nan	nan
0.001966287304271605	0.07734831820347857	-0.021954676372485
0.010302782183271672	0.07331603087886675	-0.009623010516008397
0.02010707568239447	0.07175575637699469	0.007267300131454248
0.020067735281445627	0.07533348128425979	0.007205701178299856
0.008225343046153286	0.0889021156038087	-0.006778960961588414
-0.015622496171504595	0.0886703513780165	-0.034484990816297356
-0.03191630513509332	0.07678044052372891	-0.023233529875970785
-0.04155194101372162	0.05942093167275094	-0.012988587088091709
-0.048292749586351436	0.039821318451581385	-0.001053788093943596
-0.05362754061294149	0.022492611271993417	0.010719189549941693
-0.05422771320068812	0.014505619218563894	0.018587089946585658
-0.055712872999776564	0.01157312204484906	0.02636037785822872
-0.055513602273796564	0.01070989173033942	0.02716545825002474
-0.05745163918829729	0.010585894918851785	0.02530275087349483
-0.05742715313194349	0.012586361795926877	0.023087175756511147
-0.0568178668286215	0.017173461065344134	0.0187222699260025
-0.05388553812025387	0.020695687639069843	0.012233969446266466
-0.04911389412875894	0.02722917440294069	-0.01006728464225364
-0.044119656672286275	0.04835244977340825	-0.012179778177963733
-0.027071922354499865	0.07553298209676962	-0.03142854500501055
0.009298074303351445	0.08554994248802478	-0.0012091103186624291
0.023301685642263814	0.07944430840280725	-0.0037341167176703355
0.02473005211222036	0.07815746592167702	0.0001472586298045392
0.021739557453153	0.08114453294584066	-0.01608479494948284
0.017993442929601512	0.07737852512803761	-0.03011803168116832
0.009862027536136877	0.07112355746396176	-0.04736547534929472
0.006523154033033454	0.07112318204564581	-0.056726685299512455
0.006917098802731406	0.0724856236713177	-0.05489827949010547
0.010535060244251757	0.07358923668606357	-0.04201977072571913
0.017736199994767273	0.062103931930947764	-0.015197097402650381
0.03011274090536336	0.026647553286917758	0.031247029714239365
0.03470479621363194	0.00507998900813212	0.057696897791973685
0.03525983328438412	0.0025088170114170097	0.06536953846600405
0.03530850334759685	0.005083379406903607	0.0644006487495124
0.03523225089904209	0.008376265617987655	0.06430229196785206
0.03716455316111449	0.0035874901598132863	0.0637405777624244
0.03730324841192793	0.0025001698814978157	0.0635434384199299
0.037044150916220056	0.005817742563604504	0.05938857263665468
0.03495105245583118	0.012476576087906845	0.054641370556985515
0.036454933412486595	0.01226532590445304	0.05831476232302397
0.035839856586830726	0.004319313319684673	0.0645463839874823
0.03565955718954919	0.003747744047065245	0.059880189186727155
0.030145380830132712	0.0119354731891149	0.047456964314351285
0.030180386072917988	0.023275878676728853	0.04085750240314133
0.028882646391634247	0.03383321323984967	0.037274186000215266
0.027282772099733947	0.05015431175968256	0.027301219984799317
0.020975563189958947	0.05340962243324568	0.006696759591208926
0.019098513244026876	0.055649993896038474	-0.0031712624565608753
0.015350590542069116	0.0553227745590608	-0.016277295491007086
0.012455045612034577	0.06446080360323796	-0.027458534824961984
0.012640785249893757	0.06381021000324097	-0.02594928412342167
0.019442323245249242	0.05697785332065343	0.00046548414637738456
0.023714171599058545	0.04040221210351333	0.026442896199482913
0.02783400062954645	0.02742379168629807	0.03940640910082823
0.027846055897640165	0.026356723244476854	0.03753603712870586
0.022272541189113548	0.04184532138048412	0.014117822408058076
0.017697566956638842	0.04616746369608662	-0.0008525281206055169
0.015606439963205137	0.04930711427546507	-0.013229339187178092
0.013559509894494295	0.046585466361759344	-0.018503248469494082
0.011114515012856024	0.05550515406850226	-0.018928808732431593
0.005374303456095644	0.06370253108048443	-0.028427348557326523
-0.007506230175826304	0.06600293757618157	-0.030122958532235025
-0.018815323812101752	0.053555073651123476	-0.024437544308180483
-0.03431232923480572	0.04590005491683481	-0.01620998813014673
-0.039219340428182925	0.04504714456291385	-0.02420308305350452
-0.040786290119684876	0.041440234016776475	-0.0266868287399893
-0.03842407429753213	0.0471364346826846	-0.02902196219215627
-0.0341654841852599	0.04646778245859596	-0.03189053127670333
-0.024593170506568965	0.04815560527708343	-0.050005331270144296
-0.017717229677107024	0.05834855575650692	-0.041880462830199194
-0.004941348779980474	0.061313589358412246	-0.0377121869304837
-0.0018519291217937647	0.06479885400422469	-0.04212820972734698
0.00040272590853736995	0.0647724740471334	-0.04163215404429496
0.009383832681692045	0.0698692895835056	-0.04360373288170048
0.01456938578730969	0.06524202735207292	-0.022718889739458938
0.022733430639831617	0.05400932038850136	-0.0035016350510063826
0.036699706517938094	0.03469980887524361	0.03847054401202355
0.0394794709829001	0.02102091213131258	0.05621353429485448
0.03926362017812076	0.00865246157042783	0.0591193722652906
0.037597094654397124	0.007298881772269658	0.055957984757218984
0.03281595684214753	0.010894615669452982	0.049889787172159576
0.030892079190827662	0.01481674696476519	0.03666003409826673
0.03129661864683289	0.013280447718884952	0.032040096118507284
0.0328676100691231	0.01770480141814657	0.032384763926599086
0.0324171202164777	0.030392986544748	0.02807771343045046
0.03034293795165714	0.031890722621255335	0.020359554894054405
0.030542187824496636	0.02889903717391059	0.02436006408904994
0.032478526457542865	0.019998931890069314	0.029801272486715526
0.03506575659754861	0.02189696908584473	0.04193521132826715
0.03327838830543245	0.029086107305341974	0.032758004900199256
0.01775688476009998	0.05073996017855671	-0.008362766686954994
0.015338940896150753	0.059003681028737126	-0.012534471451954288
0.012510477261390944	0.0676598760130519	-0.01787703108330701
0.008606696783236244	0.07070998043291396	-0.015181829708235367
-0.0026578840056430617	0.07213158265406977	-0.007445692547017796
-0.04097223692187439	0.04955254761688391	-0.007114027317827398
-0.05016557667681759	0.022867761764394347	-0.005731412988627928
-0.05465574068727511	0.0065107849575188476	-0.0003807912231449731
-0.05716162347363334	0.0009825999590169013	0.010681595601886251
-0.05692607909072334	-0.0014282261746597427	0.014831972253163118
-0.05522024654149551	-0.00585183099945219	0.01802781817233865
-0.054405817064771156	-0.0068624841865734115	0.017833942313574744
-0.05430134709351074	-0.008992845502108882	0.015219289391378125
-0.054182699911538165	-0.008775659719062148	0.015778350847563724
-0.05419271732148604	-0.008361636857484568	0.018427126765582644
-0.05397842959446865	-0.006483476590497632	0.021618772229950928
-0.054492425886028206	-0.004093619759001979	0.02399354419711543
-0.05407470559869938	-0.0034566272675947834	0.024809919859143763
-0.05517477255996232	-0.004710574068440623	0.02528686899345934
-0.05446084501534883	-0.007336726574314514	0.022277257559099158
-0.054758897290807476	-0.008115578151675483	0.019027387469910662
-0.05462032439045033	-0.006331905219914433	0.018137742683415475
-0.05539756504384577	-0.004852118749892831	0.01822278185356662
-0.05349254989761441	-0.004849400729585042	0.01840426367829108
-0.052050626684601385	-0.006772943311952252	0.017979165312891864
-0.05192792811671411	-0.006636504249223303	0.01714943261442614
-0.05215448608937918	-0.006561943311267533	0.01819991790168941
-0.052999131989759043	-0.00616753751969739	0.013233138415999365
-0.05194216530399151	-0.00744919231264797	0.01378406227120901
-0.05391411488810083	-0.008454693187894644	0.01484919228312053
-0.05256644508030119	-0.009245430824351801	0.01246139557723761
-0.05283446506970959	-0.008676526945741704	0.013662961143446454
-0.052671108130659186	-0.007369466838036465	0.013074476591986545
-0.05459507429932774	-0.0062510438653125	0.01941788370061538
-0.05461142346315136	-0.0059655804565649714	0.016622372347996545
-0.0541232721746628	-0.00461299357582029	0.01994956828545144
-0.05378061022627951	-0.00211801556616939	0.018475740983051624
-0.05419616062716356	-0.003000912118702355	0.02041327494820575
-0.05330452177928752	-0.003996924452861796	0.015013036699601044
-0.05186161057447744	-0.0061010375000336015	0.013907499861663349
-0.051459402235347944	-0.00598969119475827	0.015181439405481922
-0.05124082851636125	-0.006933377345105754	0.015967254997495545
-0.05154972118492502	-0.00721108615130777	0.013600301531147711
-0.05247388040521671	-0.00801500707607957	0.009636334901832445
-0.05263204613250924	-0.00883490075291371	0.006753353724748237
-0.05314823348074201	-0.009719680691746883	0.00886364185593205
-0.05115489789022115	-0.008998752989153931	0.009172708881924308
-0.05168138330936305	-0.007036543330103458	0.010283804543915278
-0.05222939397241594	-0.0034271235091690513	0.008690043611529615
-0.051128567606279984	0.004200766951361762	0.005601352470787475
-0.04281586217005023	0.021448873307448355	0.001388165800896804
-0.018745161073293833	0.04550180349579342	-0.021725126171667795
-0.011504601110339055	0.05193075471544805	-0.021580480140718686
-0.011282567516996614	0.0487384761078789	-0.03141113292957205
-0.010549430330286894	0.04436994811647347	-0.030244797220864823
-0.012078856872680385	0.0433691940470612	-0.031490318917253825
-0.012515607736695397	0.04654085801128688	-0.030468768197435103
-0.010954145795326702	0.044502735011174556	-0.02712739738820274
-0.008107692545969051	0.04509929080103662	-0.029173729367170796
-0.004027285374172587	0.04688580508119237	-0.0349084390190545
-0.0016084757547686988	0.05380418400271921	-0.03858014448747181
0.0020146953488092284	0.05605134203946942	-0.028284073710500714
0.012769581951187669	0.05306262719568229	-0.028550995928391665
0.01723157037044916	0.04794325475469824	-0.015193730414025185
0.02196295025052303	0.038973073725167	-0.006458961339368005
0.026634693583424594	0.024750079892162817	0.017970452404423902
0.03267868456314528	0.0010764694214384224	0.047355096043149
0.03503193266099957	-0.016776189307068163	0.06031386660764583
0.03353991235459138	-0.005858559315738143	0.04195602578553425
0.021360077190109045	0.03167803626174295	0.015687126720451205
-0.0039859154147726325	0.06476024627488164	-0.03234543132308373
-0.017765066838786935	0.056471620165348395	-0.05502316969478874
-0.031267436250032324	0.0391004722034724	-0.04089987107808747
-0.044680037867367024	0.015563028919600905	-0.005889492242181986
-0.04877906212469365	0.0017664593949948404	-0.0017827346357364646
-0.05053303422247279	-0.005163102937279812	0.000379386478494594
-0.05200846809877181	-0.006955850311946371	0.001983084040271199
-0.05068125965834452	-0.009133784599305736	0.0018400011946277726
-0.051689681657848395	-0.010780105143114713	0.002658393830467211
-0.0511676921666686	-0.013219743274180351	0.0029260721066922957
-0.051238127013637835	-0.012928890354221262	0.004640118686672384
-0.050363811142647215	-0.012047980834830725	0.006942593975829511
-0.04916247217338286	-0.011276962202355433	0.006296695420782372
-0.050748166419064586	-0.013568888124678241	0.006435912974988495
-0.05181161192248408	-0.012638056929738496	0.00842017390407981
-0.05221641529103753	-0.013794729795555065	0.009190403801943837
-0.05097338207520107	-0.014990562669903909	0.006940852990549768
-0.04998788699639886	-0.015481248594118507	0.0020779254488238717
-0.05068027434749902	-0.01313345556858498	-0.0005491240177403385
-0.05161872778198046	-0.01100217032317432	0.0008255105332235016
-0.049923656845480203	-0.008976974385079148	0.008329412771735253
-0.04787995975791963	-0.00644968796593446	0.008282475178662513
-0.04673323554747539	-0.005601241954363213	0.006177669085053437
-0.04938834218794449	-0.007887967219172835	0.0030865126924905367
-0.0509782925331272	-0.011330665752981209	0.005809888569610691
-0.05269894077788609	-0.012482996971854773	0.010454153377924373
-0.05307993791491841	-0.01150448535250196	0.011216315616936458
-0.052424339981905446	-0.010956701709677927	0.006681742498087345
-0.049696290393407755	-0.009099075233675369	0.004137501652361986
-0.04976774118075165	-0.007696012031745976	0.002893707411378281
-0.04928632155120489	-0.008196077577642048	0.002074241285829383
-0.05222290880298737	-0.0064207955789483545	0.00014580166381746723
-0.04933237411005381	-0.001553843256410621	-0.006851489537876211
-0.04565258312211232	0.012870150080524403	-0.013809319240145161
-0.035912469322337236	0.03687202240997072	-0.024604665025069774
-0.01113084960976916	0.056698665646445885	-0.045799154468110094
0.012951993770016705	0.06226694088386017	-0.027431625713994073
0.014786924507194696	0.05422356130442558	-0.022398493490669392
0.014564910844655709	0.046790023279877635	-0.02230691226066841
0.018187701847186453	0.03641093002186046	-0.013712464511232519
0.022122585632754262	0.0316323708665501	0.002828686477972169
0.02629627672751652	0.02513094638771455	0.013219308054744828
0.029623397022908712	0.015816792144871417	0.01213097605864977
0.029763275348673037	0.01275666327306866	0.011266669516416694
0.028638589959860274	0.019656214537776193	-0.0007950621515943612
0.026616573881471612	0.02408269068742343	0.0027742926571425134
0.025777586520573367	0.02300277474536145	0.008223272202238896
0.02263379026285605	0.021644425710914857	0.002664974991382421
0.020501854344336233	0.02536784062767704	-0.0009705606158958921
0.018845041380924032	0.02643818152719728	-0.014959073901807701
0.016489327169514553	0.03252893220642603	-0.029794067221569114
0.004759057221798533	0.039267675969313964	-0.030498309628764587
0.002309696983544045	0.03817149635716733	-0.03880283747147116
0.0015212619689299184	0.03866928540862494	-0.043365513130234956
-0.0002127140108287122	0.040202883771370684	-0.04683556775815991
-0.0004081906133529666	0.04589607810742021	-0.05555174458627442
0.0030933569793211227	0.04732353048141887	-0.05611151587011212
0.00866199359212411	0.04743613346905666	-0.043438056221510604
0.014633302954480003	0.03676373310557708	-0.020765185121915407
0.025591403413856215	0.009398029029749188	0.017747115268046763
0.02663470673700072	-0.0007153289010325137	0.025638931293206643
0.024993394239791206	0.003936495085766871	0.01630896858247379
0.024744349475148336	0.007817829090809941	0.017671061946479542
0.027125353227012733	0.018745236837364215	0.02509751783643365
0.029823683750089768	0.022243073598039752	0.028444522364468042
0.02833909738609372	0.031014405754295128	0.01240621936227789
0.018563554486290948	0.034545374557925716	-0.014186106673354269
0.0003155946150894262	0.04887139310614748	-0.03025005928645135
-0.013996654959162892	0.049084482582286565	-0.045481827188161524
-0.02961566834533509	0.03582566929282742	-0.03327906799085668
-0.03911205898870746	0.017531282221913788	-0.022970050766610347
-0.04369670485787931	0.006693049020412255	-0.02015371877438471
-0.04693659213350389	0.0028529520926938307	-0.006129278680784573
-0.04796402647840436	-4.7248289025803025e-05	-0.003441050634485243
-0.04518976279341036	-0.0017946678679293185	-0.001123284726780402
-0.043361842460858065	-0.0028895887607185214	-0.004990996303925688
-0.04325897503975386	-0.001827219201792997	-0.005018107039568497
-0.04578816408110312	-0.0026560732565320128	-0.0079239475027389
-0.04399392129673338	-0.0012750010479041646	-0.00947718339072736
-0.03651682956700661	0.00150315927367492	-0.015271369436297158
-0.03297058917791086	0.008678291590420752	-0.018812017463034993
-0.027822093505662795	0.021185235469040505	-0.012727736782054667
-0.011119635907056863	0.039091079882447644	-0.0352234964090385
0.002984076805083177	0.043753396075880524	-0.042121714735658955
0.008338803135556534	0.04333337236525416	-0.03639777068858481
0.012477073868515955	0.03724848368181917	-0.020838887650314754
0.026063651785761553	0.021768981339074074	0.005346310139518168
0.03025161119261654	0.008873647224603744	0.018320859440912503
0.02838626565305772	0.005001027271616002	0.02879267836756296
0.02659467379870395	0.0014977279352210021	0.023489117472617144
0.024239045402257235	-0.0018704508120904115	0.02358805982506392
0.022128608019784196	-0.0017056447627943564	0.0219578375750578
0.02358283941871404	-0.004186446779198775	0.022065006951682443
0.02416492658749004	-0.009427424912951267	0.022247609467811628
0.02535004144253883	-0.015094359157059686	0.024347681943412275
0.026406080109633065	-0.020729254371082525	0.030431046328832513
0.02466037565642694	-0.01855123287704593	0.030008635549623217
0.020438383820869252	-0.014512428389473274	0.016096648286743197
0.010954153643385436	-0.007418967809512449	0.01080792582169881