# EV_1 (108.6346)	EV_2 (58.6590)	EV_3 (23.0465)
-0.008207932586729342	0.00824462682059381	-0.006798488944584571
-0.005319348123024755	0.015201477889526728	-0.009891904344195596
-0.0024067743261805313	0.025127302102573572	-0.010834267343815459
-0.0035143795880943915	0.025272144398464768	-0.010288573813074454
-0.012711730646740653	0.016619801588733323	0.0003357532970272737
-0.014789151331408557	0.015121019905247102	-0.00042095891893155317
-0.010708195297333084	0.018582388018333968	-0.0013415423362527039
-0.003380472996500204	0.022293920297208624	-0.0006165093366575052
0.0036044383408260798	0.026706138249307433	-0.0059308526003274235
0.013099116443161559	0.029062872088023738	-0.017125981592492883
0.025343956373154237	0.024339625983429765	-0.01637393800483118
0.03775701572546611	0.013715120422816862	-0.009695921252481587
0.040137478605351704	0.008060270647681481	-0.010756208047780817
0.04023843734135155	0.004193685508491599	-0.0072983771595342625
0.041126622423394724	0.0027838582539137274	-0.005069338424279125
0.04346819301197703	0.003847930486160285	-0.007689695519553175
0.041140966799114324	0.008239293250156661	-0.0056657844085146875
0.03159043513302171	0.014834090392752696	-0.01740673453288373
0.027518829302735977	0.022745683936547596	-0.020050644931558923
0.01944338716145801	0.02913670832039676	-0.02479416980954369
0.010346071814113495	0.03586353601498152	-0.017918905463368127
0.003403184755207225	0.033250958137752376	-0.01084642850858012
0.004008332909575697	0.033441242662835886	-0.010528769673341015
0.007518146503250626	0.03139768286913254	-0.021048513533588973
0.010421562860704612	0.03289588641474009	-0.02956725810293008
0.006911642935727944	0.03181826006786561	-0.03185549385355157
-0.0014718148976166146	0.0325361454505642	-0.029490507994544807
-0.007030393284740557	0.027419576711794656	-0.01635255513000388
-0.0052328320291241915	0.027109125531867576	-0.013671759055688772
0.012436748553120911	0.034022172073900125	-0.030819750310994425
0.018612138312143686	0.04004683514320632	-0.03898941814307404
0.014634733164413827	0.03770836391176898	-0.034263163047433806
0.00870988141944199	0.03233444047537149	-0.025326058181246554
0.00065741256698986	0.02579775675650202	-0.01768212346292359
-0.004754183900004361	0.02135856614511908	-0.015439132176880374
-0.003983174142098957	0.02205083969658389	-0.014688765679522018
-0.003640890034801078	0.02387088684486757	-0.01323178177265311
-0.005236699630862825	0.024082033280531972	-0.0092939058278362
-0.010265053323982417	0.017587982404432684	-0.011098814936261154
-0.012011382928324568	0.013237694329667758	-0.013174718574490586
-0.014151945731243338	0.008367531682123465	-0.015504407249048715
-0.014949471421188926	0.006827789107773841	-0.007797501249409806
-0.01471206473377129	0.005342524418025139	-0.0018332859309955693
-0.012541952916386209	0.008255180493721325	0.002922969418525311
-0.013567616620657245	0.008128829739103643	-0.0016314255679408807
-0.01815861965115888	0.004687861744700746	-0.006841494391361783
-0.022334334043434344	-0.0032016530082579577	-0.011909559456086832
-0.02494549423507767	-0.005447236481647865	-0.009749045312233714
-0.024088984625930076	-0.0005530435714355493	-0.006803228481760848
-0.018916861175800066	0.010096484641584661	-0.002007229008416333
-0.007038139364141936	0.01679119332744874	-0.002461783054453326
-0.0029704406906290452	0.016701040777648016	-0.01114995922489613
-0.002730499324256258	0.017269435458741007	-0.013558109376009748
-0.007379011046738059	0.013772410528781559	-0.011298707755497428
-0.012590530022330121	0.01105211408244816	-0.005234080667554285
-0.017472384002293444	0.005472647839576301	-0.003402221180995422
-0.022357111183690447	0.001225187579221812	-0.0044378034356036475
-0.025582563264686133	-0.0036719805123217927	-0.004138729018473553
-0.027428558048328954	-0.006588440243763009	-0.0026800205245644387
-0.025182394165402928	-0.004753731850110953	-0.0007845387277370698
-0.021994960691285453	-0.004021409456344452	-0.001303598800656041
-0.0165576414003689	-0.0003472376898194605	-0.0029811341087957067
-0.015238863000406526	-0.00020852397646065526	-0.003682666380627468
-0.018850770510430725	-0.0014589792660881986	0.000227070977850765
-0.02526630985301481	-0.005543871651332086	0.0027222340038248263
-0.02566562691060799	-0.007899062344991098	0.00235394270859339
-0.02131985471824699	-0.005597350104639531	0.003265893749262023
-0.01786477312858113	0.002486573877181419	0.005518482472442989
-0.014103239381053382	0.015037570620567275	0.005456742685699838
-0.009131157813276428	0.021505792203798658	0.0031886446953938094
-0.0011855051444365017	0.026194692868663598	6.148603123857805e-05
0.0069308429709862805	0.03490185465196467	-0.007714203230960694
0.019010630404263595	0.038673539519285004	-0.01593806714288552
0.02519424660776149	0.037671883125454116	-0.0180135422503585
0.02838586039051128	0.032616919823468864	-0.017822590620291012
0.030988104657993527	0.026166717278420452	-0.011088551030136142
0.030278160550337406	0.023142897453089832	-0.009627339043016502
0.034016492405443105	0.019386838956787084	-0.003346902694819083
0.04379956256734909	0.006833062668602244	0.00917731248439816
0.05061510019601759	-0.009207672885688068	0.023070827028125854
0.05051811017950002	-0.019206615245196186	0.02640855839459794
0.05068128413799617	-0.02259945988914065	0.028304683321409986
0.054592885203678845	-0.02450315240397806	0.028686276999164168
0.05639448192602517	-0.024729961256003116	0.031454928948003044
0.05574861376952104	-0.023978948906963293	0.03138739441766157
0.05389145057776124	-0.025980792915410476	0.033913014444335615
0.05534719327030058	-0.025799938244053053	0.033768310569764606
0.05348163932180862	-0.025443130458798698	0.034054560208721774
0.05286093933286813	-0.025093607160561353	0.029384740280888652
0.04931174991903631	-0.026623692028396158	0.028457339574564134
0.05091547221812258	-0.028449613879421732	0.031115733306209144
0.051469667231050724	-0.028976932661418462	0.03289877416831337
0.05445577098384359	-0.028680967056055263	0.03416218198249357
0.0547996976736675	-0.027693111278767873	0.03231484938308088
0.05518244105945007	-0.027617481322699058	0.033394368499326005
0.055760837104449554	-0.027522097486061596	0.03584388801970272
0.05519968842544879	-0.028422150964641506	0.036836975173525396
0.056078234499246496	-0.030321181977803424	0.037680217551229675
0.054639061397510465	-0.03154474511181681	0.034632738760911705
0.05465792752711325	-0.03217528369636928	0.03546604609386538
0.05105553786675881	-0.030423913173132762	0.03347941086591081
0.051779972006143586	-0.029717713849357768	0.033734838115030544
0.05176570479019177	-0.02831959056820931	0.031464413407022454
0.0553644129899259	-0.028918478950582763	0.036289698193191194
0.052191916689386275	-0.028058570036791533	0.03610872523229789
0.04953744008172982	-0.027680141277567787	0.03259899670710088
0.048852966207883854	-0.026797039830266805	0.03331080363466592
0.049518518117118424	-0.02598976808040124	0.03575258692094094
0.05224751241036166	-0.027759425350599824	0.03923656989852392
0.04946978630547595	-0.026016785594675303	0.03624971998936955
0.05055238885522987	-0.02577623190305844	0.035536989924695395
0.04956083205341733	-0.0252185065733862	0.03496334295671233
0.051889009855131556	-0.027893548501070314	0.03529352912654815
0.05296724883014258	-0.029455372333123515	0.03730447273723121
0.0529414336624551	-0.02811429452573177	0.035643511379452236
0.04743120697881744	-0.02714665523761773	0.03722175105015803
0.048055383690646956	-0.027724074051372206	0.03648924394379842
0.048765392677595915	-0.03009656916148165	0.03864540136838492
0.05423972589456956	-0.029523564871910046	0.036417588900342635
0.054270669776883974	-0.029882942856536508	0.0390410086810195
0.054176645182147994	-0.02992774844292504	0.04064261374700348
0.053486723390083854	-0.029822819522341712	0.040760835290992996
0.053373370243277665	-0.02921884515499996	0.04110726133603588
0.05492470095761496	-0.02723382939243375	0.03932249724294552
0.05607636320129393	-0.02130686119602682	0.03660495478167265
0.05201289911387234	-0.007710537491859704	0.031060201018100964
0.034616062299293655	0.007724115909657285	0.02100807892415569
0.0052277023692374166	0.019483352517864653	0.015469260895851787
0.0026688910044802235	0.02121805924559055	0.01814759741107083
0.008486353562715428	0.025168379464111663	0.01672477081604902
0.02183719686717356	0.032247790380722965	0.005113123438663714
0.030266363058944944	0.030005519198788643	0.0021742281484741187
0.0339708175290771	0.020795389465260463	0.0033353225610340646
0.03490457455261524	0.015370789312098598	0.0049512177127033034
0.036521766805851584	0.013858057682299094	0.0057890822211780525
0.036881518889996925	0.01030689388120311	0.007843255882848739
0.03648997820117103	0.008292852765934267	0.006239094664238293
0.038178880599016106	0.006901661314588146	0.008512193949833841
0.03646131332095796	0.011819393949876425	0.005818567501820429
0.03324690314588438	0.01548504461377182	0.0049961708440230575
0.02210907873494102	0.02031088978145229	0.003407641632772851
0.010822047240459163	0.023009339510620622	0.01666482907226993
0.004188970467161704	0.026113141940174476	0.01737721561738435
0.005016895023106048	0.027723542704937598	0.013072896814099953
0.012733512518838253	0.03217742686994164	0.0008261649289269205
0.013167525891303778	0.03264297098511726	-0.003015309078328688
0.015624748713616337	0.03468379115365072	-0.004896860025838768
0.01773522381725277	0.034766703572985426	-0.005323712715109705
0.021228224981425098	0.03738630279825955	-0.012408635171851829
0.02112835592430604	0.03836379600307055	-0.011503556038811553
0.016281813303145938	0.03823919250354095	-0.0056220311790679475
0.0019742726701634213	0.030314570421258454	0.0060143980114145245
-0.006705373008178757	0.021086246343605366	0.014182540220599973
-0.01138876969098768	0.01496153912635434	0.014559295718974035
-0.013414835784799024	0.014058667766240788	0.016868370782699163
-0.011681118991388552	0.014291431124648375	0.016459013946624405
-0.0037614683898705044	0.02110154249467925	0.01488182521125243
0.01230335387582591	0.030151050556131025	0.005571327049001552
0.024042258683737616	0.029368178655945293	0.007526825027451507
0.02439583769713894	0.026657172161639583	0.0052582434248151615
0.02428338175138382	0.021560525503163112	0.006595419617884006
0.023321344810802322	0.018813916179206313	0.006848329540194643
0.02322962113297949	0.014316543913678037	0.005987169186584932
0.025038984243749535	0.011470392150014247	0.006297619069460889
0.02986411584486905	0.007213296821388318	0.0104107221873814
0.03673826456076052	0.005438760484312202	0.012087940916527855
0.041780140757935035	0.004682868060130878	0.011888441874957398
0.04112387925623912	0.0033292328064095716	0.015196352361984425
0.040128183293360174	0.0039055949168469574	0.017855727946281628
0.0382066481300696	0.0035201688046468337	0.021013714075154028
0.033400453032126035	0.004218843486402217	0.023313425982246616
0.028076909421666074	-0.0010985767542140929	0.030998919191569732
0.026100380616007324	-0.0011957731531236214	0.03201629812980499
0.02976004966405403	-0.0025139801969593202	0.032079595048237465
0.034737557145692266	-0.00040201488426719453	0.025887170136681792
0.04173986259158862	0.0015038760540456474	0.02182580450213617
0.04266511066941276	0.0037023947430113984	0.01420176182967485
0.04335499890195687	0.0009016833236392399	0.01911644842827117
0.04283719624308546	0.0013766564978783264	0.01565372125572091
0.04747998806088491	0.0027961024107271476	0.0206918723194511
0.04639196192923799	0.005948040895545096	0.019617219749583022
0.04252530260214047	0.0061875075874529605	0.018702918040504037
0.03611767276216702	0.00843879627328277	0.015895130338946416
0.033432291723032595	0.013050287668969339	0.008949322461432634
0.03534988259277279	0.019099929008051988	0.005024808322975579
0.036973342247664506	0.02342168955598432	0.0015541613421835368
0.03520816071592091	0.030560908059189998	-0.0043375183235516285
0.030136290774961084	0.03291905070750955	-0.002350874486755146
0.02500433011706214	0.03714516662627272	-0.0019369237286559864
0.017033727994063465	0.033233294500475984	0.0021630233027465848
-0.0038550835201903895	0.021564238535317293	0.01057211057338459
-0.014836271660206292	0.014381380620834336	0.016377114650900068
-0.019696583400757948	0.010372098374166664	0.022392650410358556
-0.017219870464594136	0.010918922610936214	0.021092729126256843
-0.005368369090199154	0.01592571854093121	0.015594559888516178
0.021194516007748004	0.03924417313493012	-0.011922133255978833
0.027634139436646873	0.043743280387040194	-0.01799677984365906
0.02856469866369072	0.04005039184498131	-0.01770824221175455
0.027227738324130217	0.035401461101325096	-0.01312023747320068
0.02755962525104896	0.03611982661451042	-0.01321727200777724
0.026391376563999452	0.037748198089509494	-0.01632342197313622
0.02801423163345154	0.042973129757106786	-0.020616473175278788
0.02439057128471962	0.040284824972957815	-0.016750649925575668
0.020773603646943934	0.03955998209285883	-0.01512738043978509
0.014952144520961766	0.03488481947283355	-0.01217338782181846
0.007178248525441992	0.03177846227389222	-0.006837745892119414
-0.009659400045123636	0.021657675022218173	-0.0011023130006303557
-0.01138764275573921	0.020601365266347683	0.0009182898836802098
-0.006379037512106143	0.02375965562212695	-0.0009180768163781858
0.002152067155583777	0.029890746764512907	0.00063762285319272
0.006909162778888388	0.032687429137086575	-0.0005801277394648112
0.004921876423899136	0.028734194739234137	0.0006382174326106027
-0.00429069805208297	0.02345302852484888	0.0009206723708083718
-0.009998538506027867	0.018530095689437243	-0.0027321319720584603
-0.015081923363174356	0.013257768701697039	-0.0055885075062265255
-0.02466154483765104	0.0024747257413150958	-0.001848189576333488
-0.028945493755003406	-0.002540546052067286	-0.003303448072759195
-0.025955460714824838	0.00029542360704834107	0.0013499288955524623
-0.02183980859713133	0.006094698286115503	-0.0005822073473371742
-0.015908048147282798	0.011184866600951875	0.010484621411474136
-0.013256811554048802	0.013945893749514158	0.019232491761966425
-0.008545730430825965	0.019176915963459034	0.02461139111538954
0.011282886787674121	0.029808214516018193	0.013473630190822755
0.02523250880929942	0.02992609038449077	0.005815738352907832
0.034895686490264206	0.02617788354951735	0.0023961157970643146
0.044927533664559795	0.01724719215062105	0.006268528335646589
0.05212530962847543	0.0030195112910801156	0.013925586911325394
0.055323033494807994	-0.012685618935763716	0.0226612536683123
0.06101200208929175	-0.023953125809157014	0.04096303828938412
0.0630453322993099	-0.028450747185247188	0.04522665622090956
0.06295930250163848	-0.031008588897242423	0.04676604649609338
0.061831553648587584	-0.030279816362648954	0.045435690348522274
0.06159766680620755	-0.028872745499830748	0.04466222556318278
0.06042614530939272	-0.026940306821187757	0.04415478204193431
0.05866913169493425	-0.027048768745152413	0.04294568600574855
0.05688350981655149	-0.024766799871187982	0.041731537653613995
0.05765486010423579	-0.02618542377577081	0.04276975597806145
0.05988182723755934	-0.02824635126307357	0.04774973986880642
0.059623353009651305	-0.02908525757731436	0.04983821385235796
0.058560285165015595	-0.029184442143353074	0.05068661379276802
0.05782837436622453	-0.028994257428446135	0.05146154167438176
0.06010694659366921	-0.030886212174629984	0.05373915180620595
0.05955745357523843	-0.03083738954524652	0.054624477090192004
0.05889934046997871	-0.03276098000358921	0.054914304479680084
0.059707578564523835	-0.03476800519699795	0.05268031904761288
0.05845341764324785	-0.03380050041336894	0.05118136369526822
0.05929308294154712	-0.03431511333751376	0.050565549441486425
0.05692634113784463	-0.033229372466342576	0.05439434775448641
0.059084154780484295	-0.03431479871570286	0.054391885947500045
0.056400231979421414	-0.03176593561217891	0.05363946840012228
0.0552419887774312	-0.03128316656746259	0.04878135412230305
0.05328274577206692	-0.0313052946554206	0.04748409159215573
0.055331142870861244	-0.03412204505825472	0.04648696094047264
0.05556254970032991	-0.03219880381451671	0.04874657289148287
0.05884820451196773	-0.03275994709400502	0.05287205606479464
0.0609296932398544	-0.031665150079703434	0.05731749265593428
0.06247628346100863	-0.032424147684079425	0.05534091981721781
0.060959775566001906	-0.03229899870417214	0.056926316760889224
0.05980730974251511	-0.030083275805040943	0.05364225123021398
0.059916363861434375	-0.030169607405113926	0.05127528233460439
0.060604109998932856	-0.029463614745271805	0.04682454168379381
0.06064274161997325	-0.030153001089789185	0.045787524733477095
0.05952625921021893	-0.029112835403856924	0.045546928697641695
0.05873409180407188	-0.025437676651487103	0.043811904168572655
0.05793880416379323	-0.015306542527164556	0.037814469871857756
0.05403687471129625	0.0012335683832616134	0.03436593028541457
0.03941653854554819	0.020995050896430542	0.022321496434292473
0.01959053330886416	0.03581251766768711	0.015594304995790523
0.00032282125232857973	0.036275742284560215	0.032377900601310454
-0.0011283653442494884	0.03803139639915513	0.03562371800667767
0.00409112666235412	0.04119804293895823	0.02572894683726356
0.012087181767293563	0.04368092747866095	0.012749258819417896
0.018305334340610414	0.04307922028293738	0.004642959047953416
0.02208954381239937	0.04241208454861314	0.00403677047221505
0.022855538972271532	0.04271112587588609	0.010275938283388297
0.026440325656290228	0.04073166220567631	0.009943570732101736
0.03812946772784727	0.028393914100387514	0.018923957895313728
0.0492294344996711	0.01433836906830376	0.024800658386392282
0.050754324803782266	0.0047309385755060895	0.023325618635748356
0.05138557753203985	0.0011411591408616308	0.024650324712231712
0.05190349064007009	-0.002158963956131801	0.030225917880728467
0.0528633872746792	-0.004229225867802413	0.03364511655805294
0.050224466328221126	-0.004758172808019578	0.033547498269413674
0.050252287499431406	-0.007138517014540406	0.03240411098097705
0.04690181091677437	-0.007613191663659252	0.028120731056968242
0.04568028732419812	-0.007372389353007029	0.025998278627053256
0.04379403214857871	-0.009405962116369996	0.031209259973016094
0.042557176085400765	-0.00891770222798663	0.039582343937937886
0.04153071729607119	-0.011532109388658283	0.046008716067340125
0.04097654464993188	-0.010606344781172564	0.04615033637380149
0.04405413454694143	-0.0126752995973435	0.04870211999822251
0.04218731725131214	-0.010796042203794362	0.05184473173462598
0.03530937185134168	-0.010965156693377916	0.05269499190491591
0.03329766823926494	-0.012560836938689571	0.05276059581684506
0.03428248452909022	-0.01769036030571842	0.052850035631271344
0.035838978414045514	-0.01857973611920598	0.048324364614025006
0.037689057119779754	-0.01999121596998621	0.04808728450730968
0.039213730410993644	-0.019049225023448805	0.0445742343950976
0.041400501857081946	-0.020345642684359705	0.044593960215760675
0.03956060355767027	-0.017497914807621417	0.04605183760681975
0.03900570363043272	-0.016563782357081707	0.04278387356508697
0.039982798192672656	-0.015117324369345994	0.04310963693721383
0.043636934612668564	-0.01599941562279144	0.043440291602599684
0.04848199290783895	-0.015376983979972983	0.04850325030877887
0.048668569490855546	-0.013684151012511463	0.04810985804698345
0.044182212557102106	-0.013181546469559671	0.04560202469297921
0.04203135866759987	-0.014605110261618311	0.045125981765859136
0.04430441524385489	-0.016211591957894497	0.04383107709419482
0.046593286542740385	-0.015669759574770837	0.04164536367727613
0.04490855953321118	-0.014460723828475497	0.04247668354740271
0.041719185433627785	-0.014687864752574558	0.04572162067412647
0.038063204341033774	-0.015076607419181778	0.04951842674877602
0.03678517962601833	-0.014896606571101246	0.04597609884728136
0.03547319524682575	-0.014218590672155394	0.04129384414076076
0.03568610861733704	-0.014066969170397035	0.0341945767440829
0.03634491025486417	-0.013523246110331687	0.03724716422912385
0.03894689927164117	-0.01280442100135212	0.039455021585447815
0.036733954820199144	-0.01305195096782026	0.04579278527214525
0.025669682973354938	-0.009286567579112276	0.04085967003683746
0.0197031485775501	-0.005823490793144419	0.03296239533687562
0.020825626407754302	0.0004679435221896777	0.025346823056282608
0.023490096557097984	0.009105641166875511	0.01758035078931896
0.02096901463418663	0.017856775944167624	0.01774655945168256
0.01099772802447833	0.022491645436517643	0.01941321409546701
-0.00817332808668877	0.02101120638382197	0.02060017375837031
-0.008830536304824178	0.019436235073303342	0.020082474521914057
0.0005241440810772712	0.018513694709832787	0.012783792019431537
0.005012635056834996	0.022696213038708835	0.008073052445277578
0.0019125312113935779	0.024457990168948715	0.015061388114680503
-0.01039725146099067	0.021933087351320994	0.020034341019080984
-0.02649926650717686	0.0018874235506678959	0.019530542175402666
-0.029071861587207412	-0.010205498495745572	0.007882422026201045
-0.026233659115233995	-0.013728156063483396	0.0009919803932938072
-0.022074694588086464	-0.012433636077340625	-2.563085614263466e-05
-0.01776004863864607	-0.009904177486036255	0.000561121701965716
-0.018635748975169886	-0.008288668102246282	0.0037963782819543587
-0.023175903554530627	-0.011844012250073213	-0.0047393422536729755
-0.027781350780597125	-0.017038690580256047	-0.007369018459562716
-0.02993716056903136	-0.022060196728218427	-0.012644626654387103
-0.02961619703686989	-0.02166080158814918	-0.011905532457240103
-0.02608761277077054	-0.021137242322720875	-0.010857187838301667
-0.025649561604394064	-0.02175090659041236	-0.0142580881949855
-0.024136123003884548	-0.021609468809428614	-0.019606651642665555
-0.0256731324654059	-0.01931736048202608	-0.018184106783142185
-0.022554355262337036	-0.017774361977719474	-0.016636099401477852
-0.023110775859505037	-0.018434297262146678	-0.017824553188923713
-0.021331858394652074	-0.018102907151989617	-0.020329663693047492
-0.02111762477614551	-0.014737849343378488	-0.014935165259311132
-0.019250701230588974	-0.011588007758137375	-0.00989644753832722
-0.020226850251363022	-0.012921244591719547	-0.009922949215402056
-0.02204501461733024	-0.01743740324170581	-0.013859650560350134
-0.025248431328633945	-0.020151706493867168	-0.015605578605983658
-0.02755197778768049	-0.02031856837875356	-0.01554186341012562
-0.02869127238638978	-0.019813572000628398	-0.01266616915335117
-0.026929172931238428	-0.02163604832945299	-0.012112997427745534
-0.024754872638114656	-0.023741458547272293	-0.018436591020085838
-0.023085178870367377	-0.025918717184848675	-0.02519151689647
-0.023580213294933892	-0.027076899911224857	-0.027407377702681264
-0.024197847264798476	-0.024207048632529718	-0.01874905129265403
-0.02705688757929565	-0.02276189776842068	-0.01290477605238062
-0.027299842590524512	-0.021123690456763704	-0.010113463286824814
-0.029424325736186762	-0.021400428011497705	-0.013043807139727352
-0.030263912495673506	-0.02300631234609528	-0.015105848547474576
-0.03441788210118784	-0.023750446460634195	-0.013784123362747466
-0.0319829184887784	-0.020914906987619754	-0.01602980014953742
-0.02749537447992389	-0.017925175334324788	-0.010151996477833315
-0.022936289326259497	-0.015286656964121674	-0.007951277346887359
-0.02420959088205904	-0.015775071912008155	-0.007103450710550553
-0.022672597011403128	-0.013539510125357342	-0.006557646317032019
-0.024248407492354258	-0.013190117798820055	-0.007922029899605169
-0.02801785140333042	-0.013797566543395857	-0.007992788728570607
-0.03182156712951164	-0.015092947772407009	-0.007454463558196525
-0.033208866129178	-0.015502949756976048	-0.008258404206524354
-0.03386539741553504	-0.018370978891110223	-0.00968070566149079
-0.030853791842531307	-0.01832342136481375	-0.010608074555543415
-0.029292741934531602	-0.01686585687561544	-0.00878127391056329
-0.028940663495955345	-0.012676316461742719	-0.002435646520834802
-0.029998243753974117	-0.011322054428633252	0.0035302466289564884
-0.030100674579674275	-0.010502536139803944	0.009946398950640624
-0.029447028550717784	-0.010167691718909687	0.00906447041533667
-0.029589890615884795	-0.007857398186428319	0.013416550629540155
-0.026602466471642685	-0.004964013797479631	0.010572027103105796
-0.024408101662083098	-0.0016729876511591833	0.014407039297331833
-0.021552062889352953	5.117518397332181e-05	0.014759311995129767
-0.02093238582706054	0.0021100065355643136	0.01946276396735479
-0.018845555544316214	0.00465548495428843	0.02488142888977961
-0.01703627451710309	0.007007560817797144	0.030208294057180823
-0.014493769751507837	0.006829740448590123	0.03013135299753606
-0.011004689989321192	0.007947533489720712	0.028138910440027705
nan	nan	nan
-0.009732182786850393	0.007982355831894201	0.02577496624353978
-0.00834924149605804	0.012781466047286387	0.016339285912240525
nan	nan	nan
nan	nan	nan
nan	nan	nan
nan	nan	nan
nan	nan	nan
nan	nan	nan
nan	nan	nan
nan	nan	nan
nan	nan	nan
nan	nan	nan
nan	nan	nan
nan	nan	nan
nan	nan	nan
nan	nan	nan
-0.0021907647967803726	0.01992149863021515	-0.003030426599149592
-0.001015444086656551	0.021543862034704594	0.0012010299029671348
nan	nan	nan
nan	nan	nan
nan	nan	nan
nan	nan	nan
nan	nan	nan
nan	nan	nan
nan	nan	nan
nan	nan	nan
nan	nan	nan
nan	nan	nan
nan	nan	nan
nan	nan	nan
nan	nan	nan
nan	nan	nan
nan	nan	nan
nan	nan	nan
nan	nan	nan
nan	nan	nan
nan	nan	nan
nan	nan	nan
nan	nan	nan
nan	nan	nan
nan	nan	nan
nan	nan	nan
nan	nan	nan
nan	nan	nan
-0.0028750911411567085	0.01575881331066229	0.026873870043185172
-0.003262163981281331	0.009947949441270955	0.037852203013392136
-0.0032690709852920287	0.007345931400685215	0.0299161337180834
-0.004142032105562842	0.007580902750473447	0.026847546043557404
-0.002003097882245852	0.007509226999014677	0.02135942537269236
nan	nan	nan
0.0017257639350121458	0.008591206474584742	0.01843250252300673
0.005246256840084133	0.009520079022798927	0.01719586841043721
0.003578980494595558	0.010116442815035284	0.024366943120576405
nan	nan	nan
0.004644159966884452	0.006843220151444944	0.018848209007273856
nan	nan	nan
nan	nan	nan
0.009184765330732144	0.005330366450344775	0.011888315546580163
0.008438927162411451	0.005326218588802371	0.010069227690911222
nan	nan	nan
nan	nan	nan
nan	nan	nan
nan	nan	nan
nan	nan	nan
nan	nan	nan
nan	nan	nan
nan	nan	nan
nan	nan	nan
nan	nan	nan
nan	nan	nan
nan	nan	nan
nan	nan	nan
nan	nan	nan
nan	nan	nan
nan	nan	nan
nan	nan	nan
nan	nan	nan
nan	nan	nan
nan	nan	nan
nan	nan	nan
nan	nan	nan
-0.0002624019045985604	0.007635972571048943	0.02476552481300402
-0.0018549853352300932	0.0073940639918678	0.03115626932331065
nan	nan	nan
nan	nan	nan
nan	nan	nan
nan	nan	nan
nan	nan	nan
nan	nan	nan
nan	nan	nan
nan	nan	nan
nan	nan	nan
nan	nan	nan
nan	nan	nan
nan	nan	nan
nan	nan	nan
nan	nan	nan
nan	nan	nan
nan	nan	nan
nan	nan	nan
nan	nan	nan
nan	nan	nan
nan	nan	nan
nan	nan	nan
nan	nan	nan
nan	nan	nan
nan	nan	nan
nan	nan	nan
nan	nan	nan
nan	nan	nan
nan	nan	nan
nan	nan	nan
nan	nan	nan
nan	nan	nan
nan	nan	nan
nan	nan	nan
nan	nan	nan
nan	nan	nan
nan	nan	nan
nan	nan	nan
nan	nan	nan
nan	nan	nan
nan	nan	nan
nan	nan	nan
nan	nan	nan
nan	nan	nan
nan	nan	nan
nan	nan	nan
nan	nan	nan
nan	nan	nan
nan	nan	nan
nan	nan	nan
nan	nan	nan
nan	nan	nan
nan	nan	nan
nan	nan	nan
nan	nan	nan
nan	nan	nan
nan	nan	nan
nan	nan	nan
nan	nan	nan
nan	nan	nan
nan	nan	nan
nan	nan	nan
nan	nan	nan
nan	nan	nan
nan	nan	nan
nan	nan	nan
nan	nan	nan
nan	nan	nan
nan	nan	nan
nan	nan	nan
nan	nan	nan
nan	nan	nan
nan	nan	nan
nan	nan	nan
nan	nan	nan
nan	nan	nan
nan	nan	nan
nan	nan	nan
nan	nan	nan
nan	nan	nan
nan	nan	nan
nan	nan	nan
nan	nan	nan
nan	nan	nan
nan	nan	nan
nan	nan	nan
nan	nan	nan
nan	nan	nan
nan	nan	nan
nan	nan	nan
nan	nan	nan
nan	nan	nan
nan	nan	nan
nan	nan	nan
nan	nan	nan
nan	nan	nan
nan	nan	nan
nan	nan	nan
nan	nan	nan
nan	nan	nan
nan	nan	nan
nan	nan	nan
nan	nan	nan
nan	nan	nan
nan	nan	nan
nan	nan	nan
nan	nan	nan
nan	nan	nan
nan	nan	nan
nan	nan	nan
nan	nan	nan
nan	nan	nan
nan	nan	nan
nan	nan	nan
nan	nan	nan
nan	nan	nan
nan	nan	nan
nan	nan	nan
nan	nan	nan
nan	nan	nan
nan	nan	nan
nan	nan	nan
nan	nan	nan
nan	nan	nan
nan	nan	nan
nan	nan	nan
nan	nan	nan
nan	nan	nan
nan	nan	nan
nan	nan	nan
nan	nan	nan
nan	nan	nan
nan	nan	nan
nan	nan	nan
nan	nan	nan
nan	nan	nan
nan	nan	nan
nan	nan	nan
nan	nan	nan
nan	nan	nan
nan	nan	nan
nan	nan	nan
nan	nan	nan
nan	nan	nan
nan	nan	nan
nan	nan	nan
nan	nan	nan
nan	nan	nan
nan	nan	nan
nan	nan	nan
nan	nan	nan
nan	nan	nan
nan	nan	nan
nan	nan	nan
nan	nan	nan
nan	nan	nan
nan	nan	nan
nan	nan	nan
nan	nan	nan
nan	nan	nan
nan	nan	nan
nan	nan	nan
nan	nan	nan
nan	nan	nan
nan	nan	nan
nan	nan	nan
nan	nan	nan
nan	nan	nan
nan	nan	nan
nan	nan	nan
nan	nan	nan
nan	nan	nan
nan	nan	nan
nan	nan	nan
nan	nan	nan
nan	nan	nan
nan	nan	nan
nan	nan	nan
nan	nan	nan
nan	nan	nan
nan	nan	nan
nan	nan	nan
nan	nan	nan
nan	nan	nan
nan	nan	nan
nan	nan	nan
nan	nan	nan
nan	nan	nan
nan	nan	nan
nan	nan	nan
-0.002542213662813725	0.01259340227311347	0.03587989112351992
nan	nan	nan
-0.005322558562738916	0.017504456873740182	0.037551098860497956
-0.005239906032379282	0.02302201729238797	0.04318157546755436
nan	nan	nan
0.008451184009627341	0.02402849502377292	0.04114980985824702
0.007697490300342061	0.021730326569431364	0.042364805554912476
nan	nan	nan
nan	nan	nan
nan	nan	nan
nan	nan	nan
0.014643283100199406	0.014243112790438873	0.03742488486932146
nan	nan	nan
nan	nan	nan
nan	nan	nan
nan	nan	nan
nan	nan	nan
nan	nan	nan
nan	nan	nan
0.013613193360703301	0.011089815731263655	0.02932122086733939
0.01707662573252688	0.013120740256026374	0.02201134445785695
0.01302444638892281	0.017578739171979493	0.03619386051694683
0.009657345647034632	0.022426306384613067	0.036975119505111426
nan	nan	nan
0.005419419199376668	0.027345637910532437	0.03401735821055973
0.003005792649748886	0.024089724510013927	0.02895303722020839
nan	nan	nan
nan	nan	nan
-0.002918534486348004	0.01361417050334905	0.04589872456448646
-0.003471005617858837	0.007411683248006362	0.046821798326074034
nan	nan	nan
nan	nan	nan
-0.0017410774077435624	0.009469327113513419	0.04773274511042076
nan	nan	nan
nan	nan	nan
nan	nan	nan
0.0011368195292595761	0.012789751576264937	0.03450280989453727
nan	nan	nan
nan	nan	nan
nan	nan	nan
nan	nan	nan
nan	nan	nan
nan	nan	nan
nan	nan	nan
nan	nan	nan
nan	nan	nan
nan	nan	nan
0.006297655544172827	0.023046501173661634	0.027334702695261587
0.017011680245469108	0.05493691740010543	0.0010111726964286485
0.02310039133680422	0.06360963314787924	-0.0017980231272380666
0.023490549748103773	0.06611700412128553	-0.008639418269650676
0.023721648652505145	0.0652398006564116	-0.010522142024848045
0.023256151952380663	0.06771226505086167	-0.011729235568421228
0.018315128817128795	0.06448230010270144	0.0011593529485094296
-0.003311248930536296	0.04771138041973838	0.025282608580843604
-0.015098646278522839	0.044609065208768915	0.033135145195350976
-0.013779172370467468	0.047862049719609986	0.029278740179246112
0.004963970957837879	0.06174028350265831	0.019240636873815012
0.011570630814408739	0.06011634788899394	0.0025413342193530263
0.013528397792612749	0.05916499296855126	0.0009183865220341817
0.009663044828013832	0.057479971902813974	0.005911164150832584
0.002079396623911256	0.057144554148881914	0.012644715370948544
-0.004717413901364381	0.05395536777994908	0.022780999164570107
-0.003352382820841635	0.05561561648477047	0.017760079407596684
-0.0015607617937812564	0.05836201376643557	0.013843116538896132
-0.0006045786087471697	0.05983686429691954	0.014964318203857024
-0.005524914759307067	0.05587501053002524	0.029988250291211258
-0.022076353769940098	0.04291520916165796	0.03777090051772386
-0.02165242067367953	0.039293561602834315	0.028938791443057877
-0.004900974899942565	0.04544366170927732	0.016272127563103273
0.01544878579324302	0.053580702712253334	-0.006529211467734905
0.023264222948284074	0.05847520079786501	-0.020586420771520442
0.027808104095651244	0.05635126169420352	-0.029211130546372886
0.0325758540728193	0.06211289171590535	-0.02879484537443288
0.037183135284003015	0.06060216415927174	-0.02826908307114019
0.037763068023452036	0.05984882650545737	-0.025771830671667523
0.03779961882159609	0.05991504644600848	-0.025922986247792545
0.03698588033836611	0.062093835792579086	-0.028617306218795657
0.03358016456480717	0.06222197425382983	-0.025538236441689094
0.024136446685515775	0.05906980475549811	-0.009534602859816065
0.005599940044529967	0.05612007323941163	0.003551389452725432
-0.004559834813624428	0.05142493321242349	0.017717328633298536
-0.013154562156676953	0.04310880949354512	0.029915190953203382
-0.020218898476559315	0.0368533522747641	0.03388199483343349
-0.026099363892357147	0.03012020152007222	0.036008289386316096
-0.026256207902350823	0.024211140077301577	0.03920149341003737
-0.028447635127592817	0.016378683722562144	0.03457699617003712
-0.0294373828072668	0.017207700350861804	0.036211497543042426
-0.03281560404867033	0.014860734797547117	0.03882001101831649
-0.03049248485546033	0.01997873739131349	0.03994082388045925
-0.015146882125141556	0.02829814620917277	0.05190641147516838
-0.005929034330880732	0.04303140519829944	0.032399158369352005
0.0020826200101887516	0.05458939419606829	0.01870582715414613
0.007490779226646349	0.05779504525185401	0.011576283078019351
0.004893059316832316	0.05546033382615959	0.021097712516641234
0.007885546620697634	0.05558631874279846	0.014401582157484797
0.021752084493506872	0.058878165963578956	-0.014157029237257684
0.031314240109536165	0.06055407577347741	-0.028736785507884242
0.035587379421812816	0.06192064506582809	-0.03281657365983053
0.03570340500518048	0.06230104231619074	-0.026553708539478145
0.03615075482818578	0.05717508907033395	-0.026233634457674626
0.03715066218781192	0.048290264162595666	-0.016471549094537408
0.04180018284338123	0.0403475923149032	-0.019809657505662284
0.04877003072064657	0.03111327709481051	-0.010070805251993595
0.050367635761398966	0.029657739735447258	-0.010416736362105404
0.04952156664288386	0.02602594775829641	-0.004389663071648994
0.04840400092482352	0.0317369532843972	-0.004887038616133529
0.04949391439761289	0.037289176953056974	-0.010397116698243572
0.04718728477499775	0.05099440391096371	-0.01847619122218669
0.03827013653784545	0.0621142273520695	-0.03096049459819409
0.030285383850928382	0.06413234685879836	-0.028341803881489904
0.020918693775793123	0.059176772912659416	-0.013244159957673234
0.0016359215891436597	0.04946568322227562	0.01086848025598049
-0.01369720040627171	0.0452050912463116	0.023218475285000366
-0.013735292663376072	0.046855327283838503	0.0241836118299428
0.0006601072291887555	0.054603531248369086	0.012558985071878977
0.018975805438901705	0.05473706081821971	-0.014051628647242055
0.026679186587477983	0.05352250181904666	-0.024434348579179557
0.033866257490863375	0.05205311661218355	-0.023686519392655196
0.03231251916965525	0.05420233625270332	-0.030851790006289292
0.034719462019849136	0.055780780346936176	-0.02595861365250677
0.03028285022166351	0.058131806400124185	-0.020549666684088246
0.022309888998045917	0.06058788627880398	0.0010979052266325388
-0.0018681354940343806	0.05846808705244124	0.015575520388471542
-0.004406020333712688	0.05946347140981106	0.02440442470518041
0.003265295805141017	0.06063957989433906	0.007396809591066725
0.0030227120390588723	0.05884716280575901	0.010781752863047205
-0.0017499590181754344	0.05104943841152715	0.022203522477346062
-0.004624476935374292	0.048564290928344744	0.026354040943389168
-0.0011021789182530614	0.05084672230684487	0.018763793016629164
0.004835166470203961	0.05617877922530079	0.0065028396906645705
0.007746187275103413	0.054023103170902045	0.0007354614477353477
0.010202672035171214	0.05258812884258863	-0.0009433500048871973
0.009026994423200726	0.04579964431274575	0.00360243672740786
0.010269959643407258	0.05254976788438717	0.006220852711178994
0.0012756190443876892	0.04553247539156482	0.027007535907483133
-0.011171431119416984	0.0502416851587776	0.030373997187364377
-0.01173972848983937	0.050606128030361755	0.03241047701308402
0.00279859354532706	0.05586376408258011	0.010973876824263646
0.011902670818134045	0.0536442255846703	-0.006520775801714293
0.01122521132852502	0.05365892914447024	-0.0041004719821215035
-0.0008142063258722413	0.052367397734068497	0.01535411105145364
-0.014322407218063856	0.04933766449019276	0.02672979510320963
-0.014880099254108055	0.0448151325111258	0.023355011902057632
-0.006368203908260733	0.04878631325836543	0.01972033861898883
-0.004370083085652802	0.052228312674276633	0.01664635280832893
-0.0030861511808564874	0.05411122367174127	0.021715441998932238
-0.002097728365699702	0.052622995516874896	0.015565139469205522
0.026796664601731166	0.05622635850055917	0.00498003233698651
0.037526266523719896	0.050949132132941256	-0.004922161308057053
0.044204878711501264	0.035687070018356117	-0.007016349465940985
0.054499995301683216	0.014199155971432896	0.014744985556520929
0.05785633319458472	-0.0016805114614319584	0.024727688281865105
0.059107332898043284	-0.011581361248876279	0.03138829688213776
0.05994904125646366	-0.01575499989347754	0.030718577285164656
0.05961230314768191	-0.015143298285234382	0.025243272838118107
0.05856743142586809	-0.014828020069653742	0.02346617504811832
0.05792100307297033	-0.015876334853838225	0.025212776785662576
0.05779098937948555	-0.01763112223069761	0.028178198993657595
0.059695357118777326	-0.018508608589535548	0.029803263873961695
0.05918122014695582	-0.017870058828475838	0.029682148993399365
0.06081964402498144	-0.017935562293562184	0.03212560656444799
0.05963785230723646	-0.016857049240809614	0.03188094148584799
0.05963296938501147	-0.018047719110762833	0.03218749993754541
0.05907195924687536	-0.018449907715699133	0.03334994138876106
0.058274468822558295	-0.018777414697590134	0.030552017191824727
0.06015560697485243	-0.02074299743687448	0.03128101581065869
0.060932153947247374	-0.02135181377137967	0.030911922987655188
0.0631645687268586	-0.022152615077108313	0.0326792448057637
0.06201188709754998	-0.023038341357799075	0.03161959504005303
0.06166522437980751	-0.02115146186221845	0.0307220148887138
0.05978247995046791	-0.02135231192731443	0.028768650582133695
0.060012813801376436	-0.015490453612426347	0.028979816453105715
0.05795388842538382	-0.012685142569528898	0.02808964337574185
0.0572205440376249	-0.006468024322730393	0.022138113782438372
0.053790604192046246	0.0022438351282319364	0.021241453676599006
0.046853870562513264	0.01630538012161984	0.017855274053721937
0.036376366580054	0.031122186772202572	0.01762478817728849
0.02555467981160169	0.03859528378207913	0.024773331543234644
0.007379927190141216	0.04423865851828727	0.019404832653062927
-0.0027198613718134096	0.043453887729133084	0.030123635464261406
-0.0025648236858810823	0.04382179325461742	0.03079390748617927
0.0073988076959286	0.04536979470720284	0.0251602378928069
0.02242728128864731	0.0419926491037542	0.01617918168744962
0.036892161009331306	0.03665564427877412	0.0137331045224236
0.04583257786702208	0.027467435023500523	0.007658032283955021
0.05667106225512017	0.006507247334131131	0.019836861709193923
0.059099038453032715	-0.003920540357479844	0.023325053589615466
0.058982576555339714	-0.008032933627232324	0.02690401484297305
0.05934049077574291	-0.0069718222651632255	0.025586953893886634
0.05974807635104772	-0.005665102082429998	0.024030700873618666
0.05901657681295726	-0.001912227763943742	0.022579561010181076
0.05751321462922424	0.0036066948875658126	0.017381968506205894
0.05364167782813697	0.011800937425150716	0.009399010832433802
0.048807191861573944	0.02577522051808532	-0.0060984627220751556
0.043332654289272445	0.03771212505671731	-0.0012364334653308384
0.03132719732810935	0.050716285819268056	-0.012718915759032001
0.02540847678997421	0.05405478127363267	-0.010887973114208058
0.020637559822756432	0.058610687411561065	-0.003504083840245052
0.01143865804427418	0.05976014607674601	0.013948551510765617
-0.012601836071927648	0.05403282778486785	0.03362220315205655
-0.018603658113668844	0.04268621846068011	0.036789439500491815
-0.021591062085376676	0.03482101401366822	0.03396860019662885
-0.016759356946021518	0.03572940436444335	0.023191506049048047
-0.0049744586634852045	0.04725713103841766	0.026663047122168337
-0.00037888983112288355	0.05189102427744446	0.021034472994994276
0.0021613508948641305	0.05382691423129076	0.01992889931192848
0.005115983757094997	0.05014568940975349	0.012386430547008926
0.013396652322890201	0.04904753260683622	-0.002284078402398731
0.0210337301457832	0.047885012453610466	-0.015119252068849547
0.025482473543150325	0.05621887932630171	-0.022534106221967835
0.026088061531886243	0.05802047242564858	-0.022059683108386675
0.025512180616004573	0.05878683163664125	-0.022231313632637143
0.022318074479047618	0.049289873869028215	-0.02177679147963124
0.02200119710020596	0.04909287915070884	-0.020709002400321797
0.01924765647151612	0.049993802627688703	-0.020359413192483935
0.02249024781551164	0.05115788228958362	-0.01692315971769793
0.01912608005647757	0.05471980107396963	-0.017066464691629875
0.01600937434281774	0.052709505784587954	-0.009040890659732747
0.0003477944594091392	0.05142393890485106	7.611959120171625e-05
-0.00823858701856598	0.04603458300848247	0.021457176083836554
-0.01614602256023707	0.03980500225450288	0.04104401848297973
-0.02381062488830233	0.03288412792103114	0.049968703810716296
-0.031067388408104638	0.027147858518995423	0.05055181840193759
-0.03235478146309306	0.02189277168182691	0.04796046830382782
-0.033176642591528485	0.023554257210366965	0.049935631490167234
-0.029305858993547262	0.03192069024938394	0.05264661356330472
-0.022618256258257315	0.04317836596381358	0.04095974263752905
0.002019505601189569	0.04978683184030073	0.02075246179973132
0.013632740108077008	0.05393017883112204	-0.0023205279232521147
0.01570178860377708	0.058945107718223345	-0.0040426413616085205
0.01691685704998373	0.057299819780793036	-0.008002002343512688
0.015565336052442353	0.0572647955902817	-0.00882673731608276
0.018140560576320026	0.05513056860044747	-0.008833578004002841
0.01862143448561515	0.053726754905581715	-0.008682889691564586
0.019729847528251205	0.052752406514858206	-0.00788012658130624
0.01975709101488525	0.050552810365282363	-0.013428504525548446
0.01688579808503212	0.053127385419149555	-0.006943852846516656
0.013679599921808935	0.052341364772215945	0.0013786019475901697
0.008957713189256587	0.05181604120526238	0.012563621056923005
0.0025052019732318127	0.04599563488303872	0.017548120425769177
-0.004242051726032451	0.04197729409207838	0.02273510282494848
-0.010159064698309702	0.03654909702861356	0.02927277846245467
-0.008907051392762967	0.03347676268792496	0.03437036607766341
-0.009045153192961841	0.0329198151124249	0.02460370148947634
-0.007486913414232455	0.03475395179453615	0.01948938860042935
-0.011086609471100154	0.03439269305852075	0.024938803303920294
-0.020260159793718126	0.029715284843558676	0.05240396284470335
-0.021584945329803942	0.02390732993608948	0.05209406284050838
-0.015197306859593218	0.027597043867367665	0.034983936650855606
0.005558910428970395	0.04799607094504766	0.018411081378914895
0.012846239500973886	0.054567315569760785	0.007263732888229704
0.013860460946502371	0.04927088675330427	-0.00043923939824928523
0.011209934716736546	0.04196916598297287	-0.005446399564244888
0.006776289186224941	0.04449503198590414	0.0004965721219574179
0.0033535126951808034	0.042861547915163146	0.00781802036770746
-0.002475075471818786	0.04266281717759573	0.02318672980138636
-0.014421351781160262	0.03081203573344411	0.018970196518394745
-0.016324898682929887	0.03133603696490771	0.030255742373125432
-0.008963401725144038	0.034283470969311655	0.02047384588449487
-0.0011841250595482184	0.04003515312773654	0.0054057974514128354
0.003962796184368504	0.03978667733574725	-0.007554377308127689
0.0056760628449427685	0.0359772987412656	-0.005531818738813901
0.007008752145320221	0.03037756407448113	-0.008458062696695063
0.009936749394440421	0.03043654362108409	-0.015381273070978663
0.014497798304292098	0.04277801195515821	-0.023185300986604304
0.01819213223916715	0.046661886050264126	-0.02567640216399575
0.021771286874642776	0.04617440821729001	-0.018628900997615792
0.026786501392945933	0.04155426660531934	-0.01998882335174677
0.02755675511312667	0.04625877684561791	-0.022873233011240366
0.029687639685412468	0.04920765256586011	-0.02344177201476426
0.027816395903328628	0.055273710882289634	-0.018247971386915102
0.024119281001638605	0.05685849072179873	-0.010401801109979288
0.016007126120273225	0.04942123742527318	0.00208558426426691
0.001009951993221757	0.04256814721541928	0.011805938716460147
-0.011871206228236224	0.03738335099521512	0.023564216387496666
-0.02045239866567202	0.03210064277201931	0.04147274052942469
-0.02544212437410087	0.02626224769671259	0.04910692332543888
-0.02662628643750164	0.02693217034473212	0.05917797591514504
-0.022023186691087805	0.03293211151778043	0.05071520715059438
-0.0033100798453114468	0.042130993547391055	0.0452678477912295
-2.4466797282499595e-05	0.042792271276751115	0.028912524528170773
-0.00580414347803836	0.03806262616176593	0.0312373544630263
-0.01677110860557002	0.026522831205065402	0.03667354382740186
-0.02150953596781084	0.01881463443753214	0.039553575350022394
-0.024354964991016505	0.009891977817854274	0.03952152324052445
-0.026399028109140674	0.0010198574688062038	0.0340938346019959
-0.03147974366977083	-0.004973281799052148	0.032305546266997366
-0.03143439749966444	-0.0008144078142216097	0.03310798653833142
-0.034526811568176	0.0023468785808626012	0.040990633948316646
-0.0334055513870493	0.006281704179399246	0.04706558747697407
-0.03365146610550612	0.0024935465647860392	0.04330908322129839
-0.03476961153708394	-0.0024416934714537857	0.040564207019029346
-0.03561128973525038	-0.006623725153520519	0.03541713678184658
-0.03529499178793803	-0.005214405958276288	0.03789578138289517
-0.03344519359584727	-0.005246500377990103	0.03999576262474038
-0.031097874403319282	-0.006714418905669866	0.038769041750588616
-0.029982623367648998	-0.008392534262692332	0.03207177107378406
-0.03076540313953579	-0.006418912205464633	0.03229724056994154
-0.035072073601126755	-0.003731227279472036	0.03849004436699373
-0.03411245377149675	-0.00010950114500276774	0.048305582538244504
-0.023879136013180167	0.0010274187916869295	0.047914110530429474
-0.015244623602478378	0.007491835843120869	0.03308258455086041
-0.010424702564922896	0.013105511392423254	0.029372596456269693
-0.011317824273261327	0.013193272187542838	0.03132155689767231
-0.020206200981016404	0.009364344735403467	0.04440431962397086
-0.028976405878985447	0.004770099714308287	0.04976825183518244
-0.029539445090083143	0.0038537704121858465	0.0526085673265268
-0.02605283831156118	-0.0013650579256384357	0.03563538356775014
-0.025791943377718417	-0.0008693953494013576	0.03418070733361239
-0.029158254877955845	0.000744313892098356	0.034220387890253536
-0.03131451179854718	0.002912315650269616	0.042760135422494266
-0.034239906145784156	-0.001493988638085523	0.0447354931723554
-0.04000758034267725	-0.005070254040924629	0.05083759512612641
-0.04218503350167817	-0.007162164990257649	0.05384535992387058
-0.037308319364866754	-0.002214538367461007	0.04712428576032326
-0.03394326325734574	0.004001691834391187	0.04446328335130072
-0.029469095209620124	0.007891780696549349	0.04216598475905384
-0.027977031029830922	0.009797259484407784	0.048844716534848134
-0.02780438302413783	0.006917687693212512	0.044582079635935024
-0.026879705279361312	0.00708151391691607	0.040567400925721184
-0.025027398031431863	0.01207742523872778	0.04202279636019403
-0.02203005709748437	0.013333385685526809	0.04190732220392165
-0.0245039346254837	0.011348229744792023	0.04987541796710694
-0.028694718224475342	0.00993437633666884	0.05251411827176536
-0.029745064433999217	0.011106140406088474	0.05630075663637485
-0.02492741608573144	0.015296230098996704	0.05120869039483992
-0.024705471751564956	0.012534310849757039	0.041893397689870895
-0.027082075110647384	0.006746499143014521	0.04060967120587132
-0.03160594081558168	0.0012370991421255283	0.04452010314336548
-0.03246578785837351	-0.0009880399667168854	0.05480164807042729
-0.02647819812368786	0.002036194125139727	0.039218487953103266
-0.006457900121765689	-0.003057276735521377	0.06198606550062205
-0.005836642052361379	-0.0038561522898446035	0.05570349771419167
-0.02353665587205435	-0.0021456372163809684	0.039360538520203436
-0.025811841339810217	-0.002107760111005688	0.04323961724765453
-0.022705950931616804	-0.00103473480316921	0.041863355696030155
-0.015623474024004907	0.0004464872958951546	0.039213952645206857
-0.0166614702487979	0.0007500963079471811	0.04423201215761061
-0.02885205371307309	0.0031021654034632373	0.03205840414742578
-0.0334970131667917	0.0020462372763349443	0.041464070151891616
-0.03546557960299005	0.0009503905148225366	0.040565282924600744
-0.03429957746756471	0.0019295873657512795	0.04104202370668165
-0.03470761314551446	0.0008870010785729825	0.0420697786909182
-0.034634435497783174	0.00040144975759635735	0.04314862766571554
-0.034925814593141556	0.0005588488778682284	0.04461298170985219
-0.03514992659517869	0.005773774633639495	0.05051677052293144
-0.03201053835840736	0.011761969422829168	0.048044256726062294
-0.026802571110688737	0.016560605281454595	0.036426477323206904
-0.014614020886122828	0.01999884040680045	0.04096340410825477
-0.01051146333591308	0.02789739384884617	0.034013797353778026
-0.012045790027371415	0.030123678369344948	0.03526924540645392
-0.015957824803191665	0.0268319831607418	0.035921107393054236
-0.019196663483067138	0.026419660467895074	0.03875065149425845
-0.018287699216522867	0.03070386125406474	0.040142387043017466
-0.015051855403202846	0.032760556633871604	0.04027759468972664
-0.016328112250359975	0.028999613729533302	0.03688453267209715
-0.015583678813504169	0.028983215005894767	0.03243022124664807
-0.010721301944616698	0.03252514237306783	0.03217908232546807
-0.0035966741623194667	0.039754998650073	0.02151714621310778
0.0017506500629078728	0.04304334076728192	0.010316750239372362
0.0038196052521453716	0.04773659418622209	0.016096648445306436
0.002704932504889953	0.046669389226739334	0.020659633691470877
-0.0032706984986519546	0.046147703345654836	0.03810564334981097
-0.013308718683075855	0.041409421889623786	0.03164351779418729
-0.019488738997977557	0.03700058564931593	0.041185437393358594
-0.018822439484175432	0.03569322751849006	0.03504196149637323
-0.021762234601462736	0.034953970563302204	0.03883358722190716
-0.02202076374120234	0.0328523189340403	0.041050128844667425
-0.022356485213516013	0.033849441436212734	0.044874480066458985
-0.014790505199463382	0.04138689724055827	0.03290894547023029
0.0031101454997561158	0.057565355337679563	0.002221988276927704
0.016522255176826886	0.06217356862856905	-0.016918172248573286
0.023091202386723252	0.058781318452655	-0.034277749418557914
0.025433220055244208	0.057427344275415126	-0.03460401648240215
0.02445200590614583	0.05530078696194652	-0.03310643464035813
0.025262410621367706	0.05454052187779998	-0.03183747548881356
0.024450159648491326	0.05434071633346887	-0.03783417963859327
0.02042124011068731	0.060300477018214366	-0.02277811817948986
0.0038524316989985074	0.06325586786275049	0.0028140431656798453
0.002343478428981316	0.06348561983620678	0.007857286764976615
0.00993489629018979	0.06092850358026393	-0.009397136287280183
0.025269069440143288	0.056045697408521104	-0.015578356833095483
0.03311236709126268	0.05074284472104088	-0.022272044194204005
0.0400223541190952	0.03621502345261304	-0.013839702168155166
0.046887769050030385	0.01656962398298893	-0.0024191175797877856
0.04981509364853573	0.005966472916075536	0.0062011927885214715
0.05292544864664001	-0.0012393090842225864	0.013437347229354371
0.051488010054922546	-0.0018047964625576372	0.011063462245673276
0.05369367497980485	-0.006917727320010431	0.012182370430403204
0.055293712524831715	-0.007791105632555937	0.010337696649408881
0.05591053158631073	-0.009870003197727172	0.011477138667231275
0.055756023638327996	-0.011724590127063887	0.014380349007466015
0.05387740009753636	-0.013237368896058335	0.016752444165217317
0.055828140322313945	-0.014214509811239106	0.01737027975113444
0.05505851335120234	-0.013133977293560783	0.017977191917785976
0.05529593194161482	-0.010966938786438523	0.016265651810011723
0.055066969298936515	-0.011810436358952	0.015364274361516425
0.05214626036533993	-0.01133631173005214	0.015237758300610041
0.05327736417077981	-0.014822010176864573	0.020480526362987292
0.0525946623852092	-0.01390487331790874	0.0198309393838242
0.053618458450800474	-0.011193353663029475	0.018606829426539344
0.053306600905245236	-0.0052086293204789465	0.013563975920874924
0.05039988080363794	0.004392728705383233	0.003764191976513176
0.04783011249876768	0.017067353797862228	-0.008169133458408383
0.03473223825802791	0.03692277419240275	-0.016110365706327692
0.02353487529496156	0.05027314193583395	-0.022210809998517007
0.02125475323038908	0.05081084864735941	-0.02202723964013698
0.026446426874270543	0.04774821829327448	-0.031958544164810185
0.029907332235821406	0.04616915794129828	-0.025890995016599593
0.02978460729372734	0.05040845882927256	-0.016470158312339535
0.027481427548950346	0.05503109269035572	-0.020770920600507517
0.0207387931614962	0.06064822694791565	-0.007761595877814099
0.007610349279319221	0.05892450484036107	-0.0018128614339426386
0.00013709799796985918	0.05304528211362892	0.015412293838703735
-0.00497337820904131	0.04620468788008156	0.022668300366715265
-0.007762026987787147	0.0406873656679374	0.025831562418433575
-0.009983969616427711	0.03944531300716973	0.026182040307626865
-0.011490364759314635	0.041565328016900535	0.02754596715684808
-0.010737869482528799	0.0448816948712284	0.034594078866222476
-0.010493599912592702	0.05158325229448245	0.02828687808922376
-0.006779184662764365	0.05229617918456105	0.027384342567452362
-0.0017897495171580046	0.04915250125968539	0.00936735974235831
0.009904668757428882	0.04683650141290395	-0.0019070847018790044
0.017903162614560913	0.04989696044970829	-0.023370353380013892
0.020076228262257818	0.05570808148089047	-0.027916093542891405
0.022434354237428938	0.05058203011035977	-0.03240558727614274
0.02080798088993205	0.048990113188895464	-0.021706722448636348
0.021302555961197123	0.051795250368791124	-0.02776867065371382
0.021527998641752793	0.05286578921579677	-0.0309258578272585
0.021962602984733525	0.048527765516082996	-0.034909883586920584
0.01749606006212688	0.046884560172238396	-0.019609277366908786
0.01365598187088043	0.05191096018281475	-0.008316180677872237
0.008277474311889431	0.055082230600559584	0.00817661908101312
0.006271979684607652	0.05383432231054352	0.010556704619951467
0.0016957215252331053	0.05301175693004937	0.015765590180863126
-0.0031588909518553664	0.05108476958674446	0.02251173897614562
-0.020872877691074168	0.03242401687726251	0.03806762373592924
-0.023741027032545593	0.01868192819824745	0.034941752919656885
-0.022083678244429625	0.010857629335625825	0.028901943102791733
-0.020234892033703978	0.01339488114133975	0.028071645757981205
-0.02030065394076728	0.014324572913953592	0.03666895447082255
-0.02379547379634114	0.01506476798688139	0.040397289218786714
-0.02279626189019021	0.01268277508811975	0.049958630109985275
-0.026076217365960143	0.01679311802288168	0.049314206918266074
-0.022628477182900678	0.017861710870804372	0.05310368790737052
-0.023086182410414824	0.01806442524168082	0.049461068967911345
-0.021183900365456493	0.018595186235985262	0.04813527054263348
-0.01761272840769017	0.02017241482599818	0.038568734422799685
-0.01409769278709875	0.02291919941782257	0.03775122914185455
-0.01142521202500071	0.024825774184170372	0.03470592811716998
-0.011385299154641185	0.030380672749801583	0.03511922338287847
-0.012272061065660122	0.029616158371679326	0.028036653388986817
-0.016855095962680245	0.025389504953761625	0.022558535638985654
-0.02430631485939694	0.01954598389007238	0.03425749573049804
-0.030640924944987838	0.015844269361449403	0.051645540689036526
-0.030556244319401623	0.016429071465033588	0.05435567580202251
-0.0252863152752605	0.01556175327436166	0.04319515578845223
-0.02031324125724163	0.017127187644791212	0.024132594974994915
-0.016651186472672976	0.02351599326042448	0.018849872604217936
-0.008985864488012205	0.03367102640617673	0.008360873412637426
0.007301676495259524	0.05449037467889305	-0.001773695573977713
0.010859646690996946	0.05741874235595337	-0.00862689687264534
0.0075226923285584	0.05012313204588359	-0.004695018207199252
-0.00015797751929703038	0.038457635015915606	0.007432845717373374
-0.006152654226216127	0.03174520551584034	0.019547678723017534
-0.010259009585205153	0.03017993797804001	0.029526525829361848
-0.013136353725951172	0.029299124404473527	0.03655118318181701
-0.010702317974501023	0.0342790942806045	0.03228479435143034
-0.005682592191084089	0.037196990821521496	0.035458915315811024
-0.0019914055336865497	0.038061316528693205	0.03352383936438105
-0.003707579235985109	0.0343608558078181	0.04015049752529822
-0.007078509819522891	0.02876735955778275	0.04026923694914043
-0.00908379825530472	0.024959720755929136	0.040290465537814055
-0.01103157110779646	0.022846630382411717	0.040817592610668266
-0.00904708311551075	0.02510049210080188	0.046242040483906476
-0.00574625334797252	0.02997936071743463	0.03832126834506056
-0.003927573038570863	0.03127762572287015	0.03403484167050277
-0.008901021565052132	0.025919277103031026	0.03205621150658633
-0.017191445895171853	0.018899327748902642	0.03344239094967841
-0.022781341338639953	0.014197796239680656	0.042789609036157264
-0.025711908622134877	0.01188063818767881	0.047168665855181466
-0.026296894245176134	0.009392915837892197	0.05315221667013084
-0.02817279361922858	0.00917900899219832	0.05425459160549094
-0.029897354660751625	0.00803126399658218	0.053668764626661467
-0.03228871170107839	0.007390440092341737	0.05004223000405451
-0.03038543323019639	0.0068585998484022555	0.04521100303347073
-0.028794234790189978	0.005242377722584969	0.04866856065596179
-0.02719523007432242	0.008271839579996347	0.05067190417477646
-0.02737259869064527	0.01177845372502322	0.0509354858827656
-0.024038784269528338	0.020157794041436226	0.05155382811818564
-0.020687166070186353	0.021492154697579913	0.050727914568560406
-0.0200762527453314	0.02396977531512443	0.054210630364349685
-0.01753074099153703	0.02267689267742511	0.04367434554049993
-0.0065610536841475145	0.026561090234498926	0.019624354417689505
0.007358783003299942	0.023000999233055194	0.01954430690519179
0.006131339441615436	0.024531740259208307	0.02964703363989362
-0.0171384729633171	0.027735997312424782	0.032565835707449135
-0.024955051327928936	0.02093494313606043	0.05228084860190846
-0.0272917665898737	0.010762639147906993	0.05081481872872845
-0.02786087868535316	0.006982966950000641	0.0487485493120129
-0.025357836300297736	0.009472427363207	0.04325247052188741
-0.02289105466830341	0.01778499914753599	0.04341986616904912
-0.020506044097334638	0.020391297858410862	0.04569483316529873
-0.02062126574709129	0.02131516368592081	0.04612959745069352
-0.020951481465488028	0.013714002079241235	0.0485129347616932
-0.022224601417960822	0.011630598027132576	0.03550018732893575
-0.02140179403802356	0.008886392935444319	0.030603836265494084
-0.02067762422878101	0.012847971495398116	0.02360247596670218
-0.02066007507910235	0.017122988541859705	0.03040279315259269
-0.02050755415975386	0.020778003686765068	0.027548474595352968
-0.017173635454221688	0.026328679471353093	0.025703616655414457
-0.0035460067963366654	0.03324673973719467	0.020828520680562335
0.004310894852929972	0.046833434898305326	0.011228749161439653
0.008418694740423826	0.05049367613583047	0.0034079709845550848
0.006899979012302401	0.04906354406503018	0.004611180356678515
0.003532710572111769	0.04495847660701156	0.006705053333998779
0.002277585698907124	0.04429894636529232	0.011627974302420699
0.0010078150761350989	0.041733638089606805	0.01354039705825871
0.0042177201131028364	0.04053391797686394	0.005996541502334143
0.005081158774493538	0.04249056450315408	-0.004390900763327042
0.010713597930098538	0.04666415307422647	-0.016080609190631312
0.015603703636138768	0.04641463937685847	-0.02116159188908224
0.016080223726364525	0.04443681711012221	-0.020822305261538467
0.014875086844236005	0.04868287080079279	-0.01770722202767141
0.014188579300616663	0.052895289569780166	-0.018367905819498737
0.014716475130167005	0.0539091099404351	-0.028343436796206933
0.013909384978623486	0.055025162941625974	-0.031195891400386783
0.010733354633624938	0.05652195625041786	-0.02824769304818324
0.005600501063963234	0.05355886375677603	-0.01750899538964992
0.0004385114696731313	0.04795742174166356	-0.006729009478851612
-0.0002844559344885618	0.04706891557902946	-0.005756295751891573
0.004851099570585663	0.05262130580822705	-0.012294219818484942
0.014716644711970485	0.055884498098039116	-0.02394083715423947
0.02000208879187378	0.05414036293464378	-0.027504214001940697
0.025519245521347822	0.04803715626456547	-0.028761234522031318
0.029577701401997895	0.0364581968297289	-0.016681896064611856
0.03113339225406831	0.03154435446872106	-0.014662419305270319
0.03104866297357573	0.027217514738496186	-0.016210873663429926
0.03413086304613025	0.026670580951784467	-0.016591552755890887
0.03744763907785831	0.017106105459344254	-0.00984085265460704
0.04020488079093455	0.008124459393861447	-0.0011463117120281488
0.043870893207314174	-0.0005666082770776886	0.009144739038342752
0.04619624898847526	-0.004451366069674521	0.009941854521258564
0.047109400315600125	-0.00411132204617371	0.010797612927163698
0.045650199849106225	-0.0025066905825715633	0.010430677705935192
0.0479959674714321	-0.003141337520461219	0.011154334844563227
0.04958021353950575	-0.008239880729231408	0.010792279415260606
0.05157310804054379	-0.009183200246534092	0.007533326932840256
0.04937068031805424	-0.00842959290369039	0.009467930885080411
0.04787110068535155	-0.0053334858022354905	0.011424772357309092
0.04651175571900912	-0.006550427962128645	0.01607849777309439
0.046016382819801915	-0.007059166921187932	0.017154867349650316
0.04411396691650346	-0.01000982461357913	0.017193059222223483
0.043194760569685214	-0.008327140905357886	0.014619357842535943
0.04462731950177964	-0.006236594953099975	0.010633745990657632
0.04863472659434789	-0.005804897196231082	0.011419945705691395
0.04854958674227397	-0.005195949861880708	0.010350799854574495
0.04510438068011845	-0.0013974648896936982	0.005342583959133895
0.04363184758817651	0.001137254593244939	0.006326308855205
0.04163173540923401	0.005936090874130255	0.0035019807246353604
0.0393319410218077	0.01252817078513601	-0.008251232286271067
0.03527345035647453	0.022754117950716125	-0.00917010626412569
0.03082119923289269	0.03272428016905422	-0.02070655991756195
0.025302972088337393	0.04174919687304876	-0.013302373449045703
0.019046418506138495	0.04957748884664045	-0.027794829555161386
0.014849969631151415	0.05301886801525711	-0.020352082745333403
0.012637065133071858	0.05496158146458505	-0.018028095402927047
0.005995683622776887	0.051758798435350375	-0.008441998559024406
-0.008770192444143425	0.04120423139102361	0.01092221154667242
-0.021980578618168926	0.03437138329771987	0.02473175212630118
-0.02717161214035107	0.025598857200473342	0.03761435777962895
-0.02865010097687412	0.017499512262433126	0.0441940583575762
-0.02910341117469233	0.012764284349358787	0.04613438017051302
-0.029822114803137064	0.011899170009192418	0.049919926873758166
-0.031744973499015935	0.013359126861366363	0.05255584114575008
-0.03386449874710148	0.0115033349176665	0.05805459205161556
-0.03325557065040054	0.007794515058263614	0.05368843403776162
-0.02880714509277497	0.004508198244367982	0.045667102103792684
-0.0231474564070593	0.004806265028028388	0.03311368877448992
-0.02211318775533742	0.006305961666129978	0.03519481423640258
-0.022211802359128917	0.006572745041987441	0.035800969868421934
-0.021913946796263416	0.010414678767175934	0.037289095159801
-0.018226700877367198	0.014820290323219087	0.035939964972647925
-0.016469011546299664	0.019014056878824553	0.033645413060038994
-0.016879713415414502	0.020183914079296705	0.03477188749046313
-0.019260418756353443	0.01975147840298944	0.03855464333953172
-0.01966546181872489	0.021770989571886053	0.04067388074066705
-0.01579141984788798	0.0256194515663014	0.032191080364599174
-0.0037809703859956845	0.03483186857014874	0.018540177621834287
0.006929793685087416	0.04369585806537456	0.0029455102317066228
0.016829563791913003	0.05007100126784934	0.0038066711351911024
0.01679241303002418	0.05120119568346447	0.0055059363257184465
0.004889414441485573	0.04942365319709486	0.013902353998711467
-0.016369843498358946	0.026933280483469664	0.0361702168576255
-0.02346134837483981	0.02020563345974355	0.05068120217082794
-0.02299767398123768	0.02150259111477573	0.04709698902883582
-0.022663995757976008	0.02145602716635674	0.04851990452781055
-0.0180564963170296	0.01997599536331486	0.041511367394769114
-0.016121619283399086	0.01611001803062422	0.03611888841806245
-0.014375351425938019	0.017173198753930738	0.03236396835600639
-0.016071212441617563	0.019866814848003258	0.03555724595250405
-0.018702111517677585	0.019103738544980882	0.0392416462805896
-0.023186569962341495	0.016220906894062075	0.05164133359822795
-0.022675346018527155	0.015161437205596161	0.0510641701250271
-0.02332777490398614	0.012804605411883043	0.0482461220878168
-0.023060966372524874	0.011975476801906712	0.04291858610703363
-0.025364799416536712	0.005381490238734983	0.03845608439841042
-0.025026858141479223	0.007826207131178299	0.043485716357091544
-0.02412006740674175	0.003730605758483953	0.036455891523471326
-0.026329639447290887	0.0023368701494978074	0.04761022686600627
-0.03146390249966182	-0.0005612433942805247	0.05394543299894219
-0.030050814086755296	0.0007702851826726984	0.04785231126166596
-0.02635624801860801	0.001986954836046854	0.0406993569717177
-0.0228090846794915	0.0016731942314838918	0.03756999669382523
-0.026331754287885246	0.0013890840719036346	0.04914417328506758
-0.024233318713993333	0.0012157398674776173	0.04567208256156059
-0.021986472850138116	0.0040865884348515735	0.04497927024778592
-0.01900784910620091	0.0024409059879321464	0.029451900654042195
-0.02021538290641207	0.005119769882475207	0.035471890600558095
-0.023443018457902108	0.0060342235993434395	0.03511836377257943
-0.02653462886925722	0.010276863086336957	0.04996491714580202
-0.02757027370884297	0.012697925652318101	0.06027303627350922
-0.027361474600287698	0.017429658527795492	0.06881428934849596
-0.023700876259219975	0.022228368154310292	0.066214880494092
-0.01662619250923398	0.020316110594825142	0.05490689321649171
-0.012072714379801546	0.016803256042722998	0.04568535355678885
-0.01368133025120356	0.012988077623176726	0.04587085214473025
-0.02060510565461715	0.01354693345530734	0.05016586383350692
-0.023287517399090362	0.010676346822812087	0.053992795675074944
-0.025557355511511764	0.009292637303555597	0.055878906369868364
-0.02311131658134643	0.006234194568455255	0.05255268024154196
-0.026273295961901148	0.005414825670341277	0.056126200585021976
-0.02626428572723122	0.0017316130095009121	0.059784000801217776
-0.029176829064697932	0.0006756740299280397	0.06573430369482669
-0.027662090056779897	0.0019284508557179936	0.0674149599812279
-0.026084551013189367	0.0028525106837656235	0.061994465738689525
-0.0258710980005029	0.0032336655497411035	0.05927310537666304
-0.024678863646846832	0.0011655458144256496	0.04977965550262177
-0.02213862319718619	-0.001972531323816453	0.03711056248499647
-0.01908000444445383	-0.0035071046996703135	0.032982630353912856
-0.019837831886453706	-0.005546622441265892	0.0317056052265405
-0.020270830602737537	-0.0021852681820220335	0.036558068024753934
-0.016306604507909293	-0.0019420975950626594	0.031178605930409067
-0.013578692216819819	-0.002144842511452476	0.02179846283502819
-0.013141614803400061	-0.007088906099202589	0.01456279897606134
-0.014517320423182918	-0.008381796475913706	0.01680831921718172
-0.016395342001309376	-0.011356410380612707	0.01542317877003285
nan	nan	nan
nan	nan	nan
-0.020315256636829128	-0.011504073077735282	0.019556823051888602
-0.022717095806110175	-0.013029492683265927	0.023504987657575225
-0.021452250681890463	-0.011889586170038132	0.01993792531797592
-0.019023945137364492	-0.010249054948508604	0.01751719446914392
-0.014858384518409332	-0.010929294576997227	0.004334929304686775
-0.011911175576548288	-0.010852525685850977	0.010031633222104933
-0.011622002027906147	-0.008394352364283477	0.014929544329914302
-0.015253171454800806	-0.005356626390225804	0.02139378668829429
-0.016854149794986673	-0.00548605527660111	0.018931036915321425
-0.017223443841290462	-0.00708950935849554	0.019322968138489972
-0.01733046070977632	-0.0069639135950073094	0.022911937227174373
-0.0182279801960479	-0.007448151160387265	0.026089229882833402
-0.018473547731092978	-0.006511868242834446	0.024300314105935833
-0.020428691381442383	-0.003982809854250156	0.03647040870749911
-0.022076161832628213	-0.0005940748699177818	0.04907808758988595
-0.02327559015462501	0.0014637958934155572	0.0541433140073503
-0.019830110388039123	0.002797100995717533	0.03992379750196279
-0.018279664463772667	0.0022332686322365514	0.031483005860163185
-0.015960312844835282	0.000544327062649196	0.019299041441513794
nan	nan	nan
-0.016887443018056118	-0.0034518068290122915	0.021857747915497126
-0.01866274791790583	-0.003596649973083809	0.02838923958679532
-0.021515060458457212	-0.003084018794154047	0.03483647257998617
-0.023816673755356232	-0.005452271989908594	0.03437306814314002
-0.022288797453379645	-0.006059002924480795	0.02830068988154222
-0.021555147019620913	-0.006842360683871264	0.027676039694292245
-0.019077305007332027	-0.005922372943472262	0.029962458100603467
-0.020575976452937805	-0.006213976576569145	0.039451140463279535
-0.021631975699924394	-0.007851265574570998	0.04459524879954363
-0.021974598776140632	-0.008549560414322114	0.04402196870051005
-0.019271592936464407	-0.009294623810777568	0.03242331855165225
-0.019257099811620597	-0.009221858726451211	0.027154923650787567
-0.0216297665341037	-0.006040480766729822	0.03534810534866137
-0.021034152411212106	-0.0032739169631045145	0.034161724674145744
-0.017299765111862157	-0.0006082113414807716	0.03236504376800663
-0.017626002299965304	0.0012218971093119482	0.035947338866165794
-0.023059946389747035	0.0034684760866447377	0.04962258091031287
-0.02386886437223207	0.003851217072442493	0.05325711206589883
-0.02576126990717976	6.245206614876107e-06	0.051048760195144455
-0.02161335567522321	-0.0009530503241826743	0.048313284812065156
-0.021854729786074025	0.0003633474186661556	0.04962334485482215
-0.01817351830774814	0.0010275190659728823	0.03825751998465818
-0.02036776033959652	0.0009666838252810652	0.04393164425374951
-0.02149752381538021	0.0002780965973163182	0.05102802671176969
-0.02272853417737757	-0.000566404986059025	0.05072393327048034
-0.020871439925679962	-0.001289927265877106	0.03943980468712516
-0.021120011554070697	-0.0021818474589522115	0.037004886343274826
-0.020307982417591474	-0.003997002196878193	0.035398018619519814
-0.019822064266223204	-0.007236911562731435	0.030322449431743805
-0.019563220560479544	-0.013036611799306647	0.022427812969667716
-0.01940458050137021	-0.01145634495579727	0.019994325937175206
-0.01850848314894017	-0.008804228899701005	0.020478066408637308
-0.018440817571698177	-0.0033995100600465555	0.025931620264166177
-0.0192474393854137	-0.003536411756698714	0.03106592469497403
-0.01786194724963688	-0.0025592015566065856	0.028459658692388215
-0.019689596929996785	-0.005670585130332778	0.030537309655760323
-0.020689179555460405	-0.007561749715955291	0.03298220067427603
-0.021909455382439845	-0.006110182749643628	0.04002582030690189
nan	nan	nan
-0.019721052417772375	-0.0035652674371206756	0.03443500250971607
-0.017888904338648898	0.0002381044708024437	0.028219198588730003
-0.01598932792456453	0.0009546060833643369	0.024423336816247625
-0.015835087439948145	0.005056598479537074	0.03460329404280274
-0.01533540141493236	0.0060316413840025345	0.04172688140680681
-0.01689550169988397	0.008694346497241923	0.04748116540134441
-0.013942043203042365	0.008526520023987641	0.03798855924946962
-0.014143777749913274	0.011588352807567596	0.03989250211718188
-0.011478025368185088	0.007959159532913868	0.03081307190921379
-0.011546445091940123	0.00511453109772841	0.025010258663762986
-0.012826390544202463	0.0037250309477759574	0.026884140738388948
-0.015382585590988564	0.0050320597969014886	0.030553761614208218
-0.020697823547344455	0.002673625267124293	0.0464553691713738
-0.018877559892933885	-0.001811672425624614	0.037407479384664225
-0.019221710806358688	-0.0056378881372466366	0.030618011549797583
-0.017694075590235295	-0.005933736499677513	0.021243188198950092
-0.019139688735942975	-0.007420727790593476	0.02058455809281352
nan	nan	nan
-0.02142018768165429	-0.007137929941829442	0.027492380140978052
-0.020188895523212114	-0.009147654438547528	0.024646225269963826
-0.01749387710851176	-0.009159635209358648	0.014484289438438647
-0.014724705108048509	-0.010137647413480493	0.0007456662834654602
-0.014953485413970081	-0.010829505970331528	0.0036670178424152954
-0.01581271420773041	-0.010344668808314144	0.008959996494837835
-0.016233598572680138	-0.009812526557920745	0.013558055771538735
-0.014263877344578407	-0.008947675175520482	0.010716471152056548
-0.016200583688263822	-0.009062570130343088	0.014561253751621782
-0.016628441744359904	-0.008663599043814158	0.01897130972363703
nan	nan	nan
nan	nan	nan
nan	nan	nan
-0.016254709745225027	-0.00715368921499725	0.021224481630742694
-0.016318322206262996	-0.00896645734735372	0.017376871443404114
-0.017108277022650744	-0.011049310822385795	0.019046408189080138
-0.021163588312190916	-0.011305425142555859	0.028898932385845594
-0.01963274350883402	-0.008602223981150712	0.02417159277642652
-0.016081343680771108	-0.0007236388185426499	0.03510608081620792
-0.010887814829317138	0.0037873832977777426	0.016387107280484828
-0.0138761025759411	0.010437886083019966	0.03158212215513252
-0.014029310491861171	0.011234803224683173	0.026989161440030062
nan	nan	nan
nan	nan	nan