# EV_1 (86.9025)	EV_2 (11.9758)	EV_3 (10.5153)
nan	nan	nan
nan	nan	nan
nan	nan	nan
nan	nan	nan
nan	nan	nan
nan	nan	nan
nan	nan	nan
nan	nan	nan
nan	nan	nan
nan	nan	nan
nan	nan	nan
nan	nan	nan
nan	nan	nan
nan	nan	nan
nan	nan	nan
nan	nan	nan
nan	nan	nan
nan	nan	nan
nan	nan	nan
nan	nan	nan
nan	nan	nan
nan	nan	nan
nan	nan	nan
nan	nan	nan
nan	nan	nan
nan	nan	nan
nan	nan	nan
nan	nan	nan
nan	nan	nan
nan	nan	nan
nan	nan	nan
nan	nan	nan
nan	nan	nan
nan	nan	nan
nan	nan	nan
nan	nan	nan
nan	nan	nan
nan	nan	nan
nan	nan	nan
nan	nan	nan
nan	nan	nan
nan	nan	nan
nan	nan	nan
nan	nan	nan
nan	nan	nan
nan	nan	nan
nan	nan	nan
nan	nan	nan
nan	nan	nan
nan	nan	nan
nan	nan	nan
nan	nan	nan
nan	nan	nan
nan	nan	nan
nan	nan	nan
nan	nan	nan
nan	nan	nan
nan	nan	nan
nan	nan	nan
nan	nan	nan
nan	nan	nan
nan	nan	nan
nan	nan	nan
nan	nan	nan
nan	nan	nan
nan	nan	nan
nan	nan	nan
nan	nan	nan
nan	nan	nan
nan	nan	nan
nan	nan	nan
nan	nan	nan
nan	nan	nan
nan	nan	nan
nan	nan	nan
nan	nan	nan
nan	nan	nan
nan	nan	nan
nan	nan	nan
nan	nan	nan
nan	nan	nan
nan	nan	nan
nan	nan	nan
nan	nan	nan
nan	nan	nan
nan	nan	nan
nan	nan	nan
nan	nan	nan
nan	nan	nan
nan	nan	nan
nan	nan	nan
nan	nan	nan
nan	nan	nan
nan	nan	nan
nan	nan	nan
nan	nan	nan
nan	nan	nan
nan	nan	nan
nan	nan	nan
nan	nan	nan
nan	nan	nan
nan	nan	nan
nan	nan	nan
nan	nan	nan
nan	nan	nan
nan	nan	nan
nan	nan	nan
nan	nan	nan
nan	nan	nan
nan	nan	nan
nan	nan	nan
nan	nan	nan
nan	nan	nan
nan	nan	nan
nan	nan	nan
nan	nan	nan
nan	nan	nan
nan	nan	nan
nan	nan	nan
nan	nan	nan
nan	nan	nan
nan	nan	nan
nan	nan	nan
nan	nan	nan
nan	nan	nan
nan	nan	nan
nan	nan	nan
nan	nan	nan
nan	nan	nan
nan	nan	nan
nan	nan	nan
nan	nan	nan
nan	nan	nan
nan	nan	nan
nan	nan	nan
nan	nan	nan
nan	nan	nan
nan	nan	nan
nan	nan	nan
nan	nan	nan
nan	nan	nan
nan	nan	nan
nan	nan	nan
nan	nan	nan
nan	nan	nan
nan	nan	nan
nan	nan	nan
nan	nan	nan
nan	nan	nan
nan	nan	nan
nan	nan	nan
nan	nan	nan
nan	nan	nan
nan	nan	nan
nan	nan	nan
nan	nan	nan
nan	nan	nan
nan	nan	nan
nan	nan	nan
nan	nan	nan
nan	nan	nan
nan	nan	nan
nan	nan	nan
nan	nan	nan
nan	nan	nan
nan	nan	nan
nan	nan	nan
nan	nan	nan
nan	nan	nan
nan	nan	nan
nan	nan	nan
nan	nan	nan
nan	nan	nan
nan	nan	nan
nan	nan	nan
nan	nan	nan
nan	nan	nan
nan	nan	nan
nan	nan	nan
nan	nan	nan
nan	nan	nan
nan	nan	nan
nan	nan	nan
nan	nan	nan
nan	nan	nan
nan	nan	nan
nan	nan	nan
nan	nan	nan
nan	nan	nan
nan	nan	nan
-0.02938279340823639	0.00146166833421673	0.03175082056972847
-0.030382512497625063	-0.0018789981969482075	0.02898492225269435
-0.030290641134875076	-0.01621316521511268	0.03094438349152527
-0.03457788965052453	-0.018927195218843687	0.04541736204366293
-0.03160795874813048	-0.021427802543540597	0.03639660606536633
-0.03023467698497111	-0.012614352500589763	0.030101905543528804
-0.027706410501705046	-0.016200736942286516	0.01901011467980874
-0.028975211907397647	-0.021755764524255813	0.029974326086360695
-0.029009611045380614	-0.02984074602086743	0.041397947731493315
-0.024282395968321463	-0.03849487145085172	0.045249230271185215
-0.006325201975481718	-0.03421883534662087	0.018418461598472238
0.01716303395618108	-0.013431888380535544	0.0020900963794531977
0.02225444981863562	0.00033497836589630337	-0.0011796706466948408
0.021152514545966925	0.012750037954859308	-0.010057525964384462
0.021321918929698976	0.012833977195907368	-0.0063605878925507425
0.020500729662127307	0.012545537431437432	-0.009153696853345668
0.023173008851480215	0.01146116732336931	-0.006079375953157402
0.022057139249196955	0.012613847343765156	-0.006514193805569408
0.021849246447000415	0.014612692755504397	-0.002117608568946286
0.02070576066628413	0.011861819263739729	-0.0034495321668247154
0.01985945643468999	0.0152281499720274	0.0036253470315766555
0.017973624759018154	0.01674844325540955	0.006541308045209438
0.018647424092400527	0.017900607391521415	0.012214399976593496
0.017430030858540006	0.017820157529081664	0.014591164278668373
0.018656260768183452	0.01342181992472627	0.009261731586062525
0.01681372041028776	0.012819477312669003	0.008246547805347546
0.01920717866289875	0.0067412804137766975	-0.002918721537691543
0.022276880388957872	0.01696885424743496	-0.006717064692649745
0.02376171592498689	0.016586236680639934	-0.00902685027440521
0.02137321134002607	0.016459870132617096	-0.01170644939535935
0.01824250779449072	0.016172958192289717	-0.011723231307805278
0.01681075124365648	0.002823563730188989	-0.007207529650928891
0.016117806756636956	-0.003049483998024272	-0.003598832729323844
0.013528338759969148	-0.01291837579970272	-0.003695994328484461
0.009846546206322599	-0.014684965183219392	-0.0014160806615480925
0.007468085434428672	-0.010365829487740749	0.009440141749955276
0.00765509529706836	-0.011721783663946533	0.015915788813388516
0.00674128163353299	-0.005597549123343136	0.004397594725036459
0.0053030228501080145	-0.008499763936506465	-0.005300351537084767
0.0034268397181305464	-0.005929619662248718	-0.009919263863840629
0.004604303855241991	-0.007575706974756631	-0.008872873565962308
0.005224500527397062	-0.008655099097269373	-0.011603902369323113
0.010837416969898876	-0.008288220324271761	-0.01623693937620361
0.0140076168198587	-0.004528944298327997	-0.004251358228562948
0.01472638409300712	-0.009663574694545232	-0.010076281636549772
0.012856777026147743	-0.00935505696970593	-0.00873737677992202
0.012409936459205028	-0.011438243201698492	-0.017445888433292707
0.013566167248372833	-0.015022566634750323	-0.017541427457388632
0.014943457388857105	-0.009053474842400565	-0.013078759916180642
0.014872975401047579	-0.007027776226663529	-0.0041513519098253585
0.017287506932287894	0.0033756327714145017	0.00890477297772107
0.016074772323159438	-0.003090766135035207	0.00324344091020347
0.01893404673297217	-0.0031634524104032016	-0.003578275559245274
0.020259402680926922	-0.0034582125070215745	-0.007755925167259807
0.020184343658312984	0.0009255340053216394	-0.004578824404279713
0.020772182339168298	0.007032861020303746	0.004734678454611993
0.02169857273748024	0.01530962534197872	0.005458286969285572
0.02117807394959444	0.014135081890294152	0.003291917326537455
0.018232586280343122	0.00856081601557303	0.00554308328547793
0.017758135709210983	0.003405772922678271	0.009624333289807437
0.020122833416027427	0.006532505471830402	0.014506522806998028
0.022840247354334202	0.012487921685073441	0.011690233158330255
0.018113777530466113	0.011399802458340049	0.004657701514039983
0.015025869371772818	-0.0013716258005341529	-0.0033415782680032823
0.014284835392177208	-0.006667091259256824	-0.007590603724484767
0.017501647144997474	-0.008697638966407755	-0.013190924655488791
0.017657230296007177	-0.011625740737621718	-0.007784206168817236
0.016941683003671226	-0.011840236245484064	-0.001904085149675893
0.017429701140092773	-0.021311567738149125	-0.0016494044161158398
0.016011197151690682	-0.029265301632184847	0.0032069083598638137
0.01224221417017111	-0.05176556087909077	0.004349990175077995
0.007573110809745808	-0.06589727174928617	0.01001838200726524
0.0054384786630964875	-0.06424737180175327	0.002332104788650048
0.0029498401944349373	-0.0551066520496773	0.004988665399019655
0.004373228976286894	-0.04859662957453947	-0.0039158364666992285
0.004391737273474139	-0.044274245442647	0.00034699405577981457
0.008426916579878303	-0.03886107596802242	-0.004007488033248069
0.011605004032731733	-0.026147923907226655	0.004084130653375177
0.01574026766044515	-0.018500239663799625	-0.008384813005478102
0.01539594035339668	-0.01653226938239442	-0.0033402889872765802
0.012467855484605196	-0.029118118285404716	0.0009578546592043657
0.011104503465935858	-0.03623373918078054	0.006952261588857232
0.012279809282708248	-0.040472574023140244	0.005314678993238929
0.012887272507462817	-0.04022906475019706	0.007760217696498397
0.014280921661363789	-0.038726811948558815	0.011765488004763049
0.016209475007105782	-0.016297837909495246	0.010659328382130899
0.01856302473121806	0.005171088581285188	0.009252897544385085
0.020817621116370345	0.015233727655635668	0.002609484434626587
0.01974218946915437	0.009715523521427238	0.004613789804092062
0.02037286012894618	0.012572949499027564	0.008679749688731541
0.018529807483037588	0.012131140233647792	0.012844806821836141
0.02028112244156535	0.013731445231626607	-0.00426629723067266
0.018058385841628676	0.0018844557516228624	-0.006411849178055755
0.01643414635405363	-0.003779297634741177	-0.012583536455632604
0.015410072393309406	-0.009785513066875945	-0.009109516542833597
0.016052040758491596	-0.0020135736181635623	-0.01072096701247903
0.01749804622157231	0.002780770881911627	-0.009143437164829536
0.01899084704267851	0.0008258466346877625	-0.014531686216573098
0.02045052511059038	-0.006497110672278223	-0.017030801101768366
0.019270586433186136	-0.013067369355624553	-0.021689865657289066
0.01834115654458238	-0.0162958720542944	-0.013208574471528487
0.015370249502684622	-0.008335898122563681	-6.0612913466605994e-05
0.016122716392849425	-0.019578268111094293	0.0015069396503793603
0.011074708692948234	-0.021770017667713235	0.011360223106522039
0.00229095350405772	-0.04257080086587963	0.01596565526869096
-0.002773347440571193	-0.04456061324186106	0.011701984974582956
-0.0042305392860801354	-0.05626102820077411	0.0009292026658533105
-0.002066595751762372	-0.0594106828219484	-0.006531720881123037
0.001768225058089754	-0.04749859774438242	0.007636657185839046
0.007593984991156672	-0.03711090012499899	0.012458215960915339
0.012255210993694594	-0.020706768956421498	0.013314673497645606
0.01500344056430677	-0.0238018443336065	0.007751242128891445
0.015215880828615665	-0.010339342279136122	0.007455966353671867
0.01576290353021808	-0.012596025091277394	-0.003234454327017397
0.017302832355943595	-0.008177073082471066	-0.0075193750627294935
0.017639463262467906	-0.013442432235323768	-0.010026388956699574
0.019772306666123524	-0.005985475864490834	0.004157082320114448
0.018563093661880376	0.008455590879136363	0.005826134944413804
0.020284549420038305	0.02264323039992046	0.015207229353790224
0.020340567664875523	0.01796993186930003	0.002751461424483747
0.02300302671961814	0.007632642671811872	-6.454242916886094e-05
0.025339429019857657	0.002621494955171726	-0.00645757362208664
0.025703847758108377	0.0063024059933838306	-0.003632417283961277
0.023540879925468317	0.012753149044619683	0.00528322349769185
0.021913761937292078	0.012644581222364053	0.002749408501214301
0.02152989260711971	0.009401004036778219	0.005362927226594795
0.022946297797478706	0.006229727576749623	0.004000114448497988
0.01965066304765472	-0.009208733665001308	0.003470826973870609
0.014935262424214966	-0.026582942630563624	0.0028045809346055224
0.011260073557025067	-0.045219647163603334	-0.0057982374951358155
0.008435491441893187	-0.04518031925098675	-0.004115262030462089
0.008254729258536935	-0.049168776533395624	-0.006713302234324354
0.00864335089078246	-0.03817934254485234	0.002108566776984874
0.012655522972931581	-0.044311473823552695	-0.011332613225525978
0.013910758788653124	-0.03956260866898495	-0.0064632320394197185
0.016573269451818806	-0.032373315535201244	-0.02161117498041194
0.015859259609572036	-0.02096567909849125	-0.02302969907058661
0.01968572348934476	-0.014486538456598676	-0.031289780383219806
0.019992515750674324	-0.01603500876150156	-0.026991726478872533
0.02209578711231836	-0.009623187858456572	-0.019354886655212802
0.020647681648853344	-0.008485116303883416	-0.021050744504353392
0.02236855258244357	0.009780523790970205	-0.022206382870876923
0.02375141478327549	0.012356766616005637	-0.023506817762151584
0.022429057286765253	0.0083666250613443	-0.017199640312876904
0.019657311254461237	-0.00842802547067938	-0.010343108484328067
0.01800080779596171	-0.0048902092135249455	-0.004844553251410599
0.020296768066983537	-0.0031844812244509963	-0.0095314701021538
0.020493730690054866	0.0014121810369400374	-0.013093107309161144
0.021143438609201162	-0.005811159143956295	-0.0229025110928385
0.017681546968241955	-0.004195910378826816	-0.020913023011983035
0.018362155874360214	-0.006702985755737915	-0.02740411515497273
0.01725565148544396	-0.01081559158623637	-0.03244077141633439
0.019435538739568922	-0.012829872570207523	-0.03419922427581043
0.018457349267701754	-0.011341731465327753	-0.02988023304344892
0.017986424939810734	-0.003321376832919878	-0.020063510172622936
0.016080844264174422	-0.005126686225546486	-0.023554915217901984
0.0174920694197907	-0.005582901465301892	-0.027185449525786286
0.01583181715753536	-0.010608569792750322	-0.035304196357351735
0.013631485206390131	-0.0159509816562784	-0.026483381794517116
0.012919832178822843	-0.021641963734975046	-0.025305838104473715
0.013666079237982453	-0.025482546572658905	-0.014836597689507602
0.013359208292742612	-0.028450533065038777	-0.016042869958297797
0.009899498488701728	-0.03702840854907827	-0.016617485399560126
0.011577240468866329	-0.031540352457243986	-0.019980447912157938
0.015881631911812546	-0.028060058855720275	-0.02893956495756566
0.017864705831268306	-0.019223789323342177	-0.041542894849093376
0.018187561522186698	-0.01623183775480029	-0.045310593562845364
0.01559090092205112	-0.0246422321824551	-0.04029581293679363
0.014124192372505765	-0.03271938528891607	-0.025882467904050858
0.011359698575108344	-0.03953604468281599	-0.022678985071380164
0.012095533737410631	-0.03240927441513542	-0.02165343990077579
0.012342667986726653	-0.038509162059890197	-0.017712625167578495
0.011223651829130318	-0.04359405286247406	-0.018821176780728918
0.00466725781624725	-0.053307806835840396	-0.014938985631288863
-0.009608822998455325	-0.05352669942472015	-0.020379488322882798
-0.032872722099202674	-0.05069437806174517	0.004099715987891564
-0.03819045661665803	-0.04001297528669227	0.013969943823529618
-0.04344832085341151	-0.0283700652265157	0.024368986947007572
-0.0474484046906499	-0.029294957880879286	0.029413162279078496
-0.05136097204298194	-0.031216749435480785	0.030038088797823374
-0.049548112179333116	-0.03866044086249491	0.023900936955447497
-0.043645200941073284	-0.04695650735650994	0.017127728819151207
-0.030674805051955363	-0.06705526083522849	0.008763342410357707
0.0003045526542675204	-0.06818909584448007	0.006992294058382264
0.015523063328965872	-0.04984461126367722	-0.01225478977773075
0.016107436422925128	-0.0515610117333363	-0.014482594321024663
0.004872442464161237	-0.058980039278952796	0.0020854342290350155
-0.04142612454033197	-0.04445231034156782	0.02024906867330723
-0.047820529707493946	-0.02879048551693703	0.03456893831023915
-0.04902319854713217	-0.02130824808951537	0.024498133938472437
-0.049777417609176526	-0.012428797923029287	0.028284178983653332
-0.04973374313213816	-0.008259819120717734	0.025863814801181433
-0.050948532847967666	-0.0043736650892886916	0.03057210906382793
-0.05375154823823057	-0.004683649175306158	0.026081619488764196
-0.05623704765037876	-0.008394556966853426	0.027866772533584945
-0.05341050300225627	-0.00908156262454068	0.025598499823542925
-0.05111933926694362	-0.008252373771224576	0.0238850116262491
-0.04834806711034474	-0.006562928970082389	0.021323099902626527
-0.04135588570043708	-0.014953753079183892	0.013696681682536897
-0.03989147476743208	-0.020816805214626498	0.009557856529060958
-0.044202021542932714	-0.023589617241596625	0.01631546413484189
-0.04903620102137368	-0.01719142486198852	0.027635997551879135
-0.051043834937429054	-0.020501236761730025	0.03315066568913097
-0.04266887766752638	-0.028507852347973345	0.025775448613236156
-0.0320846453962508	-0.03799040840433341	0.01316941919201773
-3.400005382565353e-05	-0.046466482779254074	-0.006671148560525506
0.005099251621468471	-0.05479175020536867	-0.004711143107129385
0.003568173198469621	-0.05471597510602906	0.003760321525966338
0.002667878327898301	-0.06388105841090772	0.002896456211405639
0.004349291491247405	-0.06784749265950375	-0.0027626095793858883
0.010559182361414173	-0.07317789682578493	-0.01124608162538781
0.01951006368235339	-0.05546180602203019	-0.025576693749983764
0.02159589199525517	-0.04302008228408531	-0.030246097463344186
0.01652814042449109	-0.04145764694029502	-0.027760660052678455
0.012423149599999992	-0.03524392241855725	-0.00959186797375093
0.01310157311121202	-0.024103316989491703	0.00036148969212278226
0.015957846171872	-0.017034356698304717	0.005693835570129129
0.018145416115248964	-0.017950932804036954	0.0027267871733542663
0.01856993005771985	-0.03196796225686936	-0.009542296488335864
0.018678120608035573	-0.035591663063467914	-0.015347359227341515
0.020709325997276685	-0.030470735035294176	-0.017653684206000282
0.02107408299666138	-0.01641771197355897	-0.0030812567772522115
0.022332527480875837	-0.010069502503960591	-0.004907367976283071
0.02058013583839878	-0.0077680053452244754	-0.009145611766413174
0.024643620511323187	-0.004943999149211703	-0.024802063810270534
0.02694296972379947	0.007568512899743106	-0.03346536374290965
0.028052773425110276	0.014824863090418295	-0.030902551032662096
0.02730745104228268	0.0172758843218491	-0.025488890863474924
0.02475926712518945	0.017548648517265914	-0.01656474048744543
0.023028217723570932	0.014978782515596565	-0.01624801519139143
0.020563132070509235	0.008092959349909428	-0.009778262242819687
0.021451385155989825	-0.002209200850853058	-0.018731961300363965
0.02068029074967664	0.004477186396445329	-0.017418530984515734
0.020668932706476836	0.01503282301194838	-0.023043035024001783
0.02076582212231061	0.017367881873394414	-0.01514849838209776
0.023203111711923845	0.013133153953349335	-0.023571395599957
0.023431580427941374	0.0037287006616433705	-0.026853716794633976
0.0229379021725595	-0.0029212836442962294	-0.03171160108119239
0.018747749905766217	-0.0182213816923879	-0.027694778518557044
0.012303098649756528	-0.03485200380610356	-0.022022474522330446
0.007964836358421105	-0.04725053608753497	-0.010895976985031544
0.007408511927490518	-0.06073685458141508	-0.005081997270726114
0.010461561212872356	-0.06068520145393866	-0.0024111132195163854
0.008727472754310425	-0.06720259735026704	-0.01119730675429647
0.010077320772346323	-0.054803246125437674	-0.011269729040874771
0.01148008638031908	-0.05160445067927797	-0.009667554193947624
0.015007493124274494	-0.0405111538964532	-0.0005941276565402422
0.015593589125480384	-0.038514185479445476	-0.006265000614474334
0.012011278516714899	-0.05327654676713646	-0.0030719674690573903
0.01136699918726396	-0.05527528952623497	-0.006591668267061883
0.011143208624770046	-0.05644849961528702	-0.00193371091531736
0.012212088716680945	-0.05546675985915863	-0.012216910114137836
0.015052341160638378	-0.04654063222338202	-0.010630684415807076
0.01791565363981757	-0.033456646109389504	-0.010662357060691113
0.020077103407108266	-0.018465795272420697	-0.009932652612998197
0.0189339785291504	-0.001116652487135065	-0.004971494110890241
0.01941186115408208	0.006121001939933772	-0.00764598561063691
0.020008302886396368	0.015615079137116447	-0.0013615494470572871
0.021561834792113977	0.011399454051861033	-0.005919873990309823
0.024859164047054128	0.014741451370224236	-0.0061648964785181275
0.026836923541042335	0.01818730577668076	-0.015554173855847873
0.028711645544898145	0.022651747441923564	-0.02028733179587412
0.0263563248454894	0.014378731285306012	-0.01975488090671619
0.027629168227464078	0.018704399965256673	-0.013150506161769583
0.026998895051952274	0.020223224284500414	-0.012663722974140049
0.02768002045360025	0.02684957130548435	-0.01017638680494979
0.028120033955365623	0.02550248731329746	-0.010893100067308415
0.027802326176949006	0.02526249022394433	-0.011541728885069005
0.0268073896568965	0.019306730822549	-0.015440527733335839
0.028207679156235295	0.016697123588800846	-0.018305820024550022
0.027017397340224656	0.001491656608974747	-0.012831737263372101
0.02689657013950319	-0.01289908081896736	-0.01119929708404636
0.023087717621494128	-0.02436610101474761	-0.015106112817997223
0.023055660730700145	-0.021160177507714005	-0.01918269405880895
0.024620987871412904	-0.018523471219854544	-0.02681692913641515
0.026718962784282076	-0.009383104805318216	-0.032147708334335987
0.024544035181434325	-0.01327485456112143	-0.03790526375143288
0.02445111762308031	-0.018862331918610392	-0.04037495103292277
0.02459067507953832	-0.026833113790541888	-0.034140207081206145
0.027877800482009663	-0.027772883463171784	-0.03933969378183889
0.026154977128711416	-0.02616768367215834	-0.043086849242134184
0.025939828679124907	-0.02223780290515566	-0.04245807523052146
0.024242298743779932	-0.033541583149483356	-0.044479905151128346
0.020534904925322506	-0.056733858160742834	-0.0415635515168586
0.008696510978988395	-0.08514888862762757	-0.04066932959876764
-0.009120206117130417	-0.09725933976541536	-0.023952924198754454
-0.028550039700191817	-0.08302315917018903	-0.004838745610579669
-0.03849551892482603	-0.07281196975359892	0.011572912933291948
-0.047380356340416374	-0.06393703188124233	0.01927796347863415
-0.05302067899858313	-0.06596130493677153	0.025971192228599997
-0.053563510368877555	-0.07353322181948052	0.030429179009143457
-0.04451920538167417	-0.0843277345989044	0.017773200798755745
-0.027682890260448387	-0.08872378869629854	-0.001340458531209645
-0.0037144208378820567	-0.08330032256374553	-0.01447126195456994
0.007200257710453193	-0.07605082335325729	-0.03567088150761665
0.018616076187489703	-0.051490061763572015	-0.04670181249506518
0.02316660213332701	-0.025803067895071793	-0.04209482890573573
0.0245064355010306	-0.00953969750784097	-0.0315897499872352
0.020813478587283735	-0.010319783488789338	-0.037489772792265036
0.019112914822200178	-0.016480216998147557	-0.03566372522051292
0.0151081805425275	-0.022625600623635563	-0.0420551850795157
0.010813413402375235	-0.036696395789829715	-0.04302006873968694
0.010357102808284217	-0.04797847546818194	-0.05166386709580366
0.011247391014690824	-0.044400306685739306	-0.0418028865213116
0.016387722137888625	-0.029553077358897097	-0.042429264704061484
0.018394365222500847	-0.014339290135592441	-0.029328368866557136
0.02217712367391822	-0.003022439622912978	-0.031924925485424374
0.024465641543169693	-0.0034481302042432497	-0.036363013319323526
0.025313769753639425	0.001401087844099321	-0.03684618398315427
0.02461500177434119	0.001563000382030043	-0.034605446134070544
0.02437655768564157	0.008676072657162847	-0.02367797363653756
0.024889417820727573	0.012335329451167908	-0.013301745392052623
0.02600786612129974	0.013256004858248294	-0.014032908873689864
0.02116870850772357	0.019152745623794862	-0.01656875445351767
0.021565958869770835	0.018277519520389023	-0.03140217762367627
0.017088239565943814	0.028675473640262697	-0.04707313552076101
0.020839016618311192	0.027831666320389428	-0.04246554318587199
0.01848034912524603	0.030186311642692434	-0.044445200405630075
0.01782234943965078	0.021026747854257653	-0.03654482935841765
0.017103552701560255	0.011132446538955763	-0.03734293623865555
0.016466824096443972	0.002533854948896768	-0.04301210270176775
0.016249801191114386	-0.0016769818249857673	-0.052165986329543015
0.015147698390141866	0.00167859538181533	-0.03842954849536761
0.013643107763629805	0.00043743311308697174	-0.03733053789463823
0.014864071670062194	8.974638735044982e-05	-0.036873728429366454
0.01773631792930754	-0.0014086585920339437	-0.046617425683674885
0.02399598030409923	0.005436038868405936	-0.024446342106132838
0.026667104648605014	0.003276221930722672	-0.01491973027257679
0.02667060721440847	-0.00033958312699564064	-0.024010554083506476
0.02294290498058283	0.0034779724960166476	-0.01698872926192238
0.02394268946595672	0.011828618242759867	-0.01528896106830925
0.026835570065529005	0.018906384992151637	-0.008230977188890251
0.027763548443394688	0.016014731136042886	-0.012807940792384294
0.025629555459909147	-0.0003183599450050402	-0.012595928896904234
0.023473584301739733	-0.011378073331564664	-0.01401670627899481
0.025070291545977747	-0.025577429385179633	-0.03140824638132293
0.02677163765530527	-0.023966534014334406	-0.03819920654680714
0.025148524750218247	-0.031535231788714875	-0.03627675472192954
0.027165894176823684	-0.029790272469979437	-0.03584076095137495
0.026598485786008905	-0.03247111137266864	-0.03192306419320089
0.026308441876797876	-0.031170352955398876	-0.03160527891814961
0.025001963485674177	-0.036468858946443715	-0.026828415654410003
0.02214320064688502	-0.052633561955972644	-0.030190004629575752
0.02006540798104192	-0.0728860895282474	-0.03565530236253764
0.007807526310417676	-0.09681312059612933	-0.0216342959991676
-0.008103767429801633	-0.10083667697462335	0.005922981104246711
-0.03800388479736426	-0.09111363544574522	0.032578378447885026
-0.05497295094003511	-0.06655300008287648	0.04377548682569001
-0.060489361022913024	-0.05520139047625895	0.03950786595962642
-0.06069862010002635	-0.044095704361113944	0.03879634888857321
-0.06146831782901939	-0.03813680698585855	0.03391109549708419
-0.06389454548255283	-0.023688842986932232	0.03854116630081847
-0.0655789214199322	-0.02174168126246257	0.028253493935920332
-0.06544645919027055	-0.021258211285538613	0.0293869435838022
-0.06400417484906139	-0.026711604098592422	0.02206928761418464
-0.0657665356897178	-0.022164191888091204	0.02435668061233172
-0.06590946275809946	-0.02439961160635603	0.022899955378780007
-0.06613210964352235	-0.02319741551127938	0.026158843857252215
-0.0650753196602823	-0.01976954603809658	0.02736262811903825
-0.06364041664932342	-0.01977305017034839	0.02210704296557965
-0.06030638720968826	-0.020475559523101067	0.01902588232299067
-0.059372223028086035	-0.030089598439509924	0.019044900633420965
-0.06318862469325222	-0.029194132289559048	0.02032993619568879
-0.06431860344125026	-0.024579914116111438	0.020650525554842147
-0.06473498563120288	-0.022653584270310823	0.017735110950176547
-0.06224408369570959	-0.022011658142618056	0.016951883166144252
-0.06279039066159338	-0.01967943504361464	0.011693869933583387
-0.06457309107130856	-0.013482894808978093	0.013807241292840014
-0.06874508768801751	-0.010852869352156855	0.014620667106436724
-0.07038543056550225	-0.011484036852564652	0.015641760708729413
-0.06796106346236937	-0.015638225087650295	0.016757643404499506
-0.06483358768038401	-0.014042902054369732	0.014828243326431095
-0.0645140155849906	-0.011927648433634306	0.012663291209087879
-0.06674164932191184	-0.008814751255595863	0.00402254966061899
-0.064869251530552	-0.007647173849982748	0.008088760902833864
-0.06242494053342777	-0.00827811773786006	0.014204076638927796
-0.06051204230518211	-0.009731927125495404	0.009391454662386237
-0.06376182654735561	-0.00614347314834353	-0.0002890269268011614
-0.0672248599930386	-0.007343932927701764	-0.0063550700718245715
-0.0691008901672501	-0.012690713521167405	0.001137108963549252
-0.06870532189454123	-0.015286614026362387	0.0038365379257301324
-0.06593110942180654	-0.009409006911780093	0.010340936063333792
-0.06601789725892321	-0.007315449972108418	0.0048849362291596005
-0.06584889336541452	-0.006018207687852143	0.003786173357708783
-0.0660398629997438	-0.007787872711308107	0.001904864326658734
-0.06420579899012653	-0.0032805126404412133	0.003869201455607027
-0.05856810220041664	-0.004801298705885986	0.013641792267890578
-0.05894295919474956	-0.004606268042658953	0.012245437277110395
-0.05939340721574213	0.001958962302319577	0.012299794595816711
-0.06670388615307207	-0.00619709171191821	0.010750743097880308
-0.06797053937700467	-0.0003985253051903021	0.01844120126913963
-0.07002550261930655	-0.00499895475491639	0.016700503969195216
-0.07024363105670328	-0.0011437388933653071	0.01759834345978023
-0.07039375225309666	-0.006539905976164842	0.0166002170765452
-0.06914442341590385	-0.00608433333899016	0.019923688016177152
-0.0696752642150356	-0.012408506701870551	0.019544292011936262
-0.06722140805970624	-0.012467844191636707	0.0222350664799488
-0.0684576807864329	-0.020065954147977044	0.0233637936186573
-0.06798231253353487	-0.01736845101351154	0.025335617798631152
-0.06888262894259864	-0.024089395587796204	0.012099173741627639
-0.06814406886565898	-0.026207843451772163	0.01570022676533063
-0.06982113754666694	-0.03001549760098999	0.01575850490624882
-0.07063740476516252	-0.030313987773415402	0.025870615318913243
-0.070297788311534	-0.026923734612415075	0.02705758371116254
-0.07061806312020955	-0.03180370774368066	0.03660194624305248
-0.07072749878082168	-0.03159121632598133	0.03799032084519309
-0.07211742728782686	-0.03848953138261165	0.03803999226651854
-0.06677464781101285	-0.04484290510288978	0.03338567046690637
-0.06075963861333719	-0.05262734458469883	0.03137740706465513
-0.05340659402531517	-0.06893153229256893	0.02957861920393228
-0.04439256108201346	-0.08713208196880674	0.024817271015919483
-0.022790938713331148	-0.10308000618922127	0.0008133450140635178
0.0073471348612048955	-0.07926519069998823	-0.0322590412410598
0.0162813431704421	-0.06331640005312225	-0.05203285903900952
0.021620028213603988	-0.04040351997305135	-0.051335641838828716
0.023624401125801275	-0.04063391968554923	-0.052939254064652636
0.02525264026498912	-0.045427199787879756	-0.04594815617327275
0.020774639017539138	-0.065425913830467	-0.03854364680188946
0.021908364502310308	-0.07347510003585178	-0.0367429266001215
0.017103634800069288	-0.06660222961697543	-0.04162458668842284
0.016861613969847325	-0.051814731757664476	-0.05702954714689408
0.0067652266844544385	-0.050885723778161536	-0.05691222426619591
-0.023586261476551962	-0.05974096151731389	-0.07038130268949463
-0.03212155913153512	-0.052895517251812865	-0.06168457166630649
-0.037605826663896905	-0.039658066329822154	-0.06197811114169052
-0.039382539316657264	-0.03122817829431929	-0.05238777177636952
-0.040086752911589654	-0.014518554164934964	-0.054176213749117956
-0.03676892960065006	-0.01283988630068638	-0.05378353950043743
-0.038735568575720275	-0.001849272650498801	-0.05892276136860832
-0.036926962325269236	0.003980709220834072	-0.05889937332470576
-0.03861505011635066	0.01436690077099749	-0.05677201790121732
-0.03626522557709114	0.022980800152377995	-0.056549014674489015
-0.03533596201653839	0.021234462457318564	-0.059663927411719525
-0.03405318058568832	0.017232797796200367	-0.06588286686920256
-0.03025081106179419	0.008949071258772786	-0.06492490745945015
-0.02079480401538369	0.0033044781622953087	-0.06746029082621795
-0.005872837473585838	0.01451590544032436	-0.08120901338904153
0.0005493658936628449	0.015203459982096372	-0.0923306863897553
0.004176236678221264	0.021321550772504944	-0.07929503654353898
0.009513548143847018	0.0178623198165764	-0.07023826578315165
0.010528608832687796	0.026878898091107592	-0.06320536062421125
0.011722546676951745	0.027668645051690297	-0.05872200616430757
0.009974651690853934	0.03041248697949877	-0.06598961305602374
0.008306447461947144	0.023259694563930292	-0.0705676833859259
0.005012936012872094	0.022667090262182485	-0.07080021140038711
0.002886787175180403	0.028213314897377446	-0.0629972292528383
0.0063618960879663735	0.03293657596187184	-0.05634491916982783
0.006684839897971955	0.02441403277074742	-0.05960688294109006
0.009317870930447648	0.018209596548258312	-0.06651206170515518
0.0075990795100525	0.010908892127423157	-0.07163427439653543
0.0064877473727839195	0.006414889178884511	-0.08487468310564156
0.007766527915374398	0.0027339517502962445	-0.0865237081408519
0.008102781316544894	0.0036574458813487896	-0.0828900677991657
0.009942683825914048	0.006562044363035107	-0.06549354662466035
0.007630026922657834	0.012912181345965631	-0.0649511572831967
0.007872718612505289	0.0186024986416538	-0.0630291603098934
0.008121420749771995	0.015277194573450795	-0.06947058276927236
0.006810864811853135	0.00872777136801432	-0.06964733518013701
0.00668216961242127	0.0054486962945785675	-0.07184298342599135
0.0069170423139047164	0.02229443602682873	-0.063664153909969
0.00719977836303951	0.02497990037463664	-0.0587133273319448
0.008878239910941521	0.0169065022501746	-0.05766833395670799
0.008473084865921939	0.006939730289465092	-0.06143026301366289
0.011434737299430892	0.0050002670978051625	-0.06247632441429942
0.010707055200058876	0.016745214867232586	-0.05922580289334109
0.011146560684288955	0.014735550911599943	-0.06334194167516434
0.013040082001404432	0.015826779978795592	-0.06745279412250332
0.010852640997211121	0.012049660609812062	-0.06630093429474969
0.0104816067243746	0.01597005145903495	-0.06349008428254468
0.007709310285456725	0.010729453671114612	-0.061573445147699385
0.009135219177500162	0.008443845063355378	-0.062290579568553946
0.007452738006959809	0.014081216849671086	-0.06377001593924521
0.006132499124201427	0.014111697580833131	-0.06641579951438482
0.0058757375523572	0.011266668009764148	-0.07341652854944346
0.007163459223199888	0.0016773760541306968	-0.06437048345822827
0.007995793606365664	0.005310592680912888	-0.06518369764727897
0.008575154691148763	0.0015947281975439182	-0.05625270687194775
0.007854621148187678	-0.0107800250298928	-0.055944249098538686
0.007692797904093277	-0.019651851542201247	-0.056563345764733805
0.005129775264255777	-0.017996072456298726	-0.0643054512782994
0.007916268969959185	-0.004871435823091081	-0.06504200950448293
0.008587536309476345	-0.0018977678505525371	-0.07221071717110938
0.008346620849314675	0.001483337537202346	-0.06355885329883083
0.008346947568365796	-0.005856100634530765	-0.06969686594669641
0.009088736249868534	-0.003765344835142975	-0.0626717133500902
0.012777465555710597	-0.0012528865283273965	-0.06374525621923724
0.011291981304006372	0.0056567618048047035	-0.066245911874134
0.00485851899175078	0.006471103168616259	-0.06915743687075823
-0.021252046566584294	0.0037128446206141433	-0.07159421026296518
-0.043989172375546004	0.009496460156470935	-0.062450515851863196
-0.04980405291313388	0.026054404897703276	-0.0472125008985448
-0.05359410846886125	0.02812487940699214	-0.045897459696012305
-0.053744953189689165	0.0287224801284518	-0.049575300564083796
-0.05062553953259917	0.013233724419288658	-0.04959160825260018
-0.04861759059554752	0.015140637643794783	-0.04268596253559854
-0.047967863149478	0.01670256232427574	-0.04816282246431801
-0.049278654252949416	0.032704031371657435	-0.054179707507518736
-0.04872485708050626	0.03489247581992197	-0.05844083132365238
-0.04782341081930567	0.041826352532823054	-0.04993203461384818
-0.047938911110532376	0.037263605799481604	-0.044674971889719826
-0.04713314696066248	0.0459282747020987	-0.04863458377511902
-0.04589007141048638	0.04093098521764259	-0.054999489425670824
-0.049886532453176244	0.04240478300038312	-0.058037268181494156
-0.05279971480481356	0.0371386640023168	-0.06264933008710992
-0.053883177081858746	0.04461752897473897	-0.057401233267124055
-0.05218687245610337	0.04884454055767067	-0.05388686772667107
-0.04725299976677412	0.05258783592816578	-0.05143518639729749
-0.046590234167415964	0.05243198384177537	-0.04819760096056793
-0.04851713760915392	0.053989088689142255	-0.054929672520621815
-0.05327346182562468	0.04849200479729595	-0.05798518352305389
-0.05182759428671511	0.042791777530689544	-0.06387109970218714
-0.050700795627551906	0.022518696177284074	-0.06442934011600704
-0.049017074867260195	0.027247093919107436	-0.05336869536131633
-0.049792098427000074	0.030683670296256176	-0.05326291751404019
-0.0477782276940638	0.04023315256777174	-0.04637659634405904
-0.045205387395791254	0.03522706252696402	-0.0425429147974744
-0.04396535065334794	0.025359393551531932	-0.044340797921615875
-0.04416438619112279	0.01987870583690213	-0.04915695685052529
-0.04689813349977477	0.016355700275001016	-0.05646482692556226
-0.05050859145677548	0.021067231292642718	-0.05144101013178414
-0.04991476861533795	0.024674596511904553	-0.044134000681676055
-0.04857364097578326	0.027689693418084874	-0.041370374519118486
-0.0450087432246545	0.029109457963710575	-0.03984076725710126
-0.0468270458328085	0.027789649954689216	-0.03734774460408856
-0.04946348835316725	0.025396797916298973	-0.03892599346573797
-0.05002211323216697	0.017244837347847333	-0.041685102790598165
-0.045420904518041816	0.005894500627253763	-0.049114817119894454
-0.04255016258274678	0.004725918382709669	-0.04595909873106322
-0.04132172036871685	0.005465604142631846	-0.043791823509449136
-0.04090167265254405	0.012998479205419855	-0.051084615282445456
-0.040565474701923905	0.01814793010950594	-0.05453977368149995
-0.04160023614358865	0.029372737595121504	-0.06153149076833231
-0.04415487322425519	0.033015350364469176	-0.051808114074915
-0.04666467407603831	0.028532331361005595	-0.054471438040128606
-0.04417365187527872	0.015713488210592385	-0.041983233187365944
-0.04147123721825332	-0.0020375480388515423	-0.033547736065650494
-0.03877332220952787	-0.002873689830388546	-0.026568255496572497
-0.03949902367451828	0.001808773502786942	-0.0321097597539977
-0.03797252245054245	0.01639501715987146	-0.029161446139378246
-0.0345316843243265	0.013834792130731566	-0.038084610698242496
-0.03441313899065166	0.0057207475953742724	-0.030983307981992517
-0.026694174450711473	-0.010255198258097058	-0.0366624672907498
-0.00021552524922157553	-0.020608093110396374	-0.0225886926603339
0.023457133473829543	-0.0045623373678631545	-0.04693679898454624
0.033263004540905916	0.0031336312216122455	-0.03992077319978525
0.03216330024331003	0.012129885910680184	-0.02493091213199662
0.03741028637766481	0.014444029568385162	-0.01936950485207338
0.03700233783374801	0.017236444755149787	-0.027404193405021503
0.03821317687857063	0.01824600506521267	-0.02791905940305637
0.03499641428117115	0.013116115424450955	-0.021785830133532406
0.031113540638503613	0.0017297599911143037	-0.02296644141583505
0.025657478653680274	-0.01973494448781519	-0.031924690279848636
0.017590942802547277	-0.037802865648825665	-0.04284818175975674
0.0016091104691499688	-0.05703462400526369	-0.04513088854633675
-0.01567700704891266	-0.04773762540512831	-0.042894885572667754
-0.01993061673570641	-0.0314915879444614	-0.039753482167995194
-0.01996155749627149	-0.029549363282525175	-0.038077993461225014
-0.022896177035012455	-0.02967100649152954	-0.04267177081945665
-0.03202680073596038	-0.03398223307688281	-0.037589983311965516
-0.03804754721669351	-0.03753856603237136	-0.04477507563629315
-0.040160489183407436	-0.03711320261642888	-0.050245726301778
-0.04006329285881773	-0.03922228917979729	-0.05164207973770847
-0.037694721629334876	-0.0390343727140795	-0.0453549027417202
-0.03681820910424502	-0.03920710563233287	-0.031063916326186634
-0.040229031961988855	-0.04121910256608402	-0.03317694752814525
-0.038598432474269785	-0.03418563698996996	-0.0340802959722867
-0.03215634570730921	-0.04011065088687742	-0.04154375116078416
-0.021213475066272015	-0.049788330182533175	-0.041263646585933414
0.018070516693812988	-0.045425297724230596	-0.04026281833010419
0.03163699376729996	-0.028181375406343294	-0.04493409918104844
0.03548512543818068	-0.016796392278332926	-0.041941505948678036
0.03526104282039079	-0.019883416016323496	-0.0421790963789686
0.03350549885148922	-0.023229423544117136	-0.036161524869712976
0.027901285251303518	-0.044693731370535505	-0.04306532915180285
0.013546587539218951	-0.07106421515943602	-0.04875513096848385
-0.011070231972105929	-0.07086358523179123	-0.04892502644811077
-0.02320476559312752	-0.06647322919795212	-0.03397821982172018
-0.028469731235835943	-0.0634173779256914	-0.023334892896512152
-0.028390819660707337	-0.06607330559868077	-0.03143154521050831
-0.0268328028069839	-0.05689746831681373	-0.041013767986446556
-0.02580470921502119	-0.05679198655221072	-0.0486724453977921
-0.021645071957793208	-0.058806867780474226	-0.044460772598402795
-0.012864897879165664	-0.07942170798915428	-0.04004153894429258
-0.0016237719580791772	-0.0901613637029438	-0.04550376774216261
0.011847486146722338	-0.08435301788707446	-0.05190367520664736
0.0250876525711237	-0.0653879365540942	-0.046136988746687056
0.029216628208830343	-0.04794997281365683	-0.03808289249538205
0.03107136970391265	-0.03545852142227269	-0.03588565624389403
0.026295771561812384	-0.04915790747209235	-0.04023303244636707
0.02112489540526581	-0.06171126303228559	-0.04792529988346851
0.01238731730476403	-0.07604882146982696	-0.055511629289857
-0.001852540652751462	-0.0810139385599323	-0.04882243117556332
-0.029093098163795857	-0.07776023937220251	-0.03447988522455799
-0.039603063898707	-0.07392319799282766	-0.04028307938173273
-0.040990708496157414	-0.058984660734026445	-0.037147311324808176
-0.03806422519077139	-0.050133272750493355	-0.045268666405853655
-0.03476454171072496	-0.04468715204120822	-0.031209470984841135
-0.03654936763637763	-0.057950890874720155	-0.034739982814520225
-0.037869059532054355	-0.07023695359894871	-0.017896088217975364
-0.041723914113540254	-0.08242560909400887	-0.01844382389628984
-0.03316927593807431	-0.08525729684210837	-0.01713173644782252
-0.007866192685968122	-0.08669388068515133	-0.02105329050826618
-0.003669218930226573	-0.09886136416473262	-0.030440191950094102
-0.011103680718419384	-0.10810525298337444	-0.038827326082690225
-0.02307648608472465	-0.10424466136233893	-0.021485539772371626
-0.023541608684166902	-0.09671813642897793	-0.016098011490836978
-0.014486632162785427	-0.09270260736932992	-0.022369485470373558
-0.0014082446624039614	-0.09258981031885966	-0.0285065058211824
0.016207193459263938	-0.06382862297354597	-0.029668438286245054
0.027050838773664765	-0.04279806717118918	-0.04388133304928638
0.02508112577623061	-0.03512432683277339	-0.046353000759520716
0.0001571752714946491	-0.047628745802107776	-0.03725818555041807
-0.0267380699529175	-0.0474364792190613	-0.04238299043308704
-0.033414663041719604	-0.04362181946593308	-0.03780724777787322
-0.03467539641351389	-0.03813080356677863	-0.036409790110733684
-0.032995621352674864	-0.03154921470955184	-0.040798089726902874
-0.029003148689389083	-0.01215784630549587	-0.038233035742685356
-0.025162637446370015	-0.0069585124887031535	-0.02411173774045834
-0.02423529379839283	-0.008050451167739656	-0.019052459352065003
-0.030738584945528922	-0.013832352915842895	-0.019473163566578938
-0.03754263334077465	-0.015896303605790685	-0.030877188901820212
-0.04327879175434417	-0.014681843522185297	-0.029173580705455185
-0.04373144019456516	-0.012684661920435093	-0.03897304326581671
-0.04307679317818551	-0.0029891772554813596	-0.033785760934037026
-0.040074953273003866	0.002833832450091724	-0.043728682067455636
-0.0394484279207797	0.011747172643720837	-0.04247899334450469
-0.04521709701359116	0.013431223330476819	-0.051828079996807455
-0.05028197638052399	0.018404758077975793	-0.041647212690297544
-0.05433201629077197	0.016155767613796834	-0.03914753159374196
-0.05289187230324706	0.011668027594082028	-0.04383086242739542
-0.048866041297680025	0.019631502330336184	-0.043109625149662024
-0.04439275231826569	0.019882796400456714	-0.043861574540512545
-0.03932874783277427	0.02404208242116903	-0.030876863354944665
-0.039499981243333065	0.024627034855871987	-0.03409791688845709
-0.040988508564109905	0.0227181983334319	-0.03730998116833918
-0.045736087050828274	0.022531689750551784	-0.044097865421675916
-0.04607451019572663	0.01919112856946169	-0.037514132902746196
-0.04444593999578235	0.018859979174506207	-0.034684172566081826
-0.04280930880967467	0.02019933433324052	-0.02946603868064058
-0.047979831569908864	0.03195885769569613	-0.042779250220237756
-0.044780306749857744	0.04118440173771559	-0.035945480859968834
-0.04190546596076293	0.047250521257268814	-0.03038309260213406
-0.038542670168338365	0.04137619851515155	-0.031135566752726884
-0.04184695064657772	0.035841148791913156	-0.028111131553137554
-0.04706053825097725	0.031545087954979255	-0.040799265894837476
-0.04650536218252188	0.03367944041813863	-0.040702826506495975
-0.04486229332428888	0.03351189115328497	-0.04349444574789295
-0.042573837044215336	0.02816925207152654	-0.04088381803754891
-0.04342594760807221	0.022395115536406107	-0.029273964759342738
-0.042601866116032054	0.02469764913347732	-0.030357938763096014
-0.041488351304647675	0.0285058929972416	-0.026794109639959394
-0.039487241811059684	0.027427921361206975	-0.022684017716735453
-0.04263286114363871	0.030103158245555477	-0.028351702008704013
-0.04164330299122203	0.032822959616255545	-0.029556047302654265
-0.043631953602669915	0.030587660089962096	-0.030164365819511627
-0.042920197649057176	0.028669860102432068	-0.02221925336121987
-0.04699269919069197	0.024372458635148607	-0.029152138003853575
-0.049680075749191976	0.027739242538402015	-0.03552573422345682
-0.051855471630551014	0.025195276610708896	-0.037436657466621365
-0.04761434388499059	0.023898889218617454	-0.02494644980838864
-0.04750233959983845	0.021056258466876643	-0.023998186554072647
-0.04169308914055747	0.0252793279011024	-0.02587603253315412
-0.04537916655585125	0.031138767542600677	-0.03279974564339069
-0.04664107765105072	0.03965200775420209	-0.03919279328169483
-0.04908031108883757	0.04102883009158357	-0.03826580420496796
-0.04528851275999135	0.03543004583610343	-0.04052856025498596
-0.041763067926944786	0.025429348290704125	-0.033906535725157366
-0.04119228134874049	0.02024131294050838	-0.03661364443796121
-0.037228367396426584	0.01773192407363494	-0.020476425197203683
-0.037525148168004584	0.020582967537304514	-0.02256184473008843
-0.03834422689535433	0.021264998800448683	-0.020053149304206062
-0.0395243517967264	0.01847537340523389	-0.028894476718412485
-0.043997565436411944	0.026847018727417855	-0.02932529590604293
-0.0474781317817377	0.03461395503261757	-0.03426365171305144
-0.05080888555222404	0.044694867764432426	-0.03919070644005679
-0.047816017642699944	0.04256101651938927	-0.046612333209548135
-0.04226857205535769	0.038146382944367854	-0.0495664216402593
-0.04034045196632922	0.030735498034385807	-0.04654109420937846
nan	nan	nan
-0.03831675061782948	0.027249806018114525	-0.03515186022880719
-0.041563493719606256	0.03525533611190903	-0.036918294659593384
-0.03849253688246864	0.031631943552110506	-0.027650789832236587
-0.038103639329761185	0.033277699825094514	-0.02307675154181711
-0.03955537013378347	0.030235012138630432	-0.017381706190115566
-0.04168034560128911	0.032196498880059654	-0.02916040234135972
-0.04413559021594275	0.029602928597009984	-0.03535165578099422
-0.04018179431766696	0.035094325948472185	-0.03896880098684733
-0.03899084244895746	0.04523132284063043	-0.043649477996806796
-0.03682178987637733	0.03976143127597392	-0.034757174684509194
-0.03906666430410078	0.034363173296385226	-0.03090237900981919
-0.03901350491593795	0.030029503706477348	-0.020428633284821144
-0.04094064084839342	0.03720917094773967	-0.0314107522851898
-0.038918256564067874	0.039750433276666476	-0.030385616903124323
-0.03913561732087428	0.03236382605432214	-0.027886558786219533
-0.037799249442337965	0.03150976363474398	-0.024660299217926118
-0.039778700009016815	0.032835170035846725	-0.018899689098453794
-0.04290969224737568	0.04029106884773014	-0.026684268750137886
-0.04122915420665473	0.03185886650248079	-0.02244786824424579
-0.03771121148780157	0.027577061531534712	-0.02332067366934764
-0.0353475343778174	0.02078840761885432	-0.010201479211774535
-0.03938925134340281	0.02750903772528377	-0.018164387417536416
-0.041991694222872224	0.03664364314520402	-0.018415091485048836
-0.04433642963753747	0.03811678886534969	-0.028521526420158053
-0.04066095114084965	0.03721799322809578	-0.02210311219665467
-0.04095806969221597	0.03763665444030718	-0.031787515724270174
-0.03786178797550852	0.04136489271792998	-0.030138949834213582
-0.04215223563399485	0.042793613738022776	-0.034643949919391175
-0.04259314690107519	0.04305447319185863	-0.025766921193405845
-0.04268467407507891	0.04168016340063287	-0.02425700938523735
-0.04002846204234636	0.044292131795342256	-0.03252179089578886
-0.03811943480657788	0.0434455434478759	-0.042829942990286266
-0.03799865796384493	0.0419656497444506	-0.04282492257596837
-0.0401160940720507	0.04024723146310015	-0.03517332661469759
-0.03980135103723244	0.03463801952318443	-0.029076631140975563
-0.038299763166167275	0.03266797166829638	-0.0302539483141224
-0.03285167926037499	0.03358436134503732	-0.025408778171128958
-0.03083236795641734	0.03949852362434005	-0.02964460932214632
-0.03162023601109956	0.04143825530292246	-0.03182908194751706
-0.035479864832129865	0.04247118824108442	-0.033141893434982396
-0.03453348209415468	0.03640210649819728	-0.027635727686035085
-0.03146428756885445	0.03153498096794668	-0.021153186569116855
-0.030688089066791494	0.029428151042862935	-0.021720852016357227
-0.03052259483869417	0.031376574247882746	-0.0176168424838895
-0.03232509773420898	0.02746542447274014	-0.012737366626389093
-0.0324555930562769	0.026859823405738475	-0.017228231735277155
-0.03238594544663928	0.027434961957056588	-0.02810684418161378
-0.028246340690731155	0.0216706765484535	-0.03210637112453453
-0.02348814510171642	-0.002121448872578222	-0.020977855412589407
-0.01777308156149593	-0.02488753663462516	-0.01914009142180342
-0.007919536869893464	-0.04296222158876278	-0.01517034025438515
-0.008857688695282829	-0.038639710758242414	-0.010570972089790975
-0.034654633718073195	-0.02718427359064119	0.032809735146071
-0.043740833177906904	-0.02023442759175423	0.04390324329459136
-0.04390354047789127	-0.015396095724505378	0.04818469141456129
-0.05037170169285003	-0.017667612122662168	0.04505747858641454
-0.054556643023546715	-0.009402520889087934	0.04381383795186724
-0.05620533027274376	-0.005172894880533743	0.049998897123413606
-0.05462482123742444	-0.003264102517266786	0.05563546949982404
-0.05260380768020225	-0.004916265655820554	0.05300588720155214
-0.05633194965636065	-0.0029294497320737677	0.05454151744434363
-0.05718335906596971	0.0007302918542232504	0.054108270281194325
-0.05965037900415812	0.009504926361769674	0.05847780898122418
-0.05669891030337205	0.00955578068159919	0.05567988456248865
-0.05686905471050505	0.007380893307159051	0.057943493013091686
-0.05387466866592249	0.0033565754485063923	0.062047987439321
-0.05548558399312716	0.0004583864044677404	0.06344355100643312
-0.05418854728068398	0.00021397864712151098	0.06143067013132627
-0.055553669390736034	0.0010591490332823306	0.059781629714736634
-0.0535037280640962	-0.00019370247307807717	0.056005763388822564
-0.0545898002679991	-0.004195254816710923	0.05132655082843501
-0.053866642421176614	-0.01317366850882688	0.05197735283339538
-0.054088518595226696	-0.015017867551920628	0.0594423627471312
-0.05399116255630403	-0.014033787684268169	0.06428724768677632
-0.05344951337838812	-0.010996042793140946	0.06134079571265089
-0.05173020411726022	-0.008750696384984562	0.050026896282473365
-0.05018511442321146	-0.010705417059084246	0.044377762407663106
-0.04691035162649537	-0.015288084775173254	0.04672226166877917
-0.04730618066820193	-0.030947095584766975	0.05434599807701819
-0.04340603938184963	-0.039530577420876685	0.04602479485410816
-0.037355773382592584	-0.0550440651963572	0.030200563476745046
-0.016918972774364896	-0.06684788525953546	0.019915181851508482
0.009185923970879781	-0.048255129974803114	0.0006287774688990035
0.017007828464669236	-0.05043528044884793	0.00030285190080219307
0.016246558225336494	-0.05008753119717086	6.887266310209861e-05
0.011626910434477646	-0.06630213544462828	0.006276260993014262
0.011060538089214887	-0.06048750708016827	0.0019044873677612466
0.017037226549759005	-0.046538186158287864	0.0004703601510803873
0.0236960199973229	-0.02832767882258959	-0.0025758264647438717
0.02734698867470637	-0.0050676796743120076	0.010090251296113413
0.028222255746048475	-0.0009417590746900956	0.0016541342723684418
0.024169767496236273	-0.004083448252179834	-0.0008453113816304508
0.022374852731093138	-0.017229470701247265	-0.014015362493427407
0.022040710028424493	-0.012924405159767161	-0.014351596212430477
0.0227056303642394	-0.012487035501533749	-0.016048871667733305
0.022140255841320768	-0.008930067070289939	-0.011189568991906571
0.020306928361864724	-0.015474726416381902	-0.012858361813595676
0.021110494535039763	-0.01763838876695344	-0.007845862586778524
0.018225601924254157	-0.02721955429001751	-0.013077275772289999
0.014034750572238592	-0.03572131715718418	-0.01680561692101941
0.00813442939810039	-0.038780469757178915	-0.021345920293888418
0.003477013925445428	-0.03778216846483415	-0.008024980166813977
-0.0007991597599198391	-0.040902221081924886	-0.008022049997564768
-0.0024582389321909414	-0.04222931974834586	-0.01835202892178696
-3.965268867919407e-05	-0.03953142570338212	-0.02625177996526861
0.006222703906935315	-0.035694904120313085	-0.016746502978438618
0.012866554869583007	-0.03350762576070147	-0.01813756285917583
0.02111778442053775	-0.015274919275212216	-0.029156790624027724
0.026149423142051355	0.004801145975285551	-0.02890596463381938
0.026624298400194302	0.015064920904758364	-0.01055353664793349
0.024707244583345923	0.015843948867936268	-0.007038117163974129
0.021674907010582712	0.007093324699454628	-0.004708981165305624
0.01808964326857098	-0.005228003044602417	-0.005393865699725289
0.016094388265739133	-0.013288183519877421	-0.009148025303657999
0.012946158555830997	-0.018162788752797573	-0.003996820052174228
0.016346305579883556	-0.008345464989783637	-0.007678243543335565
0.02007193429820637	0.0012802609225521636	0.0009826890560875497
0.024439450031158428	0.00956127545436072	0.004091554056873666
0.025707426608044093	0.010294498838999074	0.007245683753569085
0.026743210067632858	0.010125192057882287	0.007933517116799443
0.02637154196873614	0.004232036550015681	0.008148781443867176
0.02597796615560163	0.014121756623413	0.014785631799432312
0.02475527669706814	0.018179562064229805	0.014494057051185276
0.025466185637131215	0.023303422884736538	0.014022193660484865
0.024375713444087566	0.013831795679182315	0.007902890823333685
0.025643482939066806	0.011499839634008547	0.005995593825046726
0.02633660429164415	0.01881778508035754	0.01223210035154876
0.02679028713296523	0.024652035837534517	0.015939254368805694
0.02580333786708935	0.02652987260867526	0.01241711706572858
0.02572184169675446	0.025373843992136963	0.009422201546346518
0.025986298805285656	0.021553925284823562	0.00952544707777071
0.028012874449244742	0.015912474091267927	0.006718660279757628
0.02753914129969073	0.0074824601857132345	0.004623744198703372
0.02738902359250112	0.002285786677932796	-0.003134396401755061
0.02377327418437951	-0.0029536330324484127	-0.0036118083948165416
0.021984156636134268	-0.004452242194896153	-0.003966053672401455
0.02191712322755616	0.0009674292301568707	-0.004841464993652615
0.024489472534354743	0.010168712558953113	-0.004066068406017982
0.024935185211760278	0.013450189068914823	-0.011116305946135222
0.024317277010226228	0.010369285675682335	-0.010479186627315718
0.02428101808056681	0.009925585899996973	-0.007548194042950027
0.024263898744054824	0.0098536288882092	0.0019496405805528062
0.02494347182348795	0.0004971407663530241	-0.00377439758861221
0.022091527105849666	-0.01868934132123781	-0.004973013589729444
0.01794266451127954	-0.042359068052374924	-0.007899799199726443
0.010195636828836334	-0.049319155961388944	-0.008839982318188815
0.00010396169143470286	-0.06107922161402885	-0.006192667498836561
-0.007474534334379789	-0.06629365302640468	-0.0026984388519000887
-0.013297794423714001	-0.05750975845849988	-0.005137195333690562
-0.015958901146946845	-0.035617612378466286	-0.009081242774616412
-0.017823457849757626	-0.015227720980043769	-0.002794973713315333
-0.018840940849184286	-0.002561527294590873	0.0010660706785397475
-0.023173120288986614	0.00036404042608366265	-0.0025766704368587155
-0.0276428174754839	0.004602351215230241	-0.014720892111670388
-0.031416513060426435	-0.0024201144852120074	-0.01867786053807502
-0.030218061406535837	-0.014365605459438806	-0.01491460835480314
-0.03256332009393358	-0.02689188947910754	-0.01038727431551063
-0.03165245771495348	-0.028150383275199645	-0.01612813307411312
-0.03182231599527276	-0.027063899035084556	-0.011210263677475584
-0.03176501321236495	-0.02789935236148312	-0.006386725009653545
-0.028253877279531187	-0.031227952034724567	-0.0050268815233283255
-0.023809859734095624	-0.03620891253908737	-0.010367484604372892
-0.013749049013250005	-0.048546086096851175	-0.0134927274715901
0.014136115047270602	-0.03840386776978649	-0.03445270092002729
0.02175805351596927	-0.03192213264781293	-0.031364793480507525
0.01946054031358407	-0.03586703202122871	-0.039041047720334954
0.007364017697522707	-0.051607698712991645	-0.04150098844114952
-0.018093877786333572	-0.05476237945998803	-0.034036395943266205
-0.024732653532436262	-0.053120867429287795	-0.024207673492618112
-0.026527217806181315	-0.040376790980222656	-0.020631754550557595
-0.02380978182846654	-0.03954577261519535	-0.025299501392699965
-0.024748840013574355	-0.027268538182616313	-0.026295525138651195
-0.02523614153375129	-0.031534496099805624	-0.034092764723082605
-0.024528458742023262	-0.024658562180630148	-0.03844805214733961
-0.021815692077024947	-0.025652583221306226	-0.0443605935120993
-0.01674215950716457	-0.021502370264092102	-0.04499133870607111
-0.011170443201485534	-0.010270015809473612	-0.032427320320000966
-0.008830376766799231	-0.009703161386186316	-0.03616206255921709
-0.005672545940437254	-0.009654843100676313	-0.03432256123201917
-0.006151242216879469	-0.021947825693603276	-0.042836605098173115
-0.00444526104644231	-0.010901503107398423	-0.03774711572683925
-0.005483789104635211	-0.005060559725019624	-0.029586515412263002
-0.004238834884583964	-0.003490671998232611	-0.026640918578190162
-0.0034017563286629525	-0.01094120139622698	-0.02719306807901603
-0.005006602752793141	-0.009385154718496394	-0.03374322921016101
-0.0033146677556128803	-0.011628162658520246	-0.03460178521122519
-0.0007901400899352345	-0.015199172012038147	-0.03809628590410912
0.0029208863029431906	-0.013594801431533802	-0.03464813588838615
0.00464996704606974	-0.017798233435246908	-0.032794702541768805
0.004185403513242502	-0.021423690104548115	-0.026571366507669586
0.00714592380962261	-0.023520507135305443	-0.026847322814974532
0.01046703546775957	-0.016240807784511258	-0.03309724941958671
0.01412056651218328	-0.005252648998920667	-0.03220920717728408
0.014820328952013307	-7.375409022372789e-05	-0.0262487769954517
0.017691590155469433	-0.0012028824665872486	-0.022324898372902267
0.018869329826540417	-0.007060944972629575	-0.024518151290565986
0.020731650908038326	-0.006746269543889891	-0.021722584757968195
0.021231135459310886	0.005125960679215707	-0.018540077849117577
0.023102536844555845	0.013717199431950322	-0.009375354651673377
0.024644620338502787	0.014361190229847307	-0.008395302007284455
0.02608239458519	0.010827261893832967	-0.006205751099321973
0.024436074433891293	0.007099483610335722	-0.012691104883775901
0.02168436488215747	-0.016220188392304432	-0.019585417606270916
0.013882529380750285	-0.033788318719536546	-0.02888612080569295
-0.008816350960288745	-0.05603134258669088	-0.028311708192670225
-0.01661016770824117	-0.05304427808668683	-0.024822979877506077
-0.02244735883636515	-0.04842671063362258	-0.018119704802373376
-0.02560047816312272	-0.04149409573505736	-0.012948434445424076
-0.026984681306334746	-0.031160406607576192	-0.014683911219006291
-0.028244822363324373	-0.019958009194568464	-0.009052739049606254
-0.031192620742406404	-0.011819026286860348	-0.0030104631898540644
-0.03451598008814353	-0.011699644533356682	0.009880373826722015
-0.03624858848520345	-0.014445964638333194	0.008021919257346598
-0.03902724035858784	-0.012758454989211769	0.015970208660681648
-0.041613548600848205	-0.010681708923143624	0.01941630319610866
-0.04023964372151732	-0.01552562126548199	0.015751824278148148
-0.03645763706418757	-0.02128658310138628	0.005327927299758103
-0.03203615869522799	-0.02681387424203329	-0.004286709853354803
-0.025096401764551943	-0.028285461589528497	-0.0070547113341458655
0.0037015028537241146	-0.02180517705788662	-0.02403049613841086
0.0076658233502281455	-0.02764971926702363	-0.01672111300222238
0.006238400059118658	-0.03333288314426373	-0.01059222848989026
0.004691433986063108	-0.03457649884923617	-0.005159394370757288
0.004371254217736857	-0.03325821287422334	-0.013605961631596445
0.00792836454723273	-0.028628893524616623	-0.01517641147518301
0.01185518024051704	-0.023749443723300675	-0.019125057957657243
0.01637543310472202	-0.023130497775608206	-0.019894228637318847
0.01624760635503835	-0.02214344717494687	-0.012227692518529225
0.01993097478331447	-0.00921345886218188	-0.004699586467883557
0.021605497402125456	0.004912164393791276	0.0014991370075630138
0.02022086518608139	-0.00015106542054976356	-0.005552846187994818
0.016833906078077422	-0.014671758705181878	-0.016964241782156216
0.014575001410186706	-0.01779184536695218	-0.00972215165168898
0.014040623509974218	-0.019849641648938047	-0.006905145904965266
0.01620892845368115	-0.012882974495024043	3.905771013373513e-05
0.017871710341256786	-0.01147053927637898	-0.006300992305714417
0.020892747388506668	-0.002513640315413802	-0.0007957551624001719
0.019277825500506805	-0.003202045067619605	-0.0017339606596524643
0.020419299957712744	0.0026426823718583964	-0.004451535512691125
0.018806703379401803	0.00504269250577148	-0.0028135355650058397
0.01711857293691129	0.007973522074045827	0.004096498199249114
0.016896852396792877	0.012432817698335699	0.012142564088079611
0.01868931042170702	0.014389038110366417	0.011416173247887322
0.020205455066943087	0.016883968427614693	0.01632167076316117
0.021703025170419957	0.014712759703870324	0.008236870170946976
0.022659900063601267	0.013265002975848901	0.008016228615448016
0.023240898439734616	0.014846690163787589	-0.00228900990312831
0.02082296512522758	0.008753721385061943	-0.0017452242449954893
0.020701580385238033	0.006982750555791731	-0.0037138567053123656
0.01992895296603983	-0.003811257685619401	0.0008461589003259488
0.019315850067878476	-0.0051048818083505	0.003971630644918579
0.01492215816716177	-0.015505567812099039	0.005134890940033349
0.009997215813673209	-0.02124278751706503	0.005793967628484625
0.006723758588962225	-0.020346928929999713	0.009273899718204323
0.006293023742534579	-0.01591044142583183	0.011566298600892644
nan	nan	nan
0.004809867077457904	-0.013879297474314852	0.016781489915259178
0.003522255307202878	-0.02029428488418653	0.02019914645759323
0.0016135600226030483	-0.029717078292127903	0.014313002861633247
0.0032924214452321517	-0.033886218404605345	0.013624351922755639
0.006674569838707312	-0.024858158221009667	0.007995732987121008
0.009573702110298558	-0.014985222489725048	0.010901054072041937
0.012804401957118	-0.007018313192112867	0.004850635455401292
0.0183794635922022	0.004856882086833207	0.012226487728680804
0.02067810843269003	0.008183958980070722	0.014555804563718258
0.018754600039235528	0.010173578670267233	0.01465587605287862
0.017534069888854385	0.008937698575369184	0.012210449035751282
0.017234701070495857	0.010252936218963109	0.017147002396200935
0.01936881126479382	0.014232950562143866	0.025615163769405862
0.01831543265041109	0.01637685227996091	0.0245953238429472
0.017137315408926466	0.020930567304850493	0.02492830631476632
0.01782297507190079	0.020710358524195973	0.024652171845937657
0.01869796831159637	0.026178107085011306	0.01991571873104186
0.018057149451088536	0.01933952621075856	0.011797426898652399
nan	nan	nan
0.014396181427710394	0.013998692108265369	0.011825223215904998
0.012487438833850607	0.005336756374300321	0.008514523277142551
0.011952378308434916	0.010062707551479217	0.009162592883526846
0.012680206011572449	0.012354371512150296	0.010748097315494079
0.01657804421265496	0.022676332998017534	0.01959150143143125
0.019011910711534366	0.022659925608853226	0.02085796029934931
0.019839189345608993	0.02304005071760273	0.018658664622314122
nan	nan	nan