# EV_1 (84.8507)	EV_2 (59.7766)	EV_3 (23.7453)
0.042254733418002934	-0.021599922459879302	-0.014531783776528577
0.03647003426841383	-0.020056992666335104	-0.011646135694792205
0.03292177420007096	-0.01994972459600745	-0.012442118265536387
0.02818646749671846	-0.018747799657176864	-0.010570280584027553
0.031103799482192242	-0.019733666162921302	-0.01306782179055381
0.03138931995062207	-0.019364607772146356	-0.01280051389585389
0.032614200259733134	-0.01773923026134343	-0.014035779910579041
0.034658271209714465	-0.01882768334678723	-0.013406130275559841
0.034158766930024675	-0.019364646373244317	-0.01280095122348536
0.03646106592308179	-0.021646009637769262	-0.01372026109617857
0.03712059232152361	-0.022605389135204077	-0.014710781911259095
0.03719780081148422	-0.02242342304155953	-0.015761834755486905
0.03474903918502586	-0.021369765546103446	-0.013909941058888903
0.03194978830713157	-0.01982521828193456	-0.012062753498918728
0.03163686744866437	-0.01981390351975099	-0.010668944371014372
0.03199515774181513	-0.02092680841642444	-0.01481224638905615
0.03267614307047662	-0.020735042086182435	-0.015111699585846593
0.03200169788249762	-0.02077967686702651	-0.013919666921018488
0.03157679796162291	-0.019128808048048798	-0.007212562525327863
0.032834863042121416	-0.02025351367092823	-0.006565634976727325
0.035373149278629674	-0.01827713187016494	-0.0046117803822726885
0.035699311284851265	-0.01991529617855468	-0.00944812969956637
0.037629787445017104	-0.020534478233197255	-0.010001167909911707
0.0412560041536718	-0.02401006971632672	-0.01229786425559306
0.04130729916586211	-0.023252814355850818	-0.009152850588937715
0.042272939005710816	-0.02248180342448566	-0.00605749260841041
0.038480156003387646	-0.017915078120225473	0.0013849117632747932
0.03616243338207929	-0.016572713983485206	0.005374528607360828
0.02522062708874737	-0.011142281239492725	0.01665168734291272
0.014305764905732658	-0.005278661660340791	0.033127042818421326
0.007790798947674975	-0.002259097154648006	0.038457390302355524
0.00497190527426434	-0.0005118299451726599	0.040838358347296703
0.0017826094219105966	-0.0015606068015514686	0.035669882973751364
-0.0018936922230617934	0.000671463398087555	0.03398842689230462
-0.00801374497027533	0.0033079696659476707	0.030529555353245086
-0.01083736814611625	0.0021415663882867445	0.028502418265160603
-0.011376129958088826	1.7952465467502616e-05	0.026046502101870886
-0.010222729721585165	-0.00568229227956772	0.02023500893203005
-0.006976911414970729	-0.003917575863828708	0.028484415944476
-0.007163526723897821	-0.002487139488923346	0.040431679784436306
-0.005571005951934547	-0.0017540420333498356	0.044475555783447585
-0.005161228981031196	-0.0022849372297587475	0.041268560897384204
-0.005389491459590187	-0.005079645858807006	0.03700874779602433
-0.009081450585107955	-0.0051965908746737675	0.03979474602940716
-0.009955194960989424	-0.005766889327094971	0.037779036248625227
-0.0035651754240354954	-0.004214965330313212	0.032560021689414693
0.013409206498092184	-0.004812820104484223	0.025307994724132598
0.02609713542088514	-0.008830044770133333	0.013401832152999362
0.027690870332835283	-0.012322651303085554	0.009116473283701267
0.029013535768411553	-0.013766110138519284	0.006342811285733
0.033024072619248154	-0.015834401939438792	0.001101103414426076
0.03909071417598802	-0.018088799439412776	-0.00593543806380982
0.029108069949254155	-0.01529304788518181	-0.008428672465800459
0.029945165527135425	-0.01714140606372279	-0.008803298404054735
0.022444880417817066	-0.012110378957528086	-0.005388823441909631
0.029416620315201054	-0.015509786497048908	-0.008245233086416375
0.030237357616070607	-0.015742259325050408	-0.012101295616704283
0.03635952441305809	-0.018459222123832674	-0.01560751626532407
0.037322303769448555	-0.015546771151368419	-0.010538305875620713
0.03886508342374972	-0.015424352091049948	-0.009781288619725804
0.03456199085726354	-0.01570783456600615	-0.011778740273364723
0.036313013862640756	-0.01683983682775116	-0.013870340208524644
0.03758234099854688	-0.015695326891189198	-0.012832040992709869
0.04398845345012497	-0.019681875954383747	-0.014008236309520083
0.04572799706235333	-0.02157587825195044	-0.015279894019577432
0.045501325940740314	-0.024682333811547694	-0.018370573444330393
0.04050083489917529	-0.02038679521885425	-0.013270936832656621
0.03561515528385546	-0.0181492041930693	-0.009327546871013753
0.03106444917564993	-0.015322706275632087	-0.006422289870452087
0.026593992085948686	-0.010722264942583127	-0.0024831461433151916
0.025494757047433213	-0.005272004274989139	-0.00010800935090439848
0.02829414916946085	-0.003437187364866243	0.0014955922998381235
0.02813994985642975	0.0017914356388142368	0.00010194566830650995
0.027497842589017166	0.0012391356051347808	-0.0030093325411379955
0.02167342886775811	0.0021375796470749844	-0.0036374582283064776
0.0243067633678116	-0.002349501775358199	-0.00565083200882599
0.022385652565324564	0.0011396500871996148	-0.0031257243641719668
0.0211784469383504	0.008612544161742224	0.0014924987903842217
0.015128154455670922	0.015082925372448397	0.00913137557643933
0.014409929601471557	0.01761904710745239	0.008584543122762932
0.014462834792702162	0.013427218218438246	0.00918143139388469
0.016323174184132226	0.010402146880615777	0.006919248163155346
0.012980783363674331	0.006283291955128751	0.0072682637428290765
0.008513751955014155	0.010036649416923364	0.00171897731697438
-0.007173217894927323	0.014486851039099673	-0.006450590553091867
-0.017244177174808716	0.016957843414101715	-0.013547914372001322
-0.02304823981782618	0.014178543969728705	-0.01927335772914677
-0.023877390732830718	0.01607166946514634	-0.026868873381810043
-0.022931642810954535	0.01655824079924261	-0.029091061231505455
-0.021620177831929946	0.021136332934779307	-0.03361035504062705
-0.020908664209587712	0.022229629384552523	-0.035158760521374344
-0.022995129503155107	0.024890317453485057	-0.03955490853787845
-0.02273890769968681	0.024052668956655886	-0.03841574627452596
-0.022120561421427924	0.022452833062335104	-0.03642223160240687
-0.019963920297108893	0.023232221189032683	-0.03397347322360007
-0.01880568647321605	0.022086036826160872	-0.03422219208201391
-0.01776691968900456	0.02349079260303236	-0.031576474554682175
-0.016785195646217013	0.018948060237271986	-0.03054684230682933
-0.01680523071546207	0.023173233544566487	-0.03013023772091241
-0.01703491491558389	0.025600269305193716	-0.03705717294617014
-0.017507989303634754	0.028014316954934445	-0.036846406579881016
-0.016379846450288033	0.024289365937448782	-0.033244156920055064
-0.017444885959001934	0.020718262096748163	-0.027312296343656617
-0.017711804674398382	0.017844875375022853	-0.020981637204522768
-0.019323732360693482	0.01863813411171418	-0.011853518373850496
-0.014444953882713349	0.01684450313090326	-0.008962743791338715
-0.013906001404769898	0.018365760550353213	-0.009849798485169283
-0.00872982141597879	0.019486185301231775	-0.006157298525226463
-0.0049278717232507955	0.01855828186269839	0.0005911645067739682
0.009214473861804346	0.008660301333857014	0.0014564507852872907
0.016394231800213724	0.006078402159472332	-0.007622311503190354
0.015278841465275843	0.009983309963593224	-0.00953159081770623
0.006945528294045738	0.01758880395751698	-0.002855324815183448
-0.000505361359279302	0.024243581821040253	-0.004716021794308937
-0.0036891991895998395	0.028080817509246635	-0.012047741859952492
-0.00672008902421788	0.0319019204422565	-0.013272405489601458
-0.005938875476475396	0.0322335660139297	-0.014172500222691918
-0.006286618737969936	0.03477705184096968	-0.016238470178664477
-0.005964029433440623	0.03623341362691776	-0.02205400558468061
-0.00508264467178655	0.03698705953735308	-0.023315478177845107
-0.004094934172813382	0.03014222321414059	-0.018951962744608135
0.0011862434587970089	0.01957607736876305	-0.005083378651945552
0.004464702345283749	0.014356134146280923	-0.003204171135724256
0.011670154261161624	0.014175687832583866	-0.0028552307180935294
0.015483340417095261	0.014122241894014417	-0.009790379375831694
0.018178130566255314	0.01406719064652788	-0.01192346655261067
0.021393371201661345	0.011265390610707958	-0.012691498980698455
0.02268408090854538	0.014950097830035305	-0.009526860182001249
0.0267746123431222	0.01370557766782496	-0.009723516668920316
0.027965172949871997	0.015597725135022545	-0.009088358421335343
0.028922792074489792	0.017010659475620613	-0.01214505150805932
0.02566884259851317	0.02147174094970497	-0.013777263998664812
0.01613936553868035	0.02856457230917767	-0.02130718138278854
0.004092502968237004	0.03870958681649951	-0.02634667224742674
7.851211666262533e-05	0.04017070961723623	-0.027843830473499892
-0.0016377927762396556	0.039606520959103705	-0.02530300625347842
-0.0008443973050146518	0.03860204955680956	-0.02352755928234978
0.0029484135376363287	0.03527780541071934	-0.019075130669621635
0.015126649468895881	0.025299943669793844	-0.013456998373520043
0.01693609117448488	0.025213387417954473	-0.01186380951356688
0.013025089624663914	0.03164983691000717	-0.013995658006244248
0.0028556904821238995	0.03854123617042022	-0.017071651808773264
-0.001957093236886946	0.04054221934563522	-0.01688069973890129
-0.0024828314008099915	0.04227821129985362	-0.0150976136384934
-0.0031182122657294276	0.0420705511687834	-0.015106169344254275
-0.0032396684690608386	0.043095729222662235	-0.018272376997867438
-0.002738652439238448	0.04229362186062335	-0.022390516105790924
-0.0027942385472825657	0.038738274095771484	-0.02418147430226006
-0.0037487327253509757	0.04213919875421505	-0.0238390949670611
-0.005379821618766486	0.041522933023530106	-0.02514104330157993
-0.004927282778363646	0.046354979013319184	-0.02205921990546376
-0.003954352942346341	0.042390443318391355	-0.019713810946690426
-0.004318426943120136	0.04380042356693161	-0.0218880434400053
-0.004076884702272174	0.04458776709637551	-0.02168083038121301
-0.00440578289078094	0.04385585876957079	-0.024757196767700305
-0.00394824063573386	0.04183368610352534	-0.02143747007044317
-0.004741578674794934	0.042880398436911944	-0.02394576441596815
-0.008034601894657772	0.04783851872632703	-0.024306367089026584
-0.008224247236760698	0.045499914404639186	-0.022655455927615028
-0.0038132200789473014	0.038975393981631974	-0.01776452392729135
0.0043509920192303835	0.032983697801304106	-0.012280003591579502
0.009635700026535538	0.03287476212156905	-0.010182291276319864
0.013587258206196945	0.026396108455764726	-0.00517768136502463
0.01771781367044438	0.02332459079192203	-0.001848116357635713
0.023768877253902133	0.019166605743067854	0.0015125011369383837
0.02960020805394845	0.016252958737002728	-0.0010572258368509897
0.03160987984412462	0.009836041487720668	-0.0006098155233792285
0.033440940741696665	0.007970708420471076	-0.0020634349477688385
0.028181130268249362	0.012670688189971985	-0.004129774596161796
0.02676484790982541	0.01436788605848979	-0.008531379706214204
0.025614999315398	0.013145255948472588	-0.012386353222370135
0.029022449919653956	0.008727883725792123	-0.01350649893963277
0.033754539083863416	0.006357566722768711	-0.009905389946946959
0.03650827142779292	0.005008609218556073	-0.004893336907557694
0.03399800634822423	0.006787972021827786	1.1283883424716146e-05
0.025404976090150622	0.012869487520492533	-0.0029673064643263164
0.01919513876313377	0.01675432964202416	0.0004278385305856551
0.02135051339725731	0.017266428766075356	0.0008254305749822825
0.025653220973471526	0.014706731485629239	0.0006581546523745652
0.02622150695597939	0.014450613686798437	0.0007462240441363233
0.01964884865573867	0.017268202404204885	0.00045387764888099244
0.011908399797491679	0.02255005076590103	0.003409486398204594
0.009003652482975267	0.02272407515271547	-0.0009674663683299067
0.006435541361960242	0.030167700276311007	-0.004581425368074808
0.00928862837017418	0.03324382264332611	-0.01192692664498414
0.00856900329080673	0.03563734639629636	-0.01172014465651956
0.007610821074912398	0.03322127475900388	-0.012522435463345367
0.007279879220421769	0.03378486460850853	-0.011077080874567102
0.009932187162296076	0.03510373259251902	-0.007046725950692726
0.01046640937093208	0.03099604469643462	-0.004542003807854246
0.012800569430304219	0.023471521188508045	-0.0019686903144211527
0.0065621892556347655	0.024460493343823244	-0.0034470871497650473
0.0030041790377266023	0.03594776705596702	-0.010824809514835398
0.00150197996876267	0.03977384782463454	-0.011957857845591724
0.0037176879446442984	0.04035471066362102	-0.013050540732610584
0.0028481223485588326	0.03605115245349578	-0.011972394020864533
0.005490636060027176	0.033864548529231105	-0.011547260573097145
0.01199825603474902	0.03163996222788344	-0.013775424901888388
0.020618226593950347	0.026817421707452525	-0.012779354940592347
0.023386102379418038	0.021294933359908813	-0.009615563470556192
0.02783434220979452	0.015628597626300866	-0.004314906544371073
0.026957573714489903	0.01661891939634529	-0.004039740785850884
0.03011310302272457	0.01383713146508991	-0.0014356273762333206
0.029947123422499666	0.013966876331418087	-0.002922522967039043
0.023338458957666067	0.01859210383441415	-0.003962570466856781
0.015966920829102376	0.02539359613731624	-0.006245669621357013
0.01071138125052353	0.030521175146372804	-0.004782086017088563
0.012165654861376525	0.02691637253681082	-0.0034065720188255367
0.009473982664956491	0.02115941078485963	-0.0009045352679122407
0.010455478496225582	0.0187995103179321	0.0023418375008707106
0.007755537513944682	0.021249670226865826	0.0073475927556136186
0.009598954527913657	0.02359337762804748	0.012139822791966765
0.010420200842876159	0.021076002924788076	0.008941651712528132
0.014720322598561989	0.016815706723330586	0.00724923675223499
0.0170059654552572	0.015497287509128316	0.0076420877175956085
0.0180942203033229	0.016224811774742238	0.009769840140949481
0.014389827590573136	0.01729337044720812	0.008125528697833242
0.01358603012781201	0.018046139809368894	0.00863336809232848
0.016210889954363168	0.01375727502656958	0.005940824060488282
0.026081704086655187	0.00812101573872084	0.005818044488115071
0.026966720204535298	0.0024192021025400963	0.0027936951341761378
0.028947427680964217	0.005219170047857767	0.0025279321780631234
0.029921859235526205	0.0021936438390309956	0.0004146719642954544
0.034650148550256075	0.0050154297013317965	-0.0021358592475671997
0.026234102093988184	0.0027077425269051653	-0.0002982932289832471
0.023517064838323214	0.00199806757135129	-0.00013776552979194792
0.023091947128540066	5.5156020542516546e-05	0.00212346523263934
0.031489729659149174	-0.004454032759444029	-0.0012872836314986175
0.03803020400838586	-0.007308590529295165	-0.005715774515639163
0.043983806967575555	-0.009197002580108873	-0.010047897224969654
0.0470372785724539	-0.00813399454064838	-0.006551679983065918
0.04801410366069617	-0.008549389517345162	-0.0015336129538355975
0.05103650206068485	-0.013769836503471786	-0.0006064038883157527
0.05098833030440881	-0.016588324346213934	-0.0032304582049540315
0.052591315715484296	-0.020383111350796224	-0.005132461666358987
0.04654268882996639	-0.015932945977170085	-0.0024406638009537712
0.03757317864204896	-0.008080776675120027	0.004056524087728684
0.024082563587520565	0.00171431897081539	0.009260823001721092
0.014820070501498816	0.005786288513770937	0.01475265105549277
0.010442937051728657	0.006467477397880663	0.01896913193403791
0.009096824728139523	0.005830885080854491	0.01934603284187879
0.01043669829110094	0.0045362106114863405	0.01603765534085627
0.009336706584231429	0.0042035784806292355	0.015427906832253736
0.010690352036218851	0.004873056032647231	0.01863339257139894
0.012294163326582959	0.006761145988273035	0.015501190395678953
0.01696151402063365	0.005781016477185242	0.01139651388930002
0.020177960791222437	0.005672754387609356	0.0085234992057543
0.025003087665467386	-0.00013454142860790455	0.007854201612145274
0.03316773308480312	-0.003803546727297921	0.005451504098088093
0.04035669302334826	-0.007551176434945559	-0.00019711661702215277
0.03898162045404296	-0.0049203589532795635	0.0032869768750656836
0.024552232748584934	-0.0006737736508274348	0.016925868097733863
0.006088101132770508	0.0027833019539047865	0.037281227576489634
-0.00324806547196288	0.004625791803375893	0.04902612279562209
-0.009224366091032402	0.005006183871676111	0.05422175674189983
-0.01149514236330069	0.0059038848325877	0.05924919585775565
-0.009843930608606053	0.006178039093651165	0.05440944143462406
-0.004090531374248813	0.004232418710856426	0.04739478158106024
0.008323446784522123	-0.0007472987942857994	0.03379259297846558
0.026273933048678855	-0.00827360663162716	0.022439291798022284
0.03658255683283451	-0.012219634249024811	0.014220896180887056
0.04249350522527577	-0.017763584658724175	0.007628411298638012
0.044718067609267095	-0.01940796455144949	0.0008686776022799117
0.040384283739238976	-0.016752386162892565	-0.0020643662722724457
0.034212903800537556	-0.00810157326790715	0.0050560165887116905
0.029349536086729213	-0.005758720535731265	0.0034249729461693287
0.03002555618463091	-0.0019037606708135332	0.0017462872271643663
0.029907333020010557	-0.0012444022183825576	-0.00297879862586678
0.033517428873063325	0.0017055599688451206	-0.0016371674610720435
0.03385385893871389	-0.0012179000454150867	-0.00034439228813477885
0.03832664573470006	-0.004949742190465483	-0.0019372708944578529
0.040691560201623615	-0.010992787986860654	-0.0030770218201345498
0.040759257659411824	-0.01027879192710388	-0.002585188579618737
0.03539663717015664	-0.00453680548296479	0.0005633123103656185
0.034146900039965	0.00044093753499290054	0.0013429052090021057
0.03452088477381284	0.001696815887080459	-0.0006175861887981401
0.04154673881647727	-0.0014171962428940702	-0.0022993882671432375
0.04702344374465577	-0.005546051973404012	-0.00614764022280833
0.04833518364773007	-0.006257518692986065	-0.004772953848517031
0.046978326813979156	-0.005179166604255928	-0.004828221878004829
0.04559058274943271	-0.003133927616526297	-0.005707188540018296
0.04150094811468233	9.537569799305727e-05	-0.006087923027339293
0.033325018874294184	0.00460616760957326	-0.002803603367641662
0.027280662590420675	0.006539714300341984	-0.0011303423355675662
0.027760522341841034	0.006459603077988352	-0.00019731066008275497
0.02775212314750875	0.0059993226601386005	-0.0006955789830782703
0.032111680521485955	0.004961555308643306	-0.0016148418783999488
0.03047351557589881	0.005624881058173085	0.0006775245630879882
0.03254016591086313	0.0066925831239449856	-0.0006829801212639292
0.029310038342545818	0.008280101023768246	0.005572751308115513
0.027776789813896398	0.008536246019196546	0.006446889696926264
0.027677069486887942	0.005703130287627055	0.0056764292918159084
0.027085958945775642	0.003633599653346246	0.0030444643618491793
0.02991382926983119	0.0018968230885861137	0.003486651090794622
0.03033720952098378	0.003227947743065959	0.006461832994889793
0.03127186998231201	0.0018583450373556142	0.004407645546929146
0.03249950963030525	0.002946169134838303	-0.00016623877240469487
0.03295944777029279	0.0004814794299530907	-0.0035951032342818184
0.036201684145822484	0.001499384084811648	-0.0029071249528299717
0.03917534821978196	-0.004755075557436274	-0.00484938542345853
0.041163196220232304	-0.0067894583138387	-0.0044422244309989325
0.04638110736705624	-0.012892740768755516	-0.007587543112881137
0.0424106476489323	-0.008915699147678088	-0.006414929602469879
0.037167345964814295	-0.008383734404199431	-0.004856732581615439
0.03397715159808323	-0.009317612032391077	-0.0041580419170379815
0.035644567324700845	-0.013862441373590877	0.00016721663235258477
0.03431421800243078	-0.01494342100625293	0.01097760370858811
0.024969426521745018	-0.011016301308140167	0.025545371370262717
0.01991890269042689	-0.009649201540824187	0.03280910852080353
0.01395119880953393	-0.008951463833148321	0.03261444146197717
0.0064662657632006465	-0.007329101065058367	0.03638155307771277
-0.003193658051360515	-0.003400608760007964	0.037868635670516924
-0.011757936773475074	0.0022585119687526236	0.03926331503760485
-0.014715582415118212	0.0034491281742485454	0.03839975073736597
-0.014853702503904396	0.0035106667853051173	0.03827651103320712
-0.017592770874404456	0.0023219527148087495	0.031065776262163686
-0.02031892191895525	0.0012992688731133341	0.02899966019923778
-0.021919774073333648	-0.0024793568576092495	0.017803968904232317
-0.02569445188641287	-0.0043538642365214325	0.020513786420279748
-0.028266536493067772	-0.006090462882368209	0.017320735287055255
-0.0296843837473012	-0.007311775478868774	0.024607162159857917
-0.024042932132903826	-0.007707429191317804	0.02961820837079597
-0.019009678479871565	-0.005057121485886124	0.03885864139074938
-0.013995568090173657	-0.0023949966123371236	0.04642187777462416
-0.00646660734146811	-0.0008841924620833376	0.04104693352792385
0.019237057133593315	-0.0039326877048257505	0.013400934578931233
0.027884485815989263	-0.002965468901517581	0.0053622623647465555
0.03293228226306849	-0.005588022494876037	0.00512089153639261
0.03648088708078412	-0.008913745567883885	5.10132244560188e-05
0.04102515914837052	-0.012892862771962155	-0.00010015933317849418
0.038290681439667545	-0.009366964845952097	0.001288937576593159
0.026622658187379127	-0.0012137021064090976	0.002120480953838294
0.011350484439402127	0.010733805382134419	0.003870426878684563
0.0023586087811782847	0.01711622465766348	0.01193300992599192
-0.001973798272617256	0.01955516981933753	0.02107490722294535
-0.0027542933762414465	0.020362640474115803	0.024654726617829595
-0.00036661785994954106	0.01573133677303991	0.023721208654459307
0.0028260055739792417	0.007910201624289149	0.025236427177491742
0.003943167422937987	0.005304720788888167	0.0287848154442209
0.006456490753000111	0.006193393826214169	0.02810684795533084
0.007604364800529258	0.009175980390301498	0.022518802564769305
0.009584537128854062	0.008500502074505705	0.018242155673341073
0.009427058534118187	0.00852319242422554	0.019155882543476315
0.008192711391576252	0.00880516019095854	0.017463270248230904
0.004782736869059422	0.010693422257904107	0.014347856135800339
0.0031581107062423354	0.011829485409439101	0.013015864171518659
0.004278790808111061	0.010898119677259514	0.013116023612750133
0.011529149714477997	0.007682326019455445	0.01210319016622221
0.02447922247237134	0.0004149278898973122	0.0022925698670216016
0.02593061401123824	-0.001700345317285268	0.0016093710769245761
0.020641315374600636	0.0013529749323139824	0.0036672960155632733
0.011725107211400408	0.004886729305636381	0.00868294103940485
0.005135333839454334	0.007584338126415936	0.013835145144814761
0.002984147986642273	0.005817405476540632	0.021402030594260206
0.004313088883920816	0.004975428706063895	0.02301232968346753
0.009209385673184384	0.0028437374625144766	0.02213351014771214
0.018534656951703945	0.001383789800599793	0.014754573243282217
0.033245142830813056	-0.004156910515470475	0.007450608645544546
0.03474375286480963	-0.008019025759652491	0.0016883908277981821
0.03176823115680234	-0.007906792654497528	0.0029393879234785696
0.03133538014383908	-0.007044253561106464	0.005481480121432111
0.03904471537368613	-0.006474061259334624	0.008011772127509597
0.044618280847326566	-0.00801444573505419	0.007542665201579535
0.04452618636165143	-0.01021395700539664	0.006218674902215983
0.035414695293780794	-0.009366767946582583	0.008893279439278683
0.015463344267267757	-0.0024526840664381533	0.018979572917943742
0.006401698815247958	0.002836034650958766	0.028088271158578215
3.171516365582168e-05	0.005268250786672037	0.03672902850419554
-0.003973627423865502	0.004193656962333201	0.04189911475496501
-0.0025219221409575063	0.002058270053796676	0.04509407547894835
-0.00019919772048975577	0.0018994545542583318	0.04137202913005031
0.001636731950779371	0.0024803313781219696	0.03391782337458663
-0.003351279599429269	0.0019742940009724193	0.03109167722971197
-0.006446841596937012	0.0009889509282928817	0.03148612430371178
-0.010897476307911472	-0.001342935005987116	0.03204587522838343
-0.01578152699884031	-0.0015619788199472688	0.02417865622703012
-0.018639360665964676	-0.002970872181404358	0.023197101726772952
-0.018658678869143634	-0.0011225513085341584	0.023941717818006955
-0.0140675996329724	4.667295819863536e-05	0.025015657320936524
-0.012245373302047856	0.0028084168606729823	0.020508490713984154
-0.008353819972206132	0.007485454558647548	0.017697301641280073
-0.001874541861803197	0.008991314373461862	0.01917179892842508
0.0060823500643289955	0.005873499569646432	0.02314708402765789
0.008465734637549096	0.0009846662127142036	0.027618697285728633
0.0025939547097686656	0.0029745786336480514	0.03030238146721324
-0.0058795913973332635	0.004127717645410333	0.0333356321399906
-0.008351672061612865	0.005632079303952426	0.033354044956800236
-0.0037687802049942783	0.004061973216359437	0.03351653490970348
0.005330966033167921	0.003827733051483557	0.02984428891434937
0.003911758850181445	0.005599102497351928	0.029714961690202643
-0.005563237081907647	0.010793699318543355	0.031422315161017296
-0.0113914482091033	0.013452963976771102	0.03797566269398572
-0.01109338180381642	0.010210804327259224	0.03823622762750915
-0.008057836912086095	0.007077165660350937	0.03817074546459148
0.0011741716683759222	0.0006830136558668503	0.02923396373745739
0.013127944027959403	-0.0031439279921600108	0.018484700700798128
0.027732652783310704	-0.009313372748727252	0.010264962380230752
0.03506918524583208	-0.011044958086094408	0.00665853997993587
0.03840398068074896	-0.013027734673696587	0.003529615838347523
0.034085646104651764	-0.01117671411951496	0.003565562211762987
0.037712313066272964	-0.012392986374287747	0.0009769174594630725
0.033916650506233326	-0.01063981689287121	0.004955325461567517
0.021824327000383083	-0.007181549732344129	0.00721723636934779
0.004802431371044046	-0.002992630683834514	0.010020449975283202
-0.002601912458206178	-0.0004020505471450263	0.007868621074609148
-0.0010585167855752863	-0.0009130727840635914	0.00860700019901999
-0.00030922163825276226	-0.0016210917518315773	0.005491461222097861
-0.0016786603225765538	-0.0033157496689955007	0.009959416496576941
-0.00792926831694345	-0.00656868520878344	0.008168775866658966
-0.009836925779431049	-0.009333556829496572	0.007891184461040065
-0.006002900485735148	-0.011856315887910718	0.0054890500701139855
0.0024171992401403703	-0.013455239269882638	-0.0006968430137876125
0.0014954444578223266	-0.01093207910508665	-0.0014928466857547606
-0.003919115943801434	-0.0078027981646696986	0.0008385777761076886
-0.009851771992500499	-0.008067816339142072	0.002207160724765447
-0.012420952456726279	-0.006167170961408271	0.007074656043819117
-0.0128813563716248	-0.00765026386890676	0.004017917673056306
-0.015907264143464873	-0.008416072959085898	0.00795345978485414
-0.017143281119469174	-0.01493039297845271	0.005575329213820139
-0.021301959826249512	-0.015461737720978313	0.010626126043668742
-0.020160435758387555	-0.016443114497573085	0.010591172695298082
-0.02380981041476419	-0.017451062362425638	0.010329260488951067
-0.026292977499274468	-0.01856743742422605	0.006992253723123232
-0.0304042010242368	-0.016330902864765188	0.009131545137925984
-0.032781749834200534	-0.01658719998403294	0.00661381397299509
-0.0340114127701039	-0.017858563587075157	0.005764969369209255
-0.032503831351631436	-0.020398602138719957	-0.00040726089513516694
-0.02695689911149804	-0.01635318793731123	0.007819259702357095
-0.017878029849075324	-0.014967669673975911	0.011248234668702957
0.002326794803433086	-0.010652889058342824	0.01126996580497934
0.011977953372449349	-0.008983451949592488	0.010367192629642051
0.012859432749404591	-0.005508659652863102	0.018117411300659633
0.01426885255792983	-0.006453342017030271	0.020684730803887535
0.013107959161761011	-0.008525320192675932	0.019111850807560286
0.016902810569113393	-0.010209740546465016	0.01542226343721062
0.026672553943604835	-0.011305412208924092	0.010113010240610724
0.03655321859336403	-0.013198049577800384	0.0067120391240531665
0.04083872195329408	-0.01662078618647226	0.0017252257285639283
0.04390406241711683	-0.021150020336232755	-0.001026446361058489
0.03748993275474363	-0.02087806438450723	-0.004567467950752024
0.043611599517520944	-0.02548261807932583	-0.009561343936025847
0.04261559188166531	-0.027011842650303423	-0.01480255352423647
0.04755703882248051	-0.02963838181996888	-0.014844861582858512
0.05010603727490692	-0.029080526875784694	-0.015581174594449847
0.04937301442296533	-0.0260483613207781	-0.011280928908859074
0.05322654380387578	-0.02876826278290541	-0.013930879489615591
0.046115760926751875	-0.0256767753740659	-0.011945616552849307
0.04506951160968812	-0.027238060357007814	-0.015815590812012136
0.042504220465569086	-0.025356069954548945	-0.01434634677952313
0.04644360054474206	-0.02685172286143685	-0.01416752902445035
0.0436871930258087	-0.024337398918199676	-0.007788035085117363
0.03419382630105797	-0.018432302905295742	0.006937318486537617
0.019330439693171286	-0.012327326395915545	0.02223654063224244
0.007466140188012145	-0.010458323119224896	0.027086511138198044
0.0006645356948904119	-0.009729242069485581	0.02595641885025598
0.0004843298018095859	-0.010873065378804005	0.02226517841974022
0.005203536201897272	-0.0113394767262513	0.01687534836808749
0.009300612146693159	-0.010637494554974966	0.01004011244464359
0.011579385393465681	-0.01062332848981434	0.009519061624281653
0.011578276625173215	-0.009088862739291414	0.008813682737616993
0.010307344281526657	-0.007691345477073169	0.010233944672913787
0.005641142457461363	-0.003492383974510926	0.01301079526586607
0.0018375976631901274	-0.0006599303106848087	0.008618852049054163
0.0002814231222496802	-0.0008025982382619678	0.008534658477605567
0.0048531241480733	-0.0030479837834351473	0.00585965000985166
0.011009348935448133	-0.003165664264328358	0.006332481579953697
0.016242493456872203	-0.003663001760480156	0.007517764616527709
0.013758380765573053	-0.0018600499960135055	0.002545839772046232
0.012123543482448889	-0.0046823484930517655	0.0020457768120422347
0.007622167096790485	-0.0011755914721222444	0.0029506837850820575
0.006725883330405854	-0.0014498573847278346	0.007481475154039285
0.009763174930627764	-0.003620033697751521	0.0076934660945202574
0.016369914037602937	-0.010020851240126152	0.00612153605667037
0.0228485631561698	-0.015345408282156952	0.00649068008292741
0.028349417790603793	-0.019007646515412806	0.007243552924218154
0.030887291917031854	-0.020304147778628618	0.006329475292591428
0.03014246692412456	-0.019774603562971487	0.00653401027250464
0.02546002693584149	-0.017294680011957456	0.007038041320570752
0.018165500998697796	-0.01699489038025477	0.005519021641431305
0.012241454776505557	-0.017940470589072135	0.0050844370240806566
0.0073668882087403464	-0.021269197233849773	0.0033068493812632186
-0.0007231808561576363	-0.0235177310792227	0.003364574166869997
-0.029591422249014468	-0.028372020420547983	-0.004252256122796009
-0.03858820567620586	-0.034599192766965825	-0.008587100119222996
-0.0424400439501341	-0.0371823716152052	-0.014291260589077617
-0.042603273690395245	-0.03623185005857412	-0.016134681497786636
-0.042940002455808216	-0.03779267147971702	-0.024421709172932647
-0.042603461311164235	-0.03732211278079483	-0.02842466519326505
-0.04094360626561468	-0.03644783371589681	-0.024814941781853617
-0.04341240211956224	-0.03697629347534089	-0.023818989766496573
-0.044668692427578906	-0.03728905415083158	-0.027308931362570336
-0.04711840925589105	-0.037756998749432495	-0.03309297188799898
-0.046431095164004677	-0.03571837480236625	-0.03541715918495858
-0.046128361541956	-0.03552889508664617	-0.03313177473330835
-0.04352544455246539	-0.03419381310027487	-0.033081773539791505
-0.0429129951606367	-0.03376355161606724	-0.03070242955490951
-0.04361622673894027	-0.03377100612679299	-0.027281026236071818
-0.043432560354580936	-0.03428694813989832	-0.020450641454817512
-0.043563936538738496	-0.03254507023623543	-0.021904087603661665
-0.04150687545335771	-0.02987518672906826	-0.023267746504366058
-0.03543711370853655	-0.025386796807400355	-0.021578812128869675
-0.01460258814199811	-0.022373684177768263	-0.0095169247101744
-0.00827045451644772	-0.018268158558628626	0.0007171285874269153
-0.006803697753935308	-0.01736101483264797	0.008220196798967216
-0.00193885845484113	-0.01655113161447903	0.011800676405892843
0.0078406362121975	-0.01814921924289752	0.011081388759145994
0.01349578019074687	-0.019172495850212353	0.007939866374531111
0.015217212635915653	-0.01635463982004107	0.009594578394627297
0.01226081625907476	-0.01617015387642224	0.010370416370657467
0.010934670303069768	-0.0124913332749841	0.011566786915798476
0.009512868934382586	-0.013229567043483837	0.014752191960799549
0.011070533300675008	-0.013786090514455155	0.010496544638670197
0.018096403998798454	-0.01828908907734475	0.006475779807587869
0.016553258373675456	-0.02112544757171573	-0.00044992627932658597
0.0050830665891091415	-0.024666912303444838	-7.752325493479845e-05
-0.030807387469346047	-0.03160003258917793	-0.010498101293894828
-0.04287355056880232	-0.03618795946877692	-0.01580005808222348
-0.04715127833389113	-0.03819302787703162	-0.02300605540697595
-0.044686789417475566	-0.03848189093164371	-0.027385825266633756
-0.040179303579642424	-0.03673056357606948	-0.028015507756803275
-0.03888034250362511	-0.03686312702197983	-0.030471842231878286
-0.041671948479892515	-0.03530920902751311	-0.033883088255319355
-0.04266621135210844	-0.036203540975852544	-0.034382356975851264
-0.04357541965028371	-0.03774966743202945	-0.03380705012776096
-0.04451520022574026	-0.03826122223894618	-0.03693423598425404
-0.044983591626906495	-0.035624217528431486	-0.037308179808388214
-0.04468053724612599	-0.03382784279585628	-0.03957172921604469
-0.043528284589112155	-0.03450540656994541	-0.037107882948704866
-0.04413608837905285	-0.03780636655241417	-0.03540019463436436
-0.04557209550847088	-0.037466971224830406	-0.03265686445393991
-0.04561301279237219	-0.03695812643447687	-0.030931481526385952
-0.04560832920454234	-0.03427526781446938	-0.035115277808117094
-0.04387452428966796	-0.032023365614888666	-0.03554687254704622
-0.03959799411620166	-0.029530218073419667	-0.03532585301965222
-0.03815625646329611	-0.026943162664020127	-0.035314310001178434
-0.03988485199214749	-0.027774949597168808	-0.038171094548361026
-0.04130191135421462	-0.028022386073902034	-0.04027641455736702
-0.04229088542999455	-0.03169677622162305	-0.040194414922650086
-0.04093065937944879	-0.03237467404339864	-0.03613495387752298
-0.04311640034543062	-0.034977263049114034	-0.03409716751837287
-0.04243135019286584	-0.034045292915766884	-0.03185732106000037
-0.043152536426717826	-0.03257094328007719	-0.032511347278943496
-0.0449398749069476	-0.03146095091542225	-0.0355880407069642
-0.046550632294711555	-0.030143254513788804	-0.04131813323205425
-0.0466248254264312	-0.02999634301157988	-0.04355159834049288
-0.04479523750005893	-0.028571190212491535	-0.036068944051981314
-0.03972021691926216	-0.02726387081281821	-0.022267235961428797
-0.025941602547722212	-0.023081742876489383	-0.007718834482681184
0.002041211576080768	-0.01627255082182164	-0.0043918806986208234
0.013774815303413724	-0.015217119356517934	-0.005013056195504637
0.023593537539121738	-0.013617903889763295	-0.004777476997785246
0.03085158724131144	-0.018240782788889336	-0.005095181480583806
0.026365387023562482	-0.019808988538238412	-0.005869515520832626
0.014804376363332504	-0.02453371982110957	-0.006249242360463281
0.013425889445192454	-0.026167078210696585	-0.0017590874535331601
0.016870565969708692	-0.029347800105594478	-0.0016415494194257814
0.016467464034884995	-0.028092328832099656	0.0015481463812423192
0.010727009016537961	-0.024701008251176333	-0.0012260641597920136
0.007566488163563077	-0.023844436649638763	0.0009945227333437705
0.01192358025515189	-0.026576905672162168	-0.0020494340181666203
0.021724316901015898	-0.03227697859506151	-0.0019943436074041157
0.01839305984724271	-0.03446552903737212	-0.0012507089725227322
-0.020147948621165233	-0.04243936127322254	-0.013533212279586508
-0.02595479019880478	-0.04303607679356734	-0.015464637416268245
-0.02738758185895642	-0.04299904945700622	-0.025050360503386267
-0.032394283172084815	-0.044229119971945244	-0.03519610507087946
-0.03509003883321652	-0.04598001816762363	-0.040647565694437615
-0.029656765867355942	-0.0389629521786635	-0.03230777616164158
-0.015930420442798722	-0.0226928495882264	-0.019160932366309884
-0.012121536048784624	-0.018760062406386946	-0.016380953648208376
-0.014049982248232092	-0.020981891321987918	-0.018980987541643544
-0.018921587111729494	-0.02638254501565965	-0.023286270175332014
-0.027643466184620633	-0.038574272227076954	-0.028394383100119786
-0.033390010200121195	-0.04675652702380238	-0.030396481854448775
-0.03264882617697228	-0.04470276412743261	-0.032107457599623086
-0.0347934915178042	-0.04423537566560258	-0.03198083925067389
-0.03734340119847538	-0.04299999171962751	-0.03668393524183277
-0.03794273231179495	-0.04411688006629595	-0.03761884023411113
-0.038645409520974366	-0.04476120982439017	-0.03645187603088859
-0.03564575911420882	-0.04602991295170435	-0.03444441386705709
-0.03476041136681769	-0.04335222824426603	-0.031621168588113965
nan	nan	nan
nan	nan	nan
nan	nan	nan
nan	nan	nan
nan	nan	nan
nan	nan	nan
nan	nan	nan
nan	nan	nan
nan	nan	nan
nan	nan	nan
nan	nan	nan
nan	nan	nan
nan	nan	nan
nan	nan	nan
nan	nan	nan
nan	nan	nan
nan	nan	nan
nan	nan	nan
nan	nan	nan
nan	nan	nan
nan	nan	nan
nan	nan	nan
nan	nan	nan
nan	nan	nan
nan	nan	nan
nan	nan	nan
nan	nan	nan
nan	nan	nan
nan	nan	nan
-0.029814591026956806	-0.03646913327238031	-0.025897520627922874
-0.030141320464774222	-0.03487034342188718	-0.02190042693407827
-0.024525897754897993	-0.028255284761099737	-0.018981523010554783
-0.01821591687418016	-0.02165010855078882	-0.0063550699268843935
-0.01810858803424201	-0.02239037792150664	-0.009446982009304723
-0.03102349639133218	-0.03861969071863437	-0.021822082491152372
-0.033268212184834896	-0.04215900025505727	-0.030543916326292393
-0.0336209364328633	-0.041763248060124526	-0.0314000627996238
-0.03609983239615177	-0.04612435826549032	-0.036667087147005804
-0.040184589943825684	-0.049818449031367965	-0.030875366649510974
-0.03994767907770377	-0.04948554123783294	-0.021608446163643335
-0.04221336133760919	-0.049676307920050566	-0.013950174540767961
-0.039921034416334246	-0.0513073812797922	-0.020127926484983866
-0.03801070072978841	-0.04979899909894228	-0.02099701878940114
-0.033658874691897885	-0.04369286985578206	-0.01815686076544401
-0.03385766481845867	-0.03942811767404281	-0.014139950675903477
-0.02964585297000488	-0.033493371612092426	-0.009550495624788328
-0.023946902506400723	-0.028308075547574908	-0.008479726386847516
-0.017668111920259494	-0.02210924663117991	-0.012225906259720323
-0.014368566557118198	-0.019584940300849223	-0.01554521392279215
-0.01386536957020227	-0.020572031079106965	-0.01653975517514155
-0.012757401806497742	-0.01956734960366597	-0.015714247116127608
-0.014940681409662447	-0.02161201905154181	-0.015305668152826326
-0.022362285529809456	-0.028171307465520726	-0.018386130189105024
-0.03041367971206569	-0.03358409650965097	-0.01863173639703198
-0.03394014428542141	-0.0345932327930214	-0.01776461467677068
-0.034187165521004065	-0.034143153831353766	-0.012907319645714593
-0.03356719461661628	-0.035320662637106766	-0.01722631745794079
-0.030176886314368895	-0.03650321769943837	-0.018215832981498897
-0.02420362865035344	-0.033796570649832415	-0.01823682911147285
-0.013748777070425558	-0.02897851087363539	-0.012752849254449704
-0.006061067142518662	-0.024974332314635632	-0.0056877341634645065
-0.0011841670678658749	-0.02744225096628805	-0.007793977561324579
0.002586005387584779	-0.025027692785887838	-0.005528940437649236
0.007210670204553461	-0.020993494566035234	-0.008209003438142574
0.008510164242119032	-0.012872471260177907	0.0008519288870434188
0.012204715422925463	-0.009648898693374921	0.0018653776812273884
0.010708624195107952	-0.009716033387263297	0.0035172234896189815
0.009724911693077196	-0.014003642154598437	-0.001455597829294596
0.0037520789351914653	-0.012771283978128354	-0.003066241917497368
0.0057703734707957605	-0.012918895146824889	-0.005449279871208681
0.014891205828517261	-0.015517749026263756	-0.0046436217247210615
0.025513216484661885	-0.020351548945966105	-0.006896975256685738
0.031131192190886448	-0.02149023816300655	-0.009591049889764117
0.03863623009716255	-0.020841739840586983	-0.011597340149333855
0.041046767444667544	-0.020558729976154592	-0.012865010575439761
0.0442810684296744	-0.020767912842379995	-0.01010225760887462
0.04247110740789941	-0.019682450624838414	-0.008292297276391782
0.04236207392819271	-0.019778333201899638	-0.007618285484232726
0.0449803445662974	-0.02220067915132114	-0.009240460388027213
0.04466768095353473	-0.02385635894648958	-0.012476663688319803
0.04583530652320886	-0.023470727075468927	-0.01072212264370255
0.04140668534110032	-0.022309195279382462	-0.007619602470575949
0.04207323352415598	-0.021881403634359683	-0.00522004273269968
0.03372843880021571	-0.02054436318715392	0.0005038072550710912
0.022407927112256563	-0.016607664420543025	0.006093032451648914
0.017727838485618853	-0.0147940532735744	0.009542056365378037
0.009589438759865957	-0.015114900382462673	0.012540559659697852
-0.013553709942125203	-0.023023642674584767	0.02127838991823454
-0.022845441340963685	-0.0268218805663555	0.02031376846014745
-0.027413450716503585	-0.02810425176465603	0.018441355487323983
-0.028013152416110475	-0.029031478615500105	0.013460248981945873
-0.028308381613620745	-0.029577154589767323	0.010998307028016362
-0.02873122196476889	-0.0314215208005525	0.008154206350780152
-0.02933152911353341	-0.029355510039082346	0.009913429868080127
-0.028683256281212578	-0.030648773218837366	0.01164464586752403
-0.02704349566964082	-0.030114950686506235	0.007288734661186187
-0.02783699616203172	-0.030087556367231382	0.009504229290728593
-0.02808968454012648	-0.028045653238166206	0.00946223662744379
-0.02592855336785311	-0.026988647323202407	0.011386352026868697
-0.024081527777682275	-0.026891269318150324	0.011148915992206281
-0.022615536194218355	-0.024641231156024748	0.01909404451143908
-0.027486013121196827	-0.027026942617525918	0.021521940637327965
-0.024167051047023103	-0.02373497901954329	0.028211013651169705
-0.0266529368202261	-0.029758626623656984	0.01541907132764864
-0.024163011828606723	-0.026952020428700412	0.018405696560685355
-0.024984860949916525	-0.02659286957483138	0.009204444153669028
-0.025420293718714432	-0.024771353714093072	0.009471894521705222
-0.025960523376009355	-0.025225129073438598	0.009462923286597553
-0.029436505884355247	-0.0274362124407319	0.016307833287625254
-0.031008424050343132	-0.028415658234746823	0.019449756024274838
-0.032689060408044535	-0.03286454550403457	0.012460138830139793
-0.03398261617915601	-0.03358300589472676	0.010178104260320626
-0.035333432302155035	-0.03410710818754389	0.008184146828528943
-0.03455809378842231	-0.03100980083552108	0.008335469634976313
-0.0325124248807489	-0.03156574126766246	0.002027517490483237
-0.030667085924528638	-0.03203656424323044	0.0031126442414635518
-0.03354569057206167	-0.036078877431602	0.005400679180595065
-0.035932886565717456	-0.0369806425451415	0.013515433309372084
-0.03605041104283329	-0.03663104251926192	0.0232107869477758
-0.03465219916256258	-0.03547272138847366	0.02005433502294559
-0.034463713821569694	-0.03769799349601721	0.014575125909001611
-0.034456642935741126	-0.03799034334424396	0.007245944604758664
-0.03191182894603204	-0.035155097654593466	0.012925991160809683
-0.03024714161640354	-0.03230123871534195	0.008789307984245386
-0.031205720517628092	-0.03131955233393125	0.008501368628197323
-0.03087815084912672	-0.03006450175399488	0.008269125896798301
-0.030664470783224804	-0.030898537820637444	0.012938334581719644
-0.03101849736301607	-0.03308689497625182	0.01263580182829378
-0.032433871164654945	-0.03522494720499105	0.007954858539225819
-0.033348580254218614	-0.033869592942062036	0.005928282176703326
-0.031101407064515654	-0.031772064230025834	0.00965818635111584
-0.03301031648535041	-0.03300676636137309	0.012794639245603256
-0.03247099857233628	-0.03311071581900757	0.01872104279647418
-0.03207723543907536	-0.03097545317474466	0.017228016568038136
-0.0302065933295536	-0.03044274880163231	0.02070453847965861
-0.029833945364502536	-0.02969344076350925	0.02277353877608104
-0.029196581123266032	-0.02875929903249775	0.0282460030478313
-0.024568142104037596	-0.023567491874183	0.03105437955593955
-0.013371629359475513	-0.01852360696868771	0.02714192859053853
-0.0018357681522406233	-0.015951804524878065	0.022709967345763783
0.006093372703728762	-0.015683010791464207	0.017820099632038042
0.017690944686696814	-0.020462107899341615	0.013073117253613006
0.023418283905504288	-0.02078125509225801	0.0026676350944593273
0.025813522780288096	-0.01775403550658628	-0.006013327417951714
nan	nan	nan
0.029119076594908925	-0.01711295947073394	-0.011398415443925447
0.03843871076727798	-0.018972829691905495	-0.011227232465507601
0.04559150041016599	-0.02315807006933673	-0.012112853489098414
0.04336327140570706	-0.02407198199143813	-0.011402262133598004
0.041033919023908856	-0.024045543563731748	-0.013946138911923998
0.04158984576539176	-0.024242908957668716	-0.014464670320108605
0.04178069114203949	-0.021537365542637743	-0.014378969815364386
0.04659323706057149	-0.023524839992843886	-0.012056584279333704
0.048307062295291435	-0.023838623817796264	-0.013431985634758899
0.048372805327644715	-0.02485887670870975	-0.01330247292224808
0.047170129846684165	-0.024291768701942957	-0.015149431862970214
0.0431834944693966	-0.02158897732662366	-0.012101346924428429
0.0441792638183064	-0.02230226475410063	-0.01173352751264601
0.04279199199839549	-0.019841923663722925	-0.012189696609519053
0.04169286316770482	-0.019714320531305656	-0.015486644583771338
0.03504530208959636	-0.01671080983595441	-0.01475069845721514
0.03190018343491402	-0.016283528120483125	-0.014094439880140641
0.024825752453961736	-0.011891141272299262	-0.008232106045675064
0.024551642219731055	-0.011348308508895498	-0.008878003459943266
0.024529679331233744	-0.012110693773898945	-0.009455725847052971
nan	nan	nan
nan	nan	nan
nan	nan	nan
nan	nan	nan
0.02954688721629131	-0.015768952848690572	-0.012899236454556984
0.036774489452826235	-0.01954700092535623	-0.012899718418864246
0.04382488554908117	-0.020592985587760022	-0.011526936793807563
0.04594263625043212	-0.020670106915225733	-0.01205828249331721
0.04473873542837898	-0.020200338441614764	-0.013238940062526516
0.045060424206645064	-0.02166690196160152	-0.01662445343812627
0.049673122434827396	-0.02313949127905834	-0.021250558198006156
0.0502288267680317	-0.022601109162073852	-0.020398361079310458
0.05215167859075071	-0.0233900051957079	-0.021238711009333097
0.047505518855773435	-0.021028819996038305	-0.017957961644332707
0.0413503429247903	-0.01619235562246055	-0.016042802533291843
0.03389540779683908	-0.00691280768959594	-0.011999408101271779
0.027016511505894118	0.005781455412919937	-0.012151330124261114
0.021108979082647212	0.024564886231963776	-0.020486727918395235
0.020365542305245617	0.024687770048531295	-0.019613615023891025
0.02418630756954669	0.009602350561643182	-0.01239626148210798
0.022232226505488874	0.0006125784192245195	-0.006859456977888891
0.02024779794546349	0.0035751935470008426	-0.003895842911528471
0.022487057658628493	0.007620010701306606	-0.004463411910892695
0.028648332199681856	0.012110542027341275	-0.007305694421683096
0.033184609391627616	0.006944324480864066	-0.003973711691355283
0.03555172488161437	0.007007951977724342	-0.004933498487199053
0.039810337130231674	0.001241974991742157	-0.00636897241842263
0.04178154704808396	0.0015466071366574065	-0.010098199037759693
0.03681414505138897	0.007028721707190008	-0.009714247723166453
0.024597386628080895	0.014982965772334478	-0.0023821235768095757
0.01198967785631531	0.021734551261028932	0.0018827192577395846
0.0006111804299720629	0.027048858398482194	0.007275670117891417
-0.0022970442647438616	0.030768442802253042	0.00893146525256805
-0.004279541632573428	0.03179771985510959	0.005334744193926467
-0.0046476318412782954	0.03857975235479684	0.0006934098099801809
-0.008051430291238792	0.043201373213881476	-0.005992195060782302
-0.0070296975259064	0.04546601186495029	-0.007970517624933586
-0.010154511712563546	0.04901261087168133	-0.015199617334699163
-0.009721616803849184	0.050690189285009006	-0.013201459804550623
-0.011009894757496199	0.0493191139588317	-0.015082031074147784
-0.009676641601889252	0.050457738698575914	-0.01837910135320493
-0.008514036868893347	0.05067776402807306	-0.026438840521994918
-0.004959776217289956	0.05472381332901075	-0.030222803530365907
-0.004158212156532198	0.05631859348559239	-0.03297390517010739
-0.0010826175201767538	0.0568711921880091	-0.03181571719597869
-0.0012701140417784211	0.05587485011364929	-0.03568129100308127
0.0005849431359086124	0.051606741466157686	-0.03480817074366652
-0.002023417632948714	0.05042084614003279	-0.033962125049124874
-0.004569514884030024	0.0521747203377814	-0.027387177202909917
-0.0012617377842750503	0.05105949782795437	-0.02272925457125979
0.011383417697193001	0.04368459816365643	-0.022593498461110865
0.03749545107989723	0.014168375326738359	-0.01532357729288545
0.043275426222522	0.008463203032144564	-0.015025645090981733
0.039681201438856256	0.010676753841837581	-0.016247059069991
0.032436073781967986	0.017675277851329902	-0.01929958546970892
0.027967984893177446	0.02382500443061298	-0.02328593856980831
0.026885879432432997	0.02189079354259255	-0.021417781262792764
0.031738579034052666	0.017591409835133485	-0.020557254806990284
0.03391208558242608	0.014243879542359656	-0.01605555817129345
0.033733765497584646	0.021875605860176252	-0.021566484443155363
0.029293022851982146	0.029531929773707586	-0.024606745480837276
0.023707085440856045	0.034607056610839376	-0.024888732330304985
0.019215734725803145	0.03400916353489842	-0.024070094149237636
0.016552055949869936	0.03449709271748466	-0.021174297149770552
0.012475140673825482	0.03922226876014621	-0.025139907711833165
0.01099922647679519	0.046476537990862474	-0.029382043591879882
0.009202937025181553	0.05102047938072518	-0.036148413863749056
0.010250500652011845	0.05000430586602345	-0.03848952796268615
0.007805548820014039	0.049926772044189445	-0.03972747386514601
0.006389860858159282	0.045344188986373136	-0.039540790353776556
0.003932466834604146	0.047826516211983146	-0.03833587344925444
0.004683858510522057	0.049727216168273705	-0.03580827782671234
0.005402511467070898	0.05283438896650238	-0.035793245169412055
0.005418030580696938	0.05094653636654988	-0.03393489465180313
0.005232069864369154	0.04958772218963464	-0.03495373137375504
0.004560172975791723	0.04912399143243676	-0.03009433915342277
0.007403232355780127	0.04381685779993741	-0.025296665649561532
0.007907035937222619	0.04522502080990949	-0.028970129112373334
0.007891240313583327	0.04949903514789124	-0.03593644007963152
0.006451619511856535	0.052057383486663736	-0.042846352664314316
0.007168019673607273	0.047111503863689924	-0.03818174473794804
0.007421560855488117	0.044733743946400485	-0.0379810794492016
0.006385406853776014	0.04919668073923487	-0.03703771617546756
0.006069844832579843	0.05413052750942463	-0.03692707229032141
0.00785297789511526	0.0544495719093726	-0.03677823136215706
0.010401339596545999	0.05065655666880598	-0.03466023223724043
0.009528259426370688	0.0491360330790722	-0.03491597631248917
0.005964559528127121	0.04991475120507208	-0.03491977513922314
0.003039155506501248	0.04995003771698592	-0.03696203001579192
0.005073494244364983	0.046423935603786375	-0.03377519872177358
0.012447568202040547	0.03878114660416455	-0.029487075467575098
0.01845922218292077	0.033539004843371495	-0.02640995505684124
0.018583537149499254	0.037459964656989884	-0.03116348197287034
0.016040767145647325	0.042683290054408046	-0.03733468510909925
0.011340758313571082	0.045801120599584313	-0.0381292178630658
0.007928264095938012	0.04846294820849447	-0.03615190120248693
0.005572721996228465	0.04921159771911824	-0.034952632123429486
0.004078229527454983	0.05286887604512526	-0.03627339998280905
0.0020107708822666784	0.050867363077573814	-0.037382361527713785
0.0022837142211287018	0.048634680494337966	-0.03773164329249631
0.0026121866561982093	0.04673223683331167	-0.03561091538239067
0.0018935838562067575	0.047793172899362475	-0.0330955062858
-0.001476641871055326	0.0536330138002768	-0.034186335422422234
-0.004788234696136999	0.05388040895332587	-0.03140172372905123
-0.004553664012284869	0.050398262791284176	-0.03241263962153828
-0.0033993645083053806	0.04769581592368735	-0.03481155777736595
-0.0026654204555066566	0.0469050224919047	-0.036508584836588226
-0.00497673898916938	0.04862829446362465	-0.03448070615110386
-0.007934402398233615	0.0438521210682642	-0.028076837670214967
-0.010206057285040855	0.04477339790671149	-0.030201322363763092
-0.011276513197839124	0.04275919357454426	-0.031690875622195795
-0.012960696349822214	0.045757884510140026	-0.03350955485367621
-0.012676661427836591	0.04237930625692588	-0.034381045305489466
-0.011755890021541735	0.04206326503184292	-0.030916322712664247
-0.008324059992547896	0.04036785895553002	-0.027399129512939886
-0.0059944032012761	0.043035790945535675	-0.021228102750831236
-0.0036677514171963924	0.03910630619964353	-0.014287758631453762
-0.001957814987898778	0.03515816039416568	-0.0047048353567949305
0.004822759545553056	0.028114756137373673	0.000787370303055303
0.01812542781914416	0.02146396472691037	0.003979688131134159
0.02575228678988481	0.01631822025471805	0.0036531752387607974
0.025668583484429814	0.012967050466744212	0.006178422663137655
0.020813611130635935	0.011420568152233216	0.003259984398271326
0.010735491674761956	0.012850433478442821	0.00047611945340339176
0.004828868172022957	0.017259451238669357	0.002345197232412649
0.007154428806328429	0.02019409588542814	0.004588561609629775
0.009191048143745493	0.021036583287884977	-0.0034648076659050987
0.015782804035855025	0.020902269422744486	-0.00792816463404893
0.020478618788822782	0.018002879688895086	-0.008076761332553806
0.02306087668491444	0.01630719140207634	0.0007105530765190889
0.02068896210335308	0.015472263462562242	0.002401830404009736
0.015166967182473819	0.017727701632847485	0.007214366918433796
0.015102353985439975	0.017636460002365843	0.012370241135838135
0.012245598009367094	0.018337030505354252	0.013861507933928164
0.006715278493312991	0.021302164862725098	0.0042283462379207
-0.0008300309714921973	0.026792140640549477	-0.004337938079577029
-0.005959673250530142	0.029986515873902036	-0.011018893864265593
-0.007751286728989657	0.033964189117469686	-0.01349755026270279
-0.011268224135699141	0.03659283198165453	-0.016314307184601206
-0.012569968804215311	0.0381448999976698	-0.022122625192325808
-0.016955468344888244	0.03687084491755726	-0.021133292914176788
-0.01683508600040651	0.032338675086597136	-0.01974097669176112
-0.019621661296650213	0.03207903116724471	-0.01607199553720617
-0.018854590986634383	0.028860357023798678	-0.011716273561402226
-0.01996647364588643	0.028386686937750868	-0.007934809367182362
-0.017908084969351156	0.02520060780595781	-0.008098601968364991
-0.017325118134220767	0.026060448990890377	-0.01472994448461881
-0.016792291838487964	0.024532498861783686	-0.020465192195030707
-0.017507656882379694	0.026793629983655975	-0.017074619345295104
-0.01626661891171292	0.02997701348996828	-0.01017061396413782
-0.011088080755456439	0.02709496806811382	-0.003655075081289775
0.005069785879711982	0.01124025714049263	0.002465124347174282
0.02147169116540361	0.005285204228615229	0.006465299338412174
0.026003022559740206	0.005384057332555664	0.009409514348775638
0.01699356359943679	0.00940454263157853	0.01150726093979991
0.013337637636537072	0.013254543201132698	0.016311021264237988
0.010123862695258086	0.016120160619603325	0.021137076755439112
0.006967386784540382	0.015363573414847445	0.015858833220310967
0.0009915816981751644	0.01945302314534	0.014985912450533538
-0.0014779856579476953	0.018906465474738943	0.011404676805146435
-0.002744945541088029	0.01816707143990599	0.018287001671996872
0.001216446509344249	0.01182235132187466	0.021956924862926427
0.0003646874508000743	0.014929883125528984	0.029503362055120736
0.00024490734739700146	0.013931695250419299	0.033588127400503556
-0.002056033830361984	0.013818458958484837	0.031129937248837204
-0.0017795191307661497	0.012108548727261111	0.026034388829583133
0.001705714289068755	0.011981448862238616	0.01635601886001795
0.00743263981638783	0.013084975706740084	0.013901602226980822
0.015705565069344004	0.008364422382890698	0.007915131219527905
0.025134277095321227	0.005245705786848078	0.00511055882424569
0.03366412669113688	0.0007434156195472146	-0.0012613294132119493
0.03973016317071597	-6.304140455287577e-05	0.0004135377428436948
0.04000330965217697	-0.0017911125742970755	-0.0003374513511748556
0.03596106205617353	0.0001244676029912979	0.0025354004824919077
0.03648250675890978	-0.0006517552803030717	0.002143208510248358
0.036525589477127175	0.001990002202186645	0.003402842973064729
0.03756245609198941	0.004157260832249576	-0.00024090790754581481
0.03584213511840059	0.005559261030392002	-0.0009424768437604827
0.030487776790253364	0.006325587889079563	-0.004463172412000865
0.023943662412642293	0.008322908633989315	-0.004634484240086636
0.0158561136314649	0.014617509446810667	-0.001305438132431537
0.011203573176448656	0.022492243489350135	0.008659908205975364
0.008658512223853911	0.028732010900505388	0.00869710791121707
0.005497049108296793	0.02952717918521418	0.011537259401466875
0.0007592687034449259	0.0318006814910304	0.0050066959592343285
-0.0013486560107428042	0.032110910252504905	0.005429293580305688
0.00019707531304974819	0.03788107247484619	0.0006180083825104076
5.756252984835809e-05	0.03561403217684143	-0.0017657568522050542
0.001471859083126851	0.03622562835588997	-0.0036558757807532353
0.002378824457777917	0.032930276935683775	-0.00325942686033058
0.0055503243271685185	0.03217099607686702	0.003581115425904151
0.005158979275247331	0.030648177475503937	0.003766624698411906
0.007830716196704052	0.02594060231659795	0.004414610978058213
0.007809209427726076	0.02632212784986307	-0.00014629130346000344
0.009793482967501745	0.027700202167582583	-0.0043209164176369035
0.01135775052600629	0.028122147303650057	-0.007040472635191853
0.01307097374254177	0.02217468433189388	-0.005226231896784873
0.012409839663648045	0.01693879584852962	0.00013240261537077538
0.011986018725116973	0.018165530389794328	0.0009514135576486095
0.013167343139334396	0.021894178920901997	0.000410349331785919
0.013419038182855033	0.025603476684116874	0.00032616634231274685
0.00947817692879732	0.027771349136499285	0.00122065884845572
0.007757592514146475	0.025903492908805028	0.007191751942337287
0.009371440609283401	0.021047308944506304	0.009625120721266766
0.013857779304776892	0.01941769898666232	0.012341422674929398
0.017138302539304106	0.018547899690333165	0.008073182066884716
0.013781715599293256	0.020932991548974458	0.009901687251827362
0.005698930090058016	0.019841556222144976	0.013036053348478176
-0.0018921387588474012	0.019120271579212023	0.02199853471765149
-0.00546219795992872	0.018211216897971935	0.029212566840372337
-0.0039846822976820195	0.0177080298118695	0.032296809365341836
0.0023475285082595154	0.01632235924451722	0.03267657344985166
0.009035635288703242	0.014356061616749512	0.0306319692287998
0.00868734208711903	0.011380413383944302	0.03330373068728451
-0.0003469968480527226	0.01511701989251921	0.035736956400016784
-0.003084067522294166	0.01683484447258868	0.03489835385111516
-0.0008260865797669455	0.015286534666233916	0.025956555912431713
-0.0018118467465074468	0.014453241454518094	0.02770039385580954
-0.006556558575858215	0.014379762484054981	0.030893189948428334
-0.009126926552771092	0.012861021700066758	0.037637291583820905
-0.002596555481762218	0.007786511834310118	0.028796563391179884
0.005836810868760328	0.0029032215991716065	0.019991488686208918
0.0065164110566058335	0.005296563942686043	0.02064774280143301
0.0005287797404388266	0.009996741695176708	0.030761903193005834
-0.004027595395505638	0.012414012489963116	0.03166886052378543
-0.0025657561296041085	0.015315026657587189	0.02358369683691268
-0.004040578663403506	0.014692652921075522	0.01981792607691734
0.0009212560377569363	0.01349616743537145	0.023290494410118233
0.008521843704244218	0.006733874984273509	0.026073855991994237
0.020910809770254796	-0.0028729769120341914	0.013786744391438996
0.03249502292762354	-0.008152729872187311	0.004916792384117304
0.03754612851105627	-0.00995701236118488	0.0013800261130379882
0.04391810295997211	-0.014043242767606684	-0.0038093206616756706
0.045499886739112	-0.018233462323569607	-0.002100142924106596
0.043736823830689824	-0.018013653814035246	0.00025565511034449095
0.037402564404611933	-0.013520072149479301	0.010537781798689975
0.0332093917467055	-0.012216431076893741	0.011093681807558455
0.03555747606852977	-0.014547596787266942	0.007318096470629077
0.043327328699726234	-0.019619923545563345	-0.0026936155113253327
0.049568105999316915	-0.021464831531378174	-0.009277411104083394
0.05017011835312974	-0.021834167205858648	-0.010329567087869015
0.04780262196330926	-0.019576302395492847	-0.009337240232126086
0.04595945205494058	-0.020937536292255754	-0.011948093951861749
0.04824552878592629	-0.02325849594855782	-0.012758358151181239
0.050477704073713485	-0.025643409758256464	-0.012465720551081472
0.05081457358339836	-0.02419779988160041	-0.010361327155554427
0.0495668179579894	-0.021130104718641168	-0.010268514035271202
0.04641123168582728	-0.01651978477206875	-0.007158169515560475
0.04519661091190575	-0.01641350279912839	-0.007283176989858489
0.044110144076673644	-0.018482418151444326	-0.007610186610076904
0.04393377556975413	-0.022797764087492085	-0.010849883985555739
0.04434674925863642	-0.024042927816345757	-0.012151714731302214
0.04302183925340375	-0.02434457066286395	-0.012233982668044187
0.04258338330223091	-0.023380422366894093	-0.011061402517398976
0.03772601401955448	-0.02208373392836622	-0.012584630193724286
0.035184973682142705	-0.02167656053535834	-0.013568766092524921
0.03414076549636648	-0.022243866534840288	-0.013943420396812935
0.03671803219646495	-0.023833774691247724	-0.012508823876460677
0.038697746623043955	-0.025358131861539457	-0.011429201707469028
0.038598629624906254	-0.02472301206047014	-0.009990570366562548
0.03894980321068482	-0.024856186851610198	-0.008576295394899486
0.03798834704150776	-0.023118380529548378	-0.007679634894257541
0.039291230947649865	-0.024317513316961855	-0.010706702801643028
0.03694616302133966	-0.021529799618995444	-0.009600325923821991
0.03854916920146506	-0.02051744922450069	-0.008923923934242385
0.03849894439079619	-0.015616787541090367	-0.005122118438440147
0.04047451506842206	-0.014805152077385388	-0.005551743278119775
0.03974436519022672	-0.013332566337342512	-0.00412554243560441
0.04174542986905664	-0.015836367104240797	-0.003984728815006208
0.0424666653271547	-0.015668513165464915	-0.004783358399911147
0.04401701130248897	-0.015963872831242	-0.006088819322397354
0.042942758778873866	-0.01644603454730447	-0.00607131626966443
0.040593995504242655	-0.018691730254519028	-0.00523400915031625
0.03918448575476845	-0.019936693774697135	-0.007078418618523312
0.03291506696796645	-0.017956263214805524	-0.00886045095939663
0.027378276567219702	-0.01519311498660631	-0.00766438382371137
0.022725381788688465	-0.009689961572768038	-0.004810234571713597
0.023225216030001883	-0.003467058535014348	-0.0011908789855059575
0.027199818329736804	0.0001438060946789864	0.00463651794338335
0.029598913848988634	-0.0006710580249793878	0.009504943569313098
0.03558289187327511	-0.003158297824502018	0.01331503787882327
0.02605187437696839	-0.0024327592358067344	0.007317617726006892
0.020002745654236292	0.0015803361809480151	0.00850505934099394
0.017061792544470676	0.003123077386865298	0.012929726990527798
0.014449390732471134	0.004833902597106324	0.024935293259363778
-0.004565876798682697	0.013069784073761777	0.04121041312113545
-0.01704447879074559	0.016134867779880394	0.04650705206786471
-0.019306238303892873	0.015289841550142801	0.046807610912583994
-0.021333748602886823	0.014316865765027196	0.047457502940334025
-0.019294063414062406	0.014925850526902177	0.04898980365422563
-0.018082755668829085	0.01514510705595847	0.046891991395927854
-0.010093444259065807	0.013590627126160056	0.045894783121492026
-0.010006772079302083	0.011768526684979541	0.045527282979185034
-0.016541099007594318	0.0116622440282633	0.04602496774193113
-0.019671003028440593	0.011097543621704049	0.04643250055768172
-0.02169511378842972	0.008335093082613772	0.05051876024589398
-0.020905909470334025	0.0052789913633726135	0.056118487762627164
-0.02190747702411152	0.005795946650708984	0.06820197290882232
-0.01432544230050368	0.007253355877934846	0.06754061075241058
0.011373799691233918	0.006845735557619603	0.053259924918149605
0.031952161142125186	-0.0016212536317688848	0.030219717868770164
0.03968916031253758	-0.005629540750587994	0.01572412589968818
0.04165587330301109	-0.0075610803001500675	0.009794778668668881
0.03901295370627623	-0.0062178034967393285	0.007635087767971095
0.040517830182527394	-0.007671443250543773	0.008548573900344317
0.039897303544301974	-0.009274590315809244	0.006967197132665602
0.04178745056257803	-0.006047550933563528	0.008510551019873705
0.044618505454596155	-0.0038243553728556697	0.006775615586608372
0.04430397817050246	0.000316110903829227	0.006962081491841646
0.042933779130371906	-0.0023979878789229516	0.005599468330344991
0.04100873050841237	-0.0026457466476938257	0.0052711263882278606
0.04164789829648689	-0.002789922512223246	0.004261325372325549
0.04461140092177425	-0.003429570224865948	0.007235776934853638
0.040302475780350976	-0.002650300043475405	0.009272161343510388
0.037192205428315764	-0.0007052364201487346	0.007609509385975443
0.037119138050563966	0.0013611651053086582	0.007901094353624377
0.038198996980589005	0.0005893488250412813	0.006226054005880159
0.039969881796086175	-0.0006866189396689625	0.007396891578864334
0.036875497165420795	0.0015954599451664853	0.004126845179572583
0.03433303825397485	0.006922024583216741	0.004298454086633811
0.031833827499728316	0.007019366719810082	0.004018973128932905
0.03325215773498974	0.00815864431677689	0.005590637090686978
0.03092014583243498	0.011534502771243979	0.004775522883689241
0.029736320723946216	0.015904995337397896	0.0061921513800119905
0.028842188513117966	0.013996998871610562	0.003859663095005156
0.035106994555862824	0.008595677096613172	0.005106525773027698
0.03904314811024442	0.005736950170427804	0.006090055721225181
0.04037409809759544	0.0067566584756590005	0.012906552408613967
0.039850651307066845	0.00435361142415911	0.01292824382398073
0.04426170926263346	0.0004619813272962546	0.01769353114401537
0.04343366468547483	-0.0005316979004302403	0.014940136098712711
0.03375858184112369	0.005126146601905345	0.01565322976930146
0.017960131269189036	0.014571957610207584	0.017868232725751176
0.013403505884027058	0.020523002137753443	0.019763579477302545
0.015506484692015732	0.022693277170640326	0.01862323471813463
0.015920159039910026	0.024217050904478846	0.013819644282050252
0.009299114223214368	0.027174868750651712	0.014771101781264107
-0.00013763274816262078	0.0313759079128442	0.015182393517872138
-0.006374925657054521	0.035118833010677857	0.015270773667397196
-0.00894613875586812	0.03965186317221159	0.011027981451624442
-0.009351999047259365	0.04484860116135305	0.002122712818628419
-0.009840909403507512	0.047923367559207994	-0.003956504252868652
-0.010722662083928997	0.04902933980622102	-0.0054103464461757855
-0.012437968822317076	0.0487100834789829	-0.004745821981394125
-0.010682984449612904	0.051633845756774634	-0.007321960468160246
-0.010979462499646956	0.04940410731941459	-0.011611281242369372
-0.008625118359239861	0.05197071083939593	-0.009476639311690802
-0.009656586172907466	0.04313159785199671	-0.00842792069799831
-0.009696422985187983	0.04388603175281809	-0.006443068148181371
-0.009548883279771376	0.04262451590251279	-0.007150487560944772
-0.007047527255223716	0.04634670304961755	-0.008423177645494885
-0.00600225201016494	0.04847760054899302	-0.010381531487346801
-0.00448962052801332	0.04675107963874166	-0.0073170355429410475
-0.002746812379305288	0.046951806366800145	-0.003868866879980102
-5.0011238378006725e-05	0.044719707393349885	0.0011488569981843704
0.000789258090195694	0.04095866044178676	0.0009635323651763169
-0.002359576478769188	0.041721131810076965	0.005274352969548273
-0.002799592514939908	0.04307759357613299	0.005166471668819262
-0.001495798064150874	0.04593218559058599	0.008034508353038454
0.0018292406896687104	0.047247953848522754	0.0018215223086604844
0.00715208751741639	0.04282692725139311	-0.0013297427131937168
0.013014007967307286	0.04128794427702736	-0.005148739285411754
0.01793880638746051	0.0368381092036088	0.0003048119852346702
0.018595739852824783	0.036278820815593624	0.0014720195395628993
0.017166569446225716	0.03082179828343754	0.005258936816502453
0.01372187173776207	0.02731590543306258	0.0060910391857589945
0.00819621396460102	0.027747165431927602	0.011499218270511011
0.004047309627857871	0.027825055789131307	0.020266817741276512
0.0034918994804036306	0.024707415695189538	0.023263158555151972
0.004649457822065217	0.018850056544166997	0.02329845393757368
0.004395928411537672	0.020217054338223402	0.023817634441579215
0.006716938882083629	0.021189269603124793	0.030596589131299257
0.009975129842485242	0.022658066805333672	0.03343633836807975
0.017153388007068247	0.018384536181845136	0.030482802795334857
0.018032165808390004	0.017526978544530242	0.02804847503650601
0.015564769275380315	0.020666344608238994	0.02833078512685297
0.0081705342403101	0.02308615727088439	0.021942877213413994
0.006788619248440004	0.02546237222751005	0.020727688543340443
0.008006333891028904	0.027146184954871134	0.01925620392481308
0.006936267432903938	0.03397496119255371	0.016000483589070396
0.005549872213371828	0.037646686572652126	0.014191789705878114
0.004840298831752435	0.039018814074661276	0.01142891698773731
0.003717183120626176	0.04064790697182557	0.011490959382681003
5.965719069480287e-05	0.04278548187580808	0.009116482141930126
-0.004418876400816499	0.04506898601627159	0.010107833701454263
-0.007286342119390265	0.045689920868605044	0.007151189498955517
-0.008796265658751268	0.0489805046834637	0.002431490704832775
-0.009122442439797878	0.04861664173145321	-0.003789420170029998
-0.007167482786974708	0.04677201197011471	-0.0025981515462884545
-0.004548603548559723	0.04438100190648325	-0.00676296425227408
0.00011386146226386668	0.044954080730249396	-0.00977824114319361
0.0033010460657650776	0.04490888962405772	-0.013575483377126324
0.0037441187345589747	0.04656420916324935	-0.014574959744622982
0.002871757103514873	0.05090727610236798	-0.01601172646881282
0.00323692623024908	0.05596987403327854	-0.01792004425833156
0.0037675064246968466	0.05536519627126567	-0.0187884198935387
0.00316444309544377	0.05061770501425874	-0.013568385629741983
0.004094194551477259	0.04530146316991404	-0.008566304473357971
0.009687155840369947	0.041150571337472505	-0.0024887263457929326
0.013868830456950438	0.04043091690110261	-0.002295129762423836
0.014456613286338436	0.03941066362027287	-0.002098423945952327
0.011816631955103966	0.037455375731022755	-0.008388391160138429
0.010892731077977839	0.036636229730798706	-0.01215094237350213
0.006849766102778266	0.04154482642164006	-0.019552266891549517
0.0049303371377463195	0.051031988212713444	-0.024277274169373548
0.003842440696813149	0.051457339833072	-0.026359506795956503
0.005887027707334721	0.05126199286969013	-0.024091242586684075
0.003953721973853914	0.04793992667736798	-0.023823012834848646
0.0031408302369309526	0.04805631946115507	-0.026379662797424815
0.0038057726397673114	0.04825649124774654	-0.02432629880207895
0.008238028270191416	0.047530124323951435	-0.021458381943612485
0.016907758949423982	0.03964889114697962	-0.017565277805877026
0.03488603729891653	0.011462242049364808	-0.011460201178977947
0.0469362917255321	-0.0007532769925401424	-0.010595677534119295
0.05530729349677198	-0.005362809573344307	-0.008195970799000717
0.05096465309825314	-0.0036343554022579224	-0.005849320436640597
0.04856931167175216	0.002561836725680858	-0.005427480542351572
0.0437855362503297	0.007559495309881596	-0.005326017754036717
0.04468704455691699	0.007831579048751938	-0.0075713828313274875
0.043352157248447494	0.008442224764332864	-0.003799542110256557
0.0403325252856808	0.010893613918264412	0.0012296120752728137
0.032070449483473165	0.017322109811421533	0.01173115531186775
0.021711214865410777	0.02385091176347372	0.016796019257977943
0.014327756913199515	0.03179224053625766	0.01304915697956058
0.008995076263089687	0.039903577928672065	0.004341736321446121
0.005873953455939967	0.04653507280892466	-0.003998921993747984
0.0068825150194583296	0.04531381568897548	-0.0005085981247074959
0.010330522379076995	0.03852115632263326	0.007587978419893372
0.012145665505731892	0.030696833609152416	0.013852306274591615
0.011219104219896709	0.027577868542425894	0.014990440039863297
0.010551638240923688	0.027944231941088114	0.012843392927230775
0.010301188754948405	0.03161999540456598	0.011876917032244355
0.007928412034293592	0.03741400394601859	0.00038955326548260807
0.0020592820070712867	0.04666222452007881	-0.00890986393336528
-0.005125077784395242	0.05534343936674322	-0.020804379192737806
-0.00808753767033351	0.059837793156145874	-0.02499681819583053
-0.009167483907656825	0.058939496143828714	-0.026328374069228604
-0.00910968085122477	0.06004321950843229	-0.023522214438012994
-0.009293551818614715	0.0609052274727041	-0.025202529747424138
-0.007722753384857336	0.059993630309836954	-0.029324211362859672
-0.00819775246488989	0.05447987320085384	-0.03144778395807474
-0.005909255578604417	0.04793017167126252	-0.027160139302246977
-0.0064663954588622665	0.04341452511100887	-0.022148439465336758
-0.0071609218265826485	0.04650581079538825	-0.02166850710676571
-0.006830882577735922	0.052316138839744855	-0.023573076455638005
-0.005661222072319414	0.05445904368251114	-0.024910337777520733
-0.002755341526620459	0.05221721762748284	-0.026337382644130446
-0.005526584671727932	0.05345219708066133	-0.0300738506580026
-0.006454207650266649	0.05855077351456168	-0.03139312458078988
-0.006171535110435662	0.05782564550397434	-0.02991244227776477
-0.004965327234421573	0.05614985890554139	-0.024241535320021018
-0.005157172946422324	0.0538247480449452	-0.02016106968307777
-0.006572080362133276	0.05659345877623245	-0.022081617241745274
-0.007075594908570657	0.05401551510495683	-0.02385190909074001
-0.007636889026021034	0.056484613932799625	-0.02720717496710975
-0.0051890571913007335	0.05399660520216924	-0.021557223874720075
-0.001100813526247412	0.05514096782254601	-0.016652626674087866
0.005332125388628591	0.04799754781635712	-0.007921288489853606
0.014839491701336612	0.040803975085403954	0.0004640618571389813
0.0205214922812442	0.0317074431906696	0.002640734467858029
0.02424457158705371	0.027990771898751803	0.005543016682364801
0.029714331768353603	0.02089362095061932	0.002118029748537944
0.03790207669908045	0.013875624122953767	0.0020789240119093166
0.04214160829871895	0.005248125449295994	0.002736527803726539
0.04229850977181416	0.0005018746161632632	0.001291779505438559
0.033846815280710055	0.008746962564652572	0.003798321576877133
0.018097014722815486	0.030074981515864487	0.0009852825606993312
0.00490083322159181	0.0389436441421252	0.0013325949299956663
-0.0011882931029397136	0.04503157441071812	-0.00692712948693665
0.0016616784506700698	0.04681011720159322	-0.009045896864229875
0.0032809269176309577	0.04759746246322938	-0.003336738812301136
0.005897914071048356	0.03820738640060797	0.007527182125952325
0.005196468397765121	0.03172054735190019	0.01713351086773973
0.004992858297301498	0.030872617468479316	0.019894623925488006
0.0027547992595023563	0.03821935987256148	0.013028654603164819
0.0013657195988715524	0.041877981213919474	0.00989127765185744
0.0008880739079156637	0.041588106266656405	0.014436017399921562
-0.00011529347854683773	0.03913551658145544	0.02447071890298681
0.0014315544751523415	0.04124857436746778	0.026754912308682422
0.0018668149600060318	0.040292692196648446	0.018406253007586002
0.0015595904080517604	0.04200483546040991	0.006753071545301952
-0.002329930344551341	0.04063203918185974	0.010051231409544234
-0.005197928786018586	0.04320218138217265	0.007902996146252757
-0.0048822759651620876	0.040625013141945734	0.020082866863124542
0.0002568524681652505	0.03444982153700305	0.015480304088040799
0.011065621043275266	0.022679824647741997	0.020986049216536597
0.01867827063057806	0.01949945905317502	0.01962862392834133
0.018381940549993037	0.02347997823438571	0.025394551341363848
0.015356553937251369	0.027872780695960647	0.024654378669442832
0.006888583864839839	0.030359656405543833	0.025998429502263314
1.7080094574330196e-06	0.03721782039560791	0.02189718500266458
-0.003996777406071283	0.04391559649877084	0.014152779980239994
-0.005187495284516927	0.04568603142704607	0.008237545324496855
-0.006939746358029879	0.04417146084574599	0.006445216923909137
-0.009261073495019959	0.04448011534861313	0.005517587984526083
-0.010463950382081474	0.04440144089458185	0.004560717578720843
-0.006865401621854972	0.04075239401824947	0.009158890462641884
-0.001580039484536883	0.03909393476303841	0.012838970642494181
0.005645022311756867	0.04030773006561184	0.015331210529339005
0.006319203194492548	0.04612763661271141	0.010713316577337543
0.005491060162788011	0.047523388648938306	0.007660598232045818
-0.0005111957209898613	0.04983732995608038	0.0014539893850531425
-0.005895721846205097	0.04984700389507059	-0.002182431891137808
-0.010874454800764204	0.050203010783087094	-0.005393837573270176
-0.013043175485301286	0.052881439072960834	-0.008314200650289618
-0.009926968762631041	0.04886509222640569	-0.01196491982311547
-0.010217802600114435	0.051247189474281404	-0.01555789945737607
-0.009577765839289435	0.04968082192231799	-0.01752944227796509
-0.012238437085052	0.054870722313135514	-0.012179501287666684
-0.01003856237906066	0.05309496881871291	-0.009230510813438482
-0.010215079819092285	0.055710019544780984	-0.009909731879059185
-0.012357386504453529	0.05751738880114139	-0.016949268446969964
-0.014314539999064237	0.0547435733811042	-0.016427017276254743
-0.014761038518544779	0.050283615479921426	-0.011807403793586404
-0.013707567667785628	0.04637533831485944	-0.003294127042718519
-0.012192442426275363	0.044990616871697364	0.002628376613108935
-0.009297991616486903	0.04530311844879664	0.01010947176582665
-0.006609015507956564	0.04061364703398093	0.015218847081545188
-0.008686899608376404	0.03814797483809306	0.019838950227016885
-0.013046517672917443	0.03351175383874983	0.031121345551330226
-0.01789446196410456	0.03283511442569214	0.04603207644176019
-0.018629945040284465	0.034474561179485094	0.0571407807958416
-0.013253348106010032	0.030690295677448732	0.05266385280763615
-0.00030537508049561634	0.024207290456054572	0.04022405725403344
0.005316413006300014	0.021755906455375288	0.04003881065800699
0.01302969783283582	0.016178505163106746	0.04247442587857821
0.026825076711820404	0.007128206637054409	0.03444910766298909
0.036802146070007494	0.0029413724590247733	0.015249504224989503
0.039636303909269054	0.004188371356896547	0.00604090811602339
0.0359329814665728	0.008936900978118419	0.006632607794947093
0.033810879390049	0.01118358473919085	0.00767107453537658
0.03517861673812077	0.007824011471313466	0.004919413878135576
0.03940915384916832	-0.0037929413398262793	-0.00046842415485379846
0.04558272939311662	-0.014901333784314422	-0.005568564261108175
0.04786192793845479	-0.02146681024357457	-0.009498444278783921
0.0415362450640507	-0.019784854311992704	-0.0074149608925150184
0.03824264051580264	-0.020222302676237956	-0.0084686573009983
0.03421572966102755	-0.01967681672196738	-0.008930856577406485
0.042469786091284205	-0.022923533675308704	-0.012719225277311945
0.04564146344303172	-0.023340610446641912	-0.012588565640157902
0.04660589142655853	-0.022153148899882083	-0.013692921433519856
0.046240851134839035	-0.02018684625362827	-0.013411205751811539
0.04253753214631349	-0.01681734314236701	-0.012871001450930057
0.046781068310196953	-0.01744053760546621	-0.012723561732898458
0.04419866005650983	-0.017242912841032493	-0.013604593461195025
0.04437543476851469	-0.01807225375060805	-0.015320235520556329
0.04113778918881608	-0.015878843505650848	-0.01339359456865006
0.044535926288956265	-0.017497117298442267	-0.012549166843215491
0.0483699484241765	-0.020697747592604992	-0.012847787588078023
0.048700574208287724	-0.021760091036863605	-0.013870102021466504
0.049876961239463044	-0.01714130252266369	-0.014185045995458764
0.0466696295342333	-0.01280089783666417	-0.01206516663662352
0.04801992742514726	-0.013081892753185498	-0.009423587446359745
0.04542260346909369	-0.01252329383816356	-0.006856394889439489
0.04339792882572452	-0.009601250392072878	-0.004028328801301821
0.03644353707481117	-0.004825360047844985	-0.0032299806245772306
0.035272449153574394	-0.0015022654095694621	-0.0018499119780677961
0.0344025917296687	-0.0003194259513484758	-0.007178502539655282
0.04345333593102469	-9.305946597974813e-05	-0.009840844712281367
0.04811680274259043	-0.0024088946969187145	-0.01316403429271322
0.04875221470929005	-0.004641182667066264	-0.008783710191348222
0.04499733011636971	-0.005172235940997353	-0.0037924394639641396
0.03737057137584175	-0.0017222857434937029	0.0013988010627788358
0.03708086072477861	0.0028117200480866737	0.002791201160467688
0.03629305686956801	0.005028869151611966	0.007434779271258542
0.033786238010994854	0.004631030842769923	0.01844445368486048
0.02268801608642229	0.0019605345699727	0.038273813329483694
0.008757634597044954	0.0018194801747465337	0.05521303694577954
-0.0047304714249415125	0.00014728858001240876	0.05317402803513251
-0.010481910423431244	0.002057040567135478	0.07113678877671044
-0.008696669955062807	0.0008350317486454198	0.06309395633280991
-0.009134649526896708	0.004225508841063034	0.07852859707901005
-0.010197284258323778	0.0033774737094640723	0.07853514181914228
-0.0095032276787683	0.0022231726738448326	0.07875540625582303
-0.010799752646027882	0.002061286874447762	0.07940821328130994
-0.009146413431482254	0.001397973934479359	0.07262792107075805
-0.008713603775306236	0.00488079323391877	0.0740386297136827
-0.004677187500354496	0.007536968530846071	0.06722528126357331
-0.0014683501233569369	0.015630474796869437	0.059419025710345526
0.004262853998008573	0.018893607361547847	0.0496763499934133
0.00804176295748489	0.020671938269085987	0.04677354869081624
0.0073267892935985745	0.016731387825375425	0.04839836016703516
0.005687190068704282	0.012205602947315644	0.044369366957012074
0.004792029721799014	0.01243268523298695	0.04210200174327933
0.007262194352263013	0.01419531929034083	0.03627131823827069
0.003910440369439184	0.01949581398475919	0.037542318856932475
0.0020120107516330204	0.02238188426375376	0.035960660447834594
0.0014964809924560378	0.02343728675320823	0.039214142050325355
0.00273157515975607	0.021599079088613662	0.04199675374553722
0.002088057245428175	0.016980818188077586	0.04880105032127096
-0.0014715210096402855	0.015310121766583746	0.05259343473384611
-0.006918809513851064	0.011943195978516395	0.0517426781224869
-0.008253264196958146	0.011298128781028328	0.048209443859112695
-0.0048212781902450715	0.01025740051133132	0.05130408958739969
0.004316019904190921	0.008903239965579249	0.05494167093530284
0.00956860855701885	0.008946402401458017	0.060634830203958504
0.014605257235581042	0.006888526806013239	0.05143140425907807
0.013205823136939215	0.008682045177112014	0.054155898698883195
0.016764317092561362	0.007882691839526425	0.049974733972553795
0.016231381407057346	0.008727308550156071	0.05158923375557416
0.014173793059807174	0.009120964356965877	0.046825627455452434
0.010095199115008752	0.004772396202741166	0.0416058230965525
0.011428645297522718	0.0024923266480421737	0.043951918173412236
0.015597310059880817	0.00015575156935266325	0.04349884205463339
0.016875293603505696	0.0012032042620555834	0.03388251455060486
0.020324618647158343	-0.001209132646305668	0.025185182795029
0.02595581628776955	-0.003609608711113348	0.02746858764795976
0.025701361186038305	-0.004563566251537386	0.04707415482197696
0.013516617505944949	-0.002655885601116096	0.06075055510468118
0.0021334950217371637	0.0034731980103772818	0.0648462510011027
-0.008618427252977916	0.005990146359450937	0.06945388765071012
-0.017182972687409124	0.007055486866435821	0.06767062355032918
-0.026873805649166454	0.0035803502376215548	0.0627051849930723
-0.03297911227598995	0.0021115334833579393	0.054281499331896285
-0.03445137012058785	-0.0026439862690398335	0.03969976717958887
-0.035912749370020425	-0.002337516051344557	0.0337444601775133
-0.037973926082136775	-0.0009363541689698537	0.02751557052417543
-0.03654435769129836	-0.0009999070985985	0.027646429847640888
-0.03445322448781463	-0.00037232270541977074	0.027664489502226268
-0.031185554675936436	-0.0017355656494909167	0.031955401962861
-0.030850176177337187	0.0004455802123842401	0.034894547998111244
-0.03240119021835392	-0.001752935777719847	0.03039371833330589
-0.03454947119338424	-0.005080630137136673	0.028922874076246025
-0.03521071136739478	-0.00640810041184704	0.030608079014274182
-0.03512409185926322	-0.005072972138952351	0.037236755009675555
-0.028413661183144936	-0.0006538183534627589	0.04064515183340833
-0.02201690588286338	0.0031042297098681933	0.04932872086308572
-0.019050576122769922	0.005030511559480118	0.06060344707860982
-0.017011069053401235	0.004625613219923377	0.06496982826542966
-0.008703724771049923	0.0014810302493858246	0.05867186091954721
-0.0009437245971384927	0.003925416730536557	0.05220440348809378
0.001456986325636353	0.004962300555351186	0.044618769920625405
-0.0035651161079677625	0.004777440908649663	0.043528758110595644
-0.004400394247029835	0.00029934358179970166	0.036006554938919653
-0.0020465492315948014	0.00033059873910363754	0.03911451681744598
0.00025077259625184853	0.0008049598903003685	0.03991206948790637
0.003589361606327549	0.004040225522875629	0.04242317966874868
0.0072686010228505986	0.003341012518255395	0.04111753587251119
0.015166500798373006	0.0035317005812328653	0.04046904674894591
0.02759465895909109	0.0005192797288186659	0.036406041375632824
0.03400264988233323	-0.0035954029758255104	0.025769001412094494
0.03487523817829472	-0.004582824619577619	0.01666400374885726
0.038119121227781654	-0.004869501085977739	0.010705903785299176
0.043842491407766734	-0.00648804097052613	0.00986144488722189
0.04608604010894967	-0.009072149352102802	0.009316689048144068
0.043462840843004884	-0.011552395168290997	0.007380073724774547
0.03696030846381765	-0.007833078591349024	0.007426750267979065
0.038872470051956626	-0.008236251529524227	0.006055960904220871
0.03728848800882075	-0.00948972893015546	0.0015085098912549569
0.03067531914956861	-0.010116264418480635	-0.004686503474301371
0.02931251854782045	-0.0073898719613616675	4.8987182397264295e-05
0.035424815564926486	-0.003788539735060926	0.01040254754450616
0.0385189351299374	-0.003316648454336076	0.017670311394817485
0.03821878937163602	-0.005820976649427228	0.01744044351515088
0.03459754393283433	-0.007277191951331646	0.018958494137647136
0.03389485736649226	-0.004476501240093526	0.022080866521147914
0.027272700406711935	-0.0012154232707335955	0.022113778545359005
0.02117092187074061	0.0028868614836624036	0.02827944648122028
0.01738366786718734	0.004484731115101346	0.03112764326784311
0.01629398716518554	0.005985113413940647	0.038725180932745025
0.011657620775552567	0.005103081399409151	0.04434251865596737
-0.00040291387035895767	0.0034047638393253183	0.06116975008532619
-0.008266691696191203	0.0036503841630740504	0.07251383021234949
-0.011904565600063565	0.003978693833721594	0.07775563037573612
-0.014227848133909692	0.00571454283566427	0.07960486852837363
-0.011366346701650022	0.004987000271872253	0.07971945279348987
-0.0016816044737171993	0.0024634125983827473	0.07138363900380354
0.009100767505803076	0.003738575070218035	0.06272454409277778
0.00744257363461469	0.006887944732445852	0.05783181387032878
-0.004188077395794103	0.013122268599228416	0.05964559453927984
-0.009388884086277744	0.011194956874974748	0.05425620881641558
-0.00761926220538686	0.010253802510263236	0.04900160217696304
-0.008017666757754754	0.012429196530174333	0.05477218761215147
-0.005491754423333601	0.009484808857786924	0.04717141870434466
0.004263413982030621	0.006076907609937586	0.04036124001037458
0.013833159853296601	0.002781026003748675	0.03596167350744636
0.01585841096410512	0.005556403376245512	0.04145951563577497
0.005979947402304409	0.007099663764294605	0.049035757451502876
0.005437139147121102	0.006502607493405242	0.05206467827506087
0.00493073567571163	0.005147730259833409	0.05586997338616301
0.005022244013622423	0.006389122651669772	0.055557227137782064
-0.0003580513751041908	0.00897378477544864	0.06049825099542133
0.0018712045183224908	0.008774691601347836	0.05640425655360668
0.018180406535610216	0.0019388640292635482	0.03788526499244529
0.026115304405776432	-0.0025663509831983997	0.027441899696027974
0.023527986170973677	-0.0008808374485647114	0.0256344359548483
0.015929148078360395	0.0018776325796727425	0.021862830234220473
nan	nan	nan
0.011321606204276956	0.005653565888467414	0.02689276630851625
0.01036579637183431	0.009498295546127366	0.028551477789878613
0.00811781474618404	0.01550545303255548	0.032997373135016564
0.008024964905721455	0.01907791227056666	0.032300161967824176
0.010912923964789606	0.015391257722300121	0.03173260958124516
0.012547168244035414	0.009591001793360032	0.024694354554271866
0.009739084811414014	0.007182275418286443	0.025950851736566097
0.0012573078777761049	0.015778890487137286	0.03818673213972443
-0.003356641606667786	0.026849533456467185	0.049092421062774866
-0.004011638665172163	0.03244907712141301	0.0447098292171544
-0.0052230899544329175	0.03272737204360049	0.04007035496733246
-0.008749411012262792	0.031169997053052862	0.033921258829315494
-0.01430128346817622	0.0309982528693796	0.03153853172497087
-0.019376305572385462	0.030610615751136896	0.024446956010051753
-0.018610040401496268	0.023137624369107466	0.016824092400666228
-0.016524542942056394	0.01705207055698762	0.009068023011608015
-0.016173813983181587	0.016979253687203343	0.005827957744622709
-0.020092776014227726	0.028683527401636183	0.009280316598783808
-0.021926981791434597	0.03377924006155332	0.009773805527106296
-0.021485145588741327	0.03752790461016653	0.008601638778003719
-0.022198462922829655	0.03659264788048732	0.008736511056928076
-0.019293388671681132	0.03603482392295915	0.007762810585924873
-0.018674612595720858	0.0324721316265018	0.007799132864682784
-0.01713975229037574	0.03028433751363921	0.00790425832179691
-0.020427627989581216	0.030884838533568965	0.009310269151186143
-0.0198372547582586	0.03284947839362687	0.008783221065315493
-0.018677278914327158	0.0374574756782661	0.0056410555977854104
-0.017986020267342005	0.039766165101676465	0.0028998875065619524
-0.017199065993043144	0.0409931496619686	0.0008750469731430323
-0.016236468742659195	0.03717362781088681	0.0029537275704184553
-0.01403366933788632	0.031689432475625404	0.0025220162322239746
-0.012661162733799698	0.028452355463581786	0.006859482290740328
-0.013322731203942818	0.03281464262048554	0.007485334146733068
-0.0158498440025439	0.03462593715630325	0.010092079809972645
-0.01774386572997777	0.0357792361567668	0.007073273640902936
-0.01910857587639749	0.030946711921396163	0.011147943991780717
-0.016697312841329203	0.0315083367748318	0.01796977626078167
-0.017861660194193257	0.02823921995734813	0.02228754177926802
-0.019797173006418853	0.02917799536522713	0.020225069490767876
-0.02034278607631412	0.02763019277210554	0.01902128433615887
-0.018440963512987917	0.028760935560809574	0.02149905936413962
-0.015662915848905095	0.024811622195685692	0.02389362441116004
-0.017051565807900945	0.023149638145688753	0.027608808224506298
-0.01663923491508651	0.01787824957170131	0.026726848968583884
-0.013845199542386801	0.018315039303882223	0.03491442329215293
-0.005454625672432218	0.019307754278634997	0.044472967001794324
0.0005653260812167446	0.019108476527378775	0.05206345158803038
0.00860540672711467	0.014015970685945815	0.04563030713177875
0.021946149353142222	0.005286348083572012	0.02973280273238269
0.03450982475940105	0.0008585604598747947	0.016399114335903592
0.04036370653766931	-0.001092777510049697	0.013339127181089004
0.04036008963868596	-0.0037597579380016844	0.007168860947764692
0.04039727084431548	-0.005063932717476596	0.008877872510530925
0.040155837504192306	-0.008953291293836058	0.00489733960578162
0.04266836077678809	-0.012791050622261832	0.0042385269437650724
0.04287624057455717	-0.014329803746683734	0.0015376908863515976
0.04193330917470425	-0.012904938966211503	0.004633354225413333
0.03677591782933277	-0.008338702579794162	0.006932876322345023
0.03702475005632629	-0.008097067952106884	0.01216607040617558
0.03207094166100883	-0.007610754118505189	0.013371819865845885
0.027101807817341356	-0.006963242217607237	0.022697171115084645
0.013716958596513786	-0.003694106707089812	0.028174903827446453
0.0015530431463601302	-0.0009653288997561858	0.04067174170451626
-0.0012720330338902314	0.00026697359355335907	0.04008562902936115
0.00027884917528816605	0.001724800683724058	0.04354155931071163
0.009037110569451006	0.0004960695444865608	0.04220335671304307
0.009756736917154812	-0.0009321576678204152	0.046487447106541985
0.005810734184232791	-0.0005962263843006846	0.050825327634355655
-0.0067534412336941255	0.0012735251927920577	0.05765785059662276
-0.007456751111438369	0.00177490299028238	0.05310973185444286
0.000600345105540395	-0.0015247795648123989	0.04632893863052114
0.017308125498618984	-0.006959169817904578	0.0358951291103236
0.034761778826625754	-0.01648067725469408	0.01724941730015783
0.04173169787362636	-0.02090033552804145	0.0025048304766775373
0.044587185035987596	-0.02192263452939865	-0.0010240376002393983
0.04645688735442033	-0.021340902183722622	-0.0018755142452202417
0.049471296732214155	-0.021507690574590843	-0.0021886901273937137
0.05158762571248335	-0.02123625363727326	-0.0035280466106144756
0.0506780110276741	-0.020148430423107343	-0.00579733457174323
0.04452236244412298	-0.016913299765054745	-0.004978262103208307
0.039953927297596545	-0.014945108030113247	0.0007937731917039975
0.03627617869667168	-0.011274633482624868	0.003789979007140412
0.03747249718171793	-0.009887621732093654	0.004309563419147434
0.03626274164564875	-0.00767108212446323	0.004301733898479307
0.036122510364895916	-0.008736071830692258	0.0069659208732740195
0.03236490377136139	-0.008533313974952455	0.00799544553321093
0.024963028267282913	-0.00949373094912803	0.0045445473768322385
0.020867376693905357	-0.006980187783659545	0.0069911537364912985
0.02247764853631342	-0.0030387386331343735	0.015299379455378986
0.025091115440581103	-0.0019202472139957668	0.025028315647721146
0.02028481818729588	-0.001602589116786779	0.037317022773116076
0.0035917397968712956	-0.0008890244385332633	0.055239996496895184
-0.012108779432650634	0.003962802256217085	0.07597532611721962
-0.018281505952657075	0.0024470523445518527	0.0706746781979331
-0.01892885296222436	-0.00029684373581002525	0.05435449186205208
-0.020855629137472867	-0.004912706685866742	0.04378217819849074
-0.023696998245113975	-0.0029043739795399054	0.05081615498686082
-0.027736946247961403	-0.0021358443122461847	0.050939842524911585
-0.028348531664306238	-0.0034218478698411687	0.04885387819391768
-0.027730598015584085	-0.0016398387897860517	0.049098944933294655
-0.02846697810730761	-0.0022004782791427827	0.04837690148110201
-0.024304194160157017	0.0004763515478920149	0.05497302845266441
-0.01743778205705553	-0.0011854686910304857	0.05178375176438278
-0.012365721052639283	0.00020145283119329146	0.05020041067170755
-0.014201491981443983	0.0007017181556597433	0.05008119589506786
-0.022307227797961494	-0.001978907867345975	0.050551111674870114
-0.026794455470594412	-0.002733258297896033	0.05320248144066409
-0.024497215568136863	-0.0024104497290362396	0.05102563609693046
-0.019065680833985636	-0.0006789029859627616	0.046277037195849025
-0.016984225014019735	-0.002462254124090716	0.04049560591224693
-0.018529802443260815	-0.002242996418615769	0.046693936735726874
-0.021558447109281335	-0.000978293177285094	0.06271726762360386
-0.016009615120195535	0.002059361033126287	0.07109236918469186
-0.011169217524193926	0.0016611217752135633	0.06757765698491401
-0.00933201818366915	0.0023659297379425644	0.07076551810778348
-0.009068182211932016	0.004451500067225035	0.07457050397809427
-0.002697840662619073	0.0064647161233352575	0.07248544315151274
0.003325042647266804	0.00595542333808609	0.07472481041293191
0.004511875501840154	0.0035282448951799816	0.07555974516190304
0.011510999740572112	0.0026652488291686108	0.07145080953595286
0.01655669918975299	0.004946700068785121	0.06377597169972124
0.019794708953044485	0.0034382615197246806	0.05495467283269952
0.016320426962332064	0.0022122907766735007	0.04624689284144513
0.014602039798679804	0.0007162342026405375	0.039497116902659425
0.011792371093670217	0.001168026233039248	0.039094716913258686
0.008267464753282558	0.002457424418914317	0.046929808058031645
0.0027508359132866014	0.0008101937403919638	0.046969529348898906
0.001821187202582512	0.0010113134316743634	0.04703500925668401
0.0047787616303349	0.0031374922450470117	0.047438121601674196
0.01075839127815852	0.006982576700803855	0.048268017658335424
0.016832812001132753	0.008503907489124116	0.04310342817360808
0.025213409221833804	0.00612841764955836	0.03559575246874294
0.03397824592434607	-0.0014376246837415208	0.024997683719764352
0.03701890123578238	-0.005452578202487408	0.02113174803657603
0.035486034525352476	-0.008527492386776308	0.01496405292026707
0.034774204506444965	-0.007292959754132108	0.015125987059660152
0.03396201950856481	-0.0064153338468873194	0.018848747129057437
0.027079578402464527	-0.003013779091344536	0.02899864265952655
0.007917435514915337	0.0033443339973498313	0.05024415927275473
0.003462404898950374	0.002313295778466058	0.04815308212347782
0.0014851437496025462	0.0010992623031230498	0.05542933320643655
-0.0008321098419262741	-0.0017831201424686296	0.0462061670894118
-0.0030542621430597067	0.0005245018123536408	0.05473234957856135
-0.004564927772065222	0.0007570269118211187	0.054707046568211584
-0.0081700160772235	0.0027496970081950915	0.058892485629300315
-0.01394425170293225	0.00028855836256960434	0.06301242986216195
-0.012678186803981304	0.0012296516884438293	0.06208266330146185
-0.007121418286044443	-0.0022551868352791177	0.06297406730001877
0.0004821433618954175	-0.00272090546576724	0.053549354002199144
0.00989075692549001	-0.005655249488011497	0.046054742048631185
0.02362851179103198	-0.005859933873065122	0.03509134686865372
0.028348040215470677	-0.0074303898491134114	0.029095910745531098
0.024227454228894572	-0.00423781506421524	0.03036256199174226
0.011577496758950968	-0.0006682411467392853	0.04537431139304339
0.004602057311144305	0.0022559485106709944	0.06121516976710575
0.00011014432724774637	0.0032729691675009694	0.06676077120228324
-0.0016981360880286658	0.005763134813149879	0.05882071302516957
-0.0037139727714691822	0.007286842142259099	0.051112610181017676