# EV_1 (91.4782)	EV_2 (11.2104)	EV_3 (9.7280)
nan	nan	nan
nan	nan	nan
nan	nan	nan
nan	nan	nan
nan	nan	nan
nan	nan	nan
nan	nan	nan
nan	nan	nan
nan	nan	nan
nan	nan	nan
nan	nan	nan
nan	nan	nan
nan	nan	nan
nan	nan	nan
nan	nan	nan
nan	nan	nan
nan	nan	nan
nan	nan	nan
nan	nan	nan
nan	nan	nan
nan	nan	nan
nan	nan	nan
nan	nan	nan
nan	nan	nan
nan	nan	nan
nan	nan	nan
nan	nan	nan
0.027835786615251715	-0.017848354723640263	-0.024276031276520848
0.021799712099734324	-0.016562033564558445	-0.005386070743135275
0.018761844324083052	-0.015768593903735435	0.003407643910800876
0.01727807571064117	-0.026291021444486373	0.010100058890875101
0.014020554574360598	-0.02002255071342759	0.014941716984888586
0.010533371721463281	-0.024203551240039575	0.01997524708711365
0.011175447725006117	-0.020230060124387193	0.01244835529327854
0.015078629064281288	-0.02725158683038585	-0.00029595755376031485
0.021427245309824688	-0.026033933801778347	-0.013491527628716641
0.022524227643427947	-0.012083905782813983	-0.012393393117885686
0.01891293666764462	-0.00155871442982061	-0.00030314784548558793
-0.003105369353850588	-0.007809556244144611	0.013363452305828928
-0.01759233341532219	-0.00794853707864878	0.020629228118227556
-0.024579621823887846	-0.005371988076262359	0.02381406507123366
-0.025102448220740106	-0.005478201490382982	0.019812470869620045
-0.024071194247053125	-0.005269412437449261	0.01342090861065258
-0.021323207441574295	-0.004276247995699731	0.015288622867230903
-0.02128949631672646	-0.005698752530274607	0.012427706945164572
-0.019853761571320478	-0.00444333191344861	0.016685083491086865
-0.020880838640426773	-0.007864926315778259	0.013501386188571274
-0.022295003120232307	-0.0038981117456069678	0.018586550895641603
-0.02432122845223792	-0.005783954436857826	0.016971833035654853
-0.02739270825731528	-0.0023194037938696166	0.014603196945786767
-0.02621702564079233	-0.007082589194293553	0.011815726227822686
-0.026182244330479203	-0.00693899408881085	0.010599988993077236
-0.024779062714668336	-0.006605210506615383	0.01430263802917239
-0.026935711245087226	-0.0018578333279023467	0.018249326197117686
-0.02729614317496116	0.0030144363031852682	0.020382288209054307
-0.024501014241513113	0.00016461868358900897	0.018607476986577057
-0.023783890297339638	-0.002636900312616854	0.017100338748211326
-0.022222451102347465	-0.003725278002176105	0.02399088887042899
-0.0240767879997197	-0.005805387251797595	0.02515927920803106
-0.02304945475039372	-0.002174950594284536	0.028287833722527755
-0.022732978940159368	-0.004425356764799098	0.023360935818744204
-0.021852198190363523	-0.0016080608438558508	0.01717205537179317
-0.01736455828855406	0.008002399367082164	0.017543163707287042
-0.017597662888615896	0.004320813624736421	0.018310800459616448
-0.013799333329445038	0.006386910884310418	0.029102241294065457
-0.017890338356717297	-0.004460765347653269	0.02637840116214058
-0.01778377718438639	0.0014594331144669763	0.02343917452128841
-0.017726952897595353	-0.0008165064089609201	0.020446732475562546
-0.010815656558110162	-0.009503686605111559	0.018040974822110936
0.00017270219144672425	-0.02896049062583904	0.017095392583805664
0.0004413489241043057	-0.029577355976028286	0.01992485046506327
-0.006320131833620848	-0.02335580577071765	0.02780367275881862
-0.01545534451174131	-0.01387919611137161	0.03449003927861983
-0.02001948918143327	-0.011778432720114543	0.03356785576159313
-0.021843128674018112	-0.008645503763419146	0.03426378359918349
-0.01972802137599978	-0.006398609765058238	0.027267085120237868
-0.019762041529664192	-0.010689822194045828	0.03175912847071106
-0.014638764435990593	-0.016137320614512247	0.027206235708979603
-0.011818519911746882	-0.021746421392997654	0.03712887058522438
-0.010413349950346356	-0.02862238379421733	0.03409521701866245
-0.015581567553458502	-0.020840979865802113	0.031841138876197446
-0.02096802108004414	-0.016351417634906138	0.025512569041813794
-0.025301474942612808	-0.009160891417888376	0.022251225964116928
-0.02521872605094512	-0.012188931366972725	0.014665586939312678
-0.02439845907610808	-0.013557815963667518	0.018841661294072172
-0.022580005088186948	-0.015557807515209235	0.019231737128513882
-0.018341799876802647	-0.01734040387902081	0.023132506287438313
-0.00768968427825301	-0.015298131929479644	0.019245249113309548
-0.0008652109298807653	-0.024351506687147046	0.018614970231396872
0.0003162068807301269	-0.02520816820961167	0.018114539997260256
0.0014501024315722352	-0.030942339487409567	0.023883654562479435
0.004011535716729677	-0.0277725161885679	0.019609619670013876
0.010267688281710133	-0.03797359309417525	0.014978564234715445
0.01541879474786476	-0.03407310411668305	0.008741312928295658
0.01956324655862954	-0.02972648804735943	0.007422300915089353
0.019421692439569305	-0.024157952685989782	0.00336669300856687
0.019069721940511625	-0.017518414105661198	0.0011932264236856546
0.021021921900059165	-0.014123816573294774	-0.011303744650738641
0.019957615879952935	-0.008484062480400891	-0.014655145310205678
0.019953782091883376	-0.012186313470620144	-0.01051503060010582
0.019926147985034726	-0.019147651085641666	-0.007628069965750411
0.019401117528004753	-0.02322223275648736	-0.0027992283299505677
0.02258555943852547	-0.022015864372869322	-0.003120174734482079
0.024882205398305348	-0.02213596055058396	-0.0013371321342611868
0.03294003047659531	-0.017848145929554634	-0.012872173949214284
0.031351999954956834	-0.009381532017514052	-0.005213905126259223
0.02050768660888422	-0.01269190942312696	0.004880587205122442
0.015752137764043245	-0.024216784139064286	0.02646874558158848
0.013891825536004784	-0.04204538189825782	0.02375003995666479
0.012138185170829872	-0.04688638304989024	0.03308917682236965
0.011127543592880434	-0.04355810381087573	0.024595213143810343
0.008251826933294595	-0.0468264816311121	0.030404312535051995
0.0060448490471012315	-0.04784417839455714	0.04073046779009062
0.0022437488212975584	-0.02898719362182695	0.045589480469548055
0.001639104823463652	-0.021475635845116324	0.04037063592706758
-0.0007824620996715908	-0.019158803104921185	0.04422369263517026
-0.00023527076256364048	-0.03967086612347047	0.03719559929386457
-0.006446414564460175	-0.03440272825934949	0.04205792697552741
-0.013189588692792204	-0.022729188154015676	0.02941720098738511
-0.022587222400346222	-0.016417273013894007	0.024547567006157688
-0.02227808227405136	-0.011433002907629832	0.0216858705326791
-0.024375885451389537	-0.012404545803938752	0.012143806075125843
-0.024656017828331257	-0.00984854409649853	0.010438100142240118
-0.02760049461523096	-0.00787742851950991	0.016301295037963966
-0.02694702165709888	-0.00967644093821373	0.020210952570531366
-0.0236109358673545	-0.012696380571923146	0.027515573374861033
-0.01687458504217247	-0.022822699701347232	0.021415601203024784
0.00577515814178732	-0.013184420883288578	0.026320509374744266
0.011697719320009672	-0.020229765526010822	0.014820870819137764
0.01670401674335631	-0.02788021053899767	-0.0022720354106520943
0.01998523120120487	-0.030137392101827937	-0.005843894738609863
0.02148813373133367	-0.027267180222588908	-0.002620711288495111
0.01834248031618653	-0.02686445588040593	-0.0036913638446016486
0.0178195907462171	-0.025899583705174267	-0.003903397965790322
0.018593847570280077	-0.02604967970242547	-0.007928143828840037
0.018327680891916956	-0.026092744720429654	-0.001665735932352544
0.02244342076295282	-0.02928219539675594	-0.014339310453707281
0.018605476420240567	-0.023432071239339436	-0.00780118640840044
0.020202657005007847	-0.012883524753526481	-0.005468964112900383
0.017151300151944236	-0.01598797198567196	0.004554397302070372
0.01534844251546453	-0.023215711832336287	0.012490716676623456
0.006874175875696957	-0.03322413292053836	0.018457789428357997
0.003100842942981763	-0.026609271975929466	0.02636185504684247
0.003145130720154787	-0.029891262108146802	0.026308927730917323
0.004163137721626774	-0.034789369890031493	0.023581188560160088
0.005329588836387239	-0.04053431945766281	0.015739156138928574
0.007130195846047705	-0.04509016331676299	0.00678613405637155
0.01029558134869906	-0.04661787711539741	-0.007684888330074533
0.014784475911283615	-0.052253150141746946	-0.014332648018460875
0.013336624226621168	-0.046849998121408526	-0.015188627579415739
0.012670864667723514	-0.04339416002201601	-0.003718528732065709
0.011497210319850867	-0.04111062075613539	-0.0035463883451524476
0.01826609166025045	-0.04591185740338725	-0.012537143233427212
0.023180832608310636	-0.03262124977807338	-0.019313120131735532
0.026437858825042772	-0.02305782525122181	-0.027023831450124276
0.028304834732488314	-0.011163850276770812	-0.03627303799639052
0.03157884854991477	-0.007367390830199944	-0.04735466042828306
0.032887410370259614	0.001977352317802364	-0.04698626047044497
0.02879027518968482	-0.002933086940989477	-0.03762340198952019
0.026961564636850475	-0.0060835009706077916	-0.034365087914277864
0.02613980489828281	-0.01313007044399103	-0.03679546833633657
0.02791063568480346	-0.012228287186480743	-0.036277321585354204
0.02400403741309251	-0.018973250177868498	-0.02766314239817585
0.022157710367317066	-0.016625995549369513	-0.02518082156624722
0.022210514455578652	-0.01577575437539998	-0.024737069383743465
0.026487609194301764	-0.014199078755637366	-0.030916222901351584
0.027887786044043506	-0.01085510313493457	-0.03675065033532375
0.03176154576044346	-0.005861484382921755	-0.05570969432162174
0.03411286424700533	-0.0039003380787190466	-0.07231674627569859
0.03456179840461406	-0.01199194639808761	-0.06825522671348572
0.02906829533960568	-0.012706069192431044	-0.04134156493166445
0.022643176458419484	-0.006885290347183513	-0.021336498720311178
0.017940899899941153	-0.007987923529409672	-0.011723152282857464
0.019754304751304023	-0.017977915399316948	-0.0197953327171209
0.025520874256474056	-0.026571194679586557	-0.030238062748799588
0.028651025963222426	-0.029796923295381063	-0.03034526390892866
0.026950743322841742	-0.026187219363760634	-0.018072817056661472
0.023975242327399195	-0.030903017010193042	-0.010911711169044332
0.019490146746711033	-0.042180744192064565	-0.009405797559743006
0.013799423565627139	-0.037719713856687424	-0.00289087339483512
0.010601587598502226	-0.0357983853815879	0.009511515890039703
0.01170136037263259	-0.032734215413197	0.010101296076342681
0.013932971768065747	-0.03439385020340983	0.009259273297377187
0.015417584659116504	-0.03208209938838912	0.0009850600538370263
0.01818070569695818	-0.03134585098840546	-0.011720332569808794
0.023126590240110007	-0.035079299385309945	-0.020716967799856427
0.027391721107087246	-0.029131274609942095	-0.028128645847021558
0.02656394903422825	-0.020992199172041523	-0.03550943660215671
0.022736487594687906	-0.01222254559230436	-0.03585497446752126
0.020280834037200903	-0.019428277008934007	-0.02516780611900309
0.01855937943848753	-0.021466397143133663	-0.013486108779971709
0.017998441749249333	-0.02803801032580533	-0.008870800483464333
0.017710340991479848	-0.020500849704655492	-0.005405222769344995
0.017652969438642994	-0.02315916824794731	-0.012121164288577426
0.021203380760308258	-0.027815019926159278	-0.022738622712348656
0.026320979744106812	-0.03256820454304525	-0.03867081083966826
0.030791947587245194	-0.02468774898136913	-0.04995692769421699
0.029545429150591683	-0.00987609340064111	-0.04321090240792547
0.028187287425937988	-0.010808087629873822	-0.03754152053149018
0.02878654511556864	-0.017117196913092766	-0.04133097284574554
0.030624913450484865	-0.02431370863066145	-0.05097232581746897
0.026987454735842766	-0.027026745836071737	-0.04162668721936563
0.020622271003308355	-0.03270195647291868	-0.01916936700028114
0.017621793869893206	-0.04998548398436635	-0.008671496218264949
0.012984000753166304	-0.056679958005433545	0.0038408750044315633
0.007374496530923641	-0.049668459060785465	0.007736107841503056
0.00035560687528957526	-0.03985450531120432	0.018578299935057416
-0.006165747147251568	-0.03409743502690853	0.0198920788337286
-0.015750842818579774	-0.03043991708177254	0.006678391147641807
-0.018882406541942866	-0.02423023099837022	0.002383729543502546
-0.019143471430177774	-0.022273371413532028	0.004721366568981818
-0.015970931592695435	-0.028344650582376323	0.00514834185822214
-0.014863859470426255	-0.03542449710870235	0.010030067146101768
-0.008944802680552887	-0.03781357098297298	0.013572828898032983
-0.0027763481463427336	-0.041392840629637766	0.012190779259393473
0.0030237343649543186	-0.04538920699493011	0.011411768072016593
0.004417321976077056	-0.04590069497191544	0.010228008510006764
0.010890588861219571	-0.04065764881645348	0.0019377451082496673
0.023087250839880263	-0.031890222833002586	-0.014598380361497104
0.026834783666492362	-0.029212828957710844	-0.03491138733865225
0.025001281507747043	-0.033760278563772825	-0.033542057768609836
0.018481614313328714	-0.03362838531912314	-0.015607197918026061
0.017145083893543408	-0.03854819892908866	-0.008582422013114613
0.012834181348239992	-0.04076188827038352	-0.007068097335929618
0.010832405525529571	-0.03783709283595865	-0.010430972074111774
0.007778663410452582	-0.03694956403447561	-0.008268235519676875
0.00647926842079649	-0.03328212969582769	0.0031866379311494596
0.0062450202194929486	-0.03390805591395736	0.00682452944265023
0.005994836332819732	-0.03509667007597499	0.005982573279183405
0.0068303221678330285	-0.03212497814835798	-0.001936986701617749
0.00806567636355314	-0.03174597299966039	-0.00670178991429092
0.007307591564437846	-0.03146322062213694	-0.0061190288308323034
0.009119756624302502	-0.04104030173800678	-0.004918641752928365
0.009948930431923131	-0.04765952785487697	0.002264035659283295
0.012988768458671368	-0.04531332280097381	0.001998581670878333
0.016098300444223716	-0.03005402814027864	-0.007629646449992554
0.020573696274692632	-0.014773458379566399	-0.026039427625420972
0.02615643962436944	-0.00921417734690694	-0.046997501800053965
0.02966717283164772	-0.012291950790605542	-0.05582676522740094
0.030388971740059625	0.0015607240603726937	-0.05697413339493063
0.02801812860588215	0.017588307016741998	-0.0517521422387968
0.026843432804680493	0.019476523209677535	-0.05046441390776354
0.02779575271516144	0.0006030225327352764	-0.05028578278069693
0.028175303075314198	-0.01866719070521716	-0.04913531593342699
0.028700160670724673	-0.02565354928267636	-0.04969827586053274
0.02830870430593843	-0.019208654099171864	-0.04734764716215073
0.029850371771912774	-0.010681681694271066	-0.05336657184333998
0.03046457872486577	-0.0114685011774441	-0.05743947802107385
0.03119307200317852	-0.01859586723895055	-0.059903359436983855
0.028151570180126647	-0.03842904846722255	-0.04389024806033698
0.022262875888312536	-0.03970436191968356	-0.020315926604946657
0.012615326223500459	-0.042184736672691084	0.004355483008507258
-0.002244514465402469	-0.05451082506897582	0.00947116887222945
-0.010181247398308703	-0.04173876145889891	0.01819417651060874
-0.016177815059704986	-0.028562052381727935	0.016076750354703
-0.024836475191128197	-0.02512787150045103	0.004332281614880491
-0.028555700841480007	-0.022828331081514056	0.010686681300469958
-0.026888868231836338	-0.013283301195161473	-0.0010841973536336764
-0.026787503271691753	-0.008909960416575477	-0.005067454679909912
-0.027950277759802168	-0.011876678391099453	-0.00627212297280258
-0.025704075431503076	-0.013829629344819	-0.00029548140582161264
-0.025852281918862862	-0.015140340199491937	0.002611225178789447
-0.024614659974347957	-0.011862796298103901	0.0056968444211549785
-0.023959009826203068	-0.017882214718793657	0.002509911691005437
-0.016201658540057402	-0.026470115040845395	0.013485598781728274
-0.009645109627834218	-0.04108115610936002	0.012234895496865196
-0.005773605734540258	-0.04890385434853115	0.006924561227672596
-0.0007724392085828469	-0.05054380791106718	-0.004336589903006129
0.004286500289185083	-0.057276337852347745	-0.015721554543338023
0.007165389815887244	-0.061943569650871035	-0.016856711659272938
0.008879945848537393	-0.06387053920902548	-0.012646896389275804
0.009542059717470068	-0.061389820876097824	-0.014625400759783871
0.014499311132183166	-0.05581733460175065	-0.020036361553681076
0.015537522220183257	-0.05109031570743632	-0.028641645140878046
0.013903200475004086	-0.04538918060842746	-0.030164528712235662
0.011069502321645556	-0.04702856442792638	-0.017917842558220286
0.012826903706042156	-0.04099281847029985	-0.015322063881462556
0.014090797000969	-0.04404434604234003	-0.012616260446266382
0.016420426856828044	-0.04727715831637144	-0.011783317304607098
0.015155388308518801	-0.04507688648176767	-0.012015864759031153
0.0164674246931061	-0.03923237044730528	-0.011311925408427171
0.014306319445317645	-0.034043553108985644	-0.017856264224067723
0.01653957144275841	-0.04599874318582587	-0.02232038396928543
0.016507870582179566	-0.04769579917093417	-0.027993620732424118
0.02073304117120247	-0.04337011082018112	-0.024116493866246484
0.026183846362306223	-0.029630831914065982	-0.02550621009115143
0.028853258955350247	-0.023349500472065784	-0.03185853113263064
0.02966205027357775	-0.029345998676454634	-0.040452407328215464
0.027119491020341998	-0.027668855434174716	-0.03310255949788292
0.027329327784391136	-0.03401810785165279	-0.02818575621598573
0.02523479813652113	-0.03644674167017039	-0.025914491471737734
0.023710397187530253	-0.03995147934119285	-0.024397378177382866
0.021915339948238233	-0.04044793750765781	-0.01563078363309832
0.02317932672354272	-0.0495305753835458	-0.009785724635329035
0.020939305784810274	-0.05539865860760252	-0.004231861749451574
0.016692675571573397	-0.04826453233221709	-0.004485530112199921
nan	nan	nan
nan	nan	nan
nan	nan	nan
0.012100562996151138	-0.03761621662528223	0.0018124522643836894
0.012966369030716718	-0.04038973214377622	-0.0014442132391635863
0.016580332234457342	-0.047098191304738114	-0.005539511318771111
0.01743621515012113	-0.04713739974640556	-8.734828074585463e-05
0.015537747638049045	-0.04988864550648485	0.004256759175111249
0.011481489811820903	-0.038820658869088816	0.01606534662725627
0.01309341487277378	-0.04664652432097927	0.012081278027979448
0.01397847306627453	-0.0460726619267634	0.014692901473673746
0.017286723061574756	-0.06658208848828516	0.012105106625263443
0.01396193232155999	-0.057399835630396176	0.01704609474510673
0.007494391550058078	-0.04791814378049014	0.028530074787915926
-0.010090227919762945	-0.04142514709744544	0.02503926085695194
-0.022403713455836555	-0.0389458743830602	0.01584649784216957
-0.029932865598873107	-0.034141023362953694	0.011821691485331867
-0.03251054472991138	-0.030441044626056988	0.015246074423810263
-0.03395170541854967	-0.020603197698537124	0.005364728965536268
-0.03400446665851639	-0.014975899292280876	0.0049563763505434885
-0.03183364400575158	-0.016101419594800617	0.002542831031050151
-0.031854938138917196	-0.017655011148235627	0.0071702182429699834
-0.03246102614769652	-0.01926994843436885	0.0013088095905744238
-0.03598222363613481	-0.009454651869874469	-0.003225800149048448
-0.03659717116885359	-0.01175082064735667	-0.006988011518246455
-0.03396210826590751	-0.00807555179881532	0.0004111373248478628
-0.034576885700862627	-0.014885374753900978	-0.0016020011738400175
-0.03277660491592896	-0.011700596560173268	4.907508659192372e-05
-0.0340829519317195	-0.016039351753155174	-0.00932458086974823
-0.031846908745035644	-0.014296808275870775	-0.008431978805558966
-0.03425959001216127	-0.017168360179715625	-0.01272118246078352
-0.03167566691550725	-0.014855167327065173	-0.01296455372301368
-0.03369621520485374	-0.018784661347116864	-0.017602013040827924
-0.02959063076172302	-0.021307845206362027	-0.012015398169346048
-0.03509648344341744	-0.01885632673495663	-0.016275712548067454
-0.035855657277124524	-0.014535864452197953	-0.018708277642776546
-0.03758737108611976	-0.006733848345405339	-0.02267420910000304
-0.035264828655540564	-0.012092254321398366	-0.015190040056808678
-0.03317545083950709	-0.015329183976193532	-0.012444336461420475
-0.03510747527824066	-0.01983491997783933	-0.012473492482411468
-0.035973009006524344	-0.016653631619047336	-0.019956918855509723
-0.03496054392406887	-0.015985349612065644	-0.014317352192341544
-0.035007402832401224	-0.016272779105552287	-0.01271552033052483
-0.031395910563150525	-0.013153701800712724	-0.006893138256375702
-0.029420562568691112	-0.012757736351280694	-0.006754223948688368
-0.02797317316293013	-0.012469099160906822	-0.002777878922037364
-0.02994166929422561	-0.0180444993075948	0.0019595953060452913
-0.027551074846416914	-0.0072466875708059614	0.0002718374644303592
-0.028207239174207643	-0.005126247982399253	0.00020928083076226026
-0.02729594184097527	-0.0028945574542895295	-0.009240368731026058
-0.032611502780214845	-0.015253543459392322	-0.006541473462035267
-0.030799285908135566	-0.023667144079209213	-0.0011901437223034751
-0.0326464867330826	-0.023473167817684944	-0.002224662851998141
-0.03079592560152502	-0.01863270918140974	0.0029500422790889567
-0.03385801539697087	-0.009599788693661395	-0.00270681798635412
-0.03393374247442107	-0.008496926973766679	0.00267100197028778
-0.03813257129490668	-0.01209196824834207	-0.002025596235399864
-0.0353155427989378	-0.011118869101697924	-0.003389955670530853
-0.03574847028801452	-0.014881743601801221	-0.006895492613571832
-0.03520483891548969	-0.019794237226685007	-0.011274168469946756
-0.034811835210143215	-0.0189629402224805	-0.011021226896625512
-0.03411805439157325	-0.021496223118083198	-0.00790093547325765
-0.03398691837379316	-0.014080489871382837	-0.003536668972840922
-0.035740604424831394	-0.014480871680737811	-0.006775081871411213
-0.03436478125229843	-0.009667852041696878	-0.004476514100885429
-0.033991413748416015	-0.0097855855975659	-0.006547560961733326
-0.03223884624852942	-0.011196766477900395	0.0012074260972758932
-0.03349899138723663	-0.014669008744442182	0.0015455474984947468
-0.03181265569114018	-0.01903200834271185	0.006811101199825954
-0.03347880807688675	-0.01715406526516352	0.004481583360205509
-0.03426112792077527	-0.016386198476131777	0.010424568621556413
-0.03463773502189956	-0.013878926589509594	0.018850625611000704
-0.028219408820895818	-0.02514018496624409	0.02754369819538145
-0.013725483642107373	-0.04460476489048589	0.02933377862340187
-0.002980152167816119	-0.050763975729959526	0.02141277190913455
0.009998363610806468	-0.05050617939564439	0.002664388871561795
0.02172312612514198	-0.05767435529623113	-0.010041812812322814
0.02422316103708549	-0.06717409070497395	-0.007620694335746501
0.023737775846740104	-0.06589347042300732	-0.0020438027793341813
0.024406360328017657	-0.0722193451913068	-0.013708934910420672
0.02739887667520687	-0.06515000085865516	-0.02264393427241237
0.025935828704727912	-0.05884519154173448	-0.02174122899476035
0.025545371622087733	-0.05128561829216348	-0.014474724724286476
0.02607616166455177	-0.057545540851318994	-0.014155511159646101
0.030627395595482776	-0.0584859068142095	-0.022789567351621576
0.028449297868286132	-0.05842130027061541	-0.016506508418923985
0.022532819081096986	-0.06699938694585404	-0.007559939507112468
0.018217350058871287	-0.05674216595829467	0.009912073687634006
0.020261235933514154	-0.057700446291467936	0.005485528498687116
0.022913577365155733	-0.0440156707072337	-0.012049598725249265
0.02242214416430919	-0.04423436068881434	-0.014946938272043877
0.019811403629260458	-0.03747840193023124	-0.007791935257498949
0.017155785962819123	-0.0394775011209312	0.005712142525810818
0.0191193174473996	-0.04533728011225946	0.00055668117740287
0.0221339335839987	-0.054391260579132364	-0.006659257568226332
0.022650995490410632	-0.055769549646816595	-0.0116063233873872
0.01973329589171977	-0.04737326138677106	-0.010843025609865387
0.01992437485982136	-0.04075343271247992	-0.01601088858855505
0.02348415221708068	-0.0327481597747544	-0.015158127137195658
0.02798926736608302	-0.026998795276847915	-0.023784987536954356
0.029198349538235253	-0.013030668011947818	-0.03133215852416666
0.03225376879101344	-0.007988295610359518	-0.048307941447538826
0.030633162852639454	-0.003557396253929184	-0.05316486284526864
0.027342133141487167	0.0022693401536920633	-0.045629329774113145
0.026096983754610708	-0.0063170233451885355	-0.0381340473747655
0.023848152708842975	-0.003279622606227714	-0.035572981311581015
0.02478831273259853	-0.00014215902133668247	-0.03832019030499626
0.025281936420444066	0.004866989224500787	-0.040020224019449185
0.029394349546178058	0.0006059132492279912	-0.054481728844469286
0.030352250755876296	-0.0006487587434654757	-0.04781988446917266
0.03090347455357449	-0.0014826630170368363	-0.05170963803792972
0.028289445708269724	0.003907706750184599	-0.03889245116376777
0.030940554105999586	0.0006703017009507439	-0.05328000514541904
0.03168313409304858	0.007152577468407348	-0.057731988951185385
0.03323470045375361	0.007584006781197932	-0.06546216067894953
0.03163899255140478	0.015897260916397774	-0.062266397268643685
0.030968702118806694	0.0115455063516145	-0.0569163777477881
0.030895540234801365	-0.0029828568793050106	-0.048141025057752626
0.030404379524715707	-0.014866076808003642	-0.03833062738710663
0.028124535451768854	-0.02236929982291512	-0.03412989133043851
0.027395477207488333	-0.026161629371896724	-0.036811798457875564
0.0245283569199327	-0.03679375962343337	-0.04271611546796313
0.023344595296174147	-0.04071003940566673	-0.036703177943839316
0.019160249585503098	-0.04385611683702735	-0.027576513893247417
0.01808388036106289	-0.04224753557126388	-0.012721963156957998
0.017008388259230917	-0.04089059342793192	-0.009567762937870348
0.017213520048276518	-0.039940912089062953	-0.01331964431826833
0.01675975221911021	-0.03629064810727415	-0.014077431130321012
0.016267176721128623	-0.040167602481028464	-0.015738909878904146
0.016341721881177433	-0.04112753812317262	-0.011520288093981524
0.016013874884946603	-0.04824735860503845	-0.015348783356350398
0.014469989694266808	-0.03370177974085754	-0.010687894267551323
0.015526084577411902	-0.03657881906510235	-0.01906908952334619
0.016911562865949775	-0.036822108496012265	-0.016003095814655074
0.016347302262516218	-0.04805905000749521	-0.01906084343783749
0.014902088317576058	-0.04475119109216743	-0.005733647938338247
0.015138971564583114	-0.03922762084902807	-0.0034822193838793397
0.02088349797499981	-0.034796763203806674	-0.010558982162967537
0.026516987502482416	-0.026857705148983564	-0.02129449868315956
0.030980617112750738	-0.034458473434760384	-0.032014522830175585
0.028865332696849006	-0.01648141096175585	-0.025682111546330422
0.029500958598732592	-0.018764385896849176	-0.032187227449088654
0.02652856907375163	-0.009434644012715909	-0.03278962141585133
0.028007919508615194	-0.01975758938791263	-0.0460551311192534
0.025059352721697934	-0.020766582007486198	-0.041418890633963854
0.025526250014410966	-0.01676127907952591	-0.04449679056339208
0.020563902987732485	-0.002307905264035015	-0.023127054632033902
0.019170748877817743	0.004387834737398435	-0.018651711652087673
0.019084415119801634	-0.0011295459634317168	-0.015995918704998672
0.021420090461559363	-0.013350853192392237	-0.030213389465011637
0.0247602955102743	-0.01540170102147247	-0.047136999693911406
0.026980472904404675	-0.013594840058374013	-0.06427026471446057
0.02545376717830348	-0.004949526981419521	-0.05208159165169744
0.022862378949709026	-0.00026380278370664867	-0.039603320692710955
0.019590839835990834	0.00775400263241741	-0.03258631571194386
0.020429626419707695	0.0028551208707765733	-0.0444399581333942
0.01963774407510681	-0.004520804061207084	-0.047794672971138735
0.020723194333758285	-0.010282665564489767	-0.05052322707602218
0.025266419652373102	-0.009934715653789686	-0.06030662389617321
0.0297102160757706	0.000487672129413642	-0.06677937887736994
0.029908599204667916	0.007952681085538312	-0.06758616379540816
0.024674426796259613	0.009002545016912505	-0.062429950556233196
0.02400125389137303	0.004411237071354359	-0.060908474859090574
0.01917943089709416	0.011238856558167415	-0.04946808239626413
0.02152293455523981	0.007423105371588263	-0.04183059486358795
0.020896094053953873	0.012542285042507017	-0.03183488752146278
0.026834539311402845	0.0050177440273280775	-0.05191403904479102
0.027296972710066016	0.01976415450384035	-0.04658300230566577
0.03040856822365712	0.010562976668669063	-0.058525340719824
0.031613812512176966	0.0076423897987138575	-0.05438803269762073
0.03437221996037005	-0.003525860475301665	-0.0636425452870499
0.034314400987742744	0.003088022773859691	-0.07406222334605264
0.032916288406667576	0.007290386235177249	-0.06788134472616317
0.029144204358842192	0.020433804925404305	-0.06025004165487309
0.027297189808225045	0.018664910770995365	-0.047985980675431084
0.025452927470369067	0.019952526170826858	-0.04122017196647541
0.02796358678704083	0.018351830350303654	-0.04511964774144469
0.02436563466397892	0.026999605329649564	-0.03697938743402358
0.025969027893706018	0.016613690260259602	-0.04491713035083726
0.021856701627442875	0.016453157281721382	-0.03214614528466192
0.02144015800515498	0.008631834003983298	-0.03175618089331562
0.01648734454210209	0.009808407083905313	-0.020477103607910132
0.018933771403772344	0.0020785715449765617	-0.021795213430692555
0.019999601304565254	-0.0056315431978110645	-0.02165667684747689
0.023712954951356006	-0.014670572965474938	-0.019810890255705278
0.021065817018023226	-0.013865246039928298	-0.020482122470393768
0.02051709375579245	0.008573827662630177	-0.021083226178357024
0.02147566754211471	0.030739204679991118	-0.029555446309333745
0.02298694338360602	0.04333022917025633	-0.02980542138900286
0.02505929163482187	0.036091509935556515	-0.035426910195330966
0.02478556330881006	0.02846276524733855	-0.04030658086350736
0.02721138583688701	0.020677434186026765	-0.05998856434503044
0.028637818651839626	0.01668979417824096	-0.05394517755721724
0.028866699923528853	0.009775961671216984	-0.04552868503031991
0.027340028277579562	0.0032557370740591987	-0.0353552605185585
0.02194779085193564	0.002378583125232945	-0.02109991386490441
nan	nan	nan
0.019505256239875913	-0.01389836228282459	-0.005354721326562416
0.018015105211016357	-0.018542803226777177	-8.00072351494728e-05
0.021045688135162957	-0.021614421227337147	0.004528779983861191
0.020903394246445516	-0.023167731161080677	0.0026006579794193747
0.020917356738329566	-0.03266520173955759	0.00606766590890177
0.0185231075020928	-0.03408725586643676	0.006178878538676947
0.014172320465597337	-0.021888245885613597	0.015038738453482959
0.010399050263151025	-0.023490103036684733	0.022765112853818437
0.008391846720098455	-0.028084868456204486	0.036523372065372046
0.009876189911955583	-0.03708961173733549	0.04812119968533115
0.010765832426246976	-0.03296896031415048	0.050281298338586
0.012540597929922287	-0.0341901046911142	0.042189871692256437
0.012813806535037952	-0.028769678750984476	0.03233057682458816
0.010766133277608099	-0.02656525461172068	0.02268122942958342
0.007891466702030494	-0.022510149941124002	0.02751475464096645
0.0058498502147501736	-0.022198475476374848	0.03607557802103313
0.005496177753867675	-0.01986878513463298	0.045123097307708304
0.00678070912082049	-0.02151973175163796	0.03472616221072414
0.007661083607768259	-0.020023982997595176	0.02834191689286295
0.011018692088334536	-0.018149293290016175	0.014805349039648856
0.01162305243262413	-0.0026479944516745995	0.019762634806999906
0.015451849918702134	-0.0058869032405440246	0.011069810626652169
0.01433744421361213	-0.007453578320682365	0.01130358883612332
0.012848351016378897	-0.02443632672924202	0.017050274728234546
0.006703915757048387	-0.018736698537828594	0.03646458135457027
0.0055814158513600685	-0.009964548693581689	0.045352037050325575
0.009259338829587663	0.005903830556423365	0.04289474251322407
0.010029172079227827	0.0060673655519893465	0.035920628282992334
0.009124779892118271	0.0038622082812264933	0.031199311947917904
nan	nan	nan
nan	nan	nan
nan	nan	nan
0.008336697544459527	-0.004504419794073365	0.03141117758979196
0.012625094661634481	-0.003020830575398476	0.04143584664000805
nan	nan	nan
0.015207883905874017	-0.0011538999103036837	0.04449593162971991
0.019091978716068405	0.009965875435793012	0.02582636589526693
0.02616785527091839	0.018927614269402687	-0.00919222286473562
0.03200489165699349	0.02221263483158799	-0.035355502718949695
0.03348556665695561	0.02447187990775279	-0.03997803706323041
0.03217635070336118	0.037335118763951514	-0.04726016871993112
0.03172760474699108	0.0384970459509366	-0.04768682995180344
0.03252147817363887	0.03764610833522285	-0.052054998692889314
0.03460208254339089	0.019124646857790233	-0.052239829240386594
0.03145331781586117	0.01323625392247939	-0.03822661169589207
0.027933755140846388	0.006919144662369076	-0.031693198315213875
0.0273768412013996	0.004662354688719285	-0.032737834726935186
0.02856781162033073	0.00484133033840566	-0.0386317616548479
0.03149589216411605	-0.003811202234467824	-0.044666426410832294
0.02886820105748904	-0.01499479323520718	-0.028302806825302885
0.026125926002318504	-0.01900456043326558	-0.018705655252967975
0.024321362163053587	-0.0038727926941057277	-0.01811994835036453
0.023812895777871282	0.006896788191500813	-0.027530514486684757
0.023414681364989802	0.002401631987987555	-0.02920300823155243
0.021174005666812556	-0.010949988250968472	-0.023335430037057642
0.019175671542559336	-0.012774800158516885	-0.0032432751069410917
0.020803080325517084	-0.003106397483798949	0.0017469667570887033
0.020545752006420233	-0.004773455971054434	0.014618486969622774
0.019917101968546447	-0.018362987694271648	0.01015362509799544
0.014054822653653857	-0.02119605302941144	0.02200267305969168
0.007846818583129408	-0.015526039211143521	0.03146306654439707
0.0028874696583322886	-0.0170578076514168	0.0385848116055138
0.0023192892545488095	-0.02492281331713713	0.04777972591569272
0.007497107613788643	-0.03126513524670211	0.03815358585852843
0.011815176809817361	-0.029162019424959558	0.03387144000888876
0.011854620459775915	-0.030465397025503372	0.028814071117693425
0.008675796507953025	-0.03209768010432483	0.03728094635741755
0.006946747398040774	-0.030731121164728748	0.03351914668295579
0.00847915944572165	-0.021301394198365554	0.03304658713473139
0.008382209502684836	-0.019948944176999394	0.036304715478091866
0.007241473191016941	-0.026418040564916322	0.04527318956067684
0.007558807968643496	-0.034450053671026645	0.0423144013418533
0.007585952461034023	-0.0309073190094992	0.04018788673542082
0.011043709113886635	-0.028365663799034636	0.0318735305157042
0.01470419183120006	-0.03237140506931921	0.028269269306095732
0.016570102338214238	-0.016878980507183165	0.02397864182665789
0.016954740515098383	-0.010976471223467397	0.021351025632828743
0.016395400621296574	-0.009254507401073371	0.020692897125041243
0.014406994289707195	-0.029283683024988023	0.023609605859243037
0.011868718074563177	-0.03895028088668593	0.016387506557623978
0.007027711472812034	-0.04456432212225255	0.020936872902057396
0.005361600941590365	-0.032664183563248954	0.01955767422340125
0.0035247662663691207	-0.03281933836442776	0.02984177411196118
-4.510450075266525e-05	-0.03026593349229922	0.0383024358011399
-0.0023614143750146648	-0.035528943504106125	0.03736291332253197
-0.0036436316840917486	-0.017645242160775607	0.03445004735657649
-0.007118797917270054	-0.009145808336540776	0.03131516631537624
-0.017620566806409034	-0.009220787662139265	0.01583015768225564
-0.02029053852875369	-0.004411395842227929	0.02049409435070264
-0.02234292603131909	-0.0024517944073988323	0.015402487318463859
-0.028952535780202713	-0.004313774433475368	0.015707705301896788
-0.029617108713430287	-0.006125592977398646	0.013620860195292801
-0.02751754739034815	-0.0035522024685980176	0.004007428203810674
nan	nan	nan
nan	nan	nan
nan	nan	nan
nan	nan	nan
nan	nan	nan
nan	nan	nan
nan	nan	nan
nan	nan	nan
nan	nan	nan
nan	nan	nan
nan	nan	nan
nan	nan	nan
nan	nan	nan
nan	nan	nan
nan	nan	nan
nan	nan	nan
nan	nan	nan
nan	nan	nan
nan	nan	nan
nan	nan	nan
nan	nan	nan
nan	nan	nan
nan	nan	nan
nan	nan	nan
nan	nan	nan
nan	nan	nan
nan	nan	nan
nan	nan	nan
nan	nan	nan
nan	nan	nan
nan	nan	nan
-0.026993135786081403	-0.001211221121568241	-0.003360609156425564
-0.03498393582371782	-0.001443541259975172	-0.011483915521168033
-0.04001210647679517	-0.007615501782928468	-0.015662834689809634
-0.04160525698679911	-0.012776594470481458	-0.02161604619072621
-0.03744507790095802	-0.017842949835103854	-0.015479211585347603
-0.029311274711798938	-0.02264027625687448	-0.00880632372266136
-0.014705638452448247	-0.02990964019326308	0.011449653290280547
0.004610547747344835	-0.026916865901322338	0.011437135562874425
0.011367404550200865	-0.03946371127116904	-0.005073261365955539
0.011930377159637216	-0.04792062652260102	-0.013505177635473044
0.010108167232571618	-0.0509958365072742	-0.017521574299959562
0.0112457768334177	-0.05563223019425574	-0.016184809676662866
0.005195990008072755	-0.05027028687434248	-0.0048571255551275675
0.0018235065547700191	-0.05537042451074331	0.005094099085734562
-0.007309625450325518	-0.048962932483076545	0.009747691462817346
-0.008893767379487754	-0.04786443585974018	0.014768368957909273
-0.006574131659436431	-0.050337158722957145	0.009568282290277452
-0.0011890450074612717	-0.05010690169678228	0.014854634461059613
0.00045576478425560414	-0.05341831626782354	0.019185013430794862
-0.007449055336186864	-0.0437067583612103	0.019428381352975324
-0.018156847553211272	-0.033066235855123166	0.0020458384853932685
-0.024790974064966925	-0.02428057091524165	-0.0008099284775676154
-0.028080146282865648	-0.020835433674447398	0.007570923961339012
-0.02370401807309371	-0.02589068407916652	0.005484674351907946
-0.02060178452731268	-0.02389460814344972	0.008320003116422104
-0.021754422734388677	-0.024330511941166633	0.011714018967054728
-0.02900106346950407	-0.018553490815980643	0.008860896861817964
-0.03371936615746884	-0.014432206826044675	0.008514265881898415
-0.028346257735061223	-0.015118844564422381	0.009869792595582485
-0.017169665678366433	-0.02511918914971331	0.01505310360724172
0.008851639856787389	-0.02730346758246969	-0.0031861676229765195
0.019315527702503762	-0.041151739101668555	-0.025459474157818195
0.017943683251918398	-0.04521256909209424	-0.02023021525065036
0.011087829403088596	-0.04642171186022794	-0.0173859107322144
0.001821452756478499	-0.049218831248922706	-0.005559872512854528
-0.00733243527513044	-0.039973972189436546	0.0031029592382450528
-0.019038675214720274	-0.023740616860608434	0.008867475754141547
-0.03102519801852995	-0.013182820031600963	-0.006582727367141498
-0.035055076856809225	-0.012012810185462795	-0.009887536793531711
-0.03556566685032033	-0.010088685637746606	-0.005988229130562541
-0.034942513102795225	-0.009904709340477194	-0.012096260488008197
-0.035318815918818025	-0.009476281079644346	-0.013154162838386996
-0.035974938135293635	-0.009934836616016305	-0.017878994731953732
-0.03436760004595676	-0.015861045473346415	-0.014245222000782109
-0.03678950603447558	-0.02012863664286578	-0.013801604245050537
-0.03695012980575925	-0.021312823956204166	-0.01543840858845906
-0.039430238919284176	-0.013234989843781459	-0.020770776586820035
-0.04006756594856613	-0.009687814705933604	-0.021869208221160293
-0.04126593054381052	-0.008538133395377862	-0.02243235727211723
-0.04304467229734671	-0.007948170692185565	-0.020212041618656026
-0.04037309937763677	-0.004574507731067666	-0.012743186498969963
-0.03454566577143544	0.0012031324031642975	-0.011331086118887314
-0.029282839701063178	-0.002319251374910479	-0.0014963597856497042
-0.027531380153401546	-0.00333820556516458	0.0018265664225226852
-0.023546432459174337	-0.020933531536312083	0.0006949421210872657
-0.010658709585572107	-0.04018000464829432	0.005822858683505402
0.0021730711632161736	-0.045887305779228074	-0.005559005881352868
0.01636717580034405	-0.03580321191114073	-0.019128425917268377
0.026263184754505235	-0.02850573179094671	-0.035574661712689956
0.02960758423053055	-0.035709691861052675	-0.037843678624067054
0.026718444897605602	-0.0277864763855507	-0.03640778512573367
0.022854138674252972	-0.031327344404215154	-0.02732657277809518
0.020997674107631783	-0.025182878900499393	-0.022948335475990077
0.023329956018252794	-0.031114213253528873	-0.026085413884638416
0.02649713089181902	-0.027764540767822726	-0.034751514887793836
0.02992122488421756	-0.027142859631195424	-0.038261862241661004
0.028583181168487792	-0.025145542446456223	-0.03935397881230391
0.024757942033822953	-0.02432984142556818	-0.028088994849706533
0.02028782261168384	-0.029737866092578374	-0.022537820999466742
0.019665519780357472	-0.027454676763156487	-0.020658551341843936
0.020578147879143246	-0.04282043917263069	-0.030041700274493505
0.017227296546457514	-0.044507453229915464	-0.023194602467409054
0.008973729552004749	-0.056931959022550944	-0.016797558859619668
0.0059777494275305995	-0.05069889609811121	-0.017255910297350505
0.009858837115103204	-0.05223762476732664	-0.030998470858457094
0.01925978418737081	-0.04729250156980472	-0.04355191873234614
0.028795996816993488	-0.02839058169017688	-0.04239965580490468
0.03264090804089238	-0.00993906709277575	-0.051740519386875
0.03123588460439715	0.006940050353524532	-0.04948448037909514
0.028038343462720675	0.01519704811962341	-0.04172562987186565
0.025555585848397712	0.004524892726164272	-0.03578968448075674
0.023615891022518154	-0.009443680231523149	-0.03881293251319459
0.024431322962419188	-0.024371903301791915	-0.04246071092177543
0.02296092599363388	-0.019943657811710484	-0.04135199034847354
0.02794235264621265	-0.005509369672058851	-0.044879122592729526
0.02947925715295483	0.008494540860949511	-0.05565260715278718
0.030678030699387005	0.02338767507818568	-0.061844319674196555
0.02776946435371991	0.031084287879334364	-0.05683206974907237
0.028389470076698616	0.03630380611026584	-0.05573870963137863
0.03345318557931346	0.02435682768966709	-0.06351616444512796
0.03363779949144345	0.014215701477431316	-0.061143281812987296
0.025387032969916533	0.006340617165236936	-0.05291869657783303
0.01657594291931118	0.0016261620898221079	-0.04418298283474609
0.015543727871892917	-0.015105875602460708	-0.036354044057822776
0.024166129820162235	-0.028930500101723308	-0.0503084109777967
0.031003277400982562	-0.04479771877695752	-0.05302530769260963
0.035093170288817324	-0.04179009550912764	-0.05494699391022321
0.03266468806806363	-0.04504052733823207	-0.05063460599978961
0.026867407284759996	-0.04876331755091082	-0.047801551095804584
0.02261329840918461	-0.041049782971847235	-0.03642612266474936
0.023818407738735975	-0.04288696681309317	-0.03834071403781075
0.02229277669405126	-0.03957274594564297	-0.03562878978818885
0.015361957141193894	-0.03696468125240839	-0.027774512295539417
nan	nan	nan
-0.003736656171083861	-0.026204053339591235	-0.0013268227173735612
-0.01517057397500726	-0.025919409613598034	0.0038387403864832675
-0.025239842818784972	-0.02833295315678355	0.003873442314662707
-0.027908821597518382	-0.025211693681029487	0.001384679553890475
-0.02925034376085798	-0.020834081036424586	0.0024919084528183845
-0.026997538316120007	-0.025547071736001507	-0.002606581666339043
-0.02724159516737916	-0.02611015814565263	-0.0010617490540860454
-0.023127419230151252	-0.031815951886993786	-0.0062887349051701374
-0.016351358157486437	-0.04266718503998454	-0.007263586313904497
-0.0009899653999751142	-0.05458214300709141	-0.005729835823593521
0.008746463204409954	-0.042788817401276345	-0.010358479396285251
0.011769648462304693	-0.04029030366847214	-0.0160927944309512
0.013644811815043232	-0.03585434501897392	-0.02149650510991761
0.01923090846794596	-0.040847691719786146	-0.030914157199922666
0.020870769138514107	-0.041493483159214355	-0.039889585927683685
0.015872061761466695	-0.045324337114953296	-0.02524636562074944
0.012433809535399036	-0.04694559729013091	-0.021758428864336293
0.005645705976157415	-0.04376443894831189	-0.010019906311046762
-0.01004926675971993	-0.042420884141091686	-0.0019944609322684777
-0.017667079869202035	-0.03755149278505593	0.00654592728903863
-0.015770697547354193	-0.041462330911387464	0.0005406848485568147
-0.006514727288974099	-0.052954308681232916	-0.0104133782842252
-0.0007558106929813751	-0.05890890113631142	-0.017379992849731164
8.648763340613071e-05	-0.05514444815594008	-0.00675129170174946
-0.007990177757199242	-0.046177651593834246	0.002809853564673108
-0.01589943525671521	-0.034121469277144115	0.007699738854720129
-0.022454925695857164	-0.021131330962424835	-0.005668030858065436
-0.0267928349678593	-0.009530035209950646	-0.011066718169930184
-0.029811321332062525	-0.0063075701693369275	-0.013363366624041265
-0.03305945545542799	-0.006874192745530756	-0.013249885522534359
-0.0340390162299907	-0.010385644990146206	-0.012209587206785815
-0.02736044326308529	-0.022043261432552346	-0.013333068906377865
-0.013570100649423026	-0.03314230262133664	-0.013379716284706054
-0.011707650306955503	-0.03682687565891273	-0.013452440568370834
-0.01696565043044258	-0.033982133781560155	-0.009306901217715106
-0.024311157525506822	-0.021082254344343677	-0.004929855826908559
-0.030169057091079962	-0.014939768601468164	-0.0077164353987551546
-0.03409651523775481	-0.00521608942180255	-0.014002279005834048
-0.03488790653507272	-0.009896992095943299	-0.011058369290042454
-0.033465013324610514	-0.0106052926709118	-0.006282507198532534
-0.031102878206537773	-0.01175642988919334	0.0006711433165705466
-0.029171914145162788	-0.004843125726488922	0.0026978986605833144
-0.026069376526637232	-0.003143106427390169	0.00191795646972618
-0.0203929321592024	-0.002908078127812794	0.003136233334041987
-0.011054743131945646	-0.00769736172446881	0.0017079318699221649
-0.0006590781274778521	-0.024025363590955424	-0.007263931038103894
0.010222375368125222	-0.034856181495898614	-0.027750479204560204
0.019135760477768656	-0.03969853108104598	-0.03892699404101062
0.023646952506005767	-0.02542904956588993	-0.0414444327618439
0.02501535145301702	-0.0224796146539299	-0.04273837752953921
0.023433462241805224	-0.012108263168888193	-0.03173219779193902
0.02051784787486405	-0.015171061761303933	-0.024871351415931334
0.012057525323527591	-0.00673372667611125	-0.01751279842957327
-0.016733595334748885	-0.007243787358390324	-0.0049005910509366465
-0.021407460031449412	0.005156149414151275	-0.0004032604006895951
-0.029760008071488448	0.0012501015304392624	-0.01715279565184962
-0.028543851447016627	0.0014369032001095513	-0.018968989944333804
-0.038211438822399885	-0.005442902890944628	-0.02593796611993164
-0.04033166404232792	-0.0018735197665701074	-0.03684203507951981
-0.04186803444942507	0.004563497777275923	-0.032727685955446464
-0.04157002983119185	0.002523721073581155	-0.027005390196565345
-0.03978901056256333	0.0008362546866004933	-0.02588906614305328
-0.044050494523553	0.0020440394914803457	-0.03221052977878361
-0.043108217561789064	0.0006581411200570991	-0.03227385949255795
-0.04494326781259216	-0.002753295813098482	-0.025119549462757258
-0.04379669738441695	-0.00560681311068998	-0.02747062078809228
-0.0456130325809013	-0.006696489102920555	-0.028591260370704714
-0.0462810612700644	-0.0025926898290563323	-0.03710082622351317
-0.04429777499372832	-0.005757795201113905	-0.027337113775860088
-0.04148416092619073	-0.002690342277102952	-0.021318758707782333
-0.03692388832174499	-0.0018706556392374624	-0.018403330066229375
-0.03806797460542707	0.0009532883326296687	-0.02333945559550446
-0.03944151603894596	-0.003047011381938308	-0.024809418103885476
-0.04372961795467535	-0.004775268745363547	-0.033048497148638056
-0.043840635545525856	-0.006181412444708663	-0.035830166117038924
-0.041193483244801536	-0.00968574605688044	-0.033460061569940906
-0.03498203547773142	-0.02215662541118108	-0.024586426315804225
-0.02292606662013337	-0.03524353208909841	-0.018943148754791386
0.0077260314508389655	-0.0406345950515564	-0.020172676149673704
0.009103349102713676	-0.04363838622139281	-0.023844447292537076
-0.003662385141406917	-0.05123121355135725	-0.01653191958300655
-0.007463162282946156	-0.045387153406753374	-0.008139051732649026
-0.004436781946237783	-0.05247439436760003	-0.010554710803696417
0.0016630146279977716	-0.05268017830854465	-0.010389664349727035
-0.002183835177814248	-0.050266661993076674	-0.00686386485664719
-0.01355706772106	-0.0362255113244617	-0.03141418451574124
-0.022431558303263117	-0.028050132038050176	-0.027537675660565152
-0.023027789561690864	-0.020214958614123296	-0.023883487464404194
-0.02408798342691196	-0.026277477444093953	-0.022927692769582255
-0.02162520813204773	-0.0262271579303392	-0.025153624439872787
-0.024956192610820917	-0.01883827402636675	-0.025839554550980564
-0.02659744430089672	-0.015456957593572301	-0.02766887781718846
-0.026659662651508546	-0.0154498229079292	-0.023933232367255832
-0.02213497304842523	-0.026862893405326153	-0.030349134891935733
-0.018186678389564677	-0.03311244736621912	-0.02840400096635725
-0.016010833429188066	-0.04077783328167545	-0.02193205267421324
-0.01062701701222458	-0.050491307433758105	-0.021706933220412845
-0.0006381712835223336	-0.05646416437184467	-0.018395476230903252
0.009256327319474695	-0.0591248357462833	-0.0213561226027802
0.008951256875095964	-0.046336680265142864	-0.023482820146059805
0.001059708730319843	-0.03129492049481495	-0.017592767847101676
-0.00997458256003556	-0.0270340670615115	-0.021961598654433537
-0.015254142570576577	-0.02461532122611951	-0.025920667832045444
-0.018165966304313972	-0.019240975048310183	-0.023011974950101346
-0.01815149657197926	-0.016108642043612453	-0.020243260900146245
-0.018418628851956498	-0.020901605211781703	-0.014526540928515335
-0.017453171473686687	-0.024037293547553445	-0.01005598420518149
-0.01988718357592602	-0.025674308028527514	-0.012877222623766192
-0.024983983075674884	-0.01975106017922928	-0.018624022349532834
-0.02950178574400191	-0.013305464706682823	-0.019382289205857578
-0.034779748757015005	-0.015951694408658807	-0.025388079137762
-0.03786001944790739	-0.0179873127405034	-0.027570721559634713
-0.03988082732508077	-0.021368461136348275	-0.034369925677387385
-0.03481380895959772	-0.01264727379073705	-0.02918949116142079
-0.033997856444361395	-0.008628934949390533	-0.025691927934260162
-0.03518227015334987	-0.0074653816318553095	-0.0254346513518102
-0.036686230608451345	-0.005675366921461075	-0.027900401089990957
-0.03352417794690413	-0.008134468101688153	-0.021767359758643155
-0.028072303844196265	-0.016693964844851666	-0.010221597549686722
-0.02307820186214488	-0.030302678700841443	-0.005353386392532595
-0.014138394449493044	-0.039383656060643875	-0.01058051726898271
-0.002234398671148127	-0.04899932354532773	-0.006863630467990726
7.789353286328206e-05	-0.04994103648833681	-0.0013509653069380236
-0.0020478513960506517	-0.0554621413793895	-0.0055589143074731735
-0.007643959364144592	-0.04880593120837803	-0.004881821783766482
-0.012961701415488325	-0.047387371805022234	-0.011814348574191997
-0.021696673611286164	-0.0402345273326989	-0.011238792033646378
-0.028935492954589557	-0.031242775787361045	-0.01518548264579863
-0.030611409137043147	-0.02631479574797981	-0.009056242151276525
-0.022753163944446427	-0.03058026471582202	0.008359988220358092
0.004335493967340118	-0.04762019168541556	0.0015029809406283644
0.005451369033333564	-0.05170289775827391	-0.005415064280288454
-0.01160315827573612	-0.03569152180845135	0.0013644836158442277
-0.03277051945782382	-0.025129096013265184	-0.028154793491077343
-0.042293031956656665	-0.010667233649573539	-0.03179540008183831
-0.044549329869045494	-0.005164716005368992	-0.03345422811230962
-0.04360474674886951	0.002019967468695733	-0.030169445741252632
-0.044177568092885026	-0.000734135066444039	-0.03105225934046129
-0.0455209894034236	-0.0027934063110811066	-0.03516845974163363
-0.04319752241616361	-0.0005860406850483912	-0.0386412109522295
-0.041095244190908466	-0.0005603589632969324	-0.03508347407565819
-0.039210557514067566	0.001998108585331451	-0.030229361154282115
-0.04038964933843163	-0.0001397063430665463	-0.03477935954602405
-0.0406407727243427	-0.0012956495060849316	-0.03927163131965398
-0.04282761120633705	-0.0013465743090093397	-0.045200969632145226
-0.04666320667979711	-0.0011905282972749184	-0.040467535761192525
-0.046369855069421914	0.002573946741932573	-0.043613471539767065
-0.0457398046054213	0.005797831742702201	-0.041948593721217495
-0.044889859647613724	0.00465359398623457	-0.047243159950843605
-0.04885873169197176	0.0003728705525210856	-0.04951563617885784
-0.04850450440738903	-0.0052923430950392765	-0.05425236175403815
-0.04889129932767948	-0.0065137024663607735	-0.054433868559157245
-0.04646147926606479	-0.005872187092615118	-0.05635904053693397
-0.04606531140229092	-0.003960287542805517	-0.05149028152380886
-0.046573390321061794	-0.0037107961917470624	-0.05507812939208198
-0.04721943468095927	-0.0015729665897274538	-0.05124676607044226
-0.046458353786020604	-0.003666820244381659	-0.049337015774008626
-0.04469974362912388	0.001579533496194357	-0.04297892840030346
-0.04370179407814212	0.002379901699499088	-0.03708866919165844
-0.04563261416282135	0.002060296907876496	-0.04424058606373691
-0.04428727296210904	-0.0037210627245129746	-0.04729878721823306
-0.04449949333188065	-0.005176241188641542	-0.05165345588823893
-0.04348043556431058	-0.0046468193425659495	-0.04689531327444851
-0.04322986741922491	-0.0018065290936470654	-0.04229119187161727
-0.03694764238502025	-0.0032747981908729062	-0.03800500769751156
-0.03701875802183748	-0.000700744369726862	-0.03824338026075823
-0.03381606513637939	0.0030471570304444018	-0.026642721060978654
-0.03962157634178276	0.0032780902922822023	-0.036145203714722685
-0.037365760901253146	0.0033081524996722766	-0.03361293890732604
-0.03864334395751358	-0.001131040961646854	-0.04002362364868862
-0.03933274896393488	0.0006897344471987086	-0.04300651339129212
-0.04059809561369117	0.0006027538563463468	-0.038211743003515354
-0.041729507452485694	0.001047172245086788	-0.036308884435090935
-0.03892841388379473	0.0009717110834215074	-0.034772540236270306
-0.03850860498053927	0.001075014797103609	-0.04285476274303367
-0.03709679743006787	-0.005255077990961801	-0.04388190466311625
-0.03905499619401698	-0.0029023344767674835	-0.0445126817142308
-0.039501294242881124	-9.716466728843499e-05	-0.037289485035829406
-0.03972660636875176	0.004664423510110892	-0.03149001027353184
-0.03845919488002491	0.002278063858965424	-0.028220326162510398
-0.03805989903843077	0.0008570102572189222	-0.02575138861404844
-0.038883309956383415	0.000898359655747743	-0.027834241242639654
-0.03921164053050986	-0.0023002816852316986	-0.029452001972451798
-0.04101020152555358	-0.0020702648480565317	-0.03619720520036942
-0.04257539702690961	-0.0012194663587075582	-0.040593195011200206
-0.04292784704005713	0.0035014959494059843	-0.04405969391535861
-0.03935428921624605	0.0012854807026655589	-0.04001120029539627
-0.037776010487293364	-0.0001749032930614622	-0.039160781510419476
-0.03731940284358778	0.0012994074502717381	-0.03437844533209223
-0.03934832370959639	0.00186529746955829	-0.032918807616620624
-0.03711520443580441	0.0009975038905233602	-0.02413511598718642
-0.03574873686439944	0.004326251620474583	-0.02747855764752601
-0.03573537387948154	-0.00011322711271611642	-0.027436751686410896
-0.03773779579418726	0.005053469988900881	-0.029038368021063937
-0.03842605649804603	-0.001363023394787385	-0.0270461988040585
-0.03682136314428861	0.002530353049623779	-0.030262405945017556
-0.03534772218249326	-0.0008740867873986005	-0.02627695579877273
-0.03589014221590459	0.0036972600922376923	-0.024707545988743605
-0.036298411355697405	0.004359934252659184	-0.02401667424937122
-0.036115840115770736	0.006269283236107897	-0.02188560534133619
-0.03581226057102373	0.002343077281670445	-0.019274735935898225
-0.03617430115858508	0.0036154175631957037	-0.018077507414428262
-0.0374649527428199	0.003057678165183526	-0.02605618081403443
-0.0369596352578945	0.0044533983301770046	-0.021597326045561194
-0.037867285842646974	0.003624208040497126	-0.026623189736497528
-0.03818140974584424	0.004046464031332096	-0.02538048882685382
-0.03934873341789526	-0.00043112777073966855	-0.030940287364978218
-0.04003522734659464	-0.0007710444547207673	-0.028023761714485673
-0.04144310357974069	-0.003476806357794991	-0.03105896079195315
-0.04341578121534173	-0.00011320087580832292	-0.035048972759527355
-0.044506877580035756	0.002910403448227034	-0.030728138964829732
-0.04403508255765967	0.0013572323695673501	-0.02398821663093656
-0.04331351346958007	0.00018773066741086376	-0.022489943824499554
-0.044770701645564244	-0.005637680782416926	-0.027453359438820418
-0.046782140227261966	-0.0005616920972674267	-0.03709837934846383
-0.046662436873725635	0.0013860657348863086	-0.03492343748814346
-0.045843236878474296	0.006218950545714955	-0.033452634828212514
-0.04487820457836704	0.0035474558632015126	-0.029755271758769637
-0.04571332256957883	0.004500716229514581	-0.035351715124813624
-0.044788912431919424	-7.836298680441488e-06	-0.03799086342312487
-0.04402186237416282	0.0012517334349683342	-0.03702375975753056
-0.042863983636899305	0.0031697910292603115	-0.030150123793190653
-0.041781765753831746	0.006647920081012188	-0.022493753301921833
-0.04296035583808036	0.004959378645242661	-0.021541910669130356
-0.045093208646271005	-0.00017421947846219134	-0.02518973324937172
-0.044037056696450215	-0.005011851709665548	-0.03078244457861571
-0.04115924637481984	-0.005649639736900362	-0.024393465231040978
-0.04229055286960691	-0.002218335764867035	-0.025231696959270307
-0.044345442885455284	-0.005203424039744794	-0.017582004055525288
-0.04675617538009689	-2.821097296817825e-05	-0.019893181617351405
-0.04405938828398986	-0.004810775290167658	-0.011690897871307192
-0.04409725252100026	-0.00643684498456711	-0.018664845516038794
-0.04248681517268293	-0.007742548630960261	-0.01714663913557571
-0.04035312524981505	-0.0059670685804515495	-0.011972969208366453
-0.03728261415577605	-0.006272778227596363	-0.002521058540056617
-0.0304528766579928	-0.019300058376566624	0.0017858316392727995
-0.017100499748755403	-0.04413155979390837	0.017862740318301856
-0.004353591113023227	-0.0495333741569465	0.010190089429455715
0.009251603501658169	-0.05039933766912252	0.004978656148276628
0.017701184647274194	-0.04326441761463934	-0.0027440735114831367
0.0192973202396105	-0.039400157905433594	-0.00943619248032478
0.02218075873973834	-0.038384954953633574	-0.0114602770607945
0.022383065028515507	-0.03192948716422986	-0.0092396197070427
0.02461222769611556	-0.02799813635375346	-0.004361251854458532
0.022840127978339658	-0.02327555716926214	-0.003635777799672977
0.020629600545733373	-0.028043522794555024	0.0007057035831463457
0.020028250067583936	-0.04091946489508593	0.0003898540753519211
0.014719752840119013	-0.048431019197963804	0.012353613514390663
0.007664533282275011	-0.04861448543046633	0.02144517430789878
-0.01017120790338194	-0.04241468681506759	0.02587852011783223
-0.02710686204953658	-0.02977321604811209	0.015701959483103392
-0.03594372480699882	-0.016613175590089443	0.002457542838343686
-0.03944925890957094	-0.0082199952976251	-0.010467963816637824
-0.03853609829675037	-0.006570937665479577	-0.02277090617216403
-0.03884774075075746	-0.003659259393870449	-0.025711426774928523
-0.0397045200309319	-0.007376799099485327	-0.02554044254531337
-0.04388909202055277	-0.0027688189070178356	-0.021722374858823713
-0.0414786344690575	-0.0003129667056493853	-0.016836819016440602
-0.03884920054080395	0.006269387056505814	-0.014440297227713738
-0.03653724385993804	0.006859497872964578	-0.015678233101069843
-0.04019845347699601	0.00686051381271606	-0.024772504654267898
-0.04418076286427161	0.00987644025143572	-0.030025745543734057
-0.04741312900349986	0.004260289174440162	-0.03324665293634723
-0.04494183341392149	0.0059287038368966575	-0.026969790803573184
-0.044284299858779554	0.0063427563765367945	-0.0255878394330112
-0.04392478519124812	0.008062219738353919	-0.026783587856214323
-0.04301288356276864	0.0032857961251578326	-0.031666968648542064
-0.04370793447157483	-0.0011555890598561752	-0.02699540416103598
-0.04260976828182682	0.00029281963875159983	-0.020238723908584912
-0.04718714168648599	0.004158315621498434	-0.017429155035335236
-0.04607516972068279	0.0025566765681826367	-0.014638078140346955
-0.048260693399511514	0.006374368684031269	-0.006380646991792832
-0.044725016973909855	0.005445417019093231	0.002702173655573653
-0.03957069006691849	0.00013003165212456275	0.007501481179083502
-0.027224663649869925	-0.019897642379609445	0.00927108888190703
-0.010170167626418692	-0.0419995100509275	0.011936379679073574
0.0043471035217872685	-0.0374991108200312	0.017404271552952877
0.01590833761499732	-0.02902051170977638	0.006797020909780894
0.025923233012471424	-0.0035056138446178074	-0.008199082701719745
0.030349896952518593	0.0022907476817841904	-0.014689675836954786
0.03099873614376185	0.016251839583328258	-0.015430234400719448
0.034649745345088565	0.03164697622942346	-0.0194660386304171
0.03539657359949584	0.03439817090915959	-0.02014174425612479
0.03215376343397396	0.022004361251687553	-0.018998759648733994
0.029207689356304266	0.001740720671226902	-0.019835886341052007
0.02482786366024907	-0.009726512854928794	-0.014033897570939247
0.02293170278906329	-0.007896697142067206	-0.007861702743495368
0.020015955236516954	-0.01132161248835119	0.01050384917019712
0.017733451108527726	-0.01285269314211449	0.005717413567335582
0.012626348083286006	-0.024844768454140843	0.009429499919529235
0.00540257479696713	-0.023415206890226137	0.01796531438123498
0.002139106204405646	-0.024486444564844098	0.021928831920311764
0.0028592078492634893	-0.011947277377181893	0.020277317112031734
0.0027307564642158983	-0.0118829192223673	0.015483769249721072
0.005707162939940036	-0.003917724105360281	0.012423299204233983
nan	nan	nan
0.009373675850770858	-0.013966491832971197	0.0028655332870567716
0.016545736772509718	-0.013050348096849518	-0.003452896018108914
0.02000633663755767	-0.015803397623878394	-0.003139081384318506
0.02135358883102014	-0.011926615060829027	0.0012931909185503014
0.022687342881706308	-0.014959992099352493	0.003526048837849724
0.022012656822089152	-0.015428062270338294	0.006484142034147669
0.024643422107897474	-0.01629287206915653	0.0022467376870207827
0.027890208051818036	-0.006544364568814602	-0.0054027695142917186
0.03246989866390565	-0.002057913874704319	-0.012871331453319444
0.030122082576459486	0.003496549806456617	-0.015729231333710094
0.030147104111424183	0.00011788726724373759	-0.02018376807387623
0.027102444113769657	-0.0020422905106461534	-0.012722038724180575
0.02735532768250042	-0.0040681632121547205	-0.005728185588643787
0.022926039707304058	-0.01778535875008829	0.005666911327668524
0.01784834822575463	-0.031316414795334466	0.014623800722936928
0.01446905344866542	-0.0274473187743356	0.01727983385156676
0.01615582315577821	-0.017115582824776886	0.011238016237645513
0.018909592357085208	-0.009310902762549065	0.004201205256336523
0.015092410265346926	-0.017107731114088292	0.00987925279771842
0.00034299230585619386	-0.02160669728311863	0.022908916293192496
-0.014316252192522107	-0.020850111560558836	0.024701961133412227
-0.024294052375486153	-0.01615685162775991	0.025012848017412367
-0.02677778106552245	-0.00416547621355239	0.023066059037669742
-0.027616928869119303	-0.006933285015965047	0.024194919151509436
-0.02851530389747506	-0.007996926139185854	0.016515201736095782
-0.03156170133567999	-0.017973434852776075	0.011008490752321111
-0.031689355557134036	-0.01345504080233417	0.006868038191743461
-0.03037143360926005	-0.015339697223269253	0.0012415594317811522
-0.028072650173644773	-0.009462453097319003	0.005693703511516018
-0.0290897351271769	-0.01695526118234379	0.0035568477354084166
-0.02878590245401631	-0.02044813615925097	0.009414858558539317
-0.02571812715933497	-0.03632459253701676	0.0062782889592409505
-0.015257627021726467	-0.043341365387756146	0.012745821995787204
-0.0035163583602054803	-0.0491861599427053	0.012451259120464893
0.0034956232619420546	-0.04521054773497455	0.007039449606937431
0.0063373398349150165	-0.03583469907957966	0.003490368513420812
0.011440235513182765	-0.027678353505531675	-0.004158127922242644
0.01717495329403032	-0.020409657766531714	-0.01547284505924279
0.02015324786174086	-0.023184729751642492	-0.017509144894324896
0.019551012910615	-0.02191499779909313	-0.01684135866811602
0.019935770429410873	-0.03036927900163467	-0.009359723586926036
0.02371347552746031	-0.02159455419292033	-0.018361494615578157
0.027099653623215623	-0.017945827656897704	-0.015179713522907121
0.032803712919892244	0.0018821597676019592	-0.0233486500615655
0.03543851036628757	0.012484622428263661	-0.024742862925513143
0.03392525667430205	0.026234389120456034	-0.020261610264414733
0.031086041589553342	0.02208876250206911	-0.015072955640962737
0.0295287721302941	0.013466197477084291	-0.0042851728019737585
0.030512742308075057	0.007841958234446389	-0.010590159658165444
0.03104274943852052	0.013365781884886444	-0.013002738438817822
0.03147668874045743	0.015203967622862132	-0.025904151775443945
0.0336077026450241	0.03538298938372407	-0.02844310043986259
0.03451817367725906	0.039092455239012676	-0.026967250958648388
0.03465124266626292	0.04036799565193493	-0.028338404291972555
0.03455989891609603	0.017502317179610365	-0.028112966044491684
0.03558279324039152	0.015274554213163765	-0.029964919635119575
0.03511698681819682	0.014762845932216478	-0.025119283823016668
0.034160602280312834	0.02637627591165814	-0.023272916766965752
0.034371102878549054	0.026851007421030512	-0.023951707486571203
0.032717234273944525	0.03011647812018685	-0.01984212724650574
0.02893485720843799	0.02039918398764708	-0.014383991364405602
0.021852433577836786	0.008801415580394706	-0.0004875492826983026
0.01355368318212364	-0.005178853608322885	-0.0046553275084863874
0.005254704438595367	-0.016088708247741123	-0.0033719566785436325
0.004820377283576013	-0.014940883545968663	-0.005677164332710778
0.0050666135775997816	-0.014805394002458058	-0.004752017815935238
0.00822077902529474	-0.005792654752667867	-0.004261573674395532
0.011095171182023003	-0.006468120228020509	-0.0015174875895443384
0.01655910385018574	-0.0019184676773000208	-0.0025654959041466648
0.02165407026000699	0.0024069154936462727	-0.008704276604463181
0.025254667786120833	0.006955175468649001	-0.01425014052875024
0.028876875617452665	0.01237123052099468	-0.016531143274446228
0.03061630260415414	0.01952471377375886	-0.013362614934756448
0.031196361595060236	0.015286069018997216	-0.013146738808535147
0.03285126761740754	0.01106691379463086	-0.01199127269203646
0.033211820719771114	0.01132604117154339	-0.012080410213137709
0.03474054124520559	0.02248152374159822	-0.01769621325854695
0.03576071280475679	0.022531640897813492	-0.015287982230940446
0.03451528759490382	0.01237327619159185	-0.014582954719779107
0.025369653635861477	-0.006153827596847153	-0.0018819637483368963
0.010449922605031907	-0.023656170647433465	-0.0007034718565555684
0.006939756043897484	-0.029482411457216282	0.009923812205660111
0.0067730066948239395	-0.02952938296670506	0.008414500857663654
0.007972209414466004	-0.025993290506411866	0.008314989863344705
0.0074480641744326765	-0.027586525105908873	0.007368057242840391
0.008569044976639947	-0.025562428506972875	0.01542794319561807
0.009999529386377068	-0.020671558551026058	0.02590635216781219
0.0107558668545286	-0.02047427610410101	0.03370808550378615
0.010654321044223926	-0.022345805482416978	0.026739716291758135
0.009154661596734528	-0.031022103916633785	0.016417329716436162
0.00945747799999157	-0.032610355206956466	0.007175311032773444
0.01322621691804577	-0.022948885584705026	0.008330433575391323
0.01679753368080287	-0.018061625404642973	0.008295285995166013
0.018079590915946943	-0.021951516177041653	0.003564845897595372
0.014041013577872173	-0.02890265487873532	0.008378190917812969
0.010408203664590195	-0.035763177390093014	0.015503726975511195
0.007161337943258616	-0.031217119783005294	0.031051338892235082
0.0038271854631706146	-0.03661564318584422	0.0320801412239473
0.002870136501812845	-0.03766100998115315	0.026958177465879432
-2.1979201184403905e-05	-0.03880165731806664	0.021907344375884926
0.0015487209358039792	-0.03861929925395693	0.021425358707289097
0.004700689158841347	-0.03194311475178913	0.023094094857775124
0.01275035152193652	-0.03098076397743135	0.017888584103512482
0.01741157993935393	-0.0261450453105271	0.011066015439731177
0.017228143588937525	-0.0204077810089217	0.0084047604413073
0.010605518718947849	-0.026005043726926563	0.009559902403342731
0.006469301258764186	-0.02710185874923146	0.017533472947872282
0.006429416297120575	-0.028029437950621586	0.017072548946693925
0.009077397986218214	-0.020427384981894055	0.016368038349732196
0.01120369024371543	-0.013884054747653786	0.009448721711573769
0.011366539274340434	-0.01395062919760542	0.00930466489191371
0.010387229558601309	-0.01716870760998501	0.012505993669660626
0.010404232766247709	-0.022059778128179483	0.018079065955308848
0.01166478530737572	-0.02716518686466959	0.01717590845556188
0.013873676791560768	-0.024589259535247984	0.011671382580474836
0.015801260884113082	-0.0245075008114941	0.007355302801774349
0.014991784987751194	-0.01712985818880506	0.0028732708289801318
0.011653304971090286	-0.00984860089933781	0.002073641640723779
0.008887392196909418	-0.007145144417656109	0.0006957052989605556
0.00832901991202924	-0.005913607012292557	0.002128301803561757
0.012137444166168274	-0.015636040842936023	0.002527876085092324
0.01429660583248885	-0.020698343858108	0.0019818916380078978
0.01485224888465202	-0.020567782500844494	-0.00039692970172256967
0.012407615624781172	-0.01653994586354898	0.0016025491865417577
0.013724614239592217	-0.015052783242756796	0.00041307931994680365
0.013369480462373592	-0.027305209293526315	-0.004784245554902419
0.016632739023621394	-0.030300887413968466	-0.00375477107861304
0.02123948491798121	-0.028092769266879723	-0.008429467668409192
0.025762694470143385	-0.016455105455975543	-0.013768030462580187
0.02355292449235915	-0.0034550643040623936	-0.009849151956364852
0.024640992785324063	0.005942092704961859	-0.01288594432610645
0.02149627772962647	0.003432452262469199	-0.021076068848381636
0.02260892829881275	-0.02002056609593545	-0.025952238874966463
0.01177782623885054	-0.02780563346561685	-0.004322421161742576
-0.003430698397221828	-0.03461592652817281	-0.002207218933770237
-0.005542073942543934	-0.02251814836464956	0.005855820360872949
0.001201272574954116	-0.022005700364516826	0.01551173114725101
0.0019160481850731994	-0.026706173811183984	0.01766901012350728
0.00028153072354890964	-0.03998252988242858	0.0007720825461528121
-0.004343483296501153	-0.03002674959304431	0.002797158128230874
-0.007097925125881928	-0.028222577399142083	-0.002844509862784778
-0.011533920561097036	-0.019779982849230326	-0.002662471768549826
-0.014236371687868909	-0.020367560646555632	-0.004488484179891188
-0.016658080790199366	-0.012434546797937887	-0.005050625956883407
-0.020627019518219623	-0.009806393212736953	-0.004827798103230099
-0.0256904898042757	-0.007310536669082274	-0.006283168317074914
-0.028074212704190506	-0.0071945786002437645	-0.0035309404295449445
-0.026933003255632876	-0.006975657537923053	-0.0016686117720455737
-0.02359756685798532	-0.0021903488184139997	0.003906332984658499
-0.024127836749010277	-0.0025494108302627078	0.007288952237659761
-0.023320751209258764	-0.0026174084187007294	0.01154026204009807
-0.02149067090557069	-0.01359847156674553	0.013971822008906537
-0.014055771979082936	-0.018477015344054284	0.023394239256301606
-0.005327331331791786	-0.029157571699600954	0.027300084337090184
0.002715584597120073	-0.02106183473780793	0.024835277978969793
0.0068487276842464345	-0.01610081624275927	0.020592152236934155
0.011711246490828806	-0.01000457084305255	0.015538172021980372
0.019082061879942547	-0.012487152606255447	-0.003126000330928143
0.02674455035018591	-0.007015533234330299	-0.01643707099149269
0.031234514681575433	0.0026257105551427988	-0.018793337468357367
0.03486609472429912	0.017570053977851195	-0.015244925035769297
0.034056070549736445	0.023412737819007913	-0.014914227061841458
0.032369060789073985	0.03028268144905821	-0.014050564871918858
0.03138376094349233	0.034680585420397335	-0.015198514018234896
0.03194038905289522	0.032973320860527705	-0.02016821112809105
0.03516767264115414	0.029418843705370623	-0.023037427393677493
0.033401252019461744	0.03237023147605876	-0.01963893605346919
0.03562614773546093	0.03745114142848276	-0.017823560979357875
0.03429543674375117	0.055122903145709584	-0.02231625570348325
0.03697224651904843	0.0581151947348112	-0.03268112706999637
0.036265955231398486	0.06950886741397533	-0.036060560188270696
0.0365053349908197	0.06980032686041418	-0.03837230687430997
0.035673492446704584	0.06635143344179242	-0.032111745365878255
0.03254608460872056	0.044150990316951626	-0.02523146978659941
0.028252270858199466	0.023675663399608665	-0.010667143086997719
0.027457953631844792	0.020081148313144514	-0.007903343347727031
0.02871160577165504	0.02132511889983234	-0.0023998742007301233
0.03029784862026766	0.016654432406566808	-0.010455985939238955
0.03063342790327585	0.009779882068493033	-0.011862883967261345
0.030406540847617358	0.006844895970155515	-0.02193360421677471
0.027718094880722566	-0.006521481796631889	-0.013591478432217585
0.01932457695340445	-0.030478608039573803	0.004283820260104
0.009917138747948613	-0.038955864811234864	0.013216781273655649
nan	nan	nan
0.006641673178838192	-0.03213647595368221	0.021687101943552
0.008593151807573125	-0.01807303495493766	0.021616707240275895
0.01234683165303672	-0.02145534953017184	0.02134653455195603
0.014190283029707271	-0.021466844133284625	0.02090084882949222
0.011518919858102902	-0.02506596065189261	0.013737798983190785
0.008577620259961151	-0.02600491407543391	0.008529452132605779
0.0024715280036411514	-0.03214008850540282	0.014043480046406421
-0.0016961582739728944	-0.04210549593122395	0.022434879775701154
-0.006406189052008067	-0.04173199578658881	0.02433940571854564
-0.008701326512960484	-0.04255843912108624	0.020875421602074416
-0.012872464289921382	-0.038178021448699445	0.01885774704391408
-0.016073484273090858	-0.031053761155965417	0.016562629986888098
-0.019231722674824755	-0.023041061760899827	0.012259264453352577
-0.024201692312150073	-0.016567221644862566	0.0027215614669865405
-0.02747282921783606	-0.015943647630928707	-0.006304731452876987
-0.02647070974937647	-0.009766617819893455	-0.005567830956799826
-0.02662699826021839	-0.009164861556723426	-0.005507672402216619
-0.029191233505546265	-0.004391119685836106	-0.00651784130719622
-0.032737757895608885	-0.007093803180718642	-0.005705171754396471
-0.030344890668616172	-0.006598142987797268	0.0006171054282618181
-0.028533125222657635	-0.01284482895732919	0.0075272431085548035
-0.022798349872772072	-0.018504565472149227	0.021807261207610788
-0.014062964464097008	-0.031265116744597476	0.03740194536018353
-0.0058004383919498855	-0.037625379692546104	0.03446898970978564
-0.0007307575943103945	-0.04091169635023885	0.022109298705947838
0.005804361748397588	-0.037456432049909914	0.0027901517528939298
0.021708213960387492	-0.021174639031830114	-0.022855506045266986
0.026320251554864716	-0.005623972605946616	-0.03254442713410746
0.026940869007178916	0.007003031237625923	-0.03218527630969397
0.02532008310872516	0.008931765312845117	-0.027469675062916053
0.023955433492223677	-0.004428636924745493	-0.024936310761854746
0.016618526272352288	-0.01586580820794539	-0.021678973689057884
0.003469212740491601	-0.03486447695293364	0.00035862670861163456
-0.00866039976368788	-0.03749212841831079	0.003238990107355167
-0.020510699831766403	-0.030080967568616303	-0.0023844897246635827
-0.035535069244066526	-0.014800141550628393	-0.013658147683873568
-0.042262158890734425	-0.005400867414843094	-0.020624844270491365
-0.04342459955111974	-0.00360769352084005	-0.03005733964823447
-0.04018656809905202	-0.0025094274962903732	-0.030125296260539856
-0.040110727648335974	-0.0034964999858704366	-0.03260585752574347
-0.037194093155619834	-0.00452040320692676	-0.024218887053591327
-0.039924061682937016	-0.008501863038528542	-0.027237992880185517
-0.03596175599156937	-0.007051838978326286	-0.01800949782034499
-0.039063832045826793	-0.00820040320247954	-0.03241522510250561
-0.03758710256883645	-0.004869699124950621	-0.030149041051206166
-0.04159221313626345	-0.0037030778713263335	-0.03626811717304668
-0.041280222791672566	-0.0006467966874234275	-0.03448800636585597
-0.04292562128483876	-0.0050025731668017544	-0.03654314978885723
-0.040165505895483504	-0.0077553307405976305	-0.04088426955738117
-0.0411786101119353	-0.008148994826448012	-0.03951946668763705
-0.040765358781990974	-0.0020127599608058275	-0.033823930037058345
-0.03855292447575379	-0.001937933680981668	-0.03000635452789944
-0.03779923877017234	0.0025730847317751208	-0.026416107491117606
-0.03454145890366265	0.001930641058513846	-0.02569123806503225
-0.038181918411228144	0.001377768013270367	-0.03331147816594896
-0.03640044201110654	0.0015624567165815886	-0.03360185215594207
-0.03977319935621099	0.002666089512085748	-0.04138243151028024
-0.03838819792119003	0.008583565705952876	-0.036679260530955535
-0.03880012521210688	0.009850620303341289	-0.04020702928740333
-0.03753764181363855	0.004117269578852494	-0.037656027935139856
-0.03493278483571982	-0.0009763842133746806	-0.03840726733036564
-0.03511856040301492	-0.0007830442837715762	-0.043235453621033905
-0.03234795077075171	0.0002634886791982303	-0.031239975321364608
-0.03767801276415306	-0.002825308732834835	-0.03349865927879685
-0.03704068055409047	-0.006896348063846514	-0.030014943290038953
-0.036575877645858075	-0.008723839098032562	-0.03261536601332002
-0.035326368418813564	-0.007833996847778142	-0.033761691474351714
-0.03871035214475732	-0.005218009268331948	-0.037613894897224276
-0.04414411146618982	0.0009805494849250463	-0.050606636435642206
-0.045791352030600294	0.003453875871696641	-0.04938790426271841
-0.041372308132559044	0.003517221220389531	-0.044384372374418446
-0.03958988587868789	0.0005823357841742604	-0.03917284323502835
-0.038901676820748285	0.0005804382319084179	-0.039447633112950624
-0.03825559334740601	-0.0014879829986913075	-0.039364241615495794
-0.04038356409858504	-0.002414993364893726	-0.044136510845534854
-0.039309868974136186	-0.0037692650645869455	-0.0323678881863286
-0.03969801766147195	-0.004507030808130119	-0.02799759457210854
-0.039058819566998304	-0.005993647590880581	-0.02230332935127582
-0.04124889187932995	-0.011655379667239046	-0.027576336567728236
-0.04204327047733373	-0.00899379684869863	-0.022453302816871936
-0.038515543335157616	-0.009440018976996386	-0.014180951098033322
-0.035896209278637965	-0.01586091633872783	-0.011454338328951104
-0.03187263049373706	-0.024493226236305128	-0.016962962975041136
-0.02360684734102743	-0.045010367554856684	-0.02205690551573671
-0.00989057620305285	-0.05895621310364128	-0.02521874694367395
0.020351678138144595	-0.045455547049358724	-0.020908653911708208
0.028613628737892235	-0.028441551260287485	-0.03392024791360561
0.03153704694227989	-0.007525657976711738	-0.03928276403725394
0.03079277387538995	0.00673231441922421	-0.04111707168019559
0.032206969381395466	0.0153681815196726	-0.04905192622184602
0.03276169172114998	0.016500594038472857	-0.054712202478111975
0.035341546715384385	0.019308190846584902	-0.05292047105570249
0.031211412913619133	0.006958429207560196	-0.037408051916084276
0.024142218113589062	-0.0080203886275783	-0.02580605128048206
0.01741144541241486	-0.019179628180731188	-0.0030967928322256748
0.013758101585369142	-0.017939481567106272	0.013541625769839858
0.015022088352664751	-0.023702517616529608	0.020814236688197728
0.01724570218821861	-0.020941376050333707	0.017652206893345852
0.01992102340995462	-0.02549143743353105	0.00405148244525089
0.016913147616443695	-0.014006299552717547	0.005645908451956927
0.008422802024624332	-0.018917482606908075	0.024736855402244927
0.004979742213858961	-0.02186734156296481	0.032119194957758175
0.005582399353961494	-0.029894184911200838	0.02207666512206538
0.009841138574137426	-0.0287576839913452	0.013053132828408118
0.013344890326965588	-0.03284122606680748	-0.0024496633127979346
0.017588648384674322	-0.029966499775901795	-0.008067459503721775
0.01941407746997392	-0.03747618775176964	-0.013428826649026462
0.01950260071469178	-0.028631468107300023	-0.0061604462759394275
0.01700575510380073	-0.030970270079173343	-0.000947328501405123
0.019970253090193405	-0.021616732863202037	-0.0007996692523291465
0.020768939665564316	-0.027967757386616363	-0.004017262950675993
0.02449681095103049	-0.022404679347229374	-0.009730238676911553
0.019199858776211515	-0.027676426836060898	-0.0016701935184670717
0.015775163018118318	-0.0319442166913246	0.009504485609139624
0.012406025208538661	-0.03390961502293891	0.02292436584629197
0.01573458567233056	-0.025802930240742778	0.02096217471693912
0.01997851708144642	-0.01555856144146649	0.014699605536362795
0.027144701314343427	-0.016448506695399507	-0.0008333867233431165
0.029947428713493745	-0.008618299315222025	-0.01330900115059858
0.029313190056349653	-0.00632362658989163	-0.01760267302461152
0.026000840479131815	0.0010747903340312835	-0.012888056646717005
0.024124916303458085	-0.007020530375525977	-0.003957189526641754
0.02529759242459903	-0.011491267536183196	-0.0073637454683108845
0.025114697435144284	-0.01155599316156132	-0.009400149203210563
0.021088143502288655	-0.0009105889162678467	-0.0088254595788021
0.01764210929831099	-0.0014171786017340145	-0.002431434133662383
0.01663262514249135	-0.0065060985837425	0.0025615005854534786
0.019583548199620868	-0.019541405449481457	-0.00023572467608642608
0.021475352901923195	-0.017169404738268904	0.0019724845345643477
0.022052203321353655	-0.01769046160682093	0.0008935366443816629
0.0206719209011601	-0.014228157576803104	0.0031946936368294487
0.020120548129707195	-0.01708287662633195	0.0024570055728825937
0.018393829721009183	-0.009488061569822643	-0.0009292954033520741
0.022582635771738403	-0.007973650409521929	-0.01640608049664111
0.027406464038590587	0.008481695829819051	-0.03586846891475466
0.03374320687264563	0.020054756003648515	-0.04810449790829532
0.035956034685536896	0.02422174128306524	-0.04657519765316338
0.03705179281143758	0.032822959560230215	-0.0455057928250253
0.03524479724906046	0.030860026588966694	-0.045394696633407006
0.034349072169133535	0.02841973087037114	-0.05008402825334528
0.02873574268449634	0.0143891012692956	-0.03819687593762704
0.02297881774987378	-0.0014720667176414946	-0.01656767228567101
0.01835548270017745	-0.011447814110268515	0.004626152988339785
0.017923470402620597	-0.018708389545273135	0.009138971648317581
0.019869587039644244	-0.018058638269840954	0.0015079912785231943
0.018769095558720045	-0.018877467834668593	0.006419921226266787
0.016173585761302102	-0.017579172219615236	0.008214074401188385
0.011575342815376815	-0.015737938093948724	0.011640879206909925
0.013160448673334029	-0.017647886508174986	0.004659769037032911
0.017105719939210375	-0.021276444540844607	-0.005282373022268239
0.02210857932616776	-0.023730120338113968	-0.007763600501622923
0.023042748677918005	-0.01563637937657235	-0.008443490212778557
0.02137375904949246	-0.017061054082022107	-0.004962808153944967
0.02009497579607099	-0.018131776446892414	-0.0036884135995775592
0.01833595214075354	-0.0317998965694972	-0.0015325558543392188
0.01617841393521901	-0.045485740876151606	-0.004455619587228475
0.015829423190253485	-0.05331656537079023	-0.008021405520640103
0.01769860900335227	-0.039429227442559514	-0.012801621488728893
0.01672584189833211	-0.0323993955810721	-0.01396697086370953
0.0091365588411271	-0.03768691201926274	-0.0035485850203484277
-3.828294631281306e-05	-0.04747631894748588	0.017128448794346957
-0.010524298206904467	-0.04467072135563237	0.025953487612610633
-0.019411871867535513	-0.038136108746027644	0.011980092839868943
-0.02369414838610629	-0.030504591646874624	0.008593606891222481
-0.025027615190303824	-0.025401160284899686	0.0005546029727204749
-0.023220742097039858	-0.02417257616019103	-0.0017839445283939215
-0.025342299325620137	-0.0232778752058414	-0.007544866239210968
-0.02552112609416058	-0.022122554458919388	0.0027161701588151663
-0.02752833266953373	-0.014517963873897248	0.005754972502842862
-0.0273860593651375	-0.007135585392149303	-0.0001788162998921823
-0.02747835488781182	-0.007482898409620116	-0.006581876414625966
-0.026377939985339147	-0.013810372060731567	-0.0015579585427531219
-0.02790451346207875	-0.020464550494260613	-8.441748664621967e-05
-0.02999760900128242	-0.019515906781582423	-0.0033330997037142977
-0.03244531617224625	-0.019301558209417768	-0.01127607462648944
-0.03032457674443902	-0.014833786478678682	-0.006071390029414002
-0.028120577097448054	-0.019369847824944476	-0.004245405879850107
-0.026607983394663602	-0.02240823006632121	-0.0012860374908398968
-0.02364335278970479	-0.021703363768954265	0.0027199959945941217
-0.024382427982870238	-0.023029763040004286	0.003933397827885141
-0.022664740624093047	-0.025075746378504262	0.011537514742246915
-0.023974261181504763	-0.020026737613028058	0.0033903817293249212
-0.022131672437790142	-0.016088353637057164	0.00229416240750727
-0.02291244922037386	-0.014882665349170182	-0.0011157547170489376
-0.018172977232594197	-0.02151947553118072	0.006489461103786731
-0.010801620757300208	-0.029552455540188784	0.009387114297611517
-0.002042507162294749	-0.04700178422585842	0.001389518461979918
0.007137516123724752	-0.06473805178442557	-0.006007642847290818
0.011610031640804305	-0.060959444116635265	-0.012338594342413708
0.007333678510132601	-0.05170300230882661	-0.011857022102897179
-0.01252227557917794	-0.030855005559118444	-0.005283981595266336
-0.0214474739565882	-0.023794474754880002	-0.008872281321890932
-0.02286195546805065	-0.018082576748731618	-0.008325677534536705
-0.025817195965143095	-0.026043715098256186	-0.009046635064877347
-0.024687611908886704	-0.025543862010440694	-0.005782122251210484
-0.024733524697962528	-0.02326774979742303	-0.010279090770807237
-0.025457208574218473	-0.01852429872226454	-0.023239371463396434
-0.026806355373788296	-0.012512958900570838	-0.029861208453620152
-0.02824056137797805	-0.009258617779055449	-0.030750931195012078
-0.02348856760336719	-0.005929747838519014	-0.023823161146298816
-0.026280755963651852	-0.009225490216940366	-0.02025577265827578
-0.02337766179456007	-0.005045848441666084	-0.022471432429954006
-0.0314579599804558	-0.007202197767408108	-0.028877004953450604
-0.026234074724641405	-0.004707126248261343	-0.025642025428403374
-0.023867679007371065	0.002582212500988278	-0.01728042554070073
-0.0217401865695495	0.0037383474083585704	-0.011690530304920154
-0.025320142690651755	-0.003278073717551624	-0.019109126619748958
-0.02794517591367929	-0.006555855269042521	-0.028550558904798747
-0.027888658708975844	-0.011643465971577211	-0.034841932865817354
-0.027338441265469145	-0.009623635576264918	-0.025661419579556886
-0.02595527268491501	-0.015562691826289509	-0.024385189596482653
-0.02684167966485386	-0.01426196204241742	-0.020972527872255196
-0.025989354361863448	-0.013679242814317727	-0.027349354060224665
-0.027759512198187355	-0.008793146189694031	-0.033182214614962215
-0.028038456550060053	-0.00820191915743305	-0.0367237120220263
-0.02403532880199937	-0.0039534888847475025	-0.03195537898677884
-0.026705696994568293	-0.00868605346216261	-0.03272124293799575
-0.028485399323648308	-0.010947394987033836	-0.03833687864872487
-0.03216231372453472	-0.014877221969180161	-0.037172438802509186
-0.03187041655025612	-0.014330187990841323	-0.038040984563048594
-0.030396280177861106	-0.012127469884046107	-0.027813978101809037
-0.031207983039022363	-0.013800272247230438	-0.030252510805410145
-0.033920003757352955	-0.013969470231687858	-0.0334605523192389
-0.036377137831560234	-0.017991871920213294	-0.0388125159245195
-0.036601541145229004	-0.01743047933755	-0.039077092403684906
-0.03603978673201887	-0.01924917068820643	-0.03858929611537625
-0.03561891540906591	-0.013403276551726073	-0.03711114609708512
-0.03716617008019485	-0.010958345628203258	-0.041175302899372934
-0.03365481564129129	-0.006224610073331453	-0.035029066226623294
-0.03254031462446669	-0.006244886046897917	-0.036361326249670756
-0.027308386294672516	-0.006505628419682216	-0.03080033748009265
-0.026499028328072244	-0.00889728254461097	-0.03640065642685546
-0.028282641598006007	-0.009563505593254537	-0.038992208485525696
-0.029232409699911692	-0.012066487511082734	-0.04139894869883392
-0.033655323666479796	-0.01155535354633914	-0.051618501927930965
-0.03258459534099782	-0.011988406810112442	-0.0496885350927892
-0.03637669111976126	-0.009378107325777213	-0.05103927459343616
-0.036334237856094034	-0.009525422683924227	-0.04232296182343477
-0.035816240803991706	-0.009124242382264617	-0.04233536521771706
-0.03637479175564632	-0.009427883856324351	-0.045587927671143266
-0.037455323171458645	-0.013482148792903393	-0.047746916257285055
-0.037114252287656364	-0.018019566927202135	-0.0455509627594747
-0.03603961175611191	-0.01487559451591764	-0.03763803183300702
-0.03447921868089478	-0.014161093810934071	-0.04243124156900771
-0.03033812255254812	-0.00880334350245408	-0.03919029278326359
-0.029690567486170855	-0.012346736033391738	-0.03822207402696677
-0.02785915430553367	-0.014629521895963291	-0.025376203076744302
-0.030534909099144306	-0.016789634134158873	-0.022836953352607332
-0.030812184519405046	-0.016097625069339424	-0.021758704918677874
-0.0318740927907255	-0.013192460842357727	-0.0208978112299599
-0.031140970464596306	-0.016552234863599913	-0.02301178337026058
-0.02797507974660182	-0.01819331468565665	-0.020871571555272722
-0.029352544566518535	-0.015015158772181668	-0.028218002386418986
-0.03275367643696016	-0.010895478270837986	-0.03405613522170795
-0.03715513646471803	-0.007295527173119655	-0.03753799446442703
-0.03562311824639834	-0.014035105359276214	-0.03698009218893391
-0.03274207079940358	-0.011399799128532458	-0.03718520349973483
-0.02920439804739514	-0.014819179193900396	-0.029879008706989757
-0.026870926079290067	-0.011450077244651802	-0.028187705334628013
-0.028193510290658485	-0.014528011936074484	-0.023502870913634646
-0.030059076690894644	-0.009752924528575239	-0.031355070384414
-0.029216722067088464	-0.01596087100515917	-0.02893616886500579
-0.02781054309989052	-0.017540737247413896	-0.03123129752818771
-0.027282887101635855	-0.018482155932852802	-0.027244312024453782
-0.02790013799824411	-0.01626038648527004	-0.027177681431926264
-0.028770552373050606	-0.02246497915048055	-0.021828398157599172
-0.026924650905257762	-0.024508215709230525	-0.023044627133187435
-0.023896871993189066	-0.037392240851574145	-0.02007148229385687
-0.01219904809336483	-0.04788759306103584	-0.02208057779891999
-0.011312512523767863	-0.0476712199144694	-0.021448349794892282
-0.01881478470927089	-0.027956349329603003	-0.014278598347648401
-0.021941991018004436	-0.013883609304498556	-0.005240478200968922
-0.02285029278382539	-0.01281924711880581	0.0014308843118446546
-0.02252618181265282	-0.015156781718813928	0.003840043725091606
-0.02576989385314558	-0.026312593867251315	-0.004335126538827436
-0.025715174065074238	-0.02524950408746289	-0.006811580995928598
-0.023538200802973502	-0.018451409369827896	-0.003402218639951767
-0.022500236338844414	-0.014862396981625696	-0.001743806751488771
-0.02209061218363301	-0.020002289069088297	0.003990226017365893
-0.02285079361818862	-0.025083394706664118	0.0012696701647185032
-0.022255285118367638	-0.023501836178913976	0.0064772952622970115
-0.022169966508313006	-0.023411100099768073	-0.0007242451158964401
-0.01954080332950913	-0.031716042389593316	0.001155379288606765
-0.012140046018315911	-0.04240761458992634	-0.00435783716986082
0.0050581906571340735	-0.04938872427579356	-0.013381331798868697
0.013106217570002184	-0.052444547913084026	-0.019629298647742544
0.015081264021243214	-0.04413326007736613	-0.01406150014187068
0.013599150352616449	-0.03967512839937321	-0.009007005971452986
0.01445508862929147	-0.029678543244524697	-0.007870547109656041
0.019713968246352177	-0.037467112275544945	-0.02261051569930312
0.02444019734896065	-0.027012537261936583	-0.04038189435852057
0.027067689697874046	-0.024731213684777837	-0.04050549155743237
0.022729063299771438	-0.02025399612593624	-0.026326699530272585
0.02323775131468454	-0.02036650162493111	-0.02317516683527455
0.024262451487528897	-0.02499905659526936	-0.026275832267096653
0.026987749090808286	-0.02490068231429661	-0.03174360099486874
0.027713998782332487	-0.03149089817073139	-0.034312423393028826
0.02468183226912024	-0.028828489325327857	-0.02946433881961346
0.020692273049082936	-0.033620479929243746	-0.02329594130670349
0.016350572301090965	-0.030056884749741365	-0.01037674060424381
0.01240542511407425	-0.030942975440458837	0.00043196375357388087
0.00705183139095331	-0.03737248980992622	0.013316149568753304
0.004132673612305846	-0.04368507310995904	0.02644535491805989
0.005909374786789648	-0.04716648376473378	0.02708509213675727
0.00839530328237606	-0.04286127186767849	0.021390831713988243
0.01005988424975198	-0.04486115723990876	0.014111170084637088
0.008666196968156497	-0.04092331420626622	0.01911338425826441
0.010260811618512822	-0.041071616161489535	0.021451065452567145
0.009716164462940194	-0.03656503283056106	0.024277926830996187
0.012065111557059038	-0.04550091100747417	0.023075447150186498
0.006675603186296573	-0.04085535116998719	0.030906569690476546
0.003593382879269509	-0.044247965656542196	0.031232459000851722
-0.001126930179162304	-0.042302691706696885	0.03481881385914079
-0.0015658922166804435	-0.04237065417519845	0.034261449866118454
-0.002184108882713248	-0.04325420400202078	0.04098524006359571
0.0011413379447279444	-0.04068460236183159	0.03451700158920562
0.0078181327743372	-0.03586009931983574	0.020810935142579343
0.017160681186917118	-0.023592379285906767	0.00046284147497865913
0.023900160680021078	-0.017436728006208897	-0.022554824364085867
0.028301171096097498	-0.011156395929464557	-0.03748603478869912
0.025658105248320677	-0.0063354159466532285	-0.03517017067806227
0.01697084892311432	-0.0028322702851559496	-0.017655878117096607
0.01435847785915572	-0.012826210176148937	-0.0074308642672229475
0.01714926638007661	-0.01667467821643172	-0.008947081863007966
0.02510540772331111	-0.011345569555889619	-0.020323091230882596
0.028231832949699075	0.002671233017063748	-0.026472172855527873
0.02868996280878442	0.01486683710688871	-0.03371064481074673
0.026852735187547147	0.0235434161110065	-0.03325826604408404
0.02373357625707523	0.029970501249477297	-0.035256055981893984
0.023942226397194035	0.034855939135975685	-0.03812860253994777
0.022975233516647785	0.040231995389008846	-0.03923902980057711
0.028943498219149526	0.04246655820460047	-0.045441080109253976
0.024499665525500456	0.03243363127491775	-0.04341301552605244
0.020681599681166975	0.02574839698573933	-0.04002472986832461
0.018531636754456467	0.024678309141622754	-0.03175875061345465
0.01902214491868482	0.030111719233886374	-0.03562122688187147
0.022011772252875154	0.027086093717303243	-0.03497320904037086
0.02455822477803251	0.026059251354646696	-0.038683807434651926
0.0217425725037963	0.029338911915575392	-0.025133753839818945
0.02198510743547094	0.026976276937809962	-0.02306498120852636
0.02240146248065721	0.025362594061218196	-0.025164515717024136
0.029019790285943887	0.015370843681302995	-0.036139457310152445
0.02891721043340174	0.011679685659327664	-0.03538501234809352
0.02260383737012612	0.00548988466846928	-0.021350894700970197
0.015013528138078373	0.005491225785916642	-0.018198804379232564
0.011076655156716344	0.0010137566897308638	-0.01312929908551952
0.013430980564473527	-0.0015513076655603016	-0.023215075962154358
0.014554281150776768	-0.0028953722068271797	-0.01775265487550367
0.015846462186560915	0.001878599989010795	-0.017606961704012616
nan	nan	nan
nan	nan	nan
nan	nan	nan