# EV_1 (73.2319)	EV_2 (26.1626)	EV_3 (12.4804)
-0.019196786422618132	0.0024756958141389867	-0.0038282911226619493
-0.01734485707406125	0.0064248146856835655	0.0012573550611749036
-0.017874326453886258	0.0007880759086426817	-0.02370031623574675
nan	nan	nan
-0.022698298015547798	0.011725661127216626	-0.008006878520255918
-0.023544152504030344	0.0017984956390694063	-0.006872810228867477
-0.03357914622252807	0.018904075386532552	0.004923398812467131
nan	nan	nan
-0.03299447911279516	0.014496464352330157	-0.0006961147687493674
-0.031771602728196284	0.011843443647370262	0.003912725414756249
-0.03248173358761715	0.011084370481211992	0.001402642275586334
-0.02582299335584411	0.0029682509088540354	-0.016053443207281998
-0.029197722012690892	0.02013374865375615	0.007828942666832067
nan	nan	nan
-0.030164510267304035	0.017430989377767474	0.004624483501982531
nan	nan	nan
-0.029432982030755117	0.01541420837733029	-0.0031937591244637527
-0.027767397578275836	0.006711557346324202	0.0003305903417462723
-0.033313373121218355	0.014066792199430878	0.0038580379796035458
-0.0295257496291703	0.005463090768354762	-0.01281925360962716
-0.03246076071136304	0.001953876699875052	0.0010448029029763578
-0.027398630143143612	0.0076115171009858325	-0.008198565209213388
-0.038058325473658	0.01595178194408804	0.010390394744696309
-0.029015310640833875	0.007787863029678148	-0.0006522087145694778
nan	nan	nan
-0.023893351515670912	-0.005914689667335915	-0.008638220844289385
-0.011136729519135248	-0.022738290851094158	0.01687117190719175
-0.0068530330812813555	-0.024308067730963875	0.020051378559281886
-0.00481329071951909	-0.028775204765546333	-0.026844217103698744
0.014410417831955307	-0.03256053662875815	-8.211016227174447e-05
0.037351402916606	-0.02156632672279165	-0.012302882732182448
0.02349682273473411	-0.015808972614555033	0.0238413705055817
0.03828033043153847	-0.01678168517144499	0.027454740280728737
0.02818405101788026	-0.027455759119483367	0.0063228489905715855
0.008951477094075481	-0.048351807373782606	0.005733851805669124
nan	nan	nan
-0.02174805824010285	-0.01776143648920732	-0.0020063680077723536
-0.019937621183022468	-0.005261056717502401	-0.002516343509381836
-0.02253880154826209	-0.012182333395237138	-0.0037999802458473057
-0.02434736918570371	-0.016977978065231863	-0.0008685534571721588
-0.0296598147753133	0.00633810472690379	-0.0029687549847962347
-0.0328110734732559	0.001778026087883194	-0.008292067264074554
-0.025892545233516116	0.019424252148694497	0.0080472568629699
-0.030268349480905368	0.0004880401552037046	-0.009306531574580567
-0.02950336465562348	0.008457200095643632	0.007670757403068003
nan	nan	nan
-0.02378083672183801	-0.005189986446174646	-0.007305837021563913
nan	nan	nan
nan	nan	nan
-0.017660423513671038	-0.003745046731718807	0.006359902966284237
-0.011515019121471654	-0.020426379069191345	-0.019349783850984716
-0.015787089735218716	-0.025296296385487856	-0.016977438002904688
-0.027153971574610393	-0.016304485122657583	-0.004689927704548503
-0.02242238555966739	-0.02016101963378679	0.007343684437138103
1.0064430500863611e-05	-0.0429985595776179	0.0004911723695998349
0.010134474264091224	-0.03495970448020145	0.01115713533555897
0.009406681815622299	-0.026125820601569955	0.008460813284918565
0.006668827360871089	-0.04971613178237747	0.008264188891230952
0.012067422420784488	-0.03668221065628312	0.008090865041491818
0.01363603900152203	-0.049435975292028034	0.021789837962932136
0.014813187122481666	-0.037827879253144625	0.010422970446566312
0.023115717576359742	-0.040500477023714065	0.03125096983459519
0.012478759704422518	-0.03653645821225332	-0.004141796228978879
-0.005222117689281711	-0.023779742040945552	-0.005063927464134531
-0.004961005480338789	-0.04716891276417855	-0.009420864581709832
-0.01529987269652394	-0.02826425087597047	0.01029508194405735
-0.002451704618943863	-0.020795291492295857	0.0014818804358668718
-0.007526659331964729	-0.020456713555906742	-0.0017045470004107902
-0.006068524184984484	-0.026451245113730783	-0.010239155131390277
-0.022137768173157737	-0.015559154236154473	-1.28596787353219e-05
-0.0204524663558132	-0.023513282055262943	-0.012390665375766228
nan	nan	nan
nan	nan	nan
-0.025052859158476593	0.01808060037324035	0.017756445603989795
nan	nan	nan
-0.02452138357276372	-0.006167645780600307	0.0030090472687281516
-0.025137671459927687	-0.003668766693320133	-0.003575917058720752
-0.02641542742404412	0.0020934128004915734	-0.0036679483691061422
-0.029188495482061233	-0.01615371166567501	-0.015484190806702
-0.022021935259210233	-0.013218862716358077	0.007428840681518601
-0.025613666927152726	-0.003187936954950319	-0.0022605475392155835
-0.02628978747293767	-0.005443486757719064	-0.0046064107652774924
-0.03144004402387867	-0.01571733176928581	-0.0003996803359449172
-0.019291900279127066	-0.04469374560735777	-0.009676914226434137
-0.015846258538318017	-0.04764322830175116	-0.00888587763675154
-0.01224306229699657	-0.04497481476601005	-0.02123644649616898
-0.01413409341935022	-0.05854484962706311	-0.018150638805162846
-0.016824458649599732	-0.036423689111913064	-0.004547704511453643
-0.007065549299094239	-0.049248046934666015	-0.014173502691999483
-0.007682976968286264	-0.04997129712567174	0.0008958530147458923
-0.00299286857449119	-0.0470217790382213	0.003948673144021628
nan	nan	nan
0.004349407180297491	-0.0565290748849708	-0.009322913525467125
0.0015834609656299287	-0.05758254473670304	0.005452270656222141
0.0020301762466110457	-0.062434535920714684	0.0006281952683532981
0.020104879544199768	-0.07378909650811584	0.00938382598209931
0.018835618758425387	-0.07092577894599124	0.03167567084153442
0.03034292379511564	-0.07966973841573322	0.030417929582756735
0.017786839900539093	-0.056544048574329944	0.02359894098238566
0.017645809852110974	-0.07642609703639261	0.040739378426084646
0.00795611604790791	-0.04821451407505219	0.007101366864893941
0.030853221416577054	-0.07498493343060114	0.045347774361179496
0.03752884572502561	-0.06558882722233576	0.03890494726730375
0.052222553483222856	-0.04000933244066324	0.07410096970481173
0.05485776674049055	-0.03452715570313795	0.06115963356920397
0.03011322303380777	-0.07076252010608686	0.04700111334889102
0.044301676777567835	-0.04551133313097204	0.06472103660564385
0.05263034729968512	-0.022292804726308003	0.06804497103863882
0.06299345580095203	0.03471060922480859	0.038644136622403055
0.07180368936209994	0.03843292880522923	0.03782705502528398
0.0687982021933485	0.05138850312213861	0.03738265616374232
0.06691012848308679	0.044963796662469274	0.03234006943742618
0.0637028027003295	0.03248745197428415	0.0465510135926545
0.06200653577599192	0.035478163635801536	0.04425069777279239
0.0683381851783906	0.03298271446119631	0.05487369179249782
0.067746980753703	0.030830664221460684	0.05643975833763846
0.07000668383096233	0.011723397974338008	0.06198260567633693
0.06152364693248982	-0.014524911275790477	0.062241465016278225
0.04369010440250089	-0.048722613180403836	0.081205872136427
0.022380643418330664	-0.0881274907440159	0.024180673292782222
0.04242265656159653	-0.06764746495646287	0.059448541342998866
0.0515033253638105	-0.04984569711984201	0.05125629836789112
0.06588342607716578	-0.022085164225738776	0.049901930608962905
0.060905791343840894	-0.026791704917715077	0.05556077467030271
0.054646200909966365	-0.02732480665841095	0.048619840699558256
0.05178330933455719	-0.055072457098952254	0.043953080107502436
0.036303185489474976	-0.06870346249841293	0.041058059383924296
0.048359434676024625	-0.05290243786803948	0.060090547867863164
0.03503320975984545	-0.0564644371270614	0.05032696264106642
0.05112488631044968	-0.06942212537550106	0.07574385349140027
0.055323318659608316	-0.05021054597031393	0.03883191348906699
0.05259511231446426	-0.03716455763524134	0.07950686263782081
0.0389515424120543	-0.04279308634007996	0.04152057382560903
0.0526148856560596	-0.05031012149043825	0.053723220096103114
0.04663896227762275	-0.03813227378272187	0.051179584706133645
0.05344070867237891	-0.015528470934968877	0.036787835738229774
0.05910023225929574	-0.03213667481950325	0.05390837675007631
0.05914426808610204	-0.029869966632353407	0.03203819194085656
0.0494969730061206	-0.04817493701131711	0.04827956913567241
0.0232390698648314	-0.06736420098155585	0.027916765881459266
0.02932382344491661	-0.07709344543714493	0.014329937341906745
0.03233955370816364	-0.060673237129555094	0.04214670628216982
0.04321064022555532	-0.03561040317972104	0.0317893612949618
0.0650401927051113	0.0051560744813438876	0.03265911384335132
0.07331218536127704	0.026369173141979087	0.015887275066827466
0.06613073672286011	0.022262006494048928	0.037906518007622916
0.07040457926413139	0.0322588518163278	0.02366681873847889
0.07549073386809121	0.022355368168786558	0.03617200298401323
0.0642668943731212	0.002728571015563364	0.06251217849667942
0.060868844054565406	-0.021808469717449687	0.08766976170364277
0.04697839905272012	-0.03863758584915777	0.060061864846419226
0.041337419382221255	-0.041405080660124514	0.033636400950645406
0.048651771571516254	-0.0668680556554241	0.041010127694564885
0.028432215113419288	-0.0668588124361799	0.04017775767787867
0.017380534391477527	-0.061199691125358356	0.008795301880685903
0.0024255184864024277	-0.04448763498879144	-0.0054556314318568305
0.008185963388147796	-0.04211484877458874	0.01989608101614856
0.004467070551462671	-0.06262543026244029	0.0013743835078504317
-0.010154060594411667	-0.04549035736906411	0.010185098621850765
-0.02244568652099261	-0.04555502087076281	-0.01988459880587456
-0.016077029447303035	-0.04680638197061682	-0.008027408829023048
-0.017558483404123845	-0.040762402812601226	-0.01568130201223895
nan	nan	nan
-0.01653754809883982	-0.04022456870980264	-0.005083056672084415
0.014253285948189465	-0.02356533871118334	-0.003515669866140849
0.02407493170192409	-0.019967994974530567	-0.008329782986292507
0.015429109928070072	-0.036589256460060664	0.004311632985745198
-0.014825693010829082	-0.040340728845858105	-0.005086309561534986
-0.019256519054191176	-0.036681792982125906	-0.015155712814369037
-0.025135786372618277	-0.019863679528631873	-0.005915797574222618
-0.02741223953957984	-0.024250181536163744	-0.010406818622522802
-0.038251179266594895	-0.01615852586126111	-0.007470219846092439
-0.02390359578533371	-0.024658731269851165	-0.0003771517841343573
-0.024832249435749118	-0.02318193242403289	-0.009381008951149286
-0.021083040752080676	-0.00580531323057029	0.009226595160667053
-0.02213295503665208	-0.026097706469663758	-0.004452849048559398
nan	nan	nan
-0.02816324747371924	-0.009179312776460849	-0.011306888355549313
-0.033944149599983105	-0.017389587424169274	-0.0005328858847057846
-0.037893160874503534	-0.02805671124122788	-0.010678831339978385
-0.030666613830997703	-0.017407552086556217	0.02042431716111735
-0.021345021688532202	-0.010945154199476002	0.01008670882824263
nan	nan	nan
nan	nan	nan
nan	nan	nan
-0.009803532306229398	-0.02683555500576104	-0.010971229182578087
-0.02003703403667684	-0.02283451097971635	0.00410322778786883
-0.021199952712919422	-0.03824162063270857	-0.006488327585905198
-0.030528143649810734	-0.01579916892805056	-0.0010202916477839233
nan	nan	nan
nan	nan	nan
-0.02648821976964572	-0.025533719838390607	-0.006646844033120044
-0.025080264119539283	-0.03333312847903492	0.000984826111035484
-0.023834673762279407	-0.03596202438864548	-0.008094461636452045
-0.019653695265075603	-0.04173598076178622	-0.004575605935948988
-0.018135991599535623	-0.04461341564208024	-0.005423581736110825
-0.019841550662872007	-0.04007576833932523	-0.00742454351712136
-0.018027860308030896	-0.039722221899380954	-0.016243834025744804
-0.018835799654647274	-0.05751472888967792	-0.01051550948319134
-0.00440908007895525	-0.05402184540371047	-0.01350233356335589
0.004070492792480233	-0.07781841677915158	0.009889053392775654
0.009899758863885546	-0.08412373742041317	0.014408909265134676
0.009059946010851763	-0.060160341178151576	0.016214485560050448
nan	nan	nan
0.009001342496314586	-0.062371293752276034	0.010712585973845931
0.011147192607030657	-0.06224654792472671	0.010859440239491909
0.02164554308207433	-0.08703503574277034	0.02418201519151307
0.020158383900704204	-0.07348517235544225	0.02748184143784391
0.012383154322720859	-0.0844009624939552	0.017687958050580196
0.0031777936217516466	-0.07256189159155667	0.014892976673675739
0.019248911980241857	-0.06792520294946235	0.048160935774151606
0.004853257693541365	-0.06461949551094003	0.03500773133326531
0.04134606436280173	-0.04838173820082293	0.06909498410801222
0.036729174514208596	-0.033955925639077525	0.06345008601275598
0.0534904616109352	-0.06473852386897844	0.06610346170657284
0.06612626359895478	-0.0175374275177719	0.06383194040911094
0.0629921601925871	0.044468766191018035	0.011839746408135413
0.07015447722835731	0.055320821370977435	0.016735530091972393
0.06788146458445188	0.04933037746132562	0.0432922892364313
0.06347359934877547	0.047966032596093465	0.03821180058130208
0.06788865971444884	0.05648029759941048	0.031826526997304004
0.0703686914298349	0.051822809735587914	0.026822827039574462
0.06749074919155436	0.023641338729894955	0.07871643460677474
nan	nan	nan
nan	nan	nan
nan	nan	nan
nan	nan	nan
nan	nan	nan
nan	nan	nan
nan	nan	nan
nan	nan	nan
nan	nan	nan
nan	nan	nan
nan	nan	nan
nan	nan	nan
nan	nan	nan
nan	nan	nan
nan	nan	nan
nan	nan	nan
nan	nan	nan
nan	nan	nan
nan	nan	nan
nan	nan	nan
nan	nan	nan
nan	nan	nan
nan	nan	nan
nan	nan	nan
nan	nan	nan
nan	nan	nan
nan	nan	nan
nan	nan	nan
nan	nan	nan
nan	nan	nan
0.05522576635400268	0.014117614257167965	0.0678659003528258
0.08139133399806142	0.01382567242348788	0.05917090357973834
0.05338798638548401	-0.03982126861399921	0.06020450397640024
0.017962230260119092	-0.0743512893091773	0.035519416741699276
0.014054927795497692	-0.07566128546625449	0.014827431003294011
0.009887584617167346	-0.09278987066512587	0.03242676582489895
0.025659447558007985	-0.07512661637104018	0.02910933240283773
0.06135747917365524	-0.05628319072696863	0.07388687076714583
0.044547412509431734	-0.08275435281780426	0.0621110488591656
0.03672547821683952	-0.06997407821248494	0.04749804135269056
0.03471182149343959	-0.08039258475327093	0.025876340975782976
0.02003228491069911	-0.09453283970821082	0.027005041046310102
0.006706699939827874	-0.08614698855473585	-0.0019212869225482395
-0.01300223501692549	-0.05593797874470837	0.003795713729924899
-0.018342779632475312	-0.05462770084815313	0.012349961770919484
-0.02156405671968921	-0.0315311410895236	0.001437211520348737
-0.033349963576345495	-0.013187408075824985	0.012170634300309485
-0.029955069229731537	0.0015028774855897248	0.008752034281128425
-0.032087911176830165	0.014767841823184134	0.025499539668742147
-0.038589481841809305	0.009851413748152349	0.006899291363365735
-0.03558356706156892	0.003087991928906685	0.011711756133962505
-0.02965076049204312	0.00452942883170866	0.010350035493276656
-0.034438507289526424	-0.011459679870871046	-0.006259578950091913
-0.03845997639378076	0.00031406488569973796	-0.0035476533258353843
-0.033117994952285776	-0.0024275506333206144	-0.009939697827720976
-0.04183650390564355	0.01097014714298756	0.01446670780042758
-0.037962859128397995	0.002544664193277009	-0.001727042984121692
-0.037808550660102705	-0.009251605615515308	-0.009378683278906782
-0.03067650003673538	-0.025946858346697268	-0.011012889273805823
-0.0374812722436598	-0.004012169814285711	-0.0017603701450827972
-0.03311609034834733	-0.017135080387500733	-0.023831306702328275
-0.035798927340139265	-0.01219113633571422	-0.018127691469479797
-0.03683285826990792	0.0007352941878573541	0.006135375181818885
-0.03448764862365875	-0.00738914232556927	-0.006122699133297153
-0.028655443977092153	0.0002120533464942636	-0.009979561831595315
-0.03973539497081484	-0.00996264001483755	0.0022206106721423396
-0.022731361830315225	-0.002328795895202766	0.005955606573283655
-0.030972952922889443	0.0012309343728626517	0.008861353893426214
-0.03187544768044989	-0.004630005834503821	-0.0017659926836843115
-0.03379089904521266	-0.026463596047362217	-0.026263411514280775
-0.029883244748433214	-0.020545481601154332	-0.014543903943232515
-0.03271236449162388	-0.015465305578278249	-0.013751037033351881
-0.02830256237578639	-0.033142740452167516	-0.02597042311575914
-0.03377648441017888	-0.020893152175995848	-0.01439589899376896
-0.023439281778327967	-0.027197628577329675	-0.0068500887188248545
-0.0219078602058068	-0.010358254639027998	0.0007745131325022914
-0.021133821418588078	-0.044171927329469216	-0.026830179764807744
-0.023199196483749792	-0.04009262278811833	-0.016878672108296647
-0.02251093989866884	-0.040851485197285695	-0.012424669012433323
-0.02884529711872607	-0.053610633815572586	-0.017167784831535405
-0.02102991075328908	-0.0481430574135072	-0.021377017169328848
-0.01379913565801421	-0.053371788943815	-0.018197106690476375
-0.016254364449568088	-0.0591166583251096	-0.008485297167236627
-0.016121345412829176	-0.06328895440637952	-0.00890365436123458
-0.004940456976679558	-0.07295796449943882	-0.0034839032095785763
0.03469447226792203	-0.08234131010264156	0.023351238123808772
0.045459622979090314	-0.07211262186971189	0.023718642641844343
0.043542565732464955	-0.07187061865093901	0.03375395631149118
0.042672495798805346	-0.08666056817883823	0.03162396457379382
0.04897354295977683	-0.08245097646281736	0.057758378048264475
0.05079615879179908	-0.040644463093338246	0.05284946232800896
0.07139778028370779	-0.01854534610543467	0.07036042111056293
0.06659368759895656	0.011549681656406421	0.05692411821924545
0.07099652896304516	0.028592315954880456	0.04921931023469758
0.06216042680509415	0.04087081530578903	0.04610843235035081
0.07235528153742099	0.02808584110103476	0.03455664511669109
0.06841661332806766	0.025207063482027656	0.052225061324049
0.07143511680565415	0.027469664579694002	0.029916636052491792
0.06624434569471267	0.028306703651065496	0.06042667173663608
0.0668199048660808	0.03445020927369204	0.04289785638987775
0.0662746186149201	0.040289850670986435	0.04155870152285422
0.07608975717959532	0.04109753465908768	0.05609134153784574
0.07369752141412124	0.02160298745055031	0.06016229757785255
0.0813979771226093	0.024088984122733283	0.05448386389058716
0.05140341503164652	-0.06169194542947656	0.08285573567124731
0.049527662003882596	-0.06546357617173197	0.06275335967473523
0.036039487703131694	-0.053283878534812264	0.07382640423144482
0.039483480802900275	-0.05486389057650647	0.04364894937271946
0.040118247751905756	-0.06201167895548032	0.05682287364335034
0.038103725567629566	-0.07283517376596306	0.040178255527684816
0.015148311433081325	-0.07429294352967103	0.02168632671407279
0.01694799566887177	-0.07915864456957897	0.024517362720848857
0.05026063842685875	-0.07759160411030491	0.05573918447238201
0.0487198328376947	-0.04984494495257708	0.0457329306682349
0.05312127246764557	-0.05966310458514212	0.03850882947979054
0.04264586367818705	-0.07530734399992638	0.04952730467010098
-0.00022527871557478512	-0.07406256595940004	0.020623322154138417
0.000134541882028599	-0.07368139946497254	0.021504306610412267
-0.00713565635017047	-0.09637220334425611	-0.001372991877705179
0.006096507451817987	-0.08950399740712009	0.012379495664229242
0.020343330824464458	-0.08564898333755265	0.015673838461149926
0.008295764714217202	-0.0899528149029712	0.017420857319681186
nan	nan	nan
nan	nan	nan
nan	nan	nan
-0.013537306273108536	-0.05529863329821518	0.011058908331993375
-0.025221362691495615	-0.03082619827154977	-0.010175761956305799
-0.0208004238156501	-0.04649382652761223	-0.010043830590395606
-0.017029271965855828	-0.03655049088858118	-0.007450299609325537
-0.027840124030383412	-0.04062102678945887	-0.002120068914635516
-0.018756602452642483	-0.055883251462823955	-0.01359919328679211
-0.027365409836351714	-0.05153021992420185	-0.018803993235138282
-0.037911899779516714	-0.0458918854946947	-0.02143968425296921
-0.031336760564261684	-0.030576476868927147	-0.019986164281113585
-0.032552803921798455	-0.015123097459184734	-0.010610638832283942
-0.0501155169200809	-0.012474429052906235	-0.004515632493478285
-0.04138855518499162	-0.029061855644230552	-0.01927596762899805
-0.037667425370209014	-0.030169694266315744	-0.013540511450587284
-0.03967064164818228	-0.017514848142312668	0.00290614315530114
-0.028596156173585862	-0.0182512689431614	-0.013489686450048756
-0.02427856689400939	-0.04919104117120484	0.004977356447190686
-0.04164343004603617	-0.014397070790900354	0.006750294964607703
-0.03421038204051594	0.0010437657466380334	-0.00014649017777487033
nan	nan	nan
nan	nan	nan
-0.03493472170739402	0.018042394721479667	0.027499170247935266
nan	nan	nan
-0.03703558992917699	0.02068042211443282	0.019139936169152022
-0.03824795421937347	0.007557733157499564	-0.002597060378845474
nan	nan	nan
nan	nan	nan
-0.036629965510710384	0.013678578528353382	0.008452643527090097
-0.03963856917443408	0.014517389877716533	0.01755119652930115
-0.039452569040467816	0.012945539714834574	0.01424068208752114
nan	nan	nan
-0.029311360910998376	0.022491542078036483	0.022193879345689654
-0.03940491873393349	0.01245409037131467	0.00548111775140097
-0.039877321352606146	0.021292125021421235	0.008534023458055491
-0.032236778247829674	0.02446352398165733	0.021203846849999687
-0.03734367590780226	0.03443663966633458	0.022314031362331496
-0.031081096071988088	0.0288711924643709	0.02594050037435114
-0.0427869491759186	0.03444599508050828	0.024558718739577337
-0.030438158707350463	0.022812246716134497	0.011525457366331298
-0.04169015531948115	0.029084346169639088	0.022062088726680036
-0.0346939917627773	0.011617056140501241	0.005469805683008706
-0.03714725358476296	0.0085069888267584	-0.008163776841098026
-0.03043472227555653	0.012224485402314132	-0.007041619725718103
-0.028719225902845074	0.0181427264267648	0.012358644510020979
-0.03183912470323572	0.012399208108130872	0.0028445552794364518
-0.0308245453985471	0.012603984137771088	0.022201357285125397
-0.01630555870449553	0.008018992702304733	0.009429735148101377
-0.021954767682972772	0.008049630329398077	0.012846922177266854
-0.030419485337403056	0.012130521177770076	0.012377105851792223
-0.029714463686334385	0.017715965874364734	0.010324931737145465
-0.02735219209046496	0.02517664489323286	0.021111899494792735
-0.03629109695079848	0.02100533702303662	0.025616456208408044
nan	nan	nan
nan	nan	nan
-0.03929006453419063	0.028922213136255547	0.027919757522706173
-0.03068573811362221	0.021227155655463074	0.021369292283602973
-0.04225582302294851	0.032517557644916484	0.026006287523443014
-0.036778391057287745	0.019397248214423443	0.018098939343955497
-0.029389839423194213	0.02402335629443589	0.018839105101166813
-0.041708543519431526	0.030272456090040714	0.024753515496474386
-0.030422262680411125	0.028640978304449238	0.02906057089628133
-0.035181141406294414	0.028418643204935444	0.024639245623667413
-0.03782492413247184	0.020011171233593084	0.015146497178730449
-0.024647827795288412	0.009668243726014724	0.0020858123074748575
nan	nan	nan
-0.033654976947393965	0.008337584887749605	0.015310257642896771
-0.02802868345486403	-0.0002763374534911063	0.010540975063961185
-0.022521757036487133	0.008101854573386087	0.02293930278980135
-0.031729713453777224	-0.0007652636793396892	0.008478337972631568
-0.02790921103008267	0.0012933706365047001	0.009406212738080365
-0.02839089951597853	0.009316013067283994	0.010592241442226074
-0.03881794695121253	0.02328546425556502	0.015167944725718502
-0.039104554286270736	0.019826918221121835	0.01295842768560062
-0.03429531666442165	0.019365346513838273	0.009889760702663508
-0.03404143009050081	0.025064385554833996	0.026710801675212476
nan	nan	nan
nan	nan	nan
nan	nan	nan
-0.041577050638199206	0.029526463954180755	0.0196900285243699
-0.03229753755372054	0.018138116067005935	0.014577166285593718
-0.0392490093354905	0.023671973937510127	0.02356161493324077
-0.028219633301825385	0.023566716490707282	0.022258967406235883
-0.03102350581693746	0.021656482881849	0.019977714200663046
-0.029580784351758583	0.01513507736717122	0.008624540652812967
nan	nan	nan
nan	nan	nan
-0.0345070740301333	0.01469376986780897	0.020062463210020844
-0.031396653349678234	0.009217055277114356	-0.002992606661867195
-0.01683720013713858	0.004222355098307363	-0.01064364440353874
nan	nan	nan
-0.027824551486130455	-0.0036757651705872077	-0.01730612575798953
-0.02615288910114499	-0.005458773383084226	-0.015269408116171546
-0.032666639568276395	-0.005224170685574769	-0.02312086951448608
-0.03566057131137178	0.002719597120438559	-0.02317513805455904
-0.04344568183278984	0.01150478815335652	-0.026605762760707384
-0.041760821309560034	-0.0002514906144956559	-0.035255043680725864
-0.01873405888034049	-0.0016519849612664217	-0.017036401738923925
nan	nan	nan
nan	nan	nan
nan	nan	nan
-0.023960452994289547	-3.116866045729832e-05	-0.022785152320609597
-0.035110373861594796	-0.00395459439215044	-0.028260778803227242
-0.0301649181819595	0.0014383906994009897	-0.017720790878268694
-0.03160020657493134	0.0011028660427459516	-0.02531736799032943
-0.03630540717311924	0.002885537411805143	-0.03354761771361405
-0.03265168298062559	-0.0006033567990677243	-0.030914202234074283
-0.032581768277459455	-0.002175779547526823	-0.025995167888877076
-0.02470612890008126	-0.004171173317425154	-0.040525044783603636
-0.0312306169009174	-0.0018430125440791092	-0.03409631901541515
-0.033703265505506314	0.017924258580657243	-0.00593065101650414
-0.04429004801654812	0.020418660550485447	0.0037560236143912643
-0.024960998188395086	0.007668916487884021	-0.0010618447743326181
-0.037718877451852095	0.016777408898678146	0.011658485674848229
-0.04448856665427783	0.021489927440568282	-0.0018763196247376518
-0.04109874135206874	0.014603563956822371	-0.003988635195150525
-0.03886923470667785	0.0030995580870233955	-0.026013106389587766
-0.04075691146730819	0.00827234562922316	-0.024214716622008466
-0.04077320492464259	-0.004040501410251986	-0.03454813633876
-0.03793779539167443	0.01043295046152868	0.0021720163482243093
-0.041766938114597245	0.006131207841738826	-0.009781331056520744
-0.030468028755726247	0.009396141428739156	-0.006825170744741874
-0.04444833967228904	-0.0019630889967673457	-0.02034568037286937
-0.04100525579281125	0.012683545092887678	-0.010315920080234981
-0.026579846514803412	0.006647148405493127	0.00015535285356206227
-0.03755146145738965	0.0024015943809046923	-0.014442563586435371
-0.04201138865078193	0.0036157130162109137	-0.011133696749172195
-0.03762910825669022	-0.0045985294793527585	-0.01052684051969758
-0.03780693198148592	0.009354681060032803	-0.0007608034692004675
-0.04066583108215584	0.009106499025834042	0.006009856781267323
-0.0418415601071094	0.008739297702474204	0.00015808348942987493
-0.04925295850285806	0.018688795513447588	-0.001311801661642055
-0.048644438527768216	0.0028380057154671966	-0.008437713622272275
-0.03723849241660215	0.0053995401003779165	0.0029550073873359298
-0.030637253243185687	0.0016878382469776834	-0.006353852704678538
-0.03518731752587335	0.01071292505285852	0.004119865173226558
-0.04316680860058054	0.009397776508537669	-0.005277206795836577
-0.038861509380364256	-0.005024401372297152	-0.013153128696294186
-0.04117313819683521	0.005229589429336845	0.0003249122515615946
-0.0337824227691832	-0.00622702583453092	-0.018946625716367606
-0.025784800087017327	-0.021416983256503538	-0.02379731536907968
-0.03465991124844749	-0.02245518590240325	-0.014352689524067527
-0.030016749404889718	-0.041919783840218064	-0.03635572085736881
-0.03306653744413223	-0.029816410902630142	-0.03292740622104789
-0.028865755250407292	-0.04079452654166504	-0.05515167414643291
-0.028415742738496418	-0.04554617635884163	-0.05577175940969438
-0.01326261614154641	-0.05826498107613651	-0.07292847280741323
0.0284727167660718	-0.04483907417647445	-0.09059945932008237
0.0511153703691346	-0.015018558388460584	-0.08152287819118761
0.061877804579164745	-0.02752298749915711	-0.0617761368146528
0.06893827963302898	-0.00913780008168164	-0.0637046774515586
0.06693533044905976	0.008188872490948953	-0.06771018854183451
0.0690477380877253	0.04638070692054288	-0.07033795576997859
0.07146047035398645	0.05096286694043234	-0.08019440710235434
0.06708292132391129	0.05707181160786697	-0.08135894490849266
0.0678510142573109	0.050569163115012236	-0.0973753362919172
0.06834860867502182	0.05309143673388323	-0.07784108597531678
0.07164227520212453	0.050849669789013	-0.08026604596170667
0.07048709224305962	0.05639928968146848	-0.07074098334381047
0.07023425571790605	0.04641174001217152	-0.07185402819431283
0.07516443533963102	0.049193207742746124	-0.08488546040391536
0.07545123130166888	0.051065510466161056	-0.08605740263237995
0.06939284824754771	0.043555954456459635	-0.08158692778557156
0.06881745709579878	0.0466206950741289	-0.09415683589463597
0.0733199443169867	0.04196310982278926	-0.09366607126412238
0.0650489483486141	0.04346957058501158	-0.06008430916307188
0.07100104962013433	0.048696641112197944	-0.07300872274000615
0.07063107956885864	0.030118345348737852	-0.057098039393899874
0.07003253895731446	0.04141867874396852	-0.0760675261442769
0.0735940171669628	0.04554639257480358	-0.08033587704665697
0.06770886788298415	0.04915786515759408	-0.08914857024307672
0.06767596923579561	0.0374294173512041	-0.07906035142778699
0.06991969474747387	0.05453794633348366	-0.08510274337788172
0.06956886512961888	0.043142487753058754	-0.07173532841481255
0.0703577499354863	0.046726279550497136	-0.08418365967670832
0.06896440263045704	0.0488987314917389	-0.09598840618324284
0.06982074308850528	0.054602070793017876	-0.07667161242224661
0.07255691910955503	0.05532038682336223	-0.08069980816793043
0.07341841621403908	0.05332305356307035	-0.0818102899542536
0.06721503980544825	0.0510860599665996	-0.07823338146238895
0.06881924968529389	0.05701238714067223	-0.0811481479903764
0.06674883138118569	0.05412303628484949	-0.06466396821720548
0.06657380230642578	0.05020854018392568	-0.08307643630839173
0.04831575275621334	-0.002700781300166438	-0.09558251084337344
0.037622047597093915	-0.054566886545587986	-0.08531393842807711
0.03982067028690032	-0.057434962770289796	-0.07582807114967896
0.0389265122732149	-0.06306295746518054	-0.0490706744696472
0.04252003147517162	-0.07767094422021077	-0.057999892368756405
0.04527976668471669	-0.053079269516430015	-0.07390812163160922
0.0334070831524712	-0.06940198596188177	-0.08431098385114753
0.05731925767933511	-0.029836657696043503	-0.056147133091996204
0.054590976796910835	-0.04035539157747239	-0.04620808047405214
0.05337030695217545	-0.06269131464991617	-0.03763268180679467
0.0673138833595578	-0.0184424359593736	-0.052311801828393636
0.06710094343183581	-0.016562065127498866	-0.03137542350485155
0.0651858487153227	-0.020852230715784778	-0.03949550865861998
0.06077787060763843	-0.007781930650302032	0.0067676327858282315
0.0628306352275742	-0.025342368096075808	-0.03342938923941541
0.05251332893536174	-0.03187619528424998	-0.01768533321319566
0.05544767128405583	-0.04562839113600954	-0.019981088204376947
0.042125046489738936	-0.055350100093859336	-0.015565600151436702
0.034234756851375704	-0.06505371296736596	-0.015499421324830592
0.026663441100210464	-0.06791941669671317	-0.03732584080016473
0.016275005681526	-0.0887007177275746	-0.04684415644623337
-0.000913746427221939	-0.05798382898870529	-0.037101662733390155
-0.009669260803112829	-0.07662570677862926	-0.03333743812631495
-0.01112579068032212	-0.06121625035243201	-0.05201127346454263
-0.020574004897317297	-0.03259763891214375	-0.02717284182893648
-0.026073794439525382	-0.05273900657879435	-0.05916997760623857
-0.018321796877669813	-0.05800907718014467	-0.0581402491556466
-0.009108926387754178	-0.06363280512466048	-0.04619937249176083
-0.0060103830081671755	-0.05877805909780286	-0.028624496134336756
-0.007223505443998678	-0.05923159581281089	-0.03784205475227326
-0.022583907180426084	-0.013951202033944303	-0.025247286749140237
-0.03408899271267059	-0.04403900061590065	-0.028823692268622136
-0.013191122805527618	-0.04461429883353927	-0.025136364517122728
-0.019746288309566463	-0.0515970569603188	-0.04145661858551916
-0.02571835146780839	-0.057196774194264624	-0.05050316281947849
-0.03379754671061585	-0.0360186673490147	-0.042806972890902024
-0.03108071174372911	-0.05020481130038151	-0.05338735113531236
-0.03336376279063314	-0.03227844733517124	-0.040949567431745874
-0.02899630607168564	-0.0274346817660325	-0.041098242569995
-0.01247761938753413	-0.04226452273770762	-0.039267935395226085
-0.008301905784351702	-0.04068381461625628	-0.06106961112546042
-0.01870781901988375	-0.031884001774702825	-0.041228819388838094
-0.02967556501402309	-0.03781094022284552	-0.048704404773720684
-0.033411606549113376	-0.03311651492152366	-0.039400541507906256
-0.03430799002373925	-0.010570513486416692	-0.04122905448759853
-0.030589307524832965	-0.030733059132756278	-0.031964825676892725
-0.03336301811070627	-0.03143997450337127	-0.03744984864731232
-0.025605066390573996	-0.019826211213955287	-0.025062047769408125
-0.043218917354896906	-0.012575698812994245	-0.016290388770839586
-0.03989722564192816	0.005893377218888876	-0.015472353727644557
-0.034064845848258044	0.010812699749013579	-0.0044756112790615005
-0.03225713202679556	-0.004435029296623287	-0.012866447699716416
-0.0358015765590293	-0.009198591962182085	-0.03293136185239175
-0.02708626315931382	-0.00551082175662494	-0.018725604964165584
-0.0325878344964145	-0.01896759252186963	-0.039513133087410814
-0.042293944161528055	-0.00755458569578489	-0.02802087290816043
-0.029172823114820827	-0.02200625808245353	-0.026427840362575495
-0.02933002779308329	-0.02399236305454635	-0.04075671936127452
-0.023206199192031728	-0.013815078490852385	-0.026778487281062708
-0.010617282401157911	-0.029897404208693922	-0.036718989530735734
-0.010164381782696281	-0.015331342548248125	-0.038375916049501746
-0.002599575545487073	-0.029692522283195327	-0.04319676973730337
-0.005309571594024118	-0.028537268444846366	-0.04745828608057745
-0.0007856585270846311	-0.02218062153058549	-0.040842639379208186
-0.010907294824067366	-0.028797674553984787	-0.015980569764181638
-0.014257562904916329	-0.02679262713007438	-0.028241745342568406
-0.028019564987598503	-0.019058506587918942	-0.039549906471856286
-0.017542575822442737	-0.018702833217371907	-0.043868029371503456
-0.015041137736245271	-0.019251112481237703	-0.06140895807734193
-0.020722586414346086	-0.02588519459838651	-0.05124005558967179
-0.028045898643468965	-0.017398822022596506	-0.02322278500506159
-0.03204238656836165	-0.004835498058978904	-0.02461673201955806
-0.03145705271086331	-0.018948435368383247	-0.02804928891889598
-0.025881027457403488	-0.02052681071232812	-0.01782940305385819
-0.0160784070199635	-0.02030219137233852	-0.014515761065810375
-0.016286710228284252	-0.023330454945685343	-0.024649653741250332
-0.029330355080757948	-0.0056981245397083186	-0.012662062363646913
-0.03887969389382091	-0.012750644765981282	-0.023342408113394827
-0.03331036896419235	-0.0055919877459810734	-0.022647946857732734
-0.02445399984152217	-0.02990998716141071	-0.02423172495852964
-0.025328172510641126	-0.021994208107389026	-0.026595444769612918
-0.028820297117047138	-0.016344747532247458	-0.032566000876685285
-0.032014832259226016	-0.013868558401719635	-0.03559857745448251
-0.028068771338547266	-0.015816413506307726	-0.04313921342683495
-0.020382994505269328	-0.022639195088038667	-0.028911385860093862
-0.0261168940321774	-0.01876718800571231	-0.03132651205869404
-0.027400897932619482	0.0035063015070478363	-0.017641585845035678
-0.03145741237177487	-0.008936745042983887	-0.009440743248288294
-0.03854195598153813	0.009129911217428415	-5.7472887371672055e-05
-0.04525869407837093	0.021546399924985544	0.01625802855415702
-0.03730184774570042	0.010485003146699506	-0.009357493975028337
-0.03399050305535959	0.011874108411659872	-0.008549859574977108
-0.0472457026005004	-0.003482569365115665	-0.015649628360069806
-0.04245200670170529	-0.006329117993670038	-0.010436371517713566
-0.04372439199288501	-0.00527096178206591	-0.023002074646442328
-0.03343467960519673	-0.0017971032102444512	-0.001595034685769138
-0.04251112024333787	0.001066466804506461	-0.018784246409178227
-0.03288054974660274	0.0012363688304217408	-0.002140566975685189
-0.0343545233652243	0.005653668001999406	-0.009821970691210578
-0.014847222592121208	0.0027069836544190845	-0.010970372283317532
-0.01919084656383611	-0.0026742723143038456	-0.016137945488602496
-0.02954323373810616	-0.02018486030886116	-0.017620357196698286
-0.018745846453169193	-0.02772857999540849	-0.036373232381113466
-0.005388283999309828	-0.021425807507170568	-0.04318430070253676
0.0052651843004786906	-0.04171412868319186	-0.013645621325724694
0.0010225171106182159	-0.044870541203193275	-0.010491042449130709
0.0005661683959560032	-0.036630778766592	-0.01882095815909044
0.004563394635623536	-0.03952875721673324	-0.010579596088005943
-0.0031376814689845897	-0.048675838541874725	-0.043250253439769765
0.01437266041403157	-0.03821571614911207	-0.04266658654747442
0.012053170111145328	-0.02452292963742384	-0.02828467109870439
0.011642175460449471	-0.036844339877174226	-0.03384600996186665
-0.004931212298402527	-0.03687145718253539	-0.0331788786713262
-0.006935107892849853	-0.0306989928557962	-0.021641742997278487
-0.009521232845741584	-0.04539385829392558	-0.030610228204354245
-0.013086341809347016	-0.049700463387583584	-0.020289034502799515
-0.014408765041548331	-0.030645377300829755	-0.025640632097769962
-0.005474604427099786	-0.03701210394585557	-0.04336495021380922
0.0033219650371127552	-0.03082103588683012	-0.023505187476501505
-0.0006601685325003695	-0.03801736747180618	-0.03402732286503222
-0.010636032489288162	-0.045308904836036064	-0.016229903130153895
-0.008549060316299198	-0.02803407910109553	-0.0229833667976313
-0.01760782709725265	-0.046948075696539505	-0.03970221367478084
-0.02141797217799748	-0.031061239803388912	-0.039158901870939976
-0.018782366944249267	-0.024436406112893026	-0.019130981029078675
-0.036606891931626584	-0.019743467114749128	-0.037630455398972626
-0.020448751971560746	-0.012541028565000669	-0.01690437855974402
-0.023728095065720906	-0.045203058883331614	-0.06068116631911737
-0.024879390810575663	-0.02420412316505951	-0.0390421490558961
-0.022734664838182008	-0.04177825986937861	-0.06256653472659895
-0.023395298844153513	-0.03615278780304463	-0.04688217427586397
-0.01739384319695415	-0.0369217670529704	-0.04827558034918354
-0.009624504560649718	-0.0392579551658666	-0.05512438212383654
-0.014621925082073323	-0.03354955802397883	-0.0431190942003626
-0.021761126786544464	-0.03784911938968791	-0.03906324155582669
0.004318023414798839	-0.04721593026380446	-0.04012727360738648
0.03761793692314523	-0.05356948244248697	-0.037402680687071276
0.04672267160893204	-0.02513675220970487	-0.0572275500346498
0.021518613919140672	-0.042009404961442565	-0.07539773399293152
0.03795007385017194	-0.028232016952533124	-0.06338293772756103
0.034625768178993786	-0.030959333259459005	-0.0914187629412263
0.03162756438796865	-0.021573452684164652	-0.030381081568709695
0.03281006149365128	-0.027532856333859556	-0.05436038930586264
0.03156183679550835	-0.04453974285954082	-0.07607965683950785
0.0320252167639348	-0.05050907758919106	-0.07760163116805989
0.03405654951727573	-0.03626444222904286	-0.060943218675506415
0.05043211765933728	-0.017206864460384382	-0.07783211211383846
0.06486964277955966	0.043014703280994	-0.06727134437819174
0.0677424134022247	0.044186275910367244	-0.06767869125923148
0.0671857899031119	0.04236882928859281	-0.06603618231614941
0.06567067730248542	0.04537397127171467	-0.07151840483118363
0.06412188155136549	0.03635130316134346	-0.06156342071246711
0.06546734265480474	0.04279682439958422	-0.08230651984218898
0.0661067503644725	0.04412464153193314	-0.07582321487812242
0.06279459460188923	0.0402399846693472	-0.05969948792385382
0.06919606456043932	0.043840212094926334	-0.08426089026350872
0.05894250889548989	-0.006793982848782835	-0.08142887295360852
0.04650050340226421	-0.03129875287773631	-0.06887250311109377
0.034907605528234326	-0.042991214642815134	-0.08435221314637108
0.033305441347518235	-0.02770731156924601	-0.06825774163201861
0.05530515169412657	-0.017922317271308892	-0.057722332015248234
0.03701684171766113	-0.033927995615594134	-0.07042636756394101
0.03331869804834732	-0.034037575692049356	-0.09245027223077942
0.03785197092824218	-0.027738035312038247	-0.08135039483830359
0.02897843153304091	-0.04010784813436731	-0.07536355473978168
0.026639188278802444	-0.03717730144737188	-0.07229994475091743
0.038324272721082214	-0.019577231645058396	-0.07375744080882869
0.038783162850211994	-0.027148500066573773	-0.0827496467529526
0.022014000873495056	-0.037777268297596346	-0.08425852473098983
0.02626718277136067	-0.02031064490458276	-0.05048619613470909
0.02215503869681076	-0.026664220534912703	-0.0486290955894462
0.03203121995925441	-0.047818393598110034	-0.064431485091292
-0.0021571005498950036	-0.05280352244167247	-0.04484907719706643
0.006165366840655164	-0.04669701510457155	-0.05218221781760362
-0.009931024759160289	-0.02838329313736155	-0.042692529702833965
-0.009327994096016052	-0.04036136312050821	-0.06920048034701505
-0.009259132935320106	-0.029919240147422612	-0.04111901181603142
-0.019865625998265937	-0.042141303159073606	-0.05196246405274786
-0.007963805324911978	-0.03703939515002969	-0.03337577014163686
-0.0033699438355134018	-0.04823150195727675	-0.04319081720036211
-0.014376651725644495	-0.048414495014285096	-0.049563673963208515
-0.006880916937644269	-0.05079693268877767	-0.04700761717098227
-0.00941655319715224	-0.03885834914548267	-0.045284462759096956
-0.016883424832349822	-0.03871718972056781	-0.04295052492076061
-0.006360769165841999	-0.044750558393454994	-0.023857722907950143
0.0036169962938749833	-0.042877639159486065	-0.014074179349608147
0.002685106702738036	-0.0480050649450702	-0.02312987624354586
0.01361841492560415	-0.04099934057526607	-0.01687149580753057
0.013172636930538986	-0.05105492406301141	-0.006217617317819148
0.01850060673974851	-0.030298024991250352	-0.0007640079806739107
0.018828404933980906	-0.04098305243037269	-0.01786492048699529
0.009769657437338491	-0.04804955015764252	-0.0064188330040233395
0.008987572969821509	-0.03277374312993598	-0.04312566518455632
-0.017402342921026777	-0.02887878161499265	-0.01336812734697341
-0.0213681676986611	-0.02698804898784169	-0.017005768776468352
-0.023908266501988275	-0.03255921713625537	-0.021963344302451178
-0.02313771166526706	-0.03330852972273792	-0.01335171631958578
-0.028529428541990583	-0.025412352943762876	-0.022444021777286608
-0.027860639588526	-0.009723380947987685	-0.016795951714889592
-0.02885813590510914	-0.008141833847712467	0.0022184101414952535
-0.029141613908395116	0.012608591167666897	0.008830610436403485
-0.03673583886657376	0.012895024150335496	-0.006513197446716322
-0.03181459411591291	0.014099988738841895	-0.0025337413489428494
-0.026057256328547253	0.0007938500361155291	0.003841353180237393
-0.04200763388631166	0.010708431183639979	-0.003970943184972833
-0.033506695215031884	0.008466642690533547	0.0027722794756203997
-0.028493700551479824	0.01427705048341909	0.017938829802207668
-0.034971401681250056	0.018741932273148486	0.017043675481294825
-0.03331990619136117	0.029771270967562553	0.018552442274228947
-0.026994004001679554	0.024162558899409443	0.02030992144547739
-0.030516044128432247	0.023003848434450625	0.025910884887421954
-0.031030652560598553	0.02872495867913707	0.010433386764166368
-0.0410403190464747	0.01724191646650218	0.008566148888035502
-0.04224749040612835	0.016886738018148887	0.022820154063434323
-0.03150119509618344	0.024405649827316904	0.013419181310444554
-0.03681309740989783	0.029011861410331116	0.020418585377904315
-0.032595671740757726	0.01804167455615643	0.021699808400560468
-0.03344897318340154	0.012841052477510896	0.00664183354426421
-0.03837232906448673	0.012920071548511781	0.02342591213176464
-0.029181607304738958	0.010038380310464726	0.009469021342063313
-0.02941695690464188	0.005817015714845588	0.009715437437013637
-0.021759006413549817	-0.007826378857769396	0.013305872772914683
-0.035879352811854566	0.010310520445756586	0.00909568395022256
-0.02734146092227385	0.015244249031529971	0.011517559717998078
-0.026449893407429394	-0.005761359299616243	0.004971097671741104
-0.02070079103906525	0.004097777672506244	0.00951476178343539
-0.0230656858633091	-0.004932896569144969	0.005136500293273991
-0.019005119228812397	-0.009347649202975539	0.018231417675594542
-0.01217258342426755	-0.019989034652251013	-0.001487486359555517
-0.019734229987881196	-0.010909543005038366	0.01806024212064874
-0.022031479682478594	-0.01418680991642927	0.004139385635118089
-0.03425411016153681	-0.001656222192564775	0.009437845407417912
-0.027985454538869116	0.0033598679214811794	0.00983317084755644
-0.022850453088328983	0.001115310256618152	0.014559830215484418
-0.0266069644309961	0.017574907764790842	0.016231143872760877
-0.02189094152077281	-0.0010492068461983154	0.007825370668410585
-0.02408918146828782	-0.011123209963670316	-0.006034642651543198
-0.022793048956291258	-0.013745144626687612	0.008638304509018667
-0.03032125705453595	-0.005272544669074062	0.001684756406814425
-0.03157237718371426	0.0009863093987581908	0.0030651981024436004
-0.026512574345884075	-0.011259413323294361	0.007768721827015716
-0.02586610002323162	-0.009243797826309332	0.007919486496978361
-0.01457239387649636	-0.01694902203791336	0.00933700358679829
-0.009759244554775155	-0.026393389155845742	0.004712832891682103
-0.010447312852893433	-0.018834080171639688	-0.005405075650341221
-0.01385427715550355	-0.0023808257801029363	-0.004913525167977091
nan	nan	nan
-0.00972880210867796	-0.017261291942373188	0.008062919505494263
-0.015553574589314929	-0.01490802240033033	0.020415114547773998
-0.020863308162266416	-0.0008291435739964506	0.002448448640454324
-0.02529146555526235	0.0013171096906151344	0.005316019547429794
-0.02423052995485685	-0.010194132072197822	-0.009337467431786461
-0.030047169128521598	0.015365347910126692	0.027983015818855428
-0.025851985785281556	0.010517781603353902	0.02750743476488343
-0.027116103850551833	-0.00023767163836765857	0.01349758608455445
-0.02784856272608686	0.007819475608582396	0.003959786477881831
-0.024844162488458235	-0.00350023337555566	0.018311001200896692
-0.03240202459474548	-0.007326723733929638	0.0010100305141447496
-0.030317517869912446	-0.002030540792675026	0.010729022645513089
-0.03136023106027731	0.009099720163568711	0.014764713429766256
-0.025602827168031663	0.007842766853021658	0.02426958233400909
-0.02122449706808425	0.018399069988075736	0.018959069141295776
-0.023381955494443787	0.014565104824781586	0.019876624712900456
-0.02228700696992455	0.006892632351037146	0.014819209425951014
-0.03132044199360262	0.020893332842959644	0.02394049828871015
nan	nan	nan
-0.033755916126794315	0.029220678831085086	0.029506965344708105
-0.024758659980834964	0.028004886575476777	0.013615767961504925
nan	nan	nan
nan	nan	nan
nan	nan	nan
nan	nan	nan
nan	nan	nan
-0.02315447491367773	0.019280414035731944	0.014753429555877117
-0.02648235885594643	0.015382422221866046	0.017333080550719283
-0.030160171790132882	0.027660743129485497	0.02970093241328637
-0.02923457310588332	0.007105213880398552	0.006493434175110578
nan	nan	nan
-0.02794509666510602	0.010507534802181853	0.00756275234389199
-0.026058846832377767	0.008519946281837755	0.0024313086560288147
-0.024490344972323316	0.019064894438961633	0.022080509389442952
-0.01881740439275326	0.006804031114838329	0.011587318712857713
-0.010042349457304846	-0.008297450804720193	0.018241065540709506