# EV_1 (68.2535)	EV_2 (53.0049)	EV_3 (20.8675)
nan	nan	nan
-0.012892362959572114	0.041722812792744673	-0.008295173200400366
nan	nan	nan
-0.0025268664818215943	0.027075602940849267	-0.003057138204639232
-0.006009584436161776	0.02145113385689942	0.0021655950311637766
-0.009330496663959142	0.02666284355543669	-0.006648150941450954
nan	nan	nan
-0.008309212955215238	0.028072137804735955	-0.0030988601242863817
-0.008686961318241357	0.036165610834842744	-0.0012716543850510497
nan	nan	nan
nan	nan	nan
-0.012724112058218785	0.03965716979013454	-0.00020601431154662272
-0.01125776077978504	0.036030775019771054	0.0011559654509541214
nan	nan	nan
nan	nan	nan
nan	nan	nan
-0.009840220207495497	0.03213073035793545	-0.0023276101191845545
nan	nan	nan
-0.010019243727914278	0.030090177539761807	-0.00351312110448343
-0.011476856274254566	0.03448586761784344	-0.0016027279341827988
-0.010606845411404435	0.028216106275405273	-0.010132247725229858
-0.012116180697042064	0.03054512487329466	-0.004669228254615769
nan	nan	nan
nan	nan	nan
-0.011830962333607944	0.03869591793327079	-0.0018110319414030226
nan	nan	nan
-0.018056896745334696	0.03705150757979908	-0.0042658212132869675
-0.015278751183449742	0.031067043195292417	-0.0011637641658109685
-0.020409158075053845	0.01926359027899552	-0.008952103148823515
-0.0100506489569092	0.0064968047264251545	-0.05144303077217021
-0.009017227293171441	-0.0016864291092040487	-0.050399747363197696
-0.007339168793178608	-0.009070956611824632	-0.06381056954457504
-0.00753139447876564	-0.00637110289907498	-0.04693657257982164
-0.00470236716125585	-0.007285338193406134	-0.044247067075128856
0.003160072181148136	-0.027142409864943578	-0.05464263249103285
0.003232474063504481	-0.02412557052379647	-0.04206322226171968
0.005263304221716701	-0.01797920864368108	-0.05580380090463754
0.005191359860575013	-0.015915793972109883	-0.03466100737418933
-0.002582220247865608	-0.022991134802969816	-0.0400486436217665
-0.003439558103646698	-0.00912134955439668	-0.0505774548658018
-0.0027891121499980867	-0.010838657731996762	-0.05736609136430115
-0.00745728703693461	-0.003791180615418881	-0.04457131988980559
-0.0007312283629453543	-0.007013756443653874	-0.054161350823908605
0.005496085670923816	-0.01596204322817711	-0.0364052896587388
0.021433503146030892	-0.020621053173070048	-0.04303947592317563
0.007994582908387605	-0.015489278293526561	-0.04445836355532438
nan	nan	nan
-0.014246191438561547	0.02523371656344441	-0.022080460975228408
nan	nan	nan
nan	nan	nan
-0.015671756349084298	0.028747798826390055	-0.0024166091543894024
-0.012096976949272559	0.023253842961747265	-0.001834159367620337
-0.011997659508004906	0.028008065921277917	-0.008178148589939996
-0.0095899267861857	0.033627819751787406	0.0005616267150429562
nan	nan	nan
nan	nan	nan
-0.013138991392597077	0.034613071637650025	-0.004527964159421187
-0.020136014273652365	0.04307453756643102	0.001941039687584252
-0.01851933859734641	0.04367495521356275	-0.0013923920874283173
nan	nan	nan
-0.01568208179846754	0.0430374544937779	0.0007535533110445258
-0.019221935980714033	0.03514971301831282	0.004179218414941205
-0.019527837137921323	0.04442188980464505	0.005027145590469403
-0.021041308382547103	0.03464594616644873	0.010319841509160491
-0.022545517076678952	0.045247559059938366	0.004761182359471358
-0.017228749340700206	0.03506281765642448	-0.0019124696823730799
-0.013191013449253235	0.04253960448071638	0.004665645487613846
-0.004402832492229423	0.02723285866497861	0.005357877258128901
nan	nan	nan
-0.01787043291985394	0.02720880663346304	0.001545233667211928
-0.01165859752162975	0.008792521905827501	-0.006252587875945756
-0.019780341526694674	0.01001377148299176	-0.0023634027690437633
-0.023818290115139685	0.02611693647890448	0.0014323512313773046
-0.021643637819608274	0.01157316773696445	0.0034394432478138497
-0.025026569017785077	0.016073660954246498	0.006962750304635858
-0.01582901087134969	0.01595337262743489	0.020903491763382444
-0.019194940978313497	0.0172847004492564	-0.0005162644721034594
-0.030890458378690734	0.013400520442204267	0.006764046909610289
-0.02493231426776038	-0.002039632647964071	0.0038049036251144065
-0.023452048081435483	-0.0013212043011476046	0.0034498894358533094
-0.02538329664191771	-0.009755184464513693	0.011743038476344583
-0.015875315948959075	-0.007694029507305131	-0.013880445108533854
-0.020441581932466674	-0.0011559718817782988	-0.0023862067752229467
-0.01790348378434799	0.010495300589264511	-0.006872089367424845
-0.0025911557291787533	-0.02185943526469126	0.004047528032800434
0.015729602032313675	-0.042976464120762614	-0.0011615726645990143
0.018938381752279302	-0.031012373675667834	0.006496658893375239
0.013174884386365559	-0.03603029615618329	0.008682949301993016
0.011557536000171542	-0.033767000759103244	0.014348459864339686
0.008642779662574129	-0.03169325286313563	0.01315325737077968
0.015976929259265613	-0.023871415315111336	0.0210363747984156
0.012772910541018572	-0.026835355380483195	0.018258380226264036
0.011734085907179592	-0.02836023084820315	0.022097357229641457
0.00860827180736378	-0.026442877331053296	0.034553038352647295
0.012272926448446849	-0.02770719058343922	0.01663595007475218
0.008402643682320665	-0.022957855822954985	0.02944719869668282
0.01527776079986989	-0.03130754501728442	0.03092962036894171
0.013168548316391897	-0.028584672597627796	0.012057600129721166
0.015695982721438146	-0.028905500186097204	0.008462361890494237
0.011860503411080265	-0.03686022379580284	0.03157278956440222
0.008514522633945351	-0.02993574289736105	0.02841854768145648
0.007211272564886089	-0.027621186669622783	0.027828265350348144
0.008416299544211829	-0.02356180606054541	0.019683117403332485
0.010807859527412585	-0.029206530638842845	0.01152955916386805
0.006788026489298026	-0.02639108703489293	0.012192745373382267
0.008522862480527756	-0.03068952879210238	-0.009244101811710276
0.0004997603653523551	-0.036157006330184684	-0.007992660473119858
0.0062033169173213425	-0.030483620097172124	-0.011516374969620883
-0.00741843228075927	-0.025290847593163076	-0.0036234519269020774
-0.010356031219396556	-0.015236215447973421	-0.005602780445560757
-0.025156787463434832	-0.0027599960493287726	0.007523190303389056
-0.02007325749673904	-0.0007865881166326494	0.0011145031445918066
-0.010862807943069286	-0.013097387800152061	-0.01215261733561119
-0.0018763393725330529	-0.02794179003232439	-0.0013528778626602407
-0.010055558510733168	-0.02997631477055581	0.0014398101367570724
-0.010201976247009342	-0.0317415036068432	0.005398061034127325
-0.015412483732057575	-0.03608596188742842	0.005221796828402656
-0.01596220961880124	-0.03223741289177855	0.020316393813896286
-0.013507893457989407	-0.029601877794140065	0.012136527934486772
-0.014802228888718506	-0.03248348378253708	0.02668219413186522
-0.015924703148765096	-0.02206188915698329	0.02400319993200397
-0.01272824708025368	-0.020201588996771033	-0.00025650434480831326
-0.019746225215498042	-0.010253913731093878	-0.000561134849713641
-0.0197865776276673	-0.010535239065440042	-0.007676308237209441
-0.026090920843041897	0.0015888804225190347	0.012387452322896484
-0.0198226956189521	-0.0056551798891676846	0.019145151333791487
-0.02220551701719207	-0.0014608667190058704	0.012566482006470613
-0.02997376152382018	0.021018165006040878	0.024279238057147056
-0.02625706267293845	-0.0004999881059437347	0.017437771051631332
-0.030611021638555117	0.0027333033963439736	0.023012922177671653
-0.03272371593100931	0.014066392787637856	0.02732939729266192
-0.02859611721302776	0.0051579683986476554	0.028231617862676365
-0.027026467716806297	-0.018169772284926555	0.03882540154366359
-0.016242382755069295	-0.02910361501771212	0.029215434355260958
-0.014053206759765242	-0.03634053025399636	0.038131876712815115
-0.014236317763698384	-0.02970616810360413	0.041427286401069865
-0.010649328894427037	-0.030597306969809605	0.024096513481348038
-0.018855075071745386	-0.03319074877698073	0.02526284768231539
-0.019702877898199602	-0.020251463219411195	0.0107696549774214
-0.030698550447895132	-0.0035524049570016636	0.009343886806292837
-0.021342122515527605	-0.013639433943458384	0.02354176194765451
-0.014222948051341245	-0.029723450303802697	0.01803481539458232
-0.022462665651582826	-0.03426540055912989	0.029405264654268064
-0.02309934095905465	-0.033344699198773683	0.029178368474265266
-0.019951431531529226	-0.0341635196397683	0.024726864008100282
-0.01713833664837624	-0.03815988323079229	0.029460705783697073
-0.019327738075688033	-0.030946277153582676	0.038171213284884556
-0.01713223880325161	-0.02546750744340681	0.033310434075318696
-0.01863466992070636	-0.03005374221523576	0.016941578576186035
-0.01723038433555035	-0.03598881551756771	0.03612527112265652
-0.02033958399953252	-0.03210523752348884	0.020724673014614153
-0.017597280534963344	-0.030237219873053535	0.014092903154404625
-0.016065780367030557	-0.03344554401840195	0.021767311347237934
-0.016323478108980428	-0.034238164096772244	0.03194545653563753
-0.01643880286016191	-0.044584976157836555	0.024405548022524187
-0.015887911967144234	-0.03826723548455017	0.024454465637561124
-0.016291275347465117	-0.030764434025613574	0.026983656122773876
-0.018500856862009602	-0.0367008106795318	0.031053010203059127
-0.015123772065077036	-0.03186839715327124	0.021069012730109894
-0.010943369666787032	-0.04403777224882399	0.0030096188289383714
-0.017992080482683633	-0.0406644505501096	0.022818604359683616
-0.02004408967486848	-0.017644311670559597	0.011982293510503842
-0.02209819261530158	-0.02072235262765194	0.017246220031024835
-0.017489846567102573	-0.012703313122380915	0.0019760886868631297
-0.02828286324020292	-0.0007791417163311532	0.008510171809582252
-0.030949218784950692	-0.00028207599389194575	0.014090797250594415
-0.0286948069543637	0.014229003522760785	0.007031879969476077
-0.02620961402249813	0.014943426036427405	0.007868821547647092
-0.028016211409709595	-0.005900389755006578	0.010663965922426407
-0.02788710726854394	-0.003663350244987164	0.015691760625525127
-0.02718799502066555	-0.0009747950309839412	0.014245279439438843
-0.02890756650075309	0.0014098602655583223	0.01421864194099777
-0.02767251699715236	-0.00027548371406138644	0.02130267869939765
-0.02874362592978025	0.013128126327968264	0.01361475818490963
-0.029425697349024837	0.0076286443075647015	0.006317686948138501
-0.022432832692625977	-0.004999917533935152	0.019121951231568537
-0.02075709491770896	-0.006388281844156795	0.012602836591359932
-0.01901688170882141	-0.013829708505582987	0.01855894139256686
-0.02699060692610578	0.0004909490312925877	0.0161476860830307
-0.027897324048692752	0.020730219267722304	0.01053947197136881
-0.024472663967546812	-0.00928950063668651	0.0168373750078099
-0.019115277773218812	-0.009269756335832564	0.0037582632091627093
-0.020478977368955924	-0.015589294692803419	0.022241011587386766
-0.02091759356808387	-0.012977188653940144	0.00995798243045247
-0.02713274633463752	-0.008271287242647795	0.028717681265953303
-0.030289461185755834	-0.0011526048575756433	0.030306875542760136
-0.020375914824871715	-0.01582585193097004	0.0261779820402408
-0.02450335663111547	-0.030545126178309626	0.018508391395227565
-0.024537300527077293	-0.03000643928376784	0.01748322246848752
-0.032445553111209315	-0.023973021226664618	0.027103859212982563
-0.021555664823158602	-0.016513427616068183	0.011657678039196727
-0.02239767971358139	-0.011024865255964243	0.018242551941891606
-0.02239628742496434	-0.04465133183957776	0.016693421464083105
-0.020538939873742907	-0.03286623552486439	0.019146347953419837
-0.02349885991491349	-0.028024256674096207	0.01775560318574123
-0.01817867973787453	-0.03552354605623122	0.01749881568878414
-0.016704533051883286	-0.029944880144329604	0.01656925988854206
-0.02218582957841183	-0.01428741894359664	0.023458251912936882
-0.026600565472243085	-0.015994953851281794	0.02323158160280114
-0.028218207204966636	0.007088977312266432	0.017876255075171012
-0.024414056126824322	0.001122637008939568	0.017910989076090577
-0.025340950178820536	-0.005086144166448351	0.010679007688758228
-0.028899435134637493	0.009645472335273015	0.019503076639765363
-0.02955049887208453	0.005757433807396367	0.014528323807695389
-0.030898774145693392	-0.00888096808443326	0.01877755745422829
-0.02134604928449728	-0.02295519228034374	0.01354960855055767
-0.019762108491373352	-0.024292735390174704	0.02085367119194003
-0.02197236902099971	-0.024499307573330912	-0.005583931887959338
-0.017993017696369705	-0.026596568338747014	-0.004087839524755643
-0.01280148704546068	-0.02781833421332733	-0.010899264543712593
-0.018221641458498066	-0.01851775847045649	-0.012823935760463414
-0.015698774474577896	-0.021155064776533578	-0.026880972321418752
-0.016552445612458257	-0.021487024432835296	-0.01599575023530326
-0.016032502295567415	-0.022634910319364508	-0.019162215292151622
-0.016647917274688034	-0.004794850540357587	-0.009234892190935463
-0.018485423906193028	-0.018394220423104297	-0.01572605721635402
-0.013629152999363193	-0.026023616353621177	-0.01890024227004254
-0.011653133515808697	-0.020413914131177564	-0.008451501832873316
-0.019303633224108274	-0.01682823738992619	-0.01481863427545927
-0.025158035969670988	-0.003208105287210254	-0.019449244827513288
-0.018983718158761813	-0.00698976078172779	-0.01139810283348563
-0.01506369881153564	-0.0053568644332419426	-0.0091245768385374
-0.027015595684190114	-0.000866687042290002	-0.01611474010484553
-0.025331825678035515	-0.004403432646881557	-0.01679735577845677
-0.021322079748607427	0.004117969345962764	-0.018276654409825087
-0.009346654816026905	-0.0044758421636079335	-0.010078231517570415
-0.01685081536167136	0.0033811773321970467	-0.011890712897765159
-0.020388880069573536	0.009042871774894327	-0.007563854190333763
-0.016132577541848103	0.018513472111576855	0.0017625844521955217
-0.025169555695463933	0.008827987178555813	0.005794826662415764
-0.02465520767277429	0.017650902280817157	0.006898438752963702
-0.02211632755577188	0.021827630660888372	-0.00728938456200327
-0.024408507768989778	0.02799765091103053	-0.011903135964987745
-0.021577944587935834	0.0448468506327895	-0.004005363276499925
-0.02514391153660614	0.037536835885889706	0.006670112246133928
-0.02229557855895434	0.03362106901106412	0.0026488114112374166
-0.018474313543693874	0.004790335862944895	-0.004670789453881987
-0.016825409260798285	-0.004533534871617153	-0.0008120232414390513
-0.006046299079225116	-0.02428498994534115	-0.012955678101499068
-0.005460320124867024	-0.01928499445877803	-0.02668901774457798
-0.004896601453216383	-0.02853359575778791	-0.03848526165521421
-0.00705718768755155	-0.02763282107259038	-0.035153728657420155
-0.008917802488576121	-0.02605976651615313	-0.02368601066760733
-0.008570777568706795	-0.023494707372188957	-0.03163333082480582
-0.008405564526934353	-0.020807108765850492	-0.03565032256420019
-0.009664186348443784	-0.015826372762767923	-0.03433570191009873
-0.018987553148709594	-0.008441515337722865	-0.0038031974419642286
-0.014748475158767925	0.00613061668781766	-0.01648697573167698
-0.024802044258206497	0.02194313728116054	-0.0071354017655768445
-0.03308136363265868	0.033194116849171146	0.005629598420625118
-0.0247309413687532	0.020168068206977637	0.0066261847955015295
-0.017847383210412928	0.012785816986916386	-0.012548904818465587
-0.007187517128562368	-0.02811885020010528	-0.045963065681484346
0.0016123275373223591	-0.031156960608777533	-0.05352881633558102
0.0030296859356904147	-0.03740431717438832	-0.06522962058160427
0.0012700677606725162	-0.036769535600471054	-0.057642063339714174
0.002987361411452131	-0.03410048022369113	-0.054738752576090316
0.0021066646752288696	-0.022409344554898333	-0.05957013039711875
-0.0044469608460758845	-0.028673972437557205	-0.05756489313282036
-0.0175855062587596	0.0057993415719956335	-0.02385565791986608
-0.015332504671404673	0.0012656064696744392	-0.01939354077982028
-0.021928655534542894	0.018251657999906884	-0.015822462857164644
-0.020944614572113374	0.03286839324613558	-0.006403365425791448
-0.02139471646179776	0.014574555924513927	-0.004876145061719458
-0.02552347475892523	0.008030367573853765	-0.015709082910921927
-0.02004583561996457	0.003338738288854082	-0.026692522321133973
-0.016961493352311167	3.5153348210362515e-05	-0.01572587010673809
-0.028777572856700493	0.0061320798674933405	0.0008186618359287412
-0.025014977058866135	0.007472328900999985	0.005345613776476174
-0.0296292830988735	0.018129037176403077	0.012313558197642255
-0.02710478018974021	0.026329096176572607	0.006617065676772116
-0.023708077985348446	0.021198939981798167	0.004561245410522538
-0.020233050304141388	0.02474345763038406	0.000554570332889831
-0.02577072798245595	0.00403542852901343	0.0021909890537887278
-0.022385191245633543	0.004816499430879563	-0.0025146677862853857
-0.0269619208663225	0.006527011117669133	0.002566601981893051
-0.026662490875574825	0.015935220834288936	0.004583584901260172
-0.031084865718912242	0.03627467064570461	0.015385988292904267
-0.023754421292748868	0.023903457876692083	-0.002919015566263703
-0.026593325055582564	0.01857783947328805	0.004053160617837091
-0.03516879504989397	0.03734366966393537	0.011981861923469214
-0.028080833767355953	0.019674850960742476	0.003382831189226502
-0.023435658198038813	0.007756072116699321	0.007851255517686513
-0.024118103532212904	0.00832202123239701	0.0031146133338140584
-0.019711983696354594	0.008552355576050122	-0.003367467007244742
-0.02690580276297002	0.0004520102879499513	-0.010663170129830604
-0.026929699866708116	0.010378359373885235	0.006596632086459334
-0.02460907852088161	0.01275191551828752	0.0022271697296073305
-0.02116675897354069	0.011605918134142608	0.0015452705220580544
-0.03069005076441127	0.0046410428810064325	0.014988727946850671
-0.02617509806924278	0.0038620226228416226	-0.006642374557540052
-0.0237597552787788	0.00671597907701527	0.0007893522379902214
-0.02373514311019806	0.009751365606774167	0.005325643142698719
-0.020156069773829364	0.008877041256608893	-0.004501982584381788
-0.022565716151981965	0.01184966410695314	-0.0027760308880082213
-0.02550868704909164	-0.0022917897318697443	-0.005917100835158975
-0.02320187275718988	0.01645643553737866	0.004605421746693431
-0.025896380695085437	0.019304679933272097	0.008143777921213288
-0.026706389571985945	0.01808615639815338	0.00027959514406610333
-0.022539683504513918	0.023670679698361466	-0.0037326626401080233
-0.027587136106793607	0.0356867790899567	0.007916443548786907
-0.029315257488358684	0.025005532238280434	0.010769716877168736
-0.02400004153135496	0.024641401428838337	-0.010441032026494707
-0.02623631165202305	0.023544624587394963	0.010718874572801664
-0.020730455621862594	0.010450776405858422	-0.01140785220664651
-0.024501049529343392	0.023139377214838545	-0.0006197267847891097
-0.024182285230893916	0.029653835857010626	-0.02478300833937093
-0.012952626270236516	0.0017287871559970274	-0.04100915230041177
-0.007103589110671553	-0.0016003939469983516	-0.05284091323272731
-0.011273893703078065	-0.008078461704299513	-0.05159922943793188
-0.0024193207849806542	-0.0069668646326763155	-0.04061778608902884
0.00019410750483544255	-0.0145967959451876	-0.03810775674345113
0.002876633628319302	-0.03333078820327005	-0.04684276677799027
0.0027845777106306345	-0.03852107316420752	-0.023121987928795003
-0.002871396870920573	-0.02653929590308935	-0.0429229758110357
0.00828206702840781	-0.02509309741524622	-0.04273329750519954
0.005315303505240992	-0.025290829575637146	-0.03269601302463429
0.0070553711212555615	-0.01994118512562288	-0.04130779469500632
0.012672633361639986	-0.026996119092861676	-0.03315697467530108
0.022250023367216813	-0.033448941849799275	-0.03030239329567125
0.016552875178391643	-0.02832078424558556	-0.017126435102056102
0.015548397118132053	-0.028886882207387842	-0.04050637657932517
0.010499332112069925	-0.026537435627944472	-0.03503463395964665
0.0033949426487017145	-0.02275036066443116	-0.046027071823300424
-0.0016817019430528614	-0.021051450998199554	-0.05057525504064749
-0.01297973369123648	0.012125500388304063	-0.006808012808461647
-0.018453624765176868	0.01731378501979557	-0.0034984662180123915
-0.01976190008479457	0.017788736052010187	0.002747880206693993
-0.016927632247353643	0.013235709256528382	-0.0066261813106896165
-0.02518517229483223	0.03033772656720992	-0.002001211105265674
-0.02049547725846088	0.027918506419010326	-0.004079044260162545
-0.01518407003369546	-0.001341617438865873	-0.004091454778234227
-0.011024754851297239	-0.018659592358358696	-0.02617477577610436
-0.019375293646821057	-0.02193832835861472	-0.015244519231909781
-0.009782521574780158	-0.02836845408974783	-0.028801725080817332
-0.006464778562254044	-0.04057533894476869	-0.04520586592370919
-0.007044941054364654	-0.030927511164492022	-0.027127888557365108
-0.007886273408589892	-0.03097741201656777	-0.03953130985485436
-0.008344885222422715	-0.02475698290647701	-0.04447800569825015
-0.010305201456214982	-0.018836691492695953	-0.03609419525787769
-0.014440832925471566	-0.01715082345928475	-0.021659741133862334
-0.009606266871729784	-0.020244978097973876	-0.02235996545003331
-0.011561852616637204	-0.016321588226027646	-0.02170674617928251
-0.01326543062223544	-0.016796486762752055	-0.009282206247198613
-0.015845343658804866	-0.022892322271473323	-0.0202442361198039
-0.006598015614601133	-0.023915845130310597	-0.0193104187956463
-0.010074293178136516	-0.029103131303463533	-0.0322987670551382
-0.016224588127455947	-0.018510939106677726	-0.004953960837812767
-0.023348245841591547	0.0011647346785569604	-0.010574598489635198
-0.018277838700921964	0.00481598837684347	-0.0069145563664310804
-0.01220059477969389	0.004786278093643081	-0.005581658716790186
-0.009844983262181405	-0.01521886560490365	-0.015310560270126602
-0.010722948260590016	-0.013736903143903998	-0.026771432262836965
-0.001507604293328189	-0.03269353711389553	-0.039988555736122304
-0.008029568236158547	-0.025710381021093878	-0.028864933197305966
-0.006418661511098575	-0.012769651896778322	-0.034742560252580226
-0.01275128832389946	-0.011881861422305432	-0.02508466140688837
-0.025088226996863385	0.0033863101894099795	-0.017226699447418628
-0.02315522777355167	0.012759950811592634	-0.007999135455065687
-0.013462935937729697	0.020221054708732023	-0.0017953501547642685
-0.01858688359547731	0.015252724694631134	-0.007122036571522716
-0.026318250365337907	0.0262066247635238	-0.003890892849004863
-0.02696887446424233	0.02400700623530278	-0.012834314862192116
-0.028467410216505992	0.023839483125305903	-0.005850893415213949
-0.029068920160199702	0.02873411038258907	-0.0030269358311692494
-0.013410460904927451	-0.004407411130683624	-0.019331104226577016
-0.010173822327712318	-0.01599517646680614	-0.04158835611844697
-0.006376304531589196	-0.022209561997873304	-0.0510770578036091
-0.0061489720333102035	-0.021940579622906183	-0.04850762216309855
-0.005090563533910199	-0.02585532622156189	-0.055249957184217255
-0.014036077313023922	-0.013420840350384702	-0.03678846698930927
-0.007244461224343865	-0.01903841053395811	-0.05266378481051967
-0.0061130084212084705	-0.01371600798843229	-0.032121056389630885
0.0034426395648876605	-0.020515687451818483	-0.035969791444854314
0.00567590857582233	-0.02305126510976569	-0.03846096020613514
0.007857083114395869	-0.01987136862047912	-0.030953101328572992
0.016264549586601854	-0.03399276608265631	-0.027238174533335092
0.015489935542416771	-0.03239328258709816	-0.04027998999315088
0.01225231683750516	-0.02020225902153922	-0.019754098798192947
0.003975459198032627	-0.018931927215615818	-0.022265106373934338
0.0025673799090434996	-0.031016226189911476	-0.03675612850702328
-0.005094506531139211	-0.017928606230388444	-0.02002502703897273
-0.01709471060310415	-0.008474835873720086	-0.02610082770726848
-0.013949172997601119	-0.012174484278769625	-0.042127441812750396
-0.008210904163100188	-0.016137986329058815	-0.04295800315676055
-0.0003436188557566154	-0.03263224054614729	-0.04095196260770278
0.0018667018746287326	-0.03885424086982672	-0.055279678348547814
-0.006564815944960184	-0.024302082685391625	-0.05010458346220275
-0.01742715300744535	-0.013708516152054947	-0.03706518591109148
-0.019592494516168648	-0.008359387219276447	-0.01837979585463413
-0.005284981146824886	-0.031624190681137095	-0.03392565054907094
-0.0053236337641193255	-0.03077799199247781	-0.043984253965261344
7.3771020143971e-06	-0.032974216922572575	-0.05129309626389662
-0.0005307170630268895	-0.03253865984465248	-0.044723652347815814
-0.006307586898386258	-0.028747597990797343	-0.050773929806524246
-0.008601572000252031	-0.01878462813950635	-0.042370107953243655
-0.021035114137233066	0.01654761508026833	-0.011484377606652201
-0.026684177915382738	0.027744040512693968	-0.010155329848762395
-0.02220133731337358	0.013457316844722136	-0.005947579413931727
-0.023992143560566115	0.01320341616541765	-0.0016044838651014803
-0.02180482919877922	0.026369575500187245	-0.0011187567622526415
-0.029187525447259808	0.031528610125950866	-0.004096708367773504
-0.010916937444217126	0.0005069531851084564	-0.012827076664186303
0.0022990565787059077	-0.012731108384851643	-0.0103879600852827
0.004634817441341241	-0.01558757292335956	-0.018454400445444337
0.002175663272297926	-0.024487411422478685	-0.017374465918315395
0.00669870223796816	-0.01859827251025009	-0.021304999892582055
-0.0023854150922179448	-0.006571487311607947	-0.013728058351674097
0.006740531197021929	-0.01584323782426815	-0.027369226391678252
0.019542205423261554	-0.011832838820730981	-0.0035043967264855765
0.012839723055649274	-0.012688850084772005	-0.007565863761012988
0.012001867158716326	-0.009471204115310706	0.00046907436075902843
0.009346281792504445	-0.008139722868758538	0.0005141409056389299
0.018356035209718742	-0.016608668925812024	0.002743146098596853
0.021991559316974545	-0.010431398862946077	-0.009486673114421366
0.017112194365849872	-0.01438350707223797	-0.00911063775498596
0.01801171237893666	-0.015435968527472428	-0.017247806161335557
0.01978307886654883	-0.01187924816046797	-0.011530253490919816
0.02978931906724312	-0.01387118344029137	-0.014661118504067174
0.02345457316759888	-0.014565939910796565	-0.02384442153238126
0.026698015135714986	-0.01770049970164722	-0.017473200926893025
0.026438423642259932	-0.009973895473782048	-0.04276631051330578
0.031849724606443953	-0.019458556766079056	-0.011638697124683038
0.03552170558571389	-0.01729593127266591	-0.004370363668698848
0.04078792506718168	-0.018864380064947252	-0.006332390136619695
0.04129485736157155	-0.022871064251814534	-0.014445246931106576
0.037888722485301944	-0.019869038050932288	-0.020428542298132055
0.039758836695889976	-0.018554809037883657	-0.003267666307212508
0.025196506882518028	-0.018167469484696972	-0.00275603666928605
-0.002706285616625129	-0.003070001223409547	-0.030764574170325045
-0.005893099412255918	-0.008634395957726396	-0.03500214558980011
-0.010016007351259574	-0.00033777998147374924	-0.03942340668485072
-0.011605631570303566	0.0024841177141432954	-0.023687682765405935
-0.004152900184081989	-0.0067825055976688	-0.03710476924884063
-0.004887102009403235	-0.004399172103675841	-0.033662989616987604
-0.013200082405865647	-0.0005009078897780594	-0.03846875512112673
-0.01908988773096713	0.02625297328726673	-0.009948367441053799
-0.02097055470639568	0.029287612109613167	-0.006479986236391049
-0.019639494533649517	0.029633709544177163	-0.009102343014739219
-0.019554052542540102	0.04174543190361151	-0.008501732243810914
nan	nan	nan
-0.012925850344706013	0.040153956516025324	-0.006349153088917404
-0.016165913292645974	0.036820090004521897	-0.008768039774331299
-0.017821113676656716	0.03234618095555894	-0.012314488068386436
-0.01876199826456118	0.04706343808107542	-0.010444672643762158
-0.013014579321014049	0.029483362971910693	-0.019231170738928584
-0.01709180577873512	0.03783447391941427	-0.008549448824366427
nan	nan	nan
-0.0174078991947247	0.03844246621284896	-0.0020024797298398515
-0.017375207460175575	0.03521610482753965	-0.011729426455400455
-0.012305234216537253	0.031418598160383344	-0.013759416234338559
-0.013491027918182496	0.021422709236211483	-0.02352128883489238
-0.002552678527920892	-0.0019272428276795217	-0.051007222647017264
0.007884135533968474	-0.01760014001190608	-0.0501009384806039
0.0041817023484669626	-0.013988730399577674	-0.048539548329651225
0.0062654562834685325	-0.01476864759573511	-0.05624839253017278
0.0015293862761641156	-0.0055919295963479144	-0.04990771190432746
-0.006340951672628173	1.8132828195345117e-05	-0.02905415601741172
-0.0035770417817996454	0.010047664761877507	-0.011444584664312845
-0.009895197722193744	0.004922848292929049	-0.025331377967321517
-0.011785886330905413	-0.0033825593561518544	-0.024042204700261624
-0.005642442173699732	-0.016357912084347014	-0.026921344683998615
-0.0052304875183879366	-0.014271935782136255	-0.023357759779831046
-0.0029384044860969105	-0.0109090481548798	-0.02136251202055591
-0.004224206087468092	-0.01038158360358191	-0.030001609795303582
-0.010839221799491025	-0.003382289107573052	-0.02173110695864311
-0.009438104584235408	-0.008619768460952994	-0.021504195746745065
-0.01601940040808445	0.0033446624014054393	-0.022150539531699598
-0.00985905164988601	-0.008421115914777073	-0.030643796781976963
-0.006290388954545785	-0.011420536222047015	-0.018952260686354826
-0.0038124410163717275	-0.009985393830616765	-0.022627987828114014
-0.0037017810922017453	-0.006674731910016324	-0.036826571421852916
-0.008927848035865328	0.009789291985861906	-0.03970358079435668
-0.011855630708202666	0.014835438716240613	-0.022699572359384163
-0.013208087083820446	0.02183829119247503	-0.01573583519773801
-0.017101448573243715	0.029144804460809245	-0.013756960842537854
-0.0121355641888386	0.02630595055185199	-0.015619023294702836
-0.01636341552707989	0.029623365417428524	-0.017469633285605874
-0.01070400523320045	0.017987890357199394	-0.026040309032047144
0.0010632959425094968	0.0014552813645495864	-0.03355059124015476
0.0018514871034124903	0.006556685113599095	-0.028257744966519845
0.008111052285848809	-0.00011005555416810086	-0.02194283339403104
0.04411071365756793	-0.01692487262717935	-0.015494307027597104
0.06065365889445308	-0.015283494053690692	0.009733270890117697
0.061986903086414996	-0.006436679654872874	0.012063159131207923
0.06346798100990139	-0.006678442726413309	0.011172086259893133
0.0651700114312082	-0.006824463728567059	0.01878570703376755
0.06857261501591959	-0.0050693317845440415	0.02644552687791034
0.06230591292592327	-0.005403080138896283	0.02698951360575659
0.07071625445982337	-0.007767927489985749	0.02596019825682193
0.06626119654622274	-0.012661108322122982	0.02634673545420551
0.05892264106466232	-0.013172606759013503	0.021045438749389217
0.06752882951089664	-0.011346943579809744	0.01910487966692432
0.0648103760975457	-0.00916610613497848	0.033749231314602834
0.06243417784940497	-0.011281766562839815	0.029818875219932893
0.06808811866072062	-0.004723429283240242	0.023766669160812964
0.05068496309569611	-0.011906292028647476	0.021225933610582455
0.056561770080129324	-0.00844814686758471	0.02137985232013121
0.05352069428419349	-0.005175339777503108	0.01859917925669949
0.0500983677933412	-0.014468570512521147	0.013921324185737605
0.03918062683025103	-0.015432408722295222	-0.002285940798864454
0.021897542981958413	-0.009524952482901894	-0.020107506244108477
0.01142519487915822	-0.005733110783112811	-0.031934065940809574
0.008962060930886626	-0.013726942108011508	-0.02432357034561996
0.002542855733787597	-0.0009192400443763042	-0.03479593577951694
-0.004992692540950666	0.002620675664770736	-0.024739520633391188
-0.005103125938387285	0.00697242670361456	-0.03559907183432787
0.0008546678011143862	0.0035856600716545244	-0.02855917885701506
-0.005674853706831124	0.008577795365656157	-0.02280496370803968
0.0015126607852267956	-0.0057622652729468005	-0.028163054061419394
-0.0019291288108003596	0.0030971704389943524	-0.027778901366484702
-0.0038713096626894383	0.005484387750945238	-0.0269116521775195
-0.005428841093094312	0.02029557989797683	-0.00521868804932318
-0.01688869525285657	0.03175224183649536	-0.00989785304181046
0.006713444619878957	0.014256540835829863	-0.008771064873673583
0.048628553192110575	-0.0067330766343822535	0.009832473665909315
0.06228984943845673	-0.008018119650550541	0.02010089536363116
0.07320790935305915	-0.007827169625530461	0.022448194185269908
0.06961315986999869	-0.004745356367279406	0.02190530442239321
0.06477742289449345	-0.006537616037652488	0.02309662509718366
0.05460088920714461	-0.010659596650523715	0.024003573996293617
0.05804129602593939	-0.010696297435480187	0.021832503931440678
0.05839414548820529	-0.012079434990840321	0.026947924019515478
0.05030439979982093	-0.011366877010259777	0.0046348594286048095
0.06129988407042477	-0.0012036091035369408	0.025210932022489446
0.06386078586918073	-0.016520080404265756	0.03261289422407489
0.0571562485570376	-0.014841400693874969	0.03255766671785265
0.05554458680052918	-0.01573030032050786	0.021585426464533763
0.058131146414574564	-0.014485214014155404	0.026508803609561038
0.06008537353576805	-0.008453849718980803	0.028289107933927207
0.06208866887332403	-0.01021989235948263	0.02230890965141622
0.060509524620074	-0.010232684600630076	0.03466031734572089
0.05032947197659047	-0.008565510651108776	0.03338921425394374
0.0531928013972786	-0.011802033208860231	0.02188760483074707
0.057658807084734726	-0.013312185761856615	0.02519150718736108
0.04640109552500986	-0.012150690502080537	0.028705882150468834
0.06544128939377446	-0.013058947900001672	0.02936593747384727
0.040591395572436004	-0.004869794139553008	0.022424501173622546
0.05724896459072353	-0.010526456780011953	0.028841591893770828
0.05087021227159055	-0.011148926459202103	0.026256871024391726
0.06437471242798185	-0.007451537320726929	0.03697055541214034
0.06164033270917639	-0.011379909575153918	0.03462074230904551
0.054927341210537856	-0.010980068527251577	0.026914485263554756
0.06806168246962878	-0.0028365793483141844	0.024356821847226505
0.06201394172290534	-0.010461321164408767	0.02604242234883484
0.06560173534757788	-0.011492112202047964	0.024129691835805787
0.0528758737548464	-0.01570944177099259	0.003936955877241022
0.03533436197571447	-0.012179119469030332	-0.0034012128341337697
0.0048808684155844766	0.011282533749005291	-9.069442848429459e-05
-0.008305624163374312	0.00874403100247465	-0.004837165793494616
-0.0076482297532922345	0.013703923105997202	-0.0028298483722913603
-0.023217799101422087	0.03464353670347338	0.0012084347607183264
-0.012896187030644702	0.02222489706417497	-0.007407063892722474
0.010095907174026647	0.004764852840789368	-0.02916552670074922
0.004992336486518772	0.015044307041402683	-0.020728365809922968
0.0018086848374359997	0.020814163403808008	-0.02397259171053618
0.010678651496383494	0.021603213883098077	-0.02325555927038367
0.013781188056870963	0.009512433981134454	-0.017774792468658533
0.01071478389702228	0.004853096186739967	-0.023799644499525055
0.014449329503445445	0.006162421312140897	-0.032402429590067144
-0.0033543311208056314	0.024768967525000216	-0.024753524523546268
-0.00019865275394149426	0.026440874488760167	-0.01721369257212244
0.04754358649529835	0.002248851386965362	-0.004598263331930613
0.05816717275294515	0.0034066475285154745	0.006865190692553827
0.048797902368330204	0.009208412498955081	0.00888076419425593
0.055768764459220466	0.008264507119110875	0.015757371141307472
0.06986167398186648	0.008276364879555905	0.03510805678054158
0.05851324196039098	0.006360965134314148	0.022624170202968197
0.0304346095164429	0.005810727132158056	0.014790472778965415
nan	nan	nan
nan	nan	nan
nan	nan	nan
0.05725097517516635	0.008829753127270037	0.026365729505745242
0.06179424336659397	0.010180009249486895	0.006990429494772542
0.055395625889567444	0.008552250458518094	0.021455436904112724
0.06325635869456546	0.001560647782160435	0.030090320742354834
0.054369304869778354	0.0010748635033102309	0.026379762233161828
0.06620135612651797	0.0036342925904706597	0.023297047907015374
0.05790524543022957	0.002425897189311462	0.01445933720572104
0.06520771984083557	0.004194247802326511	0.016829566582533213
0.0541272494515226	0.002973374673666324	0.01980588780202442
nan	nan	nan
nan	nan	nan
nan	nan	nan
nan	nan	nan
nan	nan	nan
nan	nan	nan
nan	nan	nan
nan	nan	nan
nan	nan	nan
nan	nan	nan
nan	nan	nan
nan	nan	nan
nan	nan	nan
nan	nan	nan
nan	nan	nan
nan	nan	nan
nan	nan	nan
nan	nan	nan
nan	nan	nan
nan	nan	nan
nan	nan	nan
nan	nan	nan
nan	nan	nan
nan	nan	nan
nan	nan	nan
nan	nan	nan
nan	nan	nan
nan	nan	nan
nan	nan	nan
0.05509346582964134	0.0021220814046218556	0.014257493926931313
nan	nan	nan
0.04931392962343106	0.0016067069266383922	0.016728574856925964
nan	nan	nan
nan	nan	nan
0.07043620625840057	0.007863636361342043	0.025405236151653396
0.04978892437833498	0.0025247094424130363	0.016781244793368004
nan	nan	nan
0.07060270944883315	0.011667870719455745	0.031024216737700103
0.0619363115346661	0.008946699238878255	0.03002852496340188
0.0725465573373486	0.0008748161957756919	0.02788402563220648
0.07956182685884901	0.004760440212218024	0.027728275920929232
0.08085915677309567	0.0052242254929877625	0.03456266195884964
0.08101014790469273	0.011256039141561192	0.034558855490007145
0.07498221240478085	0.010295503810119197	0.030234681558758657
0.042686379924794134	0.005950239162189073	0.01646182267055158
0.06068326337679093	-0.0007438940024919478	0.0326817670802677
0.04290165348027817	-0.003447622103448111	0.021051070366135464
nan	nan	nan
0.055516286560520586	0.0042469367768385715	0.016855649831812425
nan	nan	nan
nan	nan	nan
0.027850074517116546	0.0050881062264450235	0.014013213894873453
0.06226600692979415	0.0017086221963578685	0.03132902988808507
0.06267974562926179	0.0008984474853778469	0.03118487992815798
0.055796465978895295	-0.0023575771959712596	0.025805448350286607
0.05825773846341192	0.0010868807290938033	0.02181759969561521
0.05608685364074529	0.002326617616945414	0.025141708057331215
0.06272082587080745	0.0047717154764262215	0.022866477954850396
0.06323029486015182	-0.0022469187992662297	0.026769840620698523
0.030177118143945258	0.007326366537426749	0.014163040350492838
0.04181724682702089	0.0008790264838048599	0.014118004777658243
0.030815644017722674	-0.0052710871862501636	-0.015607136397046216
0.02745577909968358	-0.0018570385750148188	-0.01428431650023134
0.027084252763293185	0.00899097835979199	0.014890224237905947
nan	nan	nan
nan	nan	nan
0.00018473516638398038	0.00817573870227887	-0.01905665384860819
0.010713400867174703	0.0013368954841729147	-0.009243403307365318
0.01485411560594376	-0.00765140421672416	-0.008164189968912591
nan	nan	nan
nan	nan	nan
0.0006012905733488492	0.017945714255105435	-0.022789186666985588
-0.012180482741084846	0.020999632007719676	-0.01203576639613117
-0.011959257118761201	0.02135306426650344	-0.0071027841166649616
-0.015296747427639147	0.033900275259916283	-0.011179019182300746
-0.01679965576232789	0.028021165464043755	-0.0020338540483486635
-0.01998899780356849	0.03678314119891631	0.0023768601877692808
-0.017544071982394726	0.030479992037283115	-0.008523546748596076
-0.015659595175111774	0.02659981867833399	-0.006076938738910936
-0.01657506458726909	0.04205159674685817	-0.004877938857295814
-0.015074706560482798	0.03573240314303284	-0.006793514735915874
-0.016962307622814497	0.0410677683360537	0.00019628837350965656
-0.017194004049870464	0.02860934368550112	-0.008387168107357401
-0.014041937029537443	0.03647597987824351	-0.011450084666127463
-0.0016333543815493998	0.016165744848578793	-0.006080850682003159
-0.001397582476051577	0.019277880631997237	-0.008165823323938825
-0.0016583705413771397	0.019964298067847937	-0.030277769508215927
nan	nan	nan
nan	nan	nan
0.04406548844358798	0.0044268485820499635	0.004404437362360104
0.05162841401141628	0.001962691833446645	0.004615779840385803
0.039192596909458394	0.004282030086194505	-0.0011940382277420628
0.05451448914002067	0.001245866187189004	0.013178191204865644
0.05956131460402752	0.004278552604863222	0.013469785546326711
0.0588984936583746	0.0055343688422392545	0.02513202958221091
0.051987976546549235	0.0014794796385291787	0.002230818570650425
0.060806850253823964	0.00398268354065018	0.018685820352477657
0.05716148283279605	0.0030063553403392013	0.01564878945478374
0.04490075348368529	-0.003733616421389742	0.0008090094459495198
0.04448955075225245	0.004570623017110438	0.008324402578321705
0.05260250082436353	-0.0006019539867185527	0.012479691778010851
0.04812502999122086	-0.00098850514813368	0.00754326626352559
0.06192887531680655	0.0023021887925768966	0.01209914947195391
0.04601127029237976	0.00013852613085630548	0.011554804813441885
0.05618348549326289	-0.002565601006495142	0.019925812274065736
0.05876926289666717	-0.0009723073699052409	0.009937771306808799
0.03938452868548391	0.0004289043097471783	-0.0006376235191225821
0.051410463556910216	-0.0007565389727767606	0.02072974794494605
0.05376662406770094	0.0016849533608098062	0.023503515374028137
0.0668733271344045	0.0004905990037383707	0.011124077719627083
0.05469539180774532	0.0023464121675826196	0.016026180959010823
0.05762529470240418	0.0007527940050653346	0.02166774186927853
0.058236153485083535	-0.0008991252295304786	0.02420735598084664
0.0588600289425281	-0.006429592103758815	0.026839199972044078
0.058949099695339666	-5.065659592770589e-05	0.022285664022233802
0.0549869676414322	-0.001954295350158299	0.013310346041271778
0.05959887047531275	-0.0019589817816104923	0.009962818515812613
0.0684307669785797	-0.0005852801397823828	0.021494669998136588
0.06722202791598518	0.004526494279160829	0.015894824348759294
0.06928366123512628	0.006277279536924712	0.016326571701874078
0.05636744571413322	0.0015186657071922377	0.004084201924188645
0.06641737443471797	0.0038294440972597888	0.02002986254982817
0.04952500104376563	0.008450477923868686	0.0039672695689671675
0.04458752373310084	0.0010343330733833677	0.005888089464811182
0.0600656798399945	-0.0014008805311000309	0.012537112677435368
0.055400827797999534	0.004502340111840529	0.013633033220979404
0.04925393424955675	0.0010244915389573137	0.015412997892676347
0.056633357095487585	-0.0008623835667388965	0.008863014131832811
0.054770322052611294	0.008285566512725016	0.008733568188298367
0.051783290673987875	-0.0007673757976809764	0.006167508319992854
0.05272927489735655	0.0064587031780874915	0.005568745188915827
0.05740116503854836	0.005308665954352171	0.011480768031736026
0.06882099938890858	0.001575979588719092	0.01652190938486356
0.04869207360432492	0.0034624784008550876	0.005773470708074997
0.05185397974176271	0.0037750810876822066	0.012324024362743095
0.05901236444773038	0.00021292712695493286	0.012172699102879242
0.047255416132362886	-0.0030805966375038124	-0.005163278537267071
0.04002979578969767	-0.011694681639192002	-0.013973390593190853
0.029802838873711775	-0.009190916609537796	-0.03800760560995904
0.007346942148297981	0.008801907223557571	-0.01998145175216492
0.0019851560574461607	0.013850213131104547	-0.016434944523001007
0.001035947918302738	0.019213635448045725	-0.022879142394414246
-0.005980155462503366	0.03576403142514492	-0.016452724043957295
nan	nan	nan
nan	nan	nan
nan	nan	nan
-0.015639980619085787	0.03949160144947059	-0.0019947213052776743
-0.01255702891190197	0.03336115181441976	-0.007398355470588746
-0.012292444338761754	0.041226234758315314	-0.004203015480384849
nan	nan	nan
nan	nan	nan
-0.011904501596474465	0.032892597918623756	0.0033150062509551877
nan	nan	nan
-0.01640041789110696	0.038441996612318986	0.007125756108461369
-0.017575054991573462	0.04216935338833264	0.006117752218296739
-0.011990913108453892	0.0341901733594082	-0.008412908993108306
nan	nan	nan
-0.0073542369011085846	0.028767545130223254	-0.00021689462247571553
-0.011664485685797034	0.032057304241981575	0.003833393058547945
nan	nan	nan
-0.014692512760278916	0.03744732168012523	-0.00044878691322567527
nan	nan	nan
nan	nan	nan
nan	nan	nan
nan	nan	nan
nan	nan	nan
nan	nan	nan
nan	nan	nan
nan	nan	nan
nan	nan	nan
-0.015578725651276994	0.046201339213863095	-0.007023020664342293
-0.02100614217051338	0.03492816176544471	-0.006443653881127135
-0.019255421403222398	0.035513083710057035	0.002255121888098774
-0.01754668298475376	0.03786278163457429	0.009305823928686806
-0.01921040375096834	0.049106366384320775	0.003140134401176095
-0.01794570328817139	0.03914757833946845	0.005090220694978061
-0.025698849216050642	0.050818322877862185	0.0053098149588008195
nan	nan	nan
-0.021020009323502075	0.043333489786504364	0.010340486317131439
nan	nan	nan
nan	nan	nan
-0.023304498474399787	0.014260202634606903	0.0105708957098226
-0.021980869548692192	-0.024278553006460778	0.020490698330896857
-0.026645887445110185	-0.015417191041643833	0.033518600116370784
-0.025871016526857478	-0.0002556355177902061	0.016426796180003977
nan	nan	nan
-0.01716460275504553	0.003806896964175319	0.006634037210516985
-0.02621988536804258	-0.006673201548723453	0.022538141808786286
-0.025954822490133	0.0027293937012941964	0.0050774742832130106
-0.03371343434129162	0.007754727768234403	0.008640443374167264
-0.03141250632635274	0.012694292193647082	0.016070825551985905
-0.026443049021995197	0.02124971550781227	0.005007317293635235
-0.02892961970225958	0.029424382723273457	0.006251610736745888
-0.030811339523719873	0.01690751781768792	0.015029072334475032
-0.033398074008005145	0.004297278116952307	0.010085658437198483
-0.01807428799454176	-0.017282006709849772	-0.025203024056313535
-0.013234935779239936	-0.03880432950777477	-0.03505617415531154
-0.011342355599710457	-0.04809051699244142	-0.02845158325106361
-0.012108409172008137	-0.049920081686418816	-0.02713579542483297
-0.014280431467577692	-0.04365750753192617	-0.009405888381468181
-0.01791433143589959	-0.04442274700722265	-0.0070549238509739
-0.01454606627570541	-0.042415459156705256	-0.006720670954876905
-0.01780924994406972	-0.04378864114726522	0.0010666715447126482
-0.015804875554394356	-0.05392125758608965	0.005007956253066114
-0.017120815226384065	-0.039947439134568045	-0.014286104823515517
-0.017314764482261286	-0.04147380600102216	0.0073293488862192675
-0.01836339077823796	-0.04617417497236405	0.007210126115420448
-0.02245299599712245	-0.04134103999590305	0.018402008559452062
-0.025645971773287354	-0.03339807064763096	0.03132131420762882
-0.027388673527182217	-0.03999502903107566	0.03826872976114698
-0.02631872243315408	-0.04024530026101287	0.03480761559550522
-0.023540621327326938	-0.04048423671794376	0.040756583040542575
-0.026042587369782735	-0.03250268935452792	0.03548081300176637
-0.025095377229240216	-0.04321897719345949	0.03827184150659807
-0.020567059956176494	-0.04668857265910485	0.034774293364806544
-0.025785374265012345	-0.029805635728147543	0.027605446156168188
-0.0321805250966816	0.015902153930787952	0.021923093623884025
-0.028176515532723583	0.020913973526033795	0.021396212591963205
-0.03226767797432013	0.0119068442714169	0.019965099824593234
-0.03205524683456582	0.004865464313179087	0.03826847218259716
-0.030326136772845087	-0.005480400943208826	0.035894899246947165
-0.03323481467692214	-0.013646231434467367	0.04605263326655678
-0.023383322462537943	0.009750587816744899	0.016178977032358
-0.037073559924558824	0.02264847069982716	0.024601162663977258
-0.036089042944784974	0.012240172576373125	0.029880001095701728
-0.03641972309683646	-0.0017328929474388728	0.031725300998435124
-0.027560971596227193	0.002510449763294182	0.0304834846120332
-0.028724179868412403	-0.011885466115637925	0.03108981931538553
-0.03417678083048653	-0.013224729927622067	0.04920223679289507
-0.028317937808598627	-0.010748105640309804	0.029658133841573387
-0.03090685095968548	-0.023547402731407097	0.04685197567621191
-0.033208309727930325	-0.010256752090916787	0.04281939179933252
-0.028265430996066893	-0.0238159281720752	0.047900958488527864
-0.030292927594751162	-0.02920232365019417	0.047754344817111966
-0.025629225156209526	-0.032034057692861814	0.04498217366610481
-0.03325685910150146	-0.024285244668678457	0.04958231098876889
-0.030866451846260846	-0.029703959423189857	0.05267727771585066
-0.03288776242886065	-0.03745383105337494	0.04572534538451868
-0.028732198535801678	-0.03487492625597214	0.04478732365578897
-0.029780725213281883	-0.03140611006400193	0.04946398185443775
-0.032676318058049485	-0.0276833323575728	0.029974236167281468
-0.030569582485510054	-0.027896154409236942	0.044665830842051876
-0.03141034532127001	-0.019790911042921928	0.04178307833605268
-0.03337062658840464	-0.030904332207727012	0.05795729034405212
-0.030757509109847297	-0.033868205180329215	0.037001290093297355
-0.030199360044395773	-0.02298717133852898	0.03877527392495825
-0.022451099245033503	-0.02189919314104795	0.02741516689557866
-0.029518875715733393	-0.03514841253027838	0.04474945774770268
-0.03083202248366032	-0.04041850031057178	0.046776966074193356
-0.03500114990244751	-0.021100386150659185	0.039248330164118155
-0.03230979101421685	-0.022447022306683533	0.04678230392696129
-0.03254661796684155	-0.028641128975745722	0.04671800781923096
-0.029804495432623618	-0.02845562439853042	0.048151321897519125
-0.022391754739796377	-0.036259188388158975	0.05164965434237513
-0.02305169360950862	-0.0349243467224383	0.05059910725584765
-0.027541250443689467	-0.007924811711379025	0.03871973931736491
-0.029049696712526496	-0.009778451321986386	0.027221594722306217
-0.03161814881237852	-0.003107971908283941	0.03811720807173155
-0.02947627095027449	-0.028200463535016686	0.05321852421105687
-0.03159833384463548	-0.027863381939481104	0.05440403018357121
-0.025424861362810827	-0.02866829162148836	0.03985060192580564
-0.025515763255315675	-0.03093198974911524	0.055649058469630835
-0.029550912977192156	-0.026171384041597103	0.047342634953983394
-0.02460749473716238	-0.04146307223907475	0.05308143696528857
-0.023083228203779442	-0.03801259229016367	0.045350374528428855
-0.022626882592934258	-0.03643308908087655	0.035116106625680224
-0.020100361695750992	-0.030521624186244784	0.036680979788659446
-0.021488410108376023	-0.041113754169849054	0.02984537133959867
-0.023592334828170327	-0.0472729275245313	0.04067707135831265
-0.01618876433634424	-0.03532043537556428	0.028921286777676934
-0.013530443037571937	-0.04330086429465783	0.037920315365931934
-0.02233726065626511	-0.04120587607883004	0.05336285323752704
-0.016850161994820437	-0.040498295593298206	0.03833551919791048
-0.01629075584202038	-0.03574276615091226	0.04527234237246772
-0.00776772100868347	-0.03342954683765766	0.029661728853292844
-0.006982752960977004	-0.04407995802157006	0.026141297107312177
-0.007233638871296221	-0.04141633781553573	0.0293242730035971
-0.005226420345753337	-0.045610392204836654	0.0351093739511835
-0.008425547883921077	-0.045117509013972226	0.027906050677971552
-0.005439524105067057	-0.04225722753850266	0.028092253110718945
-0.010898711769821424	-0.04138291155524057	0.018705981156038748
-0.018057332471438217	-0.046222874961561466	0.020515906019786277
-0.012512120542767312	-0.03411212445258383	0.002474450786617151
-0.01771715676123343	-0.026749225468392195	0.003937509427721225
-0.027701978394688367	-0.013207269069414778	0.006442277861073837
-0.02551546885830972	-0.0005021757709552058	0.010362566590281133
-0.021576151752187602	-0.009612643130387125	0.0038496930795360387
-0.021979573159902517	-0.0029558904320607336	0.0016248205935570185
-0.007190523133350425	-0.025630327506798084	-0.014465145096088212
-0.009478575016586997	-0.025662825296738936	0.001099179211506934
-0.014486211657590106	-0.018772264007726813	-0.01121020505266384
-0.019055522929271877	-0.01508695394020043	0.003094718359272018
-0.015072884835992654	-0.027554167025500304	0.021572806920744744
-0.02069860117032942	-0.011774822255857381	0.004919229343932786
-0.027423684019202928	0.004819757866031783	-0.0024159810741540277
-0.024849337646189056	-0.006468162674346566	0.014593180360836629
-0.0222061317829656	-0.015306969184491476	0.003833620807670763
-0.01683994480416505	-0.011668454164753738	0.008346473261415667
-0.020055648910201295	-0.018345595208848868	-0.013667936114491925
-0.012649909302894715	-0.01874847750917205	-0.002917126561297799
-0.008886179504484342	-0.03409089050752105	-0.0019237610554836797
-0.0017059406334017787	-0.037847780099039594	-0.0020436784216229533
-0.002105079006682488	-0.02980318170953963	0.00953176398620871
-0.00718113355585392	-0.03459572822208781	0.031276303991810896
-0.0019009248810787083	-0.03936711983802292	0.025717509869662286
0.0025908656252658173	-0.042151617371851316	0.02236909321698738
0.0004114704084597286	-0.03372821810076718	0.011198400667676777
0.002902095982824495	-0.033715859351929056	0.03423008836899082
0.009489677089616103	-0.034949587915393245	0.03446259804753509
0.006969139428451948	-0.03723616750434273	0.02283955205549265
0.007303032314994494	-0.037928087187243414	0.01572740371511731
0.002973469710387264	-0.03314600029813965	0.018600662946419502
0.005889237632687158	-0.03063319475069261	0.017963547999949446
0.00498800678255865	-0.035137346930939395	0.017916506015401318
0.005128743744152405	-0.035279883647907344	0.0005792296404820586
-0.005244646591075127	-0.0449639855330759	0.01274567461578142
-0.0070201496743646065	-0.002359286799474243	-0.003167617923734552
-0.03199708040683036	0.009502884081084146	0.011002068867035412
-0.022065588012469026	-0.007239352046940272	-0.004894230019892417
-0.016112993289354602	-0.012750868831953947	0.004470577899782103
-0.01414898501652428	-0.026325330935236712	-0.018497920406896563
-0.01946865767880874	-0.01034688153760351	-0.017836709348878887
-0.01250732224854063	-0.01967119443729953	-0.01352712870168184
-0.006949037142970298	-0.022897533535380998	-0.015879731327916313
-0.01381444740578719	-0.03186802129768736	-0.009509231699240733
-0.008802718721826586	-0.029226997869374625	-0.009214700898502905
-0.004498456940358732	-0.03364794668909844	-0.03354853605370081
-0.011059983678667853	-0.021820219441247193	-0.0371907356622196
-0.008269872837735753	-0.024717132489447725	-0.032167981295336205
-0.002958276116210782	-0.02893621968680705	-0.04264098660030403
-0.006610610776269154	-0.028703325280940255	-0.03399040642416072
-0.008008016145987073	-0.021664959105327435	-0.029111556342078067
-0.004314421469329607	-0.019764935195852883	-0.030087447590230177
-0.019158975262812517	-0.0007686990346006891	-0.017249929030920447
-0.0202061893094915	0.011477980401278171	-0.0008202135705789246
-0.029523989250818016	0.020162645306151143	0.007174201678621317
-0.027941591840822573	0.015340725087563675	0.01028915128172133
-0.028165507464218555	0.017282201362281688	0.0071018378353113615
-0.030030063680413818	0.010391221059413357	0.008157568697106658
-0.02280389443397665	0.0024352764506939133	-0.0005319299324609249
-0.028912918312425304	0.01875648734745185	0.00407912352632708
-0.03055091867707726	0.017084788324961464	0.014709149470021918
-0.026366428067581653	0.021231537737686965	0.002909092452137451
-0.02460772774364992	0.02413434701527581	0.0026990672199064224
-0.017231631764411587	-0.009961971012664435	-0.0076897757631014425
-0.014899879882433128	-0.007480873916870935	0.01033153832562556
-0.013198992210363398	-0.02243811323510307	-0.009168283154916808
-0.02348463431673365	-0.020948455774132856	-0.0074581055887798405
-0.019751426728994555	-0.02155617827168342	-0.012018487902584139
-0.014935130701669701	-0.028461753621608153	-0.01989084920332058
-0.01996469650350552	-0.0315703676258799	0.0058239781271977875
-0.014898134871427425	-0.027011556215581926	-0.0034880952123690617
-0.018888619491781916	-0.02568281015391892	0.006529866691024063
-0.021120253830132014	-0.02843840722725829	0.01418899209346599
-0.0226005740738838	-0.02426617528000517	-0.003367092360789959
-0.021057182038655545	-0.019944486890941127	-0.005008126248380356
-0.02148573342268332	-0.021346140181201376	0.00935328230705696
-0.021617170281472243	-0.010214619247840798	0.012283860670666388
-0.017549267982723098	-0.01853280277099044	0.005893945774271912
-0.018466802175352494	-0.014314561658611724	0.006258153064084181
-0.02523865516127194	-0.012886013647054243	0.015200485793423573
-0.024350042628677075	-0.011151366010987337	0.018499861034866946
-0.01534369192952641	-0.018824798600279587	0.022114624424554738
-0.014007565305683483	-0.016329262410325198	0.013607776994141882
-0.029751842706730758	-0.0036065305627292817	0.027680272506106142
-0.027061385096878908	-0.008461158173536503	0.01734904412128242
-0.018665230065542826	-0.01662792112600323	0.014445099926184961
-0.020420493431596173	-0.015241239308023832	0.006190647978318614
-0.016241484825853313	-0.018533181529358178	-0.0073915033287441
-0.023760605797093312	-0.00010746979712859682	-0.0026299977742891695
-0.027266136264195603	-0.009191564591740444	0.0025026096934956804
-0.026052333104783686	0.0015734868649134209	-0.008205982019913856
-0.012534954159632178	-0.01457723280209109	-0.009488717819423174
-0.007816339158457659	-0.03152104709079314	-0.036480775023527715
-0.002500626833051065	-0.02831551664651574	-0.04584483444125195
-0.004593757743607099	-0.028842486844930192	-0.04799907428693985
-0.013722006954896022	-0.025285641380656816	-0.0374874603697326
-0.01697354842998279	-0.010070833662284473	-0.026534322206946716
-0.0128311095500923	-0.012540806447274568	-0.020357177671078294
-0.008051956456406243	-0.02459697530280745	-0.042202969776458765
-0.0037669925108812516	-0.025197997749063724	-0.031195041070710586
-0.004931929270775261	-0.029023747450841273	-0.03514987353233803
-0.012239172459736282	-0.011167269951484775	-0.03175257033194805
-0.005342884921401427	-0.021457850875858008	-0.0387696883790271
0.0020123945397588373	-0.03055199836962895	-0.05072080845293813
-0.005120422214980586	-0.020239555668444806	-0.04586359313367099
-0.01764973857982116	-0.0021979717185403344	-0.015582242606680213
-0.008315451203875912	-0.023984439851680993	-0.03694405252189546
-0.0026106907041547516	-0.03035498493564748	-0.036271675454782534
-0.006139259405748794	-0.027578459978378576	-0.0238918087631692
-0.0023008445623596023	-0.023779460344452767	-0.03022226941880438
-0.004545690994210549	-0.02427647796337228	-0.022820109439385
-0.004142978671544642	-0.028888681422881018	-0.03570792667177816
-0.011456111588244122	-0.019094117762566573	-0.03354797890081238
-0.01273094825076374	0.004479043715074215	-0.023282436340595195
-0.018083898383563602	0.020494318678669587	-0.010450592351307048
-0.025262555877813366	0.028491958688902055	-0.005284696615510606
-0.018117511953734837	0.023888619324415578	-0.011997339703810915
-0.016970260689319172	0.02290072241996893	-0.005035996760103273
-0.0215213900472343	0.02906032541918271	-0.014248021895257885
-0.008954263916620455	0.01228034735314254	-0.022783160733237884
-0.008885089341897157	0.008311424481704004	-0.03700900400853692
-0.011703957785643855	0.016319980425299654	-0.023066902112262547
-0.016132190923538976	0.02423113528276776	0.0009743629869675141
-0.020558243814357113	0.044341471827434704	-0.002723268022264084
-0.019330660878807037	0.03924298198199735	0.0002055603904857796
-0.01804712401685246	0.03723776646752626	0.009081321880037404
-0.018311710179835194	0.03785022910933762	-0.002034958395832509
-0.018348295466215584	0.04511844089537115	0.0016568696576725606
-0.01527193110067204	0.03957932977229869	-0.002867100313289043
-0.017183549757002713	0.04774593075922197	0.006224250591775546
-0.020047771383027366	0.04130509497196787	-0.005304003365494674
-0.021044092143195046	0.03350763177423201	-0.004998799450264813
-0.01816137676454286	0.030180656076988457	-0.01761243126948928
-0.017049141347169568	0.03476985514472524	-0.002283066255932248
-0.018511677398905992	0.03706314299484695	0.00392675276082138
-0.014445490997078878	0.03790865203713074	0.00274231299301538
nan	nan	nan
-0.012136820768321465	0.03710649260241371	0.0050539328686359675
nan	nan	nan
nan	nan	nan
nan	nan	nan
nan	nan	nan
-0.009471716531366447	0.027885184747543017	-0.0014591878350539954
-0.012280151633335491	0.034998979827092346	-0.003867355128359085
nan	nan	nan
nan	nan	nan
-0.010616353835005605	0.03446756507586947	-0.0022301713710195063
-0.0141759928774694	0.044423107596038305	-0.0001563556074680294
nan	nan	nan
-0.0151470004748128	0.034220674280526664	0.0015665688898848992
nan	nan	nan
-0.013193825057745863	0.032200122822109906	-0.0005182541427887453
-0.011583678392863745	0.028972277713173483	-0.0005063712059355952
-0.0193261142097602	0.038324841938170706	0.0073649196202780695
-0.023205867761160043	0.03947501458608887	-0.0002002094659600065
-0.01895776651513591	0.03348257352334157	0.000629395577619811
-0.016270544405304517	0.03597681901261703	-0.0034003760433998706
nan	nan	nan
nan	nan	nan
nan	nan	nan
nan	nan	nan
-0.014744169800324808	0.013566907995599177	0.009365853455560466
-0.020794493346566034	0.008663960470493687	0.0031803799287772466
-0.02960533140165504	0.018096083174263037	0.0008736380595187575
-0.022243408868617875	0.018638071325015222	0.002140868887939129
-0.02821843883673848	0.025727160278395625	-0.0025587567829740976
-0.014922079819784826	-0.004226210016413823	-0.00717319362229715
-0.014398741223032446	0.0048978007669914095	-0.016365272627718547
-0.012292989685147701	-0.010970494852971142	-0.02490956478772834
-0.005450782165360689	-0.03355590930602197	-0.05756989942987124
0.001728778117467391	-0.037961562214044314	-0.04591640942700296
0.0032610859710874764	-0.04397325169097777	-0.04751989194757319
0.001204876465147892	-0.04219443947185504	-0.05262949371462257
0.0010581343402676926	-0.038503284302812676	-0.03677714616762362
-0.002298768231596392	-0.042109490902978226	-0.04003227275532432
-0.005453752502369899	-0.032275379532641105	-0.060699303963625446
-0.010702006223104157	-0.019790092919194306	-0.03508598947663193
0.004330519201282167	-0.03346832526739854	-0.04308047327262071
0.004539052619530708	-0.03887356076540283	-0.0556710627026406
0.007354116824260651	-0.036692350168948215	-0.03528004075150225
0.00418445912283908	-0.0367547582275554	-0.0632672305168401
0.004888025522595678	-0.04107502526120235	-0.054292781489728305
0.004940682708417684	-0.03152308592404317	-0.06717420702785085
-0.01677929247071902	-0.006064472565490517	-0.03149203971107993
-0.025603860307622652	0.026521660617125374	-0.00763788057075538
-0.025357219630870814	0.03232078090659458	-0.004319289800042595
-0.02772200419137136	0.03277355764413697	-0.0005468095509574694
-0.026327550173186928	0.031215406275346455	0.010513705273137563
-0.01914842173464413	0.022438232149287106	-0.0014978913449969315
-0.02614916870096884	0.02970397277540608	-0.0009295189323428321
-0.027292982087791764	0.01923458500854111	0.008570499478198788
-0.031191609661666654	0.012165418637157057	0.001719092433083217
-0.034987556180896044	0.04119099921931779	0.00479028398662356
-0.028545936408925682	0.02718555943681403	0.0043753764582520165
-0.025042265767667236	0.018657805994848693	0.004555311311608225
-0.030559594264409788	0.028443824829449724	0.004002446799022574
-0.027666538207247886	0.018262031707102777	0.009960607123481489
-0.024864275681611772	0.02461448713813093	0.004017394564840855
-0.027396120111845595	0.01485015387810258	0.012980978623617884
-0.024708428072195098	0.013561812707743516	0.010547890050798484
-0.03345380040955978	0.01908595181739537	0.01462009182525107
-0.030737940717300065	0.020018835582168017	0.023356764089271058
-0.026790945800069122	0.01916030617459476	0.014527213110648939
-0.025060689450093723	0.006360962683976417	0.01089603220490689
-0.03594116453889226	0.0009995617859121383	0.018308088039012113
-0.03102784624013598	0.008719370396581685	0.014812645608792467
-0.030910058188293104	0.015749372513623024	0.009986904574550922
-0.03148566252627661	0.0070382901484536565	0.027663063093000158
-0.02924573066952832	0.0038495179823292685	0.016899410539045496
-0.028621478629828338	0.02014556913635126	0.01755041122890118
-0.03188930081276706	0.019470275170870324	0.011046015329273622
-0.03182026081578357	0.016033176037052916	0.011526515393983652
-0.035210091084582305	0.01523163125111288	0.014726339095996334
-0.031706075337530455	0.022535849546142135	0.02074333910850261
-0.038208644209835156	0.028366036010119732	0.008544872509552277
-0.03093877379954143	-0.004405241317748387	0.004332345657190734
-0.028304944519017664	-0.01414462046136525	0.009906397906180153
-0.02201447496641793	-0.025258763094947664	0.0011011515200977755
-0.02320507227648004	-0.01865035155442931	0.0023227403927231494
-0.03159063820134276	-0.009581065541238656	0.01285294971997357
-0.02485126827585859	-0.025197325690242526	0.01936867476533758
-0.014037531035556172	-0.043267931299208494	-0.00876360554853621
-0.015661690598439366	-0.04227261884271275	0.003097535925445455
-0.008264607570826433	-0.04904492973127998	0.0038073788747657634
-0.012532789463567173	-0.04938732099701559	0.018397801729779725
-0.01390033709824325	-0.052281189814969174	0.02363874880728697
-0.014459150078591202	-0.05036450268572202	0.01170714431297998
-0.014406214485522307	-0.04744322542628474	0.032186076433345416
-0.017995091700458613	-0.048337527031009464	0.02606127450743307
-0.021224417510354854	-0.058128890064865636	0.036991181548853246
-0.016218596484522486	-0.04514861834391737	0.027870375034348905
-0.018096768112421627	-0.04833602169822173	0.032690961867245155
-0.011550409319930418	-0.03244653094128521	0.03058424324128054
-0.01523459092920909	-0.03963191774491018	0.016626667904463363
-0.023423800418951212	-0.03637454787835342	0.02651450965398587
-0.01834201002864145	-0.03131529132764599	0.01599935108482094
-0.017557293818321905	-0.036317918293833164	0.028227090749439947
-0.022628845077605136	-0.041640456546336295	0.025071280331496304
-0.026748670815263494	-0.031064394956551226	0.03266757033903042
-0.024245147317658568	-0.032297210774447485	0.018896109453323432
-0.02147187427151824	-0.045432657650557644	0.02429805301815926
-0.019429653795527184	-0.04762378359776278	0.026841407783574817
-0.024690868721455816	-0.044252196303378837	0.0361086164774488
-0.025787539580492902	-0.03835869599440332	0.023706248744874706
-0.02938132777608462	-0.041235608857696664	0.036965570091214886
-0.03347339383633491	-0.013788205301392242	0.030294238367833334
-0.03414584220482845	-0.01146577003411195	0.039472922696942865
-0.03174800135044277	-0.015835204490603147	0.024918046864075623
-0.02917525084845997	-0.022054793963405372	0.03222776231935763
-0.024997780174836556	-0.013958449341760458	0.02760220983751081
-0.01582742616961377	-0.02928192620063049	0.013045146227582363
-0.014261809972246764	-0.026684036856042526	0.0074450042186886625
-0.007253256469894788	-0.03134620654109789	-0.022973080014565026
-0.009032985881474252	-0.028253796862455573	-0.02609591975382586
-0.010747892421010657	-0.023114968221783393	-0.019236510114782633
-0.015094238689446817	-0.025005038110354486	-0.032460661489486016
-0.017863891567674015	-0.023627290410267437	-0.01707679530602246
-0.019243390705032105	-0.019094090496985554	-0.01679934901903626
-0.023608179281868688	0.0006694326706406774	-0.012081911190385325
-0.022011229693813257	-0.010101244970920837	-0.002194915344251234
-0.01601842751690302	-0.029486088419274848	-0.02226994132043577
-0.015591773438594593	-0.03196291383069508	-0.027565126564626452
-0.02031425323116783	-0.022839735258058283	-0.003415544537852526
-0.02081161704383939	-0.0304392354970353	-0.008013608483246499
-0.013731171554097043	-0.03559530090265828	-0.009357828125762788
-0.017228569087043556	-0.03722269887343098	-0.015388889634421837
-0.01792047756429549	-0.03768318888150788	0.0007319619850387794
-0.01845038760592182	-0.04744143229160484	0.0025853942464176063
-0.014559653095815956	-0.04359477331463862	0.005281463748858186
-0.01453994018304915	-0.048100870809152804	0.012960365026783462
-0.012427051697050712	-0.04279559463770877	0.01233333013798992
-0.017079370596297275	-0.03772971265379628	0.014742661747068234
-0.017146344873170585	-0.05307587691438463	0.01643164880181282
-0.01918657040155745	-0.04835518635565462	0.024671888936077472
-0.019164200238968917	-0.040880837503781804	0.025440301600074024
-0.02798749746260076	-0.03000591206770423	0.04775246388367681
-0.02940963188620072	-0.02608868192128556	0.03530835283862123
-0.027008690663779356	-0.03919932292557698	0.03732705208255399
-0.026778935290934783	-0.04132691250425463	0.04267559385315739
-0.02916814783875761	-0.04466869995852934	0.05013035753638349
-0.0200526882533548	-0.040870734906530475	0.04710918266538583
-0.025550305727176533	-0.039760643357055474	0.0373572142515341
-0.02807096787332103	-0.032609425404617184	0.036568325734505205
-0.034946908837112406	-0.011867377798133428	0.03886152198724626
-0.033510219702295056	-0.02249616268455777	0.04301032825490825
-0.03392289530068748	-0.022452255548056833	0.035994450719511795
-0.029156815893484896	-0.02732718855851455	0.04990260516602049
-0.03381437091315141	-0.0249325114394284	0.04845109146024806
-0.027800085336561458	-0.03415274801556696	0.05275635607049366
-0.031548829496819364	-0.024757483807284566	0.049391367893606104
-0.029181863941920662	-0.034522016154408114	0.042084122698643714
-0.03257599606810841	-0.029761952331985402	0.05132219561951873
-0.027275628991673736	-0.03421499886353471	0.0514406119661133
-0.029038999851269266	-0.03993151941869489	0.05298163598124905
-0.03303288936429403	-0.03994280781875745	0.057753485799304914
-0.027296463088066426	-0.028787234368431724	0.03556638214727059
-0.03160252255926142	0.02138141313512743	0.02444047161115257
-0.03563192939394258	0.030385072862102718	0.024857760233593228
-0.03532925763818747	0.04076530443060009	0.015407212181080154
-0.03134079730857248	0.03951869680750383	0.019685349832381918
-0.03716438340524559	0.02568431473158714	0.02905072910321521
-0.03467040487895885	0.026417466479309926	0.03559931867502556
-0.027516309260557866	0.020395472263977577	0.013885368223064846
-0.03733538041949073	0.019706779513127538	0.019331404673541698
-0.03754478830967531	0.016558726547888182	0.01554527014506999
-0.03222592775544583	0.01190344955449002	0.008107337107288497
-0.026062794295960263	-0.014566970445914804	0.005939631456187349
-0.021964047547721667	-0.020144327164268273	0.009305247519819836
-0.02287707899917395	-0.0355882879981357	0.02395826093669718
-0.02301736855476082	-0.04021758468342968	0.02438166506132147
-0.02941789623535861	-0.026909176831170212	0.027661234250674745
-0.028127260841579835	-0.029242396041281638	0.00306156975575355
-0.026067693264686345	-0.024482471706569277	0.00013589870542920005
-0.023908174566857135	-0.033533940289698146	-0.009223589626422337
-0.01588474865360853	-0.03553590290119462	-0.02044402139360035
-0.018017514721319083	-0.015808741077001694	0.0001594908757166051
-0.03386197811442688	-0.030079260610862905	0.02939034400998984
-0.024976598100821323	-0.040846764177825665	0.03152737148933662
-0.019950201094202497	-0.047251882562339975	0.03802124991843965
-0.01850185434505099	-0.05522085727754141	0.04659010663460105
-0.01791429173779123	-0.047357742260215906	0.04351126148601474
-0.02011021814796814	-0.04002202377957787	0.04515487515855754
-0.025501023990776618	-0.04659512350830761	0.04346988038039877
-0.02656721905853199	-0.040266069888188684	0.04909135629421016
-0.02260934909913555	-0.050053729109363114	0.04651207354012176
-0.017094970790147084	-0.04478214172174908	0.048441348296906335
-0.024200607072022463	-0.0391936263868463	0.0558672828723801
-0.019471299608945017	-0.033161368262700365	0.04187301053459886
-0.022038379994840693	-0.05443334234086121	0.05684219221384812
-0.02203726429889269	-0.03944643370719392	0.03231802546301925
-0.013978874810540354	-0.04183914924614546	0.03127088953801575
-0.023675775955117617	-0.03895368629336021	0.05934105113663217
-0.022704133050062927	-0.05599600005511415	0.045515353155742275
-0.021695008330701964	-0.04113019498439789	0.05320587363652755
-0.02125313509589069	-0.04468560307563805	0.029670784141272052
-0.0210265480169342	-0.044282703935845595	0.0441579347177688
-0.018114381954718085	-0.04266667947967644	0.05067021764554849
-0.022513631754997307	-0.04713904249218881	0.04823247433441806
-0.022224658185498347	-0.04329540422795071	0.03906060166906479
-0.02610336375114922	-0.04984693691941866	0.049620582729774224
-0.02587990958217541	-0.03380179926222798	0.04727479751760919
-0.024997343860337525	-0.03791439080211995	0.030703019473223805
-0.030789030971517847	-0.0194644581475466	0.02782917085607047
-0.028986159867622353	-0.022729834874911037	0.026608306849159654
-0.03769502491694716	-0.008510404180161248	0.029335370363724536
-0.033291186045517895	-0.005638021747588839	0.02747718215509693
-0.030926105581071058	0.009567389857830417	0.021554835803233162
-0.023158831332916626	0.026787852250912493	0.0135945871458544
-0.0307555385194255	0.023365388269232998	0.014371172765753108
-0.02745017219550899	0.023352598485954067	0.017638444418368374
-0.024304841426522294	-0.02115159150939016	0.038014006882909256
-0.023091300996353335	-0.04137236954374213	0.035996513584287085
-0.02049962902202984	-0.043720398721809564	0.01761437487899265
-0.026250495322075063	-0.037521660991827493	0.030806163071587362
-0.028030728806161313	-0.02836448143137332	0.017873952271203777
-0.024084007386729785	-0.03387786416210854	0.0022578232624715262
-0.02258529705893875	-0.021336608897784524	0.00019985522037859263
-0.01719069041279617	-0.02148580992086185	-0.01629334814726761
-0.022150647075343335	-0.03461791899302877	-0.009886889435038975
-0.02831793869057625	-0.03756779667780008	0.0037880950406665587
-0.017278941509678125	-0.03283550885788895	-0.01866043547936103
-0.02684355397203569	-0.03774625734813244	-0.018025708616304544
-0.020908579782481992	-0.03053099293742894	-0.017791730253868487
-0.02060554479764361	-0.04017094833494513	-0.020486822016818267
-0.019880861160655038	-0.030487052355158164	-0.007214762018284892
-0.01611197587523731	-0.03993359261462029	-0.01198616683448063
-0.014321493814909514	-0.044913528901658735	0.005555748196630532
-0.01816139405704769	-0.04782486960521853	-0.01947638557116675
-0.008109190357630388	-0.03809288460450149	-0.004033114722802145
-0.02960617587055078	-0.01547603730494681	0.00259328258487386
-0.02669439409185482	-0.004418397989965446	0.004293333192627872
-0.040235100443251355	0.009850522921478498	0.013405931982210809
-0.024572106346931136	-0.012585471970788015	0.00358168265110095
-0.028973618462164893	-0.02722804963417224	-0.005478773818566526
-0.014613398861074139	-0.03387009425637063	-0.014223713363881773
-0.02145483428522079	-0.029952661739271424	0.0014391057072481173
-0.019918200974506254	-0.031244984144526713	0.007917406843911068
-0.01764034466920554	-0.03868436644313172	-0.0043870441179492126
-0.021039351812261162	-0.04674832404030992	0.00014251748966270794
-0.019590783488185774	-0.04439146151832713	-0.0010316943774960653
-0.019708166336189662	-0.042946231644946556	-0.0048677648050214125
-0.024962051403740654	-0.03507521726970847	0.0031351508486220855
-0.03032354775999177	-0.01944662562601873	0.008317657937969628
-0.023052492797883198	-0.024368707825985658	-0.0007345435300506117
-0.01864770179248047	-0.0412210199403681	0.003501179117962345
-0.030088339773825284	-0.03664307050600764	0.028357496525973774
-0.018409483012517335	-0.038240088542640306	0.013163727794475177
-0.013406561729923818	-0.042010453438044236	-0.0030638506878440455
-0.0146588906584277	-0.043817240703673065	0.02085940535766593
-0.014760516847398568	-0.040735217024306256	0.018772179548077264
-0.01960472518583294	-0.0418886208577641	0.023257047927688592
-0.017622808378520906	-0.04543306912790237	0.019585005473745563
-0.019823560906650634	-0.049661601830005286	0.0333234215447599
-0.021296259424701	-0.038799516047225986	0.02521372900160876
-0.015612383371344879	-0.04351783623332559	0.0278178361647469
-0.018379672296400897	-0.05445707612106239	0.032935510639485924
-0.01713658280972743	-0.046668964379757163	0.013586176205601382
-0.015722056595591782	-0.050189648735926046	0.018643899690246234
-0.016334931665359917	-0.04794406734111674	0.004900614415047928
-0.016774252305503737	-0.03660740144990418	-0.0012268618590961441
-0.018775877815572203	-0.0405492997506387	-0.008689891607102849
-0.022810221749206192	-0.0369365883536489	-0.012314621513255556
-0.012960051609316015	-0.04483793612981675	-0.019914065322533214
-0.005363400442459388	-0.04205465849288392	-0.04737275097656766
-0.005687812178628183	-0.05281455450669138	-0.04370385486205107
-0.0038075840824773103	-0.051731564593277296	-0.054578397851491815
-0.00011980513592587717	-0.038729880315128036	-0.06015566059372136
-0.00892046098762572	-0.03347810194590688	-0.044071117214419406
-0.01435930368957469	-0.027250523670047037	-0.04261484708818049
-0.015991718148611597	-0.04568276266822784	-0.04716857222799297
-0.024917177521479726	0.004646928894709231	-0.03722027838910217
-0.032316029059466095	0.020585002711005638	-0.0014967521932949639
-0.030505022904179384	0.026816114697765757	0.013162219595833427
-0.032603233793889845	0.026537023268604597	0.010583560581764372
-0.030700640099652343	0.019126950253544026	-0.002843523724602861
-0.029140035880055627	0.013835117522688182	0.01134951516234058
-0.028299184480235186	0.02358351568740935	-0.0016686830660604252
-0.020768923139662925	0.033979733726508206	-0.012734937481744299
-0.023803978536177328	0.034474020472313356	0.00133772369445595
-0.02068446214810575	0.03765695767898784	0.0011267237998200362
-0.007007742574876557	0.021844632984993388	-0.008664648539628518
-0.02520982652120519	0.056376721566999195	-0.001018169936697469
-0.020884723664320485	0.04459888187570558	-0.001784209630922004
-0.021043485450546663	0.044717818776671296	0.006063783312796715
-0.022443232388955188	0.04899216320120856	0.004531763951810125
-0.028299888719635746	0.0364829685919488	0.010050994161897402
-0.021933630986153096	0.03889786581972367	0.007422003548756051
-0.025123650105821904	0.036385378822057945	0.014039817958156758
-0.023472913686600573	0.044963324500090725	0.007358708460124291
-0.019205620990605257	0.03893983340439551	0.0036910012462019783
-0.019026128613771988	0.03715194671022026	0.007612922104810536
-0.02284669635208287	0.040618154110550767	0.007870343363228092
-0.019697323067012613	0.037467720122564295	-0.0005407690777792726
-0.02454298090402709	0.051019006409270255	0.007130699261081196
-0.019070441469954083	0.02864135304022923	0.010158279621971314
-0.02912397676599847	0.03402337671978072	0.015345429991452966
-0.027495171796238272	0.02776226171119621	0.011898677171326217
-0.01989342686728989	0.03826397020173566	0.0005987331110432204
-0.03044844971903097	0.024700562095131422	0.007302778554852674
-0.024297400827087843	0.02438109571016497	0.012338534099937598
-0.020380149696751053	0.00957425821243787	0.018206180031082698
-0.027329991822257784	0.018215971533502063	0.017617024841572765
-0.030819908525179646	0.01955434227056286	0.031165887153359342
-0.03058427078962444	0.024657791741918178	0.022996468311600037
-0.03475509627455353	0.03386356492320508	0.0170924958511926
-0.03163341044450634	0.03247156413892333	0.025067316601220736
-0.030490703680948382	0.03407295156175338	0.013254116050528134
-0.026706866815656108	0.02042404113644887	0.018616780878117998
-0.03532585855521968	0.0320306923029158	0.028593397185266635
-0.034853999341866296	0.015620112891637238	0.017174027460223035
-0.01808884333202618	0.014075173379039593	-0.011586780858330325
-0.015874578153052783	-0.006455827732819659	-0.040339175866709084
-0.0034596838658743846	-0.027545854370152063	-0.06836918314973997
-0.003057802340570611	-0.019993891709129512	-0.052946164647514504
-0.006052388063612123	-0.02457621269372351	-0.054641212832077235
-0.009899164586087474	-0.017194047569620712	-0.04738366935174444
-0.00242224463274914	-0.011166053745489766	-0.04916323943585492
-0.0027741299308497156	-0.011709880516789908	-0.04862266185613524
-0.006712767493227551	-0.020090110834042607	-0.0548333320752222
-0.0046871120788579326	-0.016317014024726254	-0.06262966421382477
-0.005318060745095181	-0.009259004745382467	-0.04705687641126008
-0.006300526744216929	-0.025136872703438916	-0.053823415752849754
-0.016030454832239558	-0.015901619186402146	-0.022295568385254705
-0.024328138762045277	-0.017019489572010965	-0.014372810923513916
-0.023700760098882806	-0.01611191064765059	-0.018478541468236218
-0.021437949964469932	-0.006980022784287742	-0.025412731631493424
-0.011957914420461615	-0.025899802615079254	-0.05197275291804352
-0.018282866605506275	-0.016287330785177224	-0.009383663877987884
-0.020974832039269205	-0.017576453109650333	-0.010176797889585578
-0.023666854964192553	-0.0153306131284802	-0.0070298732897732565
-0.02331314943698666	-0.01768319803579257	-0.0029242590841918777
-0.025585259921820994	-0.016099824355130597	-0.007028354277910959
-0.024141922584805024	-0.024815663551346765	-0.003935929208085373
-0.01710424687236155	-0.01641460529660887	-0.007401999385047315
-0.015153950198086685	-0.01575720644033264	-0.013989928801359238
-0.013246126651556969	-0.02621608497533393	-0.02364914325517488
-0.012358946382954991	-0.029464177314144427	-0.0385850841684751
-0.007094427040213825	-0.0337230115302251	-0.03733645968561374
-0.008161307758981532	-0.01204318123304543	-0.0423553957700874
-0.021287739558474048	-0.007205776431471452	-0.03269526925876109
-0.019358757638016005	-0.0034537201458124307	-0.024328916821910344
-0.026676035252007037	-0.0069515881677204225	-0.02117849074000045
-0.016772099778141855	-0.01184368650615337	-0.015704199217604495
-0.026834248439321213	-0.005028159267253341	-0.010112474094698006
-0.01862709246122224	-0.018276593215816237	-0.021563386723431045
-0.008321453268220612	-0.03112578358867591	-0.01729814685453739
-0.01779353839926288	-0.009708194242640153	-0.02890594245214391
-0.013473904503877155	-0.013293880867944512	-0.04145701626272483
-0.017222497278413865	-0.00796594312506136	-0.021744961315286887
-0.026884251570161777	0.0016528126664907684	-0.0024376359795294095
-0.024057038356732344	0.011975725677184813	-0.003509307208870476
-0.0248102937433063	0.018456718495700013	-0.010593049430811186
-0.01413925320959013	0.0025805396360687	-0.01879142522078174
-0.0035293682592517635	-0.02426576495235071	-0.0512483522692084
-0.020447628045769932	-0.01950049229558218	-0.025489563713460162
0.004053926361875815	-0.029518531551752235	-0.0451483252521708
0.017654204637469167	-0.039439205653329965	-0.04187153953119116
0.019907658108587693	-0.036564733357267204	-0.021636140934601346
0.021822760401389966	-0.029833551018447372	-0.019617998761314318
0.020775418183565583	-0.024292321806246603	-0.012166146384166517
0.025052229831735006	-0.02699860018041262	-0.0023243451369605456
0.02589610807874398	-0.03296708454176429	0.0007843771356851048
0.0197157408229374	-0.029961824251378336	-0.000611216505840631
0.02530436277048693	-0.026134468627898144	-0.00517025256825368
0.02312217815172077	-0.028246411982651994	0.0009495649460582421
0.025557472388025044	-0.02894770266342658	-0.003711312789796674
0.019599086473709268	-0.03126240762552523	-0.0022811507473491748
0.03782815131790624	-0.029220928541726043	-0.009588265951133379
0.020118722362107763	-0.02333815896016028	-0.012622419816788345
0.02309316199367191	-0.028373539716755835	-0.013939418530495042
0.005921303420491712	-0.033503110314941534	-0.031806317962839066
-0.0025834121810424573	-0.023528849941791222	-0.05586826318508785
0.0016297136624293979	-0.03842992844066476	-0.06460498871996312
-0.004533698557043313	-0.027251647653793214	-0.052429666461390696
-0.0291046330536246	0.014266846555566086	-0.021140817725029924
-0.009118679331312964	-0.023176185538375412	-0.02928401658517172
-0.005429829110097241	-0.01567023952866542	-0.026273473273857657
-0.00861357048141889	-0.033203985635693746	-0.0266364800147873
-0.005430011131893	-0.02554473562199271	-0.027824362467604353
-0.01572822490530451	-0.012024666429231686	-0.02062350922644047
-0.010289798389561015	-0.023664586074109702	-0.028372882466755213
-0.010897468505674395	-0.021762597292887237	-0.03610641682162567
-0.02356721899225149	-0.008109373705711439	-0.013239418812565872
-0.02469009230702921	0.014178350422572024	-0.017647831268096825
-0.03183655137729831	0.02406919615708988	-0.009669498186406968
-0.028357030720578505	0.022122040104564634	-0.009230998211386746
-0.031897332412201176	0.024772694846699493	0.011779785038732705
-0.030720729770392675	0.027908240615920336	0.01032605100223397
-0.03289819959222728	0.0465155828696202	0.007152203243041916
-0.0232890563057378	0.03742267615084492	0.0042817704633220655
-0.024920145915925163	0.02420143683538547	-0.006254573463764582
-0.02049433543133739	0.027278658563089943	0.0024015587436646557
-0.029725947557990653	0.034053886668709905	0.006494581316844505
-0.02195676879460535	0.022991236271780003	-0.0020945338325858986
-0.027534778650984134	0.031238749343402733	0.01108467577082007
-0.027561037932141513	0.028499956900093232	0.000446029319434528
-0.036938569045136725	0.028894137125357204	0.0062781221695298525
-0.02706368970802347	0.02406867984626337	-0.016742987955291087
-0.024703060220615088	0.028311297619594014	-0.008170499959253643
-0.01906422390602184	0.019701587340636227	0.00850669194998534
-0.022919440348470706	0.025137712209148445	0.0008147311575795804
-0.016860613345137446	0.014160526626930231	-0.005799772190105232
-0.015136010306802004	-0.007293120477762942	-0.015830165020493312
-0.021488516266935972	-0.0015042876047541927	-0.014927121731465457
-0.024866515666267616	-0.012236824109800997	-0.021796226349321435
-0.002207607210372341	-0.02203649965657569	-0.04539252342849774
-0.0026170441333888197	-0.035496748664548515	-0.06299630178519905
-0.008084630088731616	-0.03546137174411268	-0.06468857684568097
-0.004100752972683338	-0.028525796936043273	-0.07594907509092381
0.0013605967585060333	-0.03181790409124554	-0.06023076994891663
-0.007937037055002791	-0.015272943430548391	-0.05296857025227027
-0.016946929195733096	-0.011877314209114127	-0.03791293625600162
-0.017937004969358974	-0.02125860581580884	-0.047800944992260314
-0.008052013604478376	-0.03442939341339899	-0.05706420276352902
-0.00562801921385695	-0.031932263760308485	-0.05425001672807322
-0.011205325496334462	-0.04041279104209049	-0.057920422329006134
-0.012050375081321571	-0.027269023904249123	-0.04819170765027263
-0.013052736145265016	-0.029240350858493108	-0.05893574476858063
nan	nan	nan
-0.022154001590679415	0.009152831533781734	-0.037995147836248785
-0.020961679837672016	-0.004789089365659243	-0.04031493361208087
-0.017327437782297644	-0.017598007073502897	-0.03726549967902098
-0.01224612701139845	-0.025818833705389725	-0.0669547681149093
-0.020752844581884738	-0.013746142622406263	-0.055058965442745536
-0.01596703618132795	-0.01410840535786002	-0.04328589478740645
-0.0016037614389554844	-0.027478514507104316	-0.059425551850384624
-0.0035617903763719796	-0.03300730231397265	-0.062068096418111195
-0.0185268987565132	-0.0067441541567030885	-0.02363942832558679
-0.021003109530757985	0.020141189037641866	-0.02519194503282335
-0.0183934675348054	0.005180041544628403	-0.03324260850832621
-0.015561141611909822	-0.008868981657509455	-0.014957075755995235
nan	nan	nan
-0.01323942350508452	-0.011905733877041887	-0.019766210020341065
-0.015550070252461114	-0.009864089466156061	-0.017841884135775338
-0.013749021077038157	-0.031379061289090224	-0.033458786377963665
-0.01297755938572915	-0.023722421557440938	-0.03715689436200653
-0.019364199068681455	-0.02680563694258097	-0.023205476930385577
nan	nan	nan
nan	nan	nan
-0.0160374265926082	-0.022591793897043216	-0.02516936476956806
-0.01924397180386093	-0.039508214076223416	-0.022608369959215575
-0.024322037233318466	-0.026795118054519725	-0.008013124701581196
-0.02460791894482873	-0.02655894821941149	-0.005868766686238227
-0.01414125376110231	-0.030044935853325776	-0.0019614301849201626
-0.0022873084767609147	-0.03335630690469929	-0.003016366878685615
0.0032044348173646906	-0.03543187828561826	0.0019710853769072897
-0.0034814952477882997	-0.045349881091496666	-0.0024077975360047342
-0.001988593650905372	-0.0342483668985471	0.008983344893570644
0.0035009090903749557	-0.03805876866496853	0.013308744543226983
-0.003161193618539915	-0.04477957731003227	0.009788865209708855
0.0020925321936746235	-0.04202237709585991	0.010521711224739345
-0.007923421570142888	-0.04616732614477708	0.01171074558374151
-0.004326923018956755	-0.04001083636863007	0.0036301483483379676
-0.008199271121386019	-0.03920770261665165	0.015176182291943568
-0.009824291413110971	-0.037982992686392957	0.008627932951837131
-0.006108655708259943	-0.03388592745900674	0.021350700216869432
-0.001295935449322416	-0.03366224918164226	0.020585302300406724
-0.0015878227647939845	-0.03558925735411249	0.02287853075888307
-0.005161339531321035	-0.035751298397471355	0.011524490137085001
-0.0033606561190060416	-0.038197081972579094	0.01190586939660439
-4.433400193865776e-05	-0.03283464447771164	0.022880140006347655
-0.004242458356871157	-0.030093249654446905	0.010286535127800832
-0.007390889070771063	-0.03481950135391473	0.018509271386588262
-0.002768437403542325	-0.03339896543721865	0.004934326592627165
-0.002554803763160728	-0.03449353530758007	0.023081488776511918
-0.0013958107385480855	-0.03299941331311801	0.017465914343486415
-0.006437492957142705	-0.03857149669412696	0.004531508455805072
-0.0027004684525109533	-0.04065696173148221	0.0073019077470248064
0.0034306054057503263	-0.03986918459709775	-0.0009192339163182181
-0.003701038756929	-0.030961646755470938	-9.840120684645546e-05
-0.004569870770484138	-0.03408810862579389	0.013029816480922904
0.0003846125013439321	-0.040418547014056734	-0.0014035483780174298
0.002209555745660595	-0.039961637783525475	-0.0020854677177869303
0.005408611945360442	-0.036901286092925825	0.008816920143508433
0.001324279137842683	-0.03398966940080044	-0.0026456569610849765
0.006249569922568584	-0.03703504310509561	0.0002541806979098962
-0.002340658221731794	-0.0350736506954725	-0.009246218397297501
-0.013340458005855513	-0.02543028092164939	-0.01828189351246099
-0.011443773996529717	-0.027017066964580703	-0.04076703271616207
-0.018638885055597434	-0.017307488509528263	-0.0234579531274723
-0.024611657828153954	-0.009354985403652174	-0.017999900457226103
-0.028106556504140626	0.011351800310250288	-0.005050086092058915
-0.03225961615915479	0.025538259508306148	0.005508519246299255
-0.03201099485374167	0.028928552312307544	0.006162633238058442
-0.02710467044693616	0.017208208088082638	0.0021916097304274067
-0.023315488238472855	0.029649037938745074	-0.003948197529184468
-0.01975078656210742	0.033513092934084124	-0.0002999283722829246
-0.0203629807621381	0.02461704913311439	-0.0003209704555190186
-0.01627875410144989	0.013264163430939209	0.0009846355220907259
-0.01794791477796543	0.017156547112903767	-0.01564489968942413
-0.013838176817877065	0.011510679304558886	-0.00768421316183884
-0.01924498268111734	0.015032532305657183	-0.01724388541069879
-0.01735334510805216	0.014604621056857338	-0.02725118929774444
-0.013077396510291179	-0.0031109324735919554	-0.027706148174937842
-0.002049890134652002	-0.006883942242107008	-0.03936626509635466
-0.0013726048611076309	-0.01363051370832877	-0.040904670315981134
-0.007039469541788425	-0.02269915137999213	-0.04965046518239254
-0.011502233289376641	-0.021349436770666985	-0.04475743926586621
-0.016296550708719836	0.0006530736156958221	-0.052849622368890695
-0.008731947354369765	-0.015447312351141138	-0.04927468757268652
6.574874129526638e-05	-0.030407794133111964	-0.06963318772137018
-0.0075544448429960675	-0.029103069456917166	-0.05779673573961971
-0.006575201244429837	-0.014858259845486648	-0.03704693785458692
-0.010880422401142141	-0.00875854615514186	-0.052123495982361046
-0.011588484420323925	0.0018926442486812576	-0.025628785208200743
-0.013753768642280976	0.028178681872000396	-0.0010753543602193116
-0.015860625955960037	0.02643819176438268	-0.011280966748843473
-0.015617274850616689	0.0365197477198402	-0.00987254452243259
-0.02356048078983672	0.04006360689014656	-0.005637395453335026
-0.02747791659267747	0.04827223529059685	0.00435542582499274
-0.027939229330162532	0.04301133911227439	0.004097203124774667
-0.025730045225320727	0.04411680040205439	0.003089544686991002
-0.021614996837407037	0.03108475098123442	0.004737056630309388
-0.02735762998004992	0.03934739311897977	-0.004725416561417978
-0.02145316089983737	0.025232874899598207	0.004880250610142949
-0.02947751936973524	0.02509776206331161	-0.0022081349652628736
-0.030510943184203613	0.023099288389678337	0.0006346573040272446
-0.022780157065800628	0.026386124970106305	-0.0013686652182400526
-0.02420666228385168	0.022197458815526042	0.008812264146085061
-0.007285916465748727	0.019242941807843292	0.009825534622078535
-0.017800433266890296	0.013076008380753085	0.002080949214238008
-0.026390210284198	0.016439926535209	-0.0025885440256806676
-0.025003914105057756	0.015769597310443334	-0.005771011637012748
-0.00459800127536666	-0.0036524287752284015	-0.020410532693124293
0.0009710884174074426	-0.023594451007891676	-0.05169412187331521
0.003964652782518488	-0.027956329442900375	-0.05297658100480113
0.022282447662591517	-0.02534758140566032	-0.028536293527512177
0.020063844923720126	-0.02407369456182681	-0.022574997770048507
0.02256270242124435	-0.024961234486456166	-0.019991718276628323
0.019224858915242102	-0.028842930924392638	-0.010877319564239412
0.018076944869297687	-0.025350941081051313	-0.0282589731772967
0.02089218609582901	-0.02458383620334732	-0.027275367776846873
0.01995842195086233	-0.025979967980624446	-0.018138081568090863
0.01925594236875984	-0.025625333510397363	-0.014564557092048583
0.019062873949564296	-0.020609502230640158	-0.028227126987338428
0.007364714251838975	-0.013179426193802224	-0.014876278420110552
0.01839861507803722	-0.014504490321336907	-0.02609436294338363
0.02276998335645844	-0.02372671140192323	-0.025074633045395575
0.026898875606847547	-0.024113113555278974	-0.02349640384923596
0.01660793023966908	-0.020034092483638917	-0.011430973598776695
0.02285569631558081	-0.02368597145146884	-0.012199697454023176
nan	nan	nan
0.022635931189734552	-0.016326003849344933	-0.018462366711170422
0.01583514961503583	-0.02016559022888986	-0.033286123228047255
0.0050933197320411645	-0.021067434571657363	-0.044206893163984025
-0.012324066958415349	-0.014422873967325302	-0.051638881554858365
-0.001056188178538247	-0.021241309235708525	-0.0682457258424321
-0.006945372027337965	-0.027497162756992412	-0.05317251722488406
-0.012997684878206316	0.002105807549141534	-0.03814999812908946
-0.015875315944212435	0.003141957373516538	-0.042481662544114375
-0.016826348811481432	-0.003165859783523754	-0.036958287342352604
-0.01562899809991199	0.002655134166598922	-0.02826101918089268
-0.02802598566046338	0.015200561312747387	-0.0171345388766165
-0.02489898682702061	0.008796358584538972	-0.029304685416792
-0.017812335001610186	0.008536266601483787	-0.020592125304616293
-0.02011048105429514	0.015348165736690155	-0.007333627614925516
-0.01745518247428325	0.005258620236713528	-0.01889255591902206
-0.013808570455396555	-0.0005553977493767713	-0.03282386273933075
-0.01464552219510332	-0.003561260960532387	-0.024246623098158004
-0.009186953886958126	-0.012325788091542717	-0.036095514224321834
-0.016510495463740282	-0.007490450160253532	-0.03308464899693851
-0.015811888644146815	-0.005933548024676279	-0.03065298671024118
-0.025119837132463085	0.007264446450195368	-0.011350850572810276
-0.029474165564997577	0.015988515365056022	0.004437906407484898
-0.025294598470489878	0.025865289456738726	0.0019506520747902996
-0.02275460166663387	0.03114133646581884	-0.005003275752014175
-0.023032147437593197	0.025865952688117484	-0.019700021414490804
-0.023517311993882444	0.022928886874447798	0.00248974350339963
-0.017817002454544057	0.03216741275215885	-0.0001210148884067154
-0.020944612785509582	0.032136489048386556	-0.004016475435084609
-0.009807505226543108	0.004456916605826704	-0.02575726336894766
-0.011849341825927956	0.0057200563120143625	-0.026422896274377723
-0.007700444479788173	-0.005568258537631337	-0.03212495616165326
-0.0069065064106531284	-0.0010775447420897067	-0.02882471339595264
-0.00288736049517066	0.005296769755279483	-0.019977896829899783
0.00507051194304328	-0.009743870099669349	-0.04057027516987708
0.007253503172943445	-0.011250187144876798	-0.04181002920313416
0.005571978173584904	-0.008394116391606653	-0.02638567369924035
0.016594788404811694	-0.0145998593598856	-0.032887313165999535
0.006685379926333711	0.00223358158448459	-0.024285370608968706
-0.007621318366353062	-0.007895547831480353	-0.0440637073296822
-0.008650093910040188	-0.007655812019376838	-0.043785133491000106
-0.02321447698973448	0.012261116830845405	-0.018744381280295423
-0.01579819425593768	0.025012109607938274	-0.019789895276022568
-0.013374280369637002	0.01900061629815245	-0.009078526243681107
-0.006696727810520358	0.010606773372090489	-0.02200143749716273
-0.01247014515357567	-0.002432464515301542	-0.04993729289415374
-0.013562724965043817	-0.014416392282782768	-0.053583291881442216
-0.004970908574516813	-0.02196715406382113	-0.04333748008174375
-0.0006326918448286814	-0.006880907002762045	-0.021639868874213278