# EV_1 (29.5052)	EV_2 (24.1834)	EV_3 (10.0176)
nan	nan	nan
0.01946288673160072	0.015825393729518446	-0.020313274917291266
0.017902197442171204	0.01200627211781534	-0.02122004908998596
0.02443729199450338	0.011983954555555008	-0.021254712819127764
0.02737691719391553	0.010443718326235935	-0.012567059454193858
0.03025746160919871	0.011671776642755562	-0.009730282965673263
0.028782060094207838	0.005686429238059847	-0.006116158588466564
0.03385191759135475	0.007444333139506853	-0.010351743269134996
0.03662582844340087	0.008427563329173363	-0.006261145222764566
0.03504085590934097	0.016204841803346935	-0.004262574599311425
0.03146104627096127	0.010972743673022374	0.00045093762774763013
0.029171578049830185	0.002627952941355007	0.0052316835709186466
0.026369959221129283	-0.011981873976037526	0.011185767812288212
0.018407724200821242	-0.01939174009433767	0.014536767406911398
0.015410203064197544	-0.01967000810846969	0.011793750427359334
0.015259333094556272	-0.01663082451073005	0.007556402202772231
0.02240562087746434	-0.008287160151566537	0.0010545023747525126
0.02508826396349044	-0.0024452719753177282	-0.002891728844923537
0.02071282305277992	0.0009418089606705524	-0.01060527316532682
0.01212069289594419	-0.002562513604407333	-0.016000642784028758
0.004001637576029138	-0.007794491956599502	-0.019850608883846717
0.0021601831033073796	-0.008722344590163232	-0.02131866498234728
0.002801838706430462	-0.00998611886019298	-0.019514884882343545
0.007578238114786485	-0.007304329808106819	-0.0168352784197526
0.005985984453014164	-0.008232744647644253	-0.02014279996539067
0.003340604520401869	-0.007107799087393876	-0.020053647360634294
0.0047777543220671225	-0.004308788743396816	-0.02057862266770739
0.008845656869867135	-0.0011237480592390728	-0.02108881125695861
0.021182530672615833	0.007780709938703711	-0.016916183000019784
0.023198585085963154	0.01237283414559098	-0.020113121731846283
0.025744203199549114	0.013651077420692553	-0.017889276677403167
0.01880452404777146	0.004711625448380738	-0.01423547806969204
0.01685899711275467	0.00352663948668161	-0.008768475743870935
0.013295977077950124	0.00024058916576726475	-0.008665227484889243
0.006891689008523288	0.0006032653140890668	-0.017258189818695677
-0.001083016955364795	-0.005393085173155159	-0.01900029231230138
-0.0024109121322394974	-0.006247190390309021	-0.02053037277024793
-0.0037006396765506613	-0.008098024937383713	-0.020088694902797403
-0.003292459545473963	-0.012533947548009863	-0.020491180752325103
-0.006381769592298817	-0.013993722166067223	-0.017683869037141448
-0.0059590764106278345	-0.011339121817941594	-0.02040409067159987
-0.010217991584558501	-0.006981623272851411	-0.02740403959909697
-0.01277393097429743	-0.00751284291546849	-0.025029452243746707
-0.010539165486818217	-0.010307890365344415	-0.020146205718427894
-0.004100008348637031	-0.012269099934584207	-0.011425238318992222
0.0021613281861814753	-0.012347245250047734	-0.011490805082249964
-0.001143472438013268	-0.017333726855022744	-0.010497496033009403
-0.0058598658074788135	-0.016875222795273807	-0.013366788311438976
-0.012788966292838676	-0.021375129676369693	-0.015203626828948628
-0.017143923893678678	-0.014975733292067273	-0.029561330057509917
-0.01747443394219488	-0.015818559878281402	-0.03051334021302239
-0.010447595900407256	-0.014454024915976856	-0.027559218886939085
-0.007913960355215183	-0.018338890070119414	-0.016855161217494658
-0.009161421912048325	-0.022102852367688067	-0.01610588643502982
-0.011627034748339137	-0.023681124077668356	-0.017122104343460415
-0.012638954047611724	-0.019443931481997984	-0.025201285955145668
-0.009287307963183227	-0.01599092649456277	-0.01982746705264083
-0.012961781427384404	-0.010643456439983367	-0.02684361144679523
-0.012863703421063416	-0.011575329085693422	-0.02239023523737028
-0.007434024433990112	-0.007268700006150143	-0.023286484880600124
0.004223121803852411	-0.00620159568478086	-0.020583439753044382
0.01689175807051516	-0.0004640861101723884	-0.015680055112133887
0.02232558673231098	0.007910954913899133	-0.01279079508665441
0.027066463348635786	0.017999734382365323	-0.008050375907186155
0.02895923337432228	0.02046741280015856	-0.007648454339656954
0.0297782760777128	0.02380084975741624	-0.007213938524694936
0.02598599041570438	0.021804442067966275	-0.00796982346455008
0.02920025064415206	0.02838335697531909	-0.007671707635551521
0.029750126917756716	0.026602393340487508	0.0005059677356746561
0.030812116691618364	0.02747007054518614	0.002263027871648546
0.033166531971149237	0.026314608476015765	0.002431962691351354
0.02926926442539823	0.021721120711189288	-0.008714312295900223
0.028196285887018984	0.015581091247477141	-0.00796636713828329
0.019395667698023825	0.001836536914320318	-0.0068611256032884115
0.017262639372886298	-0.006693621233997003	0.004122833402644204
0.017666375784617227	-0.011832406812525455	0.004693930420586575
0.02156659580247518	-0.0060805256683824655	0.004360472643556046
0.02578803417657919	0.001279990319251371	-0.00395498458877673
0.02432888630346395	0.001596382376044013	-0.003039955083829926
0.022460758269628678	0.0034724467344896823	-0.0033450202596781754
0.020939005880122947	0.007498737211498274	-5.564385148017215e-06
0.024041074160560658	0.012120528520327679	-0.0037993993516622845
0.021896782989080005	0.009439137797360372	-0.005802925079442144
0.014267835666953974	-0.00170140625028626	-0.008576950321899613
0.0025977108548281393	-0.0061454009474965375	-0.00830442582007513
-0.004473414726316698	-0.012443341007390743	-0.01006178836372575
-0.0037505475869283105	-0.012871939733955258	-0.007454697269003226
-0.003993928408268731	-0.016056727541945776	-0.005773871101179724
-0.003647731650800824	-0.01618134189017153	-0.005322038558843724
-0.0017357542130451223	-0.01357105325833154	-0.00815712739501108
0.0018168623571621883	-0.010787185864912957	-0.007023976341740918
0.003937010326888335	-0.009726351450965374	-0.0032367586390992503
-0.004419062296321871	-0.0182651063422618	-0.002476805240023819
-0.007276263745363817	-0.020921563070746958	-0.008134045024005799
-0.007455519414021132	-0.01681248786680773	-0.017032020847484605
-0.002493524710595516	-0.007698279112774243	-0.013511367770059516
-0.002097114461611287	-0.005914924048428599	-0.007175048173383144
-0.004470793155095919	-0.014599383879973777	-0.005336592277289014
-0.007012569970919721	-0.019464825120367908	-0.010822660998133492
-0.012869617089099684	-0.02613086737707899	-0.01254659694852511
-0.016656540848972667	-0.02602118437980202	-0.01362973555514703
-0.01934853955668871	-0.027513915606928445	-0.011352270244724029
-0.008373522277580725	-0.023910087342113855	-0.010293471003074064
0.003145622415221567	-0.02035286067563526	0.003525981587274844
0.017850883001496537	-0.013697034585610248	0.008222213821253061
0.020324591304494807	-0.009682225868025054	0.00976661192360954
0.02339292744741361	-0.004644306397773653	0.006378194952853158
0.02252110414858276	-0.002757779695447781	0.00504911202770774
0.016502360375301593	-0.007532334958384726	0.010397485738013204
0.002484225911217863	-0.02112340756109149	0.013576970348521395
-0.008723189777836529	-0.03118975059880572	0.01612562413547074
-0.006669340423544419	-0.03225152948049673	0.021347931307635168
-0.004885495967025892	-0.03166351288615828	0.01797181046489
-0.005651590354655253	-0.026967957304653227	0.010761375563859844
-0.010052826993213108	-0.022986294811954813	-0.0029163681249538744
-0.013086329916079565	-0.02496903594512593	-0.008634918282996016
-0.007444124456566567	-0.025794459612782414	-0.006445701867346644
0.0006852813103363424	-0.024754990179452523	-0.004772854551635495
0.005678371470557849	-0.020536771491474516	-0.008379764809438526
0.004717449117520558	-0.021598467395276634	-0.006862377460092815
0.0004043724834556327	-0.02296394506664682	-0.010796360237597055
0.005044419529537222	-0.02155830106343205	-0.002042960888596687
0.0129834722452953	-0.015311190709427117	-0.0005768101565551895
0.017231318787949323	-0.010978281512970872	0.0008548374858493753
0.01943885168323083	-0.0063795319083776	-0.0042953048169965535
0.020502384231738335	-0.006177175481326283	-0.009197167010102886
0.027118696950767678	-0.005334640837746976	-0.004143089668899178
0.028156269575561225	-0.004360963617784689	-0.0034731923758502536
0.02980835664672441	0.0031619140041952657	0.004767030873748159
0.032270885039931856	0.008141231770399483	0.004647133665048545
0.03509817034659283	0.008841236263745632	0.010993906310666917
0.03682406540772547	0.006239852079543741	0.00705146498875326
0.03437078353871878	0.005465985792183789	0.003727977963034229
0.031835255707086375	0.0043262163106615285	-0.0017538319988607484
0.026928981182368757	0.0027857717223583795	0.0017735575280180549
0.0238551737792026	0.0003869856224398894	0.0008613156435543848
0.02041518334978705	-0.00018671101694969338	0.0009612137524328823
0.018744279208423704	-0.00330315168087034	-0.0012048433581756599
0.016750249425722116	-0.00801891289131819	-0.002037650869468081
0.014482437046267145	-0.013869908860466743	0.002904790424762785
0.013413616478958307	-0.01454104549882958	0.006586432296981778
0.010368572596232747	-0.017071893647149953	0.007610002460648762
0.010564326468548596	-0.015185729336663147	0.00523822400778033
0.010068054699877869	-0.008705210284017042	0.006963559772767439
0.011876908627897515	-0.003218867659269602	0.012630861371552834
0.008331312143781217	-0.0037427756713484597	0.017188131226081777
0.004169511083289479	-0.010992419718505253	0.018690639476969376
-0.005401120821693745	-0.018238373704564274	0.01216750855195991
-0.004574647304316438	-0.01765792168389315	0.010262744490427828
-0.005803355375956101	-0.018951819843059985	0.0019841853600606717
-0.007228743250218076	-0.018421057246678623	-0.002226467520366553
-0.019611759115783327	-0.020379093306279236	-0.010747403669512783
-0.025592854823409276	-0.02000840207614223	-0.016069495771672965
-0.029223405384456176	-0.025646988721432593	-0.012679439693408491
-0.031054005523860548	-0.02325198884421899	-0.01305822259657586
-0.030450187609925555	-0.023849306602359944	-0.014171369704686337
-0.019997316932864134	-0.01989898193398796	-0.017045028921936264
0.009052327454853761	-0.018536336179121118	0.006278373339079422
0.01886299877863428	-0.016654817923530976	0.007840325384779566
0.019306934072576165	-0.014420935053445695	0.0022758228089043604
0.007124480463988711	-0.017906225585915026	0.004152023931936956
-0.009365534082740202	-0.019620149406473154	0.0045642122876968574
-0.02226751209569276	-0.01872607922040717	0.008509897993297624
-0.02306825227157817	-0.021948071926822275	0.015151898657285223
-0.01938531070094881	-0.01995353772670267	0.020118561944591145
-0.018178032495683526	-0.019296584601745534	0.02050868228986647
-0.023673009938265255	-0.015602525821131247	0.02041456641059381
-0.03461851952373477	-0.01121526771818036	0.02720712371619239
-0.040807177229766387	-0.0017047420621856776	0.041050622240963196
-0.04313760225729559	0.00832004166332027	0.04564661952455043
-0.038504682174848086	0.009001449192236097	0.042182740381726515
-0.03931161709335034	0.00768225108700301	0.03797723743837262
-0.03841283435343637	0.0054064133182961036	0.03888873048292639
-0.03565423635331838	0.004396653801967248	0.03680860606241258
-0.03290385997484586	0.007804580330660345	0.0498314613564924
-0.036576968315727425	0.006836016505751268	0.05885361843991904
-0.03532273507983457	0.005390402401161551	0.058507158049453875
-0.03197892398688519	0.005990065722391183	0.0429521244750322
-0.030440252735447544	0.00844425190817495	0.03728170634539796
-0.03345856497271568	0.010040987264700374	0.04514817353585602
-0.035481136924988346	0.005689178988091204	0.05270378209168974
-0.031468507419667564	0.0013822638671533135	0.052781471909781545
-0.030615215300957323	-0.001242327346007785	0.046683861557112946
-0.030503937711343583	-0.0008746480037922244	0.04617723963913832
-0.028970756331718566	0.0027440146719687926	0.034225714972008214
-0.02540526635096348	0.0021928360767716195	0.02415560168286222
-0.022210240189524246	0.0005601701113884866	0.017417838824654905
-0.01946528888904562	-0.0015035686898759947	0.018532319624958542
-0.017194014452727818	-0.003396457146288011	0.0175281198810831
-0.013331864604373224	-0.013548194354884252	0.018096736728189986
-0.006468447513368973	-0.01746113025769547	0.008965095928090442
0.0015233428071327066	-0.022708076266914207	0.008170390802872744
0.006912855579841341	-0.01912728928013678	0.005812768526669835
0.011649161295918902	-0.01741984512736384	0.008647552028802467
0.013325365481430963	-0.013993727175337822	0.00934819636843981
0.016491603664520557	-0.012393637078627753	0.006108564304053179
0.01030700822657947	-0.01912570896481761	0.009756561433504712
0.00016851290833714476	-0.02387731277607804	0.0037369530723500907
-0.007363131648553274	-0.025404292904913885	0.01064136453920204
-0.01491981882730794	-0.02712155995327946	0.005627876437788625
-0.020124275815087873	-0.026797344887696296	0.005947126295294872
-0.023436391472124816	-0.02598218361592617	-0.0028970046544821645
-0.018812155445340713	-0.020962338886561082	-0.0024946321523407894
-0.015454706619798291	-0.02070335089883313	-0.0033134648260004125
-0.01320510067549242	-0.02641779018690117	0.0051505783086571826
-0.011898541929903979	-0.02989651659800794	0.005584988673898686
-0.004907568641290452	-0.02822108914289974	0.008329813184084798
-0.004972708705186747	-0.02547398510104747	-0.0007471013013631619
0.0018796338923207363	-0.020715150849372168	0.006944402632427595
-0.002808744701140119	-0.020886475843449867	0.009674768079723645
-0.0035242735277851533	-0.01268454665834311	0.010079883300604227
-0.008541395973452295	-0.014121013154506543	0.010443228703004266
-0.011080342074783502	-0.015118512523281237	0.0058031295029273774
-0.013537756593796926	-0.020492673847533487	0.0015535636437270933
-0.014241612828121978	-0.023446010351892657	-0.004954406376834402
-0.011045429990252641	-0.0255196665830806	-0.005125654923072752
-0.007221931937246143	-0.028888684005517962	-0.00031363472339814534
-0.006964821356641745	-0.02670663258042787	-0.0005044907822386001
-0.01727945969779405	-0.02810022877306066	0.004620893047655804
-0.02785102399638762	-0.020033018179226238	0.0012466594411127858
-0.03182836840829813	-0.01572140246276416	-0.0027313435084932655
-0.025706306173783687	-0.014943418168748779	-0.005633112843944958
-0.02323078700695637	-0.021035227535533232	0.004169895281450092
-0.019855958051262803	-0.020311753882366126	0.006461708896290847
-0.016925123068261303	-0.01637068615317229	0.004016631059333142
-0.0112134701940802	-0.013930263778007492	0.00463895218071394
-0.004636139299278209	-0.015919760451953927	0.012468782757679226
-0.007766580441466388	-0.019372649847872795	0.024619702736397117
-0.022193934138476205	-0.010403706158502082	0.03544616548096344
-0.041110465112113456	0.008419663169557062	0.04245047551594503
-0.04722952686917623	0.028231135471868764	0.05952588991668085
-0.0490132337189051	0.03786971288099865	0.07715948224136072
-0.050423729526556604	0.04013737892971197	0.08026043162306434
-0.04990345062783967	0.037493192524687996	0.07601700754850883
-0.05037747513147201	0.03779941987320049	0.07168698730489104
-0.05413849231236635	0.03784339147147927	0.06529501804167642
-0.05882243569710256	0.041726017154691326	0.0709176822177244
-0.06387060425354854	0.043296923307507944	0.08290155202139496
-0.0641403099674705	0.045293268644270475	0.09346653708517536
-0.06455960565815329	0.048158278579301175	0.10113432160601968
-0.0623027744306701	0.046739706969018864	0.0996609777162913
-0.060441058826726846	0.044538157183412544	0.08882650985702448
-0.05643462890725152	0.04363350836671979	0.08368108395505111
-0.05520984658326444	0.04806634013807288	0.07980684064460529
-0.057253071584357475	0.050112079157034965	0.08551712740474979
-0.06072962687466709	0.05222112190279693	0.0867745047650185
-0.06104521466971846	0.05118830096036917	0.07845767614034625
-0.05530145433687015	0.048037441703728916	0.07472407341544524
-0.048563088674038815	0.042350249578553184	0.07176343593491918
-0.043782800404750966	0.03018705901472335	0.06874028046355835
-0.033508578634835195	0.008716483899940196	0.05030609584652283
-0.023857523011469563	-0.013180573492707763	0.021184500046246266
-0.009526082003388574	-0.01741882548179664	0.01606162197310291
0.0057558702586806365	-0.018360839484675127	0.02096911349726474
0.016558704172075445	-0.018301330522693362	0.021389123529442458
0.013348023186720352	-0.017638302536654053	0.01731053945424655
0.0037384587593798906	-0.015000345509934537	0.015558340474445815
0.0011275970980710362	-0.01767787093325953	0.011227024640297662
-0.0015440816806462287	-0.012204640135904285	-0.0017544577324143601
-0.0007839582731159519	-0.020052425697961656	0.0017425295633143076
0.002222053351525305	-0.014106866204323599	-0.0006589847250013764
0.006486679768350693	-0.024068288954826784	0.010490055498756744
0.010702073066311208	-0.01851883629557734	0.002926930728057309
0.00649172445919147	-0.021129819474498178	-0.0008620078343030638
0.005819148570813165	-0.01954402213779808	-0.0026858287562754194
0.00027796562455889963	-0.0271899231082349	0.008517145557374381
-0.0003075712202165647	-0.026976012325771584	0.013602927633416102
-0.0007260931240277105	-0.02733224085332982	0.011648485362897807
0.007082882284473264	-0.020633297871125243	0.0034948021414522214
0.014227650173784731	-0.013652112702516844	-0.005177619337555181
0.02199325480350125	-0.00988097984854185	-0.003377953019483501
0.02544905400892132	-0.008301802813227397	-0.005057124201108345
0.022571945488795604	-0.010295380620893062	0.004073043980583984
0.022743198928999203	-0.010398067669146024	0.004862777686551585
0.026537831969317454	-0.009737717802059464	0.004324698350527546
0.03539367519847768	-0.005891313860027747	0.0013756365453510347
0.03690046197215626	-0.0015465075204796983	0.0016631321024431975
0.034595713514234766	-0.0013010900544156772	-0.0009446351963075736
0.030400941945407503	-0.0038843047064235584	-0.003043856375672827
0.01918163757847148	-0.013059657781236949	-0.002655776719229983
0.012670747184471292	-0.016552524368846064	-0.003093145146617203
0.004040036200028371	-0.023001150017056726	-0.003438012023374872
0.005014829409190769	-0.024754985608392347	-0.0014097059993286964
-0.0005450805404516184	-0.03222710828715967	0.0054966534572483275
-0.0038122633918046536	-0.032765096833652856	0.007233703272977864
-0.006537508013635102	-0.03705999832883608	0.01028381002128135
-0.009811308941797298	-0.03276754276927796	-0.002653342505638482
-0.013243474435961175	-0.03395568850659311	0.0021954500508614555
-0.016849822810968976	-0.029058257199559737	0.003245057042204288
-0.02106205199481007	-0.03181630832865208	0.016816283312447746
-0.016238604766062145	-0.027059580371136017	0.011920255722669148
-0.012877589445333643	-0.027741078138458747	0.015183380300674107
-0.00413155974785582	-0.02659349301482111	0.012214472433438248
-0.0024106235722168292	-0.02401749380676238	0.004710718354665146
-0.0016826029611062038	-0.025818460335797377	-0.002296281691685056
-0.0065549758873462375	-0.02312621689165976	-0.00359744175125573
-0.012003771710224362	-0.02690830777611991	-0.007340767930647203
-0.01619669816249663	-0.0289387239278807	0.0002657290525604934
-0.020502820403585708	-0.02766292470053554	-0.006668360476062996
-0.020878472474710738	-0.022002761236000975	-0.0005209349892103983
-0.021914105471475348	-0.01288637262169445	-0.0069499068672166445
-0.024246539480310053	-0.015407546575414656	-0.002870745563684815
-0.027836636205498644	-0.016779383937804947	-0.009119392770389933
-0.026877144111693667	-0.010842647950168021	-0.017198324226298762
-0.021753058310180602	-0.009147237789753	-0.022077701379561315
-0.015476065810486158	-0.014608517650570552	-0.01719388571807979
-0.010382347662170038	-0.021106291694825686	-0.012529012621281197
-0.0019755705624652778	-0.023651524421580136	-0.007537243167245652
0.005643742362856693	-0.01737644469202188	-0.011841048650679368
0.004945946651565306	-0.020349318748689796	-0.010147662034717963
0.0014302419335835183	-0.01714710678801347	-0.013010579239674051
0.001962753521245433	-0.017536510886275714	-0.012982422180834681
0.0057497142540066035	-0.014769724767706244	-0.010492263092304487
0.016024149908878633	-0.007184244910202486	-0.004775835533869809
0.012611852597701317	-0.002820075360707331	0.0007062905958986569
0.023398342944167375	-0.00022626992479183065	0.001944320718824416
0.023672287079376013	-0.006845061333188223	-0.0015891326555399939
0.02556869294051651	-0.0030443709672789898	0.0012789743299727215
0.019373477894603548	-0.0044681788445214326	0.00859021146301909
0.01653463385598133	0.0001347196233282776	0.016176172951072192
0.023766771315302714	-0.006277518286226649	0.022996106717372573
0.025841552464956268	-0.006255338236738284	0.020804613287284036
0.028152403530644448	-0.01248014675915363	0.014473112649482596
0.02666763241624912	-0.013547376425036211	0.008431908472898049
0.0228594754319015	-0.009107350252361862	0.0013212638976122654
0.02016357204950494	-0.010816334436923147	0.0066531051257467735
0.015889585556335156	-0.01788929011110276	0.004266572786040345
0.014067716361309613	-0.021162103916491527	0.008044350947397116
0.0011126242702039083	-0.020647072581361458	0.005975414857587069
-0.011702255986486693	-0.015767361805671183	0.016557127420440687
-0.030451609526344476	-0.009199793045780603	0.025470851484401646
-0.04390037254377072	0.010954382366732695	0.03741213050672919
-0.05785153102433797	0.03427575537729211	0.05289635615551047
-0.05843125250684466	0.04635838650731943	0.056989066534079334
-0.0614208436428784	0.0513009458900917	0.088982634864463
-0.053258222345140195	0.04765528273132421	0.08637681406740161
-0.05804405203976912	0.04810212419583303	0.11459182246047869
-0.05517206029251682	0.04767663448659082	0.09211845943952483
-0.059161693820428324	0.050938899215997355	0.08703174477254984
-0.05944734633721844	0.05154988352133598	0.08286766589605712
-0.05696412017080612	0.04099986383981534	0.07598516318840838
-0.04731913380412136	0.03412520206315505	0.06865784960263152
-0.03525299898753202	0.033406093615975775	0.03874679034648114
-0.030917533802203488	0.03295171454983419	0.04392121306065811
-0.040254639858659985	0.03883478223255396	0.03733519205295966
-0.05218740906720505	0.05068721388235259	0.06294186632249585
-0.0638474333161581	0.06291871276361785	0.07190647452249391
-0.05595132923783247	0.05840198211213725	0.07071126602967123
-0.044477154661268586	0.04137608875311591	0.04722900499833804
nan	nan	nan
nan	nan	nan
nan	nan	nan
nan	nan	nan
nan	nan	nan
nan	nan	nan
nan	nan	nan
nan	nan	nan
nan	nan	nan
nan	nan	nan
nan	nan	nan
nan	nan	nan
nan	nan	nan
nan	nan	nan
nan	nan	nan
nan	nan	nan
nan	nan	nan
nan	nan	nan
nan	nan	nan
nan	nan	nan
nan	nan	nan
nan	nan	nan
nan	nan	nan
nan	nan	nan
nan	nan	nan
nan	nan	nan
nan	nan	nan
nan	nan	nan
nan	nan	nan
-0.03674069659362967	0.029584805538914204	0.040451196103800074
-0.036939344916584314	0.02517622630672105	0.03768796013279104
-0.044531839574539295	0.035980613394776005	0.04008919227280885
-0.06193553174103408	0.05618199764421303	0.06086083648449508
-0.07454879372352517	0.0693782521576003	0.08763065528893013
-0.06724121074293027	0.06497480819934118	0.08298127587535986
-0.042231543210986676	0.04039398988928949	0.033275288953541156
-0.03411673044841431	0.01951258422466596	0.039385244019877017
-0.030452288311164318	0.0013104671437141535	0.03482176474174298
-0.032006566074121244	-0.012233988675198395	0.03435785488557148
-0.03189768737350714	-0.021430063085998104	0.017553245951357967
-0.03155459405440681	-0.028733593072388274	0.025325251445694648
-0.027693360180041975	-0.02864308455457367	0.02387951583657332
-0.020045616955310715	-0.033852069913620025	0.030666850697933918
-0.017393531591959582	-0.02981286193382641	0.0269280833688502
-0.018986775730608946	-0.02621884348706595	0.016868742628902447
-0.02161699806635642	-0.02127358005895964	0.01228647571607604
-0.02256343388328882	-0.020489487875864673	0.007069819276863051
-0.013956912228166068	-0.025131899557540666	0.015018318797157093
-0.001821406052327112	-0.026498301359691175	0.013531926198773674
0.0036563519434898413	-0.028182891189318347	0.0169402103705947
0.004881397539019222	-0.03172902256432043	0.01957430701588374
-0.004607374158153069	-0.03289808443374615	0.020068520789903628
-0.004691637308366385	-0.03391756515850688	0.018064423710493382
-0.008384869371411686	-0.0365555643427392	0.01727729138154926
-0.006525234968192451	-0.04133776443700237	0.020960603026940732
-0.005331214397447974	-0.04482992354197266	0.025099761301757856
-0.00017824942185481563	-0.0381239097841785	0.028264633232992633
-0.0029610927396820537	-0.03722970812017987	0.024818335103464144
-0.005876766937397309	-0.03757132392192245	0.019471823621905096
-0.01437454439698678	-0.04635381122091058	0.01844911533809103
-0.017610224539854853	-0.03931043705724159	0.01407746397010938
-0.019843448019014658	-0.044636730311620014	0.023749944074100846
-0.016557771135737302	-0.03775513593227316	0.013597830136033672
-0.013813044130418594	-0.043736524315196985	0.025151748297693424
-0.016339531257214147	-0.04006032779359745	0.010806025488490738
-0.01992197289355546	-0.04144199180087789	0.010200256767390815
-0.023226085579782382	-0.04470781133597615	0.0023099576181396207
-0.025585880189696493	-0.04400763420978017	0.0028611391163176347
-0.0306610260694022	-0.03959758943323976	0.0011270191286386552
-0.028870846047392214	-0.03380231768245609	-0.002755635307235868
-0.026568743065245766	-0.03228663976696407	0.0025516575352409754
-0.0240594261062391	-0.03118441898112136	0.003932080327214819
-0.027780968945683958	-0.026958800858814667	-0.003425040447142067
-0.030669038021707083	-0.029173347895965627	-0.010716930558428414
-0.024523016378687385	-0.025177599669439023	-0.015231627968049433
-0.0076009054384433734	-0.0296690291187961	0.0001102526777416405
0.008783962022222373	-0.02947988889636311	0.003146549539572473
0.01667758140706098	-0.027786026817726107	0.002204761009007565
0.015759163521479273	-0.027869105940645823	-0.0003576980944834992
0.01526346006773607	-0.02099266666895987	-0.004845498967683845
0.00759451563247492	-0.03636456369882013	0.004510685518808909
0.00401105772123985	-0.03309871339924251	0.0013507314299729667
-0.0010531841910181436	-0.03749380337271835	0.00847259212413707
0.0006009281369142127	-0.027705353118896804	0.004729867542798071
-0.001886548869889162	-0.03589272536889411	0.014462470776194763
-0.0055123014973239085	-0.04594477191648244	0.012308643618108107
-0.005809391029837996	-0.05190546167843424	0.019662456497235418
-0.0036078610905532554	-0.03729534074109736	0.015055752354703246
-0.0024937148902735157	-0.03681087600737898	0.02586863444521438
-0.0065574959611550115	-0.034725709446760906	0.02154556967771662
-0.008048524577958467	-0.04513137287993781	0.027052686616502897
-0.0034630143341046306	-0.04082480164242315	0.016024779426095155
0.005742876944460186	-0.03564232408076717	0.014847721856848742
0.005132159662394735	-0.038789434278080355	0.015576546305243109
-0.0017990785054905604	-0.0492562947471208	0.02634171508536514
-0.01100381300950739	-0.05632326726666721	0.024906281000828586
-0.016245521548033534	-0.05076309724570314	0.01458034903569749
-0.020531128386034287	-0.04340090027137046	0.008674564567822254
-0.02291995738235988	-0.04639446378611346	0.012744580602203022
-0.020224314132469293	-0.04691434789560272	0.01192240831754321
-0.022929397772884864	-0.045694825213653624	0.012484412225726278
-0.023425713672879468	-0.03975429941466458	0.009093381927527566
-0.023104192743512452	-0.038639568279438014	0.0102760974796357
-0.016527409579872053	-0.036125330465922645	0.014051346844320634
-0.014488774386753124	-0.04171046430577838	0.01869836745405277
-0.005957184403612812	-0.0390283763491952	0.018778160183163157
0.011538128691216268	-0.03578478638591285	0.018697188266778388
0.020929181143194024	-0.03295683686313348	0.014810903638675668
0.019100278261186085	-0.03667243116713455	0.013562573126094091
0.011753093062290998	-0.04714187082478447	0.011153544216455327
0.009747285523524206	-0.041756813339126675	0.009164118670206906
0.014012350592506762	-0.030941475225001562	0.007496003798943723
0.01658920450755309	-0.024084537351523706	0.0066702893874287985
0.020362650885059074	-0.01925328502389494	0.006529994909716414
0.018835162559899143	-0.02328711737011888	0.01049502845605375
0.019009542456298986	-0.022362879453240846	0.014042171321831108
0.01967970839330459	-0.027367032308020626	0.013737185256596833
0.02078794782978042	-0.01818937233231564	0.009550848243939095
0.02754124604005003	-0.006184485955158801	0.00574498699188267
0.03179511445267681	0.00024936758661568866	0.0025067073075878965
0.0332560943694308	-0.007873111738223719	0.0051416388483101
0.02204616687122107	-0.028594219357050865	0.014977252661672668
0.010231492575478607	-0.036852598331486575	0.01017392421354666
0.00541344632688236	-0.033333367289980535	0.003585285119498879
0.010140939543458878	-0.02517076390584403	0.0030883739223518747
0.013136155365202847	-0.025514510345198867	0.008550304451206667
0.01612738350109091	-0.033924496958427884	0.010662488592996592
0.015210780595940186	-0.03689805089464523	0.006847960581576994
0.010227326006058676	-0.036504673874523164	-0.0008045439528425432
0.007893435784922876	-0.031121121520492505	-0.006040398683437091
0.013108741160769998	-0.022828635166099863	-0.008945751842636478
0.02662440810981576	-0.011971810639936634	-0.0074020909639716075
0.0353345986823692	0.0017507511209246677	-0.014785536781126367
0.03584229729226867	0.0059917187841022086	-0.01694637294039132
0.03655218753077163	0.006730145795287347	-0.0253752019585858
0.03798470533816802	0.005538878111466321	-0.023534270879154794
0.03372106812209843	-0.001572937547259642	-0.022596607909492666
0.029418038878754667	-0.016460023299566622	-0.023176370868797414
0.021914683283663933	-0.025071711071574288	-0.026654448825236182
0.023447310174565944	-0.02071100485894181	-0.037150225899813344
0.030247834609083524	-0.007167003545070735	-0.03206142979362113
0.04236638687238586	0.008109732719305408	-0.025473866365604177
0.04837033156504847	0.014958042330362412	-0.019369653175850703
0.04867629632342984	0.017925645019476986	-0.01523426578473918
0.04441221601102954	0.022360889681818853	-0.015108739278632086
0.04483788818538934	0.02846527354345267	-0.014329585908243715
0.04737962734014196	0.03203970958033038	-0.017429801036100562
0.05344127481549211	0.03114399823461405	-0.0181911684589406
0.054917081021045554	0.03060169430886	-0.019913023687634264
0.05020918515980475	0.02337136426157928	-0.017336510101091607
0.04980747743449082	0.019387027407902553	-0.01615467431143315
0.047310152779630826	0.01795530850428617	-0.014731422772633423
0.048999949380903365	0.01828573251182963	-0.019893160834888513
0.04832069466050445	0.02175253802629533	-0.017468545990708288
0.043320791754572534	0.02081963975185224	-0.014912903867279524
0.04390071722053206	0.020963560730825972	-0.010168136687679893
0.04288532491424584	0.0196979846811087	-0.009287989571565729
0.042168144970926205	0.02231427036466503	-0.009993045810412514
0.04063198754905552	0.02395129785754361	-0.013536748655845296
0.03984208232055999	0.021745246013365697	-0.012568584473885473
0.04198331081926694	0.020576528084391248	-0.010319802999897383
0.04393751061227781	0.019708463381368398	-0.008351499387211442
0.03975108738545249	0.018048578172427818	-0.0056441412022815995
0.04107337274189067	0.016427371571123547	-0.010764849167418343
0.0426134233287271	0.014897724403505447	-0.008892489579490202
0.04507192804918451	0.016004008778016592	-0.013436333336553634
0.0418053925825119	0.018263774268563383	-0.012992897484408211
0.0428418051281218	0.016927513824798873	-0.019327957740787015
0.04090404766459818	0.01139505185521492	-0.018503806728529117
0.0348978113251878	0.0019946313345829197	-0.018579553505660422
0.03140314983989617	-0.0024737027472336347	-0.02311531342372367
0.03259486628929713	-0.0053906080786685	-0.024475949320783327
0.03556035277788614	0.00045884027038630044	-0.02437486091294168
0.03661622156136039	0.0074783740235712295	-0.015030433003050396
0.03589039820615586	0.013982961809111533	-0.010358830410052783
0.03082853694644212	0.012569975716237386	-0.009326623263005686
0.034176340932362714	0.013471081756017671	-0.011595619884517572
0.03778499138385207	0.013521812378365083	-0.015436744419184106
0.04890207507155376	0.014952143439301173	-0.02364848140589834
0.04006836589119815	0.008364107824294179	-0.025447008891489785
0.03244529832082948	0.004265511747923541	-0.03154561351375392
0.029797857332741623	0.0013498736098203619	-0.030861921398301604
0.033350295060955576	0.003945351547414434	-0.030654587701204522
0.039842163840049405	0.011764101923244952	-0.02133121723068853
0.042571201898115425	0.018215700116279408	-0.013205497165325111
0.03854700000248801	0.021036678258762882	-0.012790983949604776
0.0331327948423751	0.01834969346020103	-0.017259266308927525
0.03295266068649719	0.021352924005450486	-0.01882283199545022
0.035896317003718974	0.026344183803561398	-0.01780792996287474
0.04735486526595534	0.029899876302465232	-0.017949482553301893
0.04521072466896994	0.026513855607837297	-0.019408704230198935
0.04902143057668719	0.0231596552937863	-0.01569794934171933
0.04486240010882434	0.017915612264997844	-0.014732747321185624
0.045026472856009477	0.014453469843673605	-0.016403316589460107
0.04147901363836403	0.011428481961640442	-0.01986167818310805
0.037133114892250324	0.009894288639487922	-0.0244128200262331
0.04125011865342182	0.012741858219320307	-0.024336296462365146
0.043957352071618674	0.014694205645277033	-0.020719736716833602
0.04912868817454291	0.015100136378005218	-0.018363191443908897
0.03643930898820345	0.00034944022141435594	-0.022915153739297346
0.020181974442762762	-0.015501600569470263	-0.03659135060134544
0.001909191965469857	-0.023812865389102336	-0.043548928950462515
-0.010235273975719265	-0.024453775180755245	-0.05036883947148395
-0.015313295905693972	-0.02573542569773049	-0.05280016952349728
-0.016785002035593147	-0.03238462904907145	-0.045858836371059496
-0.019239688070654907	-0.038029171987289105	-0.04019442843488592
-0.02785279801346014	-0.040261912064311706	-0.03679724894749882
-0.033853498438008334	-0.03632861636585631	-0.04647294624310384
-0.040884748095764575	-0.03530722370241769	-0.04941062737595692
-0.04183550840065082	-0.03318128736592423	-0.057602310674472676
-0.027518727489375904	-0.026793162877252703	-0.05209162372098247
0.011000694084336664	-0.010129736378319116	-0.02578515422784819
0.034397141789282826	0.003447406473811512	-0.017144091960649498
0.04324416951914125	0.01059451742754662	-0.017787856482608687
0.04378847420430763	0.014458429610136738	-0.013400657595733577
0.0427999791300366	0.021977720277021582	-0.008273195555626382
0.04040839469257846	0.022816454231853443	-0.007752600776242909
0.040276305379186327	0.022964356170558205	-0.011708315096729385
0.04184086905549273	0.019736320984583902	-0.01844303020279297
0.04123482254898864	0.022004794021870527	-0.017462377996528493
0.04473430895808349	0.022815188063963775	-0.01618917978975759
0.04519758785068414	0.02103283697143646	-0.01833520143963277
0.04844889038953464	0.016136747470727082	-0.02052968198789
0.045411263882562225	0.011962302898076795	-0.018349916904931478
0.047339456504546414	0.016138465742924296	-0.014798774753560992
0.04168350497748044	0.0202495860844508	-0.013035213763554772
0.04027458731914645	0.02497251275162839	-0.018428573105302062
0.0412976233184097	0.02455298306453651	-0.022614475303555828
0.043304908847363655	0.023900716821510452	-0.0207275543989524
0.047280791788692024	0.020952638540834623	-0.015057127037697592
0.045200431157535276	0.019054353589742813	-0.014019651577369716
0.051486048506880044	0.015843042793885938	-0.015553684485618023
0.05149413599854173	0.011383113683885854	-0.020363902145538716
0.040946063938845895	-0.004333793828443289	-0.019327884826180607
0.013902812848278222	-0.02292500967212836	-0.02714691231403117
-0.014281481062872099	-0.03723959206462774	-0.03782469663624332
-0.023974417751503357	-0.042004944347471866	-0.036835516828406814
-0.013412448823105647	-0.0462703731123642	-0.016771077918763186
-0.0034846039157206228	-0.04644127895067346	-0.006142051533866264
-0.00259454571821356	-0.046872413981613015	-0.003099663104930714
-0.010169386598654621	-0.05330323186590286	-0.013415242318602125
-0.017187899298877308	-0.057143912887065856	-0.01255002901418432
-0.014003960079519462	-0.05418558066817522	-0.01861023485512691
-0.00789677661903066	-0.05365552326304623	-0.013545170826674762
0.00267424076543344	-0.048945396226746055	-0.008153384470987627
0.0034200177731481722	-0.04998229765045505	0.0018539656686317246
-0.0010701572347874104	-0.0501942545318945	0.007900437604239918
-0.0057972400156109105	-0.056222168037951825	0.01725559242652276
-0.00922208049885071	-0.05667719686499302	0.021782388118876783
-0.011140833072236591	-0.04766163646673631	0.024836522241351796
-0.011451166115667735	-0.0467048315238582	0.022116610119041924
-0.010068894297791701	-0.04995353028047676	0.020150265404018
-0.0064560670078303815	-0.05666194632807989	0.01703209993328068
-0.010924283680011956	-0.05311941584410506	0.017688525829046804
-0.009962936202405563	-0.051211604155623064	0.020973894636676666
-0.008884880375649057	-0.05647518721482218	0.028099279253888585
-0.005675639162282156	-0.05915178263263679	0.029118005126324828
-0.006717499923806771	-0.061501131999965236	0.03219805252612136
-0.011010332592531837	-0.055635336833698125	0.028793104701471874
-0.011874382620601597	-0.06094773656459269	0.03242609398098191
-0.018589349083215263	-0.06107845079491491	0.02835370468780368
-0.019637933035456273	-0.06131066717678417	0.026453183331198442
-0.019946026334286243	-0.05572238757274994	0.014422722921051206
-0.015092451364988171	-0.05948955976678771	0.017306625239592904
-0.011921981372850481	-0.05485521902554623	0.02085279879311663
-0.014758717394992439	-0.05257115904451762	0.024521043669031628
-0.017407111675052593	-0.0476691444671555	0.027907607463162086
-0.02227351712292127	-0.04954345185939921	0.02623966303374012
-0.024797725198707814	-0.04826829714588846	0.023722478051390217
-0.02747144175348752	-0.04700634497694534	0.016187123484228468
-0.02944306816300884	-0.04936891393079335	0.01776021946124498
-0.028426809373956714	-0.051703256638325215	0.011668374996093397
-0.030158566260381867	-0.05261918086699416	0.009829947318013912
-0.029811159835439558	-0.05051837426103164	0.010131622129050867
-0.029895776782130963	-0.0548552461779792	0.01693818401708032
-0.024337323326445656	-0.059930586460544256	0.016671098375116968
-0.012970041685699114	-0.06013002591210799	0.01689873747388071
0.005890285971786603	-0.0552090004379437	0.015454695850777106
0.021970611427396067	-0.044882447170940434	0.013303110718347746
0.027140912121613858	-0.04059600731590052	0.007609420404935617
0.033142225991854346	-0.028425238433838082	0.00019189177394338813
0.038397599948458684	-0.017705864868046282	-0.003462271007855601
0.038212186020148774	-0.0181533999313701	-0.0017063986038878126
0.02942373851823724	-0.032836608505137053	0.0023078195988547566
0.016594533621352235	-0.05146288416004402	0.005310712960428454
0.006597230898119613	-0.05254294573986968	-0.00020075944818692356
2.0464620477407273e-05	-0.053720655796106465	0.006712231950062151
-0.004285648787405613	-0.05010266505864834	0.0036177065046149853
-0.007784622668268237	-0.05391484048899471	0.0038185186297682583
-0.00900181487825575	-0.05133721357591083	0.0022461287392528985
-0.005353519819040781	-0.04504199917325196	0.008280666896437975
0.0016281634657244201	-0.03810110519689365	0.007870525258299645
0.01520941994315926	-0.02832872785971199	0.0007250940531675458
0.03108598082594761	-0.02054832690582504	-0.006101568404552116
0.036839438631915924	-0.017072174103607896	-0.007219721169397564
0.03893801829316877	-0.01896961631930517	-0.0072463265249716885
0.0330815064263994	-0.02033502310153869	-0.008818947358516953
0.03639285242315368	-0.02061277314413898	-0.0049426613032554495
0.03707162823343183	-0.013940823214175137	-0.008416348829571797
0.04601592806353381	-0.007612794784456051	-0.012195788895926096
0.05377486953370826	0.004653938929357644	-0.022264030396262034
0.0582711537055058	0.001081053894239457	-0.01279067728972505
0.05037566812731237	-0.007255973418545428	-0.012799931901269483
0.031575750382005316	-0.02554004430502489	-0.013804249919180216
0.018445189369719412	-0.036124201410300455	-0.02240511973113502
0.01982860646483212	-0.04035199212906107	-0.01932896636419007
0.02770188584150112	-0.040251598952450444	-0.003906722511838701
0.03648752836392528	-0.03336450365096588	0.009131876719978692
0.03729565908226906	-0.024998877942657954	0.010206218526813013
0.04074083191246632	-0.013502956365983348	0.005076256924322911
0.040535835872057537	-0.0040306858933412855	-0.002917673018671449
0.04278653833234925	-0.00011920345565271089	-0.0025127220947927936
0.04408201082211585	-0.00023502343254599729	-0.005283307046154213
0.039439150503337565	-0.02114011207454634	-0.009421914829707383
0.030185487559617065	-0.042526563266296426	-0.014157047456939475
0.02097506276709454	-0.05456417043189044	-0.01684999083243019
0.012610437397697485	-0.05084766917062819	-0.021686876579896434
0.00096353339281255	-0.05572816863712795	-0.028494230066832566
-0.016948076046483337	-0.05637387598507202	-0.03913488690707345
-0.0312072384258284	-0.054073038203121315	-0.048921901974214976
-0.04465066864207465	-0.04562219862559984	-0.0515529661093468
-0.04750407791628131	-0.03889606200545534	-0.04404054125129458
-0.052728155947708036	-0.03639874639826771	-0.04259597139728648
-0.051884729479288794	-0.038025225048782814	-0.045042531379764425
-0.0519552011493524	-0.03855482064841403	-0.05013636765219952
-0.04839133866366618	-0.034803064403279974	-0.05064783628936868
-0.036021120664989636	-0.03385012702445302	-0.046527481291080315
-0.02307626131981389	-0.038504609647372054	-0.038126512171522534
-0.020087658437331055	-0.04096679472526908	-0.03795466566235504
-0.02162516690874628	-0.03655395108323185	-0.035601440325568806
-0.01619080096093868	-0.030090272751289112	-0.04065429440975693
-0.013105136309499277	-0.030432196413858713	-0.03735777167273374
-0.013565299020782066	-0.030723684444047734	-0.03588403173565863
-0.020762488915582925	-0.03653555663319601	-0.03521583271552382
-0.017671694601770267	-0.03707707035139969	-0.029457996318586928
-0.014988061245790269	-0.03568364095972743	-0.028377925538380526
-0.009019502923328827	-0.033387366461702594	-0.024443477768383716
0.0017732944846556653	-0.027156165518921967	-0.029166331636643013
0.009369036696200744	-0.029395343748982075	-0.031073134865996235
0.02003972037676465	-0.027125065865159052	-0.030614426839419333
0.025065411737560446	-0.026326280666117648	-0.020882660001231436
0.033201544944500956	-0.014865084618124962	-0.018189626201289538
0.04181697047447499	-0.002136690343360172	-0.01650269930186691
0.041551738784772335	0.0018934192788953928	-0.028202475201372174
0.039915237817766056	-4.8990728108919135e-05	-0.025143644962348916
0.03206941131309517	-0.01118635556288661	-0.01596407950793494
0.03656932451871145	-0.013774228301992285	-0.011932775391945163
0.03926839413923561	-0.012708731016763307	-0.01145621403492976
0.0438808352027767	-0.0034740346973214844	-0.01735879040970728
0.04244507913278439	0.0015142675538648	-0.011445815089562356
0.042308948411396714	0.002174523222827897	-0.0076657675661598035
0.038499024510231024	-0.005412355464815352	-0.0039237787891397286
0.03294999960368778	-0.012342126923072915	-0.003204271029614344
0.03184454839852885	-0.020829893509703542	-0.00480103059663697
0.026832490900499713	-0.022244569409636726	-0.0032268729649387665
0.028292927560233022	-0.022575750451447902	-0.0002701489832171444
0.0285798451283738	-0.02025632178084132	0.0014521907206963315
0.03102562226037679	-0.01614332650753456	-0.0021373657938198592
0.035109591374488026	-0.014922146928553221	-0.00564717337841588
0.03297567808176572	-0.017392268354552255	-0.007878613240095249
0.02730003021870695	-0.028033188614220425	-0.0084667574314421
0.015882028826697713	-0.03903186172784848	-0.013337548587136427
0.008810139069441773	-0.046451184730387195	-0.007106178957481438
0.0023837749412199136	-0.047469705281201556	-0.015501980512605717
0.0004347613995468098	-0.04752580804690643	-0.01162921930125006
-0.0046847381890951015	-0.04308267404112995	-0.018768137350443477
-0.0031507071718638036	-0.04542875261315301	-0.011119440210604016
-0.0013034405527978764	-0.04241173882725623	-0.007086806381467252
0.00834061776459409	-0.03999943733208018	-0.00362048280575258
0.015622767875157706	-0.03537981383066423	-0.0064036396224304536
0.027829588195056876	-0.025443835795454832	-0.008234276171499053
0.03349116910882287	-0.02526473033003277	-0.0005174693027011831
0.03205607519705098	-0.026220074617309217	-0.000430649030059356
0.0155457645165781	-0.037800697649604136	-0.0053134203725242034
-0.006519120617409028	-0.04549479978037242	-0.012031635704271022
-0.021218105899456066	-0.04584501938015745	-0.01260507041536518
-0.020977766576067983	-0.044795666920442276	-0.005700034204894941
-0.011902891523257665	-0.04260302409857956	-0.004749302846487252
-0.0014797070141298095	-0.043354558253525376	0.005437138430284679
0.0005907992843973973	-0.04665208062028973	0.01256893332792074
-0.009893220161345513	-0.04693496388003991	0.008840781264219291
-0.016486849110917075	-0.045127629384820865	0.0037720264300678506
-0.018410794605141653	-0.0416827945837907	0.004701988413195701
-0.017497727598877896	-0.04312024430420918	0.01148211843662307
-0.014259319700101861	-0.04611762605497009	0.01734518036439858
-0.013491708545968312	-0.047675384282930326	0.014578702050385091
-0.011210228151821426	-0.04686345540452173	0.011391914534628778
-0.009448663116635161	-0.04600701036910563	0.009647324246609041
-0.011613422785896924	-0.048173890484839006	0.016420543222782497
-0.008170867986349105	-0.05145413427897387	0.027744380685728594
-0.006409580811322906	-0.05222496704749454	0.03855905187755914
-0.0018675131612152893	-0.048933234319623896	0.03584140810482551
-0.0023280522323471785	-0.04201525673766498	0.02582205241538848
-2.1550846731244427e-05	-0.03855923016955124	0.02287635402566224
0.003551397052513971	-0.039982399470660686	0.025580720195696124
0.0053186861571467	-0.038871810626006406	0.030262530447028937
0.009001979458999127	-0.04094050115622164	0.024149633748914972
0.015644750268274835	-0.034519656649982494	0.021679417180304788
0.022415188657216024	-0.033926659946129915	0.020404096842481134
0.016828586520507824	-0.033744483941788236	0.02170014829572952
0.006957587824487348	-0.03824840901935281	0.02962716347202119
0.001863148889692409	-0.04189264256287066	0.0305692958188776
0.009188734379719456	-0.04705060988263332	0.029380812094197267
0.015293890719769993	-0.04714402268731156	0.019649737931265638
0.020358066259520052	-0.04939989312949227	0.02254329752498595
0.021126834596143056	-0.04081142227848216	0.026295595896295675
0.017832378053626745	-0.034357713677436806	0.027286593607526256
0.021964955839436372	-0.023065470900911746	0.019016319957007737
0.027355322388023618	-0.019932689861381723	0.00854130030860021
0.03935708771455211	-0.011284019038237506	0.0008405767107373951
0.04855450569998883	-0.0027740566288675626	-0.0018621018263247913
0.05222457887284857	0.010899926066698764	-0.005738968980059517
0.0497573318584688	0.014285640178546699	-0.0004898766946428434
0.04334509457934779	0.01758754378049232	-0.0005413847888392359
0.043831131642895725	0.014756065771862522	-0.001106358409624135
0.03755737064855952	0.007753735825223192	-0.0015707104453052886
0.03530032304634555	-0.002519530173403564	-0.0001860754778635551
0.03165582715812603	-0.005733536985052351	0.00024756041877609103
0.03829384013818832	-0.009475138644008391	0.000917772221439149
0.04205870170194311	-0.014622570469715188	-0.0018271897742695373
0.036476557943561624	-0.02395258763022311	-0.003514066411558034
0.028943112864743277	-0.028053079840546516	-0.005990955406939356
0.023106468084355028	-0.030035783158494547	-0.007004978109055576
0.020679082941989443	-0.03132096748938541	-0.0076146293175246155
0.017136995859541086	-0.028175125481986512	-0.012433008948621515
0.0033485009141347895	-0.03186145957837668	-0.01283941994010437
-0.014347043533334543	-0.033871764822223094	-0.011173500073792602
-0.020313202166881345	-0.03900181584116395	-0.009305459458946806
-0.024274300637436942	-0.042611488925842385	-0.012948314673534387
-0.0242345806917859	-0.05129214247669692	-0.008930062021337008
-0.024571182524721475	-0.0545300085207365	-0.0046122399601001215
-0.010943915851436278	-0.04919333373925027	0.0026501495294801967
0.005256811559001473	-0.04417362304446096	0.00685922284145261
0.012243843995855288	-0.04151170141070004	0.01458554572865631
0.011296355283862393	-0.04705324024620208	0.015484469959453493
0.010689795011856835	-0.045594544492899014	0.019057974500227715
0.0038688030328195185	-0.046506780034830116	0.007822896257291713
-0.00025543964073394425	-0.05213987885652982	0.01285127400056624
-0.010509320069914629	-0.05063516890896019	-0.00010703548698428114
-0.006177979579138002	-0.051058565561677004	0.00949380337072713
-0.00033082863820039035	-0.042766962874486836	0.008841656871345244
0.00980576286925202	-0.044357799127068734	0.017084026336321813
0.01706449273250881	-0.04411998552280631	0.023258680066779478
0.02181934904141384	-0.03962263354989747	0.022328931439599412
0.01962503076968892	-0.03883878721888958	0.026962772453206284
0.01416199326816909	-0.042613559048763995	0.019661296084205002
0.00020249813360175272	-0.05552578633229678	0.0157952723767317
0.0018483449266894002	-0.05156162652981594	0.00858395975143448
0.0037129408962672875	-0.044397799084267234	0.008338697407184608
0.017197412618568348	-0.03217950030716899	0.001260613512817657
0.027981844294529334	-0.02494723078558827	-0.004658244098869103
0.03482763275648738	-0.02587640173226672	-0.012156545976346723
0.034447824236472635	-0.022234955238055104	-0.009055256841614363
0.027007191211992344	-0.021666255794112674	-0.0050488591947036865
0.020376860409880765	-0.022595522407344106	0.003375574683196816
0.012162234491949302	-0.02785794469558358	0.002106048096633318
0.006655647809335672	-0.035245900960230385	0.00793752852123252
0.004392606454007103	-0.038933439482436175	0.007807498820183922
0.004465071027952249	-0.043407276959295533	0.007512406233128826
0.006865860277723273	-0.04272019113682552	0.0011602606408830664
0.004750133289544607	-0.0466089334140681	-0.0024779524130742157
0.0031100721448828264	-0.045840377259688356	-0.0006241159577791361
-0.0020684780322662967	-0.04422294088830727	-0.002540572735449927
-0.007493581375485476	-0.04094112343350537	-0.0034192190675111627
-0.00845917169358797	-0.03804137407293252	-0.010784159372500374
-0.011904018457841788	-0.03703388028214871	-0.008208721845478566
-0.010085493418688321	-0.03911271496642068	0.00011121232475060777
-0.010421574716694724	-0.04500184470042343	0.009057066148906535
-0.009905249971585543	-0.04683798645640936	0.017519966792074654
-0.00868272927070725	-0.0456973247387371	0.017983339751680576
-0.010338808278907161	-0.042156800393849614	0.018579899277657276
-0.011002590799782351	-0.04589208899286437	0.014231052710480353
-0.016712733186981955	-0.04784814190197595	0.008038488756355922
-0.016850315270261	-0.04631448261488875	0.00863714278724665
-0.019886984488338626	-0.03719160674598119	0.012268748915275338
-0.01931358865266521	-0.034011009407013126	0.011311463020953618
-0.02424581814848794	-0.03780546062104594	0.0031330902619611176
-0.022028753269094398	-0.04292056098376284	0.0025316003917065025
-0.01801157832594747	-0.04882659884908354	0.0035589475747392525
-0.010240604586580496	-0.050735496356513	0.011836978373087486
-0.0031538791829327645	-0.0445337741378725	0.014208097419979703
0.002424313661638481	-0.03963459797430503	0.014305456291616028
0.006937098494927144	-0.03498723658719574	0.007066286965020688
0.0066469211715681435	-0.03871129450418426	0.0023077073428433795
0.003190654008009236	-0.039432006016958225	-0.0038925572091898296
-0.002236685283910309	-0.04121067524263329	-0.00020791181794333272
-0.009836370229316032	-0.043621624824754644	0.0024281828250067063
-0.01139244987814721	-0.045356407875785654	0.0030650071865025337
-0.010039123442412128	-0.04526383203696323	0.005983446662515976
-0.008193895650463908	-0.03874507555608708	0.010072140125053473
-0.01259324823569639	-0.0313182251852559	0.018213087212388825
-0.010166321331757351	-0.029642954016517536	0.021861028285379693
-0.009289265810748942	-0.02959794324908208	0.01612152289868407
-0.00529996197350876	-0.03212419328129659	0.020083202858391554
-0.012220722654698857	-0.03751643548979896	0.025382279363315746
-0.009142393101502264	-0.04170366797025441	0.031937618726770624
-0.009268317770429283	-0.04836932248542358	0.029196351595786218
-0.00667177513640246	-0.04523253849664944	0.028408638759477214
-0.011123122130203219	-0.038207370538464715	0.024941595603140746
-0.008559634572089306	-0.033059184917939945	0.027404286975334792
-0.004014451109264188	-0.033658507109718794	0.032392952804691746
-0.0031775007022737563	-0.04001813809185075	0.03065168260216594
-0.0036462646250893594	-0.041039901658741024	0.020535657892163887
-0.0053842645507748395	-0.04653318242857984	0.015990547004043017
0.002875705441042811	-0.04853454460393198	0.01756072248055386
0.0065958802555129165	-0.046211067770800966	0.01832344733008844
0.0063852587830190615	-0.04627692184498082	0.024630650732640383
5.553989736575718e-05	-0.0500127202816491	0.02399641211063202
-0.005599022846895767	-0.05788687793542959	0.02798233610739119
-0.0029457686163800846	-0.058130861912407406	0.025789854284148567
0.0027167137668047585	-0.0509226935072699	0.02493154935254637
0.007183613786249877	-0.04914548204235326	0.02408126478529449
0.007200814306837755	-0.044055227744805484	0.023980510076187487
0.005952191225785055	-0.04177295209297637	0.026724368250784607
0.007366935766135925	-0.04236943680274429	0.026692474653827337
0.005402328422053379	-0.04434802952274579	0.021380511266484253
0.0034827817711630604	-0.05079174909133793	0.019306777900361956
-0.0022410510554280675	-0.046773544875921114	0.022368174908311632
-0.00385465799146514	-0.04391785412929553	0.021178856786272463
-0.002313570246564864	-0.03845450020162335	0.019291937094710818
0.0034121146387013097	-0.04245437353055758	0.01986617672512783
0.006412304422693591	-0.038488834862164575	0.02846480189724416
0.005026965589418904	-0.04348329378441805	0.032538901151001005
-0.0006414445793333045	-0.03996927780870784	0.03169969921994587
-0.006613752331742119	-0.03721051385221642	0.029646163937611124
-0.008141685517531833	-0.03750091262201137	0.02657074768993367
-0.005838657846127476	-0.037422550655972546	0.02767175357169211
-0.0013597681053270356	-0.040031035475598754	0.019829963988047344
-0.0022293376180927155	-0.032935190749145526	0.020471061652722652
-0.004583207890798338	-0.036418201133986486	0.020595124182694692
-0.008620024204316514	-0.04053555233564198	0.026608476379806623
-0.007825969105507384	-0.04377594529331882	0.0262503617895725
-0.003119891521571194	-0.03477397993034987	0.023575245885652307
-0.0005451086052369123	-0.034584436196208976	0.024049511423697406
0.0030157708398094642	-0.03489063908206147	0.022698199220112122
0.010892762468386944	-0.032451970419359065	0.02191690823880009
0.02115556833960721	-0.020854801685443944	0.011411841489810042
0.024485338956185737	-0.022636999542115264	0.008676495779875571
0.023082855799147383	-0.029389250752829867	0.002647026556291475
0.029223013297631616	-0.03604540290981626	-0.002840292617673261
0.036054878199134555	-0.026800822105206255	-0.005603290240513613
0.03966628971547452	-0.020961153575374723	0.004897857881455737
0.037674041832493545	-0.012932789260213837	0.016712980034626734
0.04001647190142232	-0.004186080607191214	0.016214294594646794
0.03546271155401623	-0.0029781118063503913	0.007939428125128215
0.031140412289569902	-0.01293640234268342	0.0013909203091347945
0.028877160904625727	-0.02162113541392455	-0.00345029188478815
0.036721391082786006	-0.018426858794637093	-0.003010287756193608
0.03817176143388148	-0.014677015207583577	-0.0013857703751195688
0.028596408500461086	-0.024576175689179258	0.001450577443705938
0.01889567072459947	-0.029936513357840297	-0.004052828781945612
0.012839457464342638	-0.033289186968325536	-0.008489847397521257
0.010924343801445597	-0.03118585923544874	-0.00828317174451627
0.005728293503834656	-0.03361729488759586	-0.0010491823965240875
0.006106271661724858	-0.033261367271725926	0.007845313537886195
0.0036058374658740665	-0.036224954962380804	0.010951796102992177
0.0025987456513351876	-0.03722704993113854	0.015559674378391477
-0.004574283341102547	-0.04092548051499147	0.015489263898268987
-0.008425534134523622	-0.035887967196054325	0.020040869101821967
-0.012879303977543964	-0.035176452035452284	0.01619587075686128
-0.014253554832596521	-0.03714134088035547	0.020187562879027142
-0.012272306121142029	-0.043258913893016206	0.023289475749951268
-0.0077527524507150615	-0.04868188198930138	0.021134831550991814
-0.008325373498756446	-0.04220890856015231	0.008159192122448462
-0.011114758232624197	-0.04153934880598668	-0.00011700050136037934
-0.013484950746656427	-0.03956728785450268	0.0006135649126761539
-0.01572805895667973	-0.04750906616679453	0.00401403329217654
-0.014250957793346605	-0.039898033200573585	0.0028052508788522883
-0.01134024769562642	-0.03393303656489346	-0.000380724615311287
-0.007696450807258465	-0.032404143021742354	-0.0016024826253160547
-0.005356010403666403	-0.03626621081855522	-0.0034752651859178097
-0.0037008060115945257	-0.03851332609411911	0.0008126495894044527
0.001399705866973907	-0.040428655634994294	0.0017188942244996154
0.0021606111845235447	-0.037147363621045565	0.001737014942103024
0.0005247752177898405	-0.03324110327808432	-0.009157530348159394
-0.0011627006200538004	-0.028570381555687804	-0.00862923431903801
-0.0020502141040406206	-0.030416230198686584	-0.009506408642679423
-0.0066011513049224115	-0.03062346838257429	-0.008744759886567713
-0.011890157015355875	-0.030860970774594938	-0.013541474503596438
-0.007641208544474568	-0.030796139896392533	-0.02097294141734804
-0.005634913594231992	-0.026158163400153853	-0.017928025974713463
0.0039172992804916255	-0.026090336705048973	-0.019720623294975096
0.010406366907315329	-0.023338535911342037	-0.014094958914787788
0.025579120797407165	-0.019114496214413475	-0.0027769883080192848
0.02883427574746203	-0.013981077622612241	-0.002766659017360503
0.02603724823405689	-0.015199840480187535	-0.005400102921448446
0.023694082409855877	-0.02114464734737437	-0.004929605323652796
0.021536816032550015	-0.02231699887654032	-0.005164438228980557
0.027506769473071065	-0.010520789209799224	-0.0033336121112497383
0.030631030409813294	-0.001843343058111224	-0.007377426940024297
0.043415542011154974	0.0035506746632929134	-0.006854710149100204
0.045869840543795504	0.0024438474096224404	-0.006299399188802485
0.04318701639122071	-0.005481596703917844	-0.008995124395862857
0.030855956903157327	-0.010480238500429206	-0.013020390066062718
0.019785877493107878	-0.014229508144259377	-0.01907636052618008
0.014506034657371675	-0.013965135880775761	-0.016863005569055164
0.014165649325167668	-0.013607755987432276	-0.019049699161966353
0.012474309807809579	-0.01078046108545121	-0.010294721914921921
0.016069481625434454	-0.005224324216936789	-0.00812978749234965
0.020242884838289035	-0.0025973604144056296	-0.003703947258878428
0.029141315711727	-0.003895011018280615	-0.008201560227075466
0.02916512197114307	-0.008438671846815404	-0.016007285799817077
0.02821875698148481	-0.014818400160085652	-0.018606227491534778
0.027449229593104803	-0.015024827244426268	-0.013400627081459351
0.030536362802697448	-0.012478683362246074	-0.005005991777589362
0.03529471076048955	-0.004166165840419756	-0.0018083752148623025
0.046850736146253895	0.0019520528729623614	0.0005752878948347348
0.0491571506680211	0.0009656836811450919	-0.002384699897054872
0.04849005670175406	-0.003412383174808407	-0.0015721158812446456
0.04007191546651103	-0.006133765404401926	-0.003950284728427796
0.038075414998903094	-0.009053563988700847	-0.007146679744915209
0.0371195643223648	-0.011537406608389564	-0.008442307005733264
0.0330519308188359	-0.012774962889612503	-0.005341709264523348
0.03212296191669701	-0.0124787781733001	-0.006701276979517709
0.02854994818971364	-0.012894439662514062	-0.009728736725453688
0.028851945413963673	-0.008051117183422222	-0.01684313218456694
0.02782522508780964	-0.0035248057209792813	-0.010715978070129428
0.028117998026330544	-0.00618504007996609	-0.006162932483673816
0.027853047078925115	-0.012267748566356516	-0.0021185790600193252
0.018216480128770685	-0.019685113821688967	-0.011012193006312213
-0.005637739830808123	-0.02425075013941466	-0.023757638422458847
-0.026087978509484876	-0.0271686170516434	-0.030054421321406163
-0.0323906779812386	-0.027017594424589363	-0.03270653197781866
-0.026466874576982855	-0.02857532698661824	-0.02908567628877032
-0.027929360361468314	-0.025841408533478633	-0.0379011046456008
-0.03716305773122738	-0.015851080246942414	-0.04536034447680086
-0.04610133676044427	-0.005025408903754272	-0.05009526912853757
-0.05299599053826898	0.007804547285089333	-0.04958531637404323
-0.051731535899088264	0.01266044995751573	-0.03459335094773447
-0.06037445462849976	0.024657018871563983	-0.039766887271480277
-0.05853033366701418	0.024986650044874666	-0.0420244263444178
-0.060189348039259065	0.02652885978045054	-0.048125916648778806
-0.0479077384895876	0.02016295201210377	-0.04782957447045951
-0.04576166201729202	0.016134004905241923	-0.041866202327622365
-0.04383892738954941	0.010120196268048342	-0.03800732462295841
-0.048505103525967985	9.444779326811623e-05	-0.04512739854152671
-0.041086342643757046	-0.006440543429399997	-0.04162160307020356
-0.036895314225923286	-0.013430469439687315	-0.04427970481404087
-0.02237908566098199	-0.01588108099636214	-0.023394791771957635
-0.0011532169072261175	-0.015561128052060934	-0.024045550436889232
0.009733887100823686	-0.015835650167993178	-0.02651272520560743
-0.0021341184022966577	-0.010656495205126532	-0.0449960789090279
-0.018374596302024995	-0.01578577421923277	-0.048452158337647745
-0.031350330383167174	-0.01682539778204268	-0.04699900081981489
-0.0316586620401356	-0.016493621379762284	-0.042041715074686695
-0.03991186403157615	-0.010857267366859555	-0.05165150668387286
-0.0475965839246806	-0.003891237971246736	-0.056314517188588514
-0.05330091866093569	-0.00076286517109322	-0.058537380812831316
-0.05300315011232268	-0.004105784849549478	-0.053029499799539116
-0.051066792361412525	-0.005785689979455961	-0.048626807817251774
-0.04730080264897586	-0.010230126242490633	-0.040593626449647965
-0.048553688716258474	-0.010008345446210664	-0.03485036618551395
-0.040329948416082	-0.015552025920045497	-0.03324297633537117
-0.033748613082672886	-0.01734914972771197	-0.042827842517353804
-0.01807310879337895	-0.021256761129722645	-0.03950268658289133
-0.004182632207464038	-0.017183149628111117	-0.03956345651400016
0.007931974437267337	-0.021094097217077543	-0.02511532380100272
0.007111537597461571	-0.018830112132137998	-0.027514518679040447
-0.005542218027707262	-0.024863038946733508	-0.03265090170246007
-0.014230973559842996	-0.024733720315549088	-0.03866205415654661
-0.017457009981513956	-0.02475613607393905	-0.0427620006776284
-0.015834061385817763	-0.01945701668181295	-0.038899094671212324
-0.013704531698761846	-0.01810474725658717	-0.04499058184663686
-0.010288642616383657	-0.01637266123229877	-0.034813228378051474
-0.006153481223727101	-0.02159208153700595	-0.030826134940780923
-0.010370944698662432	-0.021656022488660494	-0.0224237125742906
-0.012432542346240753	-0.026530690061172105	-0.027281422026599368
-0.01270967833204612	-0.02170186594608605	-0.03729167426840345
-0.004191676838844809	-0.01959812905504901	-0.03488457290594931
-0.003254744890591726	-0.018102262218103994	-0.030222747460401794
-7.821020950660041e-05	-0.020178109656079468	-0.023523095794240043
0.003402335371506432	-0.02289585089942012	-0.02410662096543972
0.007894454072741239	-0.017686023282769987	-0.020179766787668026
0.0007153641955268859	-0.016364661330322442	-0.02898242342781547
-0.007472421409545277	-0.021708191427477312	-0.029530277718918703
-0.008342757314207794	-0.02644373876876399	-0.03278956661612585
-0.007587620211684795	-0.02869668172764773	-0.024155770531444402
-0.015400454669717553	-0.022751815667590606	-0.02813257251463179
-0.02825676792174726	-0.020968571677673808	-0.032519139557173574
-0.03625650988111222	-0.017484494530766143	-0.04253595067111556
-0.03906977885866923	-0.013843731213765266	-0.039454461936378755
-0.04195776538006018	-0.013053815669351761	-0.048412569122933034
-0.04117115370073542	-0.011160149378503702	-0.04433621449174067
-0.04085926459192256	-0.005913267764665768	-0.05193017979439802
-0.045157231289472154	-0.0007960373022841121	-0.052077756780440985
-0.04986339672559049	0.00409894821555082	-0.05248041850431549
-0.05663318432517016	-0.0004367408434488851	-0.06222015808749067
-0.04854378488925394	-0.003561046498146544	-0.06057708487663987
-0.04168393738041895	-0.011018582525498909	-0.058665667950740644
-0.030012084748871022	-0.015425760231186896	-0.04520439599000547
-0.025248099377478593	-0.018515346058599558	-0.044730310432187045
-0.013458544095133041	-0.015094624250499412	-0.0393345722889379
0.0005111063968915495	-0.007887394502829529	-0.02886897251671191
0.013273502741684297	0.0010873727890947686	-0.01818882431318794
0.020586715568033813	0.0044605088188551315	-0.015205933011395948
0.023072938153621332	0.005575899257934867	-0.01342171096118603
0.03129257481629131	0.0053627357723167145	-0.010498758993348713
0.03517285565874691	0.008113814521049017	-0.004213337419709515
0.038304998501330755	0.007813826633344522	-0.003401957269714359
0.03189324944805088	0.002577718945919867	-0.001367185555709853
0.03402490635730786	-0.004955275228534381	-0.00527935750548808
0.02854836753051611	-0.009555292780363305	-0.00048723196187325235
0.02731576187550001	-0.012854464856050723	-0.001315744914340427
0.0230444150595605	-0.012588252268720176	0.0026748364547868574
0.023103051661818978	-0.009927581986476391	0.0015709642795347332
0.017665191484053263	-0.008205928466138587	-0.0014902026137007009
0.012205974660970809	-0.00764850364924039	-0.00786916457291871
0.007745190946503296	-0.014395809038627834	-0.017420262523432505
-0.0008117049919535307	-0.01627300585181624	-0.030116109894721993
-0.009454065179465052	-0.02092853064779042	-0.031744147283272316
-0.016662283371804837	-0.017118119117161684	-0.03330404942749515
-0.019978181364761097	-0.014728003342808675	-0.029810114331255765
-0.025392018888327223	-0.013748940734541857	-0.03798798091396864
-0.028643892377855307	-0.013267793548703681	-0.03883520956521144
-0.028340331438489855	-0.017772402883112597	-0.04500655709140705
-0.021047730676909196	-0.017268001126655958	-0.03759847554019308
-0.005709544149934322	-0.01750848711063311	-0.03228717962366955
0.0047285739419070365	-0.013988940246145543	-0.018284944098750144
0.006161072848616007	-0.015971107273854354	-0.013320460430401145
-0.0033910015236284343	-0.015718706492205373	-0.018678980975671628
-0.009191999119006082	-0.018452197497818772	-0.026087684722134987
-0.004671976791104445	-0.017117683161909453	-0.024362861722757617
-0.0024826240674162576	-0.019212362002545082	-0.022339161562917077
0.003098739390207176	-0.018435498483727733	-0.019981173900071997
0.008605257022753417	-0.014487235006264487	-0.01495209146001295
0.014438489720486081	-0.011569227914013876	-0.020862097928594947
0.018442283586603735	-0.014172813106613818	-0.02329782850314
0.01439447426219294	-0.016558257010700184	-0.026188303410434773
0.008806625650124831	-0.018415664711553977	-0.023353423557125143
0.0010445049765405276	-0.02154753842831064	-0.022096241338842176
-0.0012786287348300236	-0.01991458295050204	-0.022840649405725312
-0.0004966446678460299	-0.01654785429839332	-0.022312542446283418
-0.005418270629793317	-0.009616446366999487	-0.03108130499349913
-0.011813960881230984	-0.013293706890515034	-0.040623384527183296
-0.022525822489108366	-0.010744994220111138	-0.04839483681116038
-0.02567091925512054	-0.011040131162057945	-0.04404166536637429
-0.028035156443903777	-0.008090505351585047	-0.04786293891801732
-0.024627733536852853	-0.009357953439486064	-0.04561689273535442
-0.021655527088816226	-0.007188571409440114	-0.04713583685468284
-0.00867454154765518	-0.0006910553996252436	-0.041332387224073605
0.016305613295453898	0.0019445213172544387	-0.02772861482000354
0.029255215980850704	0.009259438575318689	-0.014992062375542091
0.035260747455850575	0.01014579420324543	-0.0008689834465063356
0.030437795161597826	0.01310514805799938	-0.0037905429764411858
0.02764674624468258	0.0055603973120696825	-0.0063235445015048
0.02409978903877243	0.0029932432837459387	-0.009003514130067128
0.023121939765853992	-0.0038521189776994985	-0.01256628357487305
0.023863091154291007	-0.0012872576967316732	-0.010591629307425632
0.02417682731882788	-0.0037139668339660776	-0.015521694024998357
0.026828116852051335	0.000310678825205028	-0.009605965236239689
0.03305772961933306	0.007070032584559604	-0.00782764802998924
0.03481862208096685	0.009441753912489033	-0.0055784623856257945
0.030775825168480563	0.010019009632766147	-0.0024636905085537383
0.03051740407113912	0.0056197862243972906	-0.000904465456141812
0.035595123648882995	0.011731972942679638	0.0026655171423894328
0.038501648680891655	0.008652838650229871	0.005626596453152326
0.037654892657532024	0.012603625702243	0.012552181040002459
0.03564884983265916	0.015353024825655877	0.01098484617966737
0.03798973302821615	0.025668779604250822	0.007207054193330259
0.04336012676555698	0.029187951327893667	0.005484938871160687
0.04316045276222755	0.026604635617623006	0.007804797305019345
0.04661431943950942	0.021209207438792683	0.007968206160738546
0.04093604627872128	0.015498549333998137	0.00704413631243813
0.03609118964870409	0.012294844458386633	0.002811375148947054
0.033653748858331736	0.007161834056305709	-0.0003259513771603495
0.03292460015421248	0.00588976509551617	-0.006210230282039264
0.03230917863874984	0.003875076986462333	-0.004856513763997074
0.026286376565719787	0.0027475253114666396	0.0034705371121282746
0.02332165559645807	0.004498741972830962	0.006244726239201449
0.023910482382531486	0.0082514285440961	0.004557401248450475
0.02586090123899122	0.014255377321322177	0.0015666760023323387
0.031960205860190716	0.014642931079957018	-0.0025126889083358153
0.034022890581861025	0.012405183811953612	-0.005234792775157079
0.03179615331930739	0.011739819400835003	-0.0046074058633363765
0.0312007876190683	0.015306903608162718	-0.0013600839765285366
0.02887822585171272	0.016391610975307003	-0.001231126597205364
0.03022286101089439	0.015924803386960566	-0.0025652327114461387
0.029533375259622116	0.009240682090853035	-0.006301410561568424
0.027446828572749552	0.005867776088085414	-0.006316356955635982
0.01930793775734009	0.002183896262279634	-0.014424697895109018
0.004411171249865251	0.004666505783011527	-0.018823842347824114
-0.007501695042587047	0.0031799980365339233	-0.0351508596121608
-0.013722860866709537	-0.00016157187054306526	-0.04227015613653199
-0.013547780341497421	-0.0015095955196612804	-0.05228664685953768
-0.005005715058993321	0.000539823524729285	-0.04533887093377842
0.008764384095335177	0.008233711084485902	-0.03080776967465042
0.020667911643793176	0.013328292028728045	-0.01654157701450723
0.022097562934240627	0.014255285649072679	-0.00879760368371842
0.018278623588135534	0.010474877455549213	-0.0062731327814179
0.012396332037285006	0.006061287413657159	-0.015271052816217682
-0.0016917431351956432	0.00024367982726837903	-0.03898103871147039
-0.00948849986016864	-0.0034888103983854277	-0.049757619420993465
-0.01024773257784706	-0.004995217789517131	-0.04694130240126569
-0.005339593016034366	-0.006017449627472836	-0.03145434346894118
-0.011399850190352003	-0.0029465993866564927	-0.029431460096391183
-0.02490575061799365	-0.004091613022830579	-0.04283454501027338
-0.031195267000823916	-0.003726469116763848	-0.05357324305082063
-0.03501403857882949	-0.009220970638378708	-0.06963515393415476
-0.02697469648216908	-0.010503352451562701	-0.05359385982240967
-0.024143663501954925	-0.00889800071293745	-0.04795930281195286
-0.01569523561966698	-0.00868693791475108	-0.0324925051063339
-0.014065803585107284	-0.00874686677013354	-0.03199400455947475
-0.012664144829932746	-0.012237071596188616	-0.023839984364190926
-0.015267813352980771	-0.013779677765314096	-0.022309793584533937
-0.016601330695847585	-0.012468009805137396	-0.01724166105594585
-0.022476749969963523	-0.00892383754823602	-0.020809794672838684
-0.02410735950996635	-0.007183885154091015	-0.024702499232087893
-0.02975183521499283	-0.004357276704794187	-0.02561195156473907
-0.030461508468492115	-0.0052850076461097815	-0.026792557330823842
-0.030201143634848028	-0.006864069265307162	-0.027090281151603376
-0.027913359024674695	-0.007737791389231057	-0.035681306907755485
-0.029477971422365013	-0.008141955017849405	-0.04049459771725824
-0.026501122747629367	-0.010851923209893945	-0.04139257568567071
-0.01855710385595296	-0.016404976170315725	-0.040507223283152566
-0.004032951413990064	-0.0153333450113047	-0.02448060662251326
0.01388405862721496	-0.010598916924312174	-0.009592540808494062
0.03039216611518101	-0.007692424976599081	-0.00041550010889329983
0.03408981462957222	-0.004674784688111083	0.004148093580089121
0.030309734005550325	0.00221850136017862	0.01067845793342763
0.02945873390795842	0.008575218732300532	0.008312575513565047
0.030163778522826794	0.011822398564887565	0.0062351455250032675
0.02502566039372184	0.005888739487605604	-0.0007364513756146912
0.018428142715074362	0.0030052316152089603	-0.0021961547999074967
0.013548799399503672	4.409971312590785e-05	-0.005894171730825111
0.011199130578556784	-0.003850711959655674	-0.011495918567876327
0.00854980767604796	-0.006193192477603664	-0.014268634744840419
0.003968860931430112	-0.01236893407600687	-0.019400980468971055
8.959170987554389e-06	-0.014638471033775989	-0.0248890457145634
-0.005952980785747104	-0.01801571743765865	-0.03333493853239142
-0.011544891398841238	-0.017705070410881447	-0.03959965063579235
-0.012244145859696237	-0.016588736726822824	-0.040299222576011574
-0.012161739140635145	-0.013923477420045925	-0.03492889795844298
-0.008096680500705078	-0.009815378641031092	-0.029545023825274117
0.0003677223269252124	-0.005091887104846329	-0.020147446839325726
0.01600050926462898	-0.00041210443893151564	-0.016445537810378847
0.02512539167524986	-9.72189973833101e-06	-0.011446063604973022
0.01794661492081969	-0.0037726427708531197	-0.01457871084213734
0.011777278450854094	-0.012344261756732833	-0.01453687647405735
-0.0002228084732984618	-0.013536366968234723	-0.018482736096612405
-0.014295864835294327	-0.011183947262351081	-0.028241059256766086
-0.026816295942430575	-0.00897722256142686	-0.03306263408522182
-0.03637375475430665	-0.003259389204140915	-0.03966609962175528
-0.03730759606784575	-0.0005216380753275563	-0.04899081889393389
-0.03854067298537416	0.0037493130290104683	-0.055345070265544194
-0.03230056657669389	-0.0028703533154615644	-0.05755134594981515
-0.0275567930039867	-0.0036167393515050914	-0.050377286849339856
-0.019955835737867866	-0.010350470939962098	-0.04677352732180604
-0.0204772776074465	-0.011566358598904114	-0.042784834725389825
-0.021546025915463264	-0.015379097797154491	-0.051640144893224924
-0.028808964167287045	-0.008646913318798395	-0.04074299662949211
-0.02603035672063096	-0.010022072918233645	-0.04459982336630565
-0.014586412084286637	-0.00679108808977039	-0.04067888610957152
0.004437295353105497	-0.01011096548799733	-0.029316351017431422
0.01730272846191534	-0.009517537735550237	-0.019805790420481514
0.026035200979063866	-0.0062785957495356415	-0.016002110464826542
0.03541189789266881	0.003028334757380093	-0.018133383977993238
0.042001435099963194	0.01990627389807064	-0.008672904406706233
0.040178301054178724	0.02786419670579502	-0.002092078957271329
0.03862891221193625	0.02802715060567481	0.005726857651267084
0.03791586800351845	0.02354027146703373	0.0030150756698806985
0.035050963620529736	0.021772471432617287	0.00785750578918092
0.036610887824275934	0.024164593577352005	0.007365029928728471
0.037862780372701466	0.022205724636394385	0.008340482087488353
0.04018134094229237	0.024452626677035516	0.010953139313599751
0.03920207588010976	0.017836038201053367	0.011309671155406466
0.03664762645451189	0.019882857105732357	0.01404949653394354
0.03950120784886112	0.017707885445052786	0.00962987997625591
0.03812030447004767	0.021021191205385863	0.01078961376395688
0.03709585101798328	0.02128205437902745	0.012690729855649521
0.034929607993337775	0.01976725990401955	0.010568629583986511
0.031219071529347664	0.017890298495255436	0.01037099369740865
0.030104504529167037	0.019787015120565972	0.010721334018667317
0.024165584723629206	0.0194159916777793	0.010101403593805004
0.029451178329842044	0.023393720886062338	0.007996820308252866
0.0321102946457577	0.022373088335327578	0.005811323153502496
0.0343777823928551	0.022932639577831388	0.00552721915762653
0.032313139733847106	0.0190641993272301	0.0034909538094617526
0.03142576342766478	0.018014941265781643	0.007633954284697458
0.033729922132574516	0.01807436394167248	0.00875006215598418
0.034171483436901566	0.02231165167075	0.00916733553686656
0.03721630856171214	0.023437396914629923	0.007408041755680557
0.036942448990504716	0.01990239833117639	0.005756968338885865
0.03603482725764877	0.011212739081082456	0.006846900242304055
0.030043555809153983	0.008479650406563993	0.008841860339938879
0.028577993400392906	0.013162439632969935	0.011501118164664953
0.0310750432944137	0.018594909875168403	0.01037610366829176
0.03527501467238931	0.018840246916179634	0.00541229860569576
0.03479134513482458	0.020798436153629526	0.0073506560632204815
0.03564294665167239	0.02389168517527819	0.006124327582922168
0.034141154835667924	0.02420446132544894	0.008866287672725608
0.03520549779968732	0.024510717102829028	0.0036276213441527386
0.03497076240115941	0.023094540349630748	0.003325678811509518
0.030821793826363526	0.018480151938747413	-0.005058769788181469
0.029795377737324793	0.01573464001743862	-0.0059045487628098595
0.02978989336782287	0.005924409609618614	-0.008836585801445158
0.026760982989899082	0.005674968171639947	-0.009169204252191011
0.027728541435380717	0.002719570545023922	-0.012763665906286692
0.025276948889664447	0.009090102783332945	-0.01548755537562586
0.0259060830105664	0.012396528766569331	-0.011264037867977927
0.02194291026783015	0.014667044936623835	-0.003591940939033183
0.023091973862664948	0.014452140912215196	0.00048059558028335295
0.024683123702578358	0.012951293353096778	0.003119247723123192
0.024095457819934253	0.011557379194944603	0.00125716640541685
0.021245736969240116	0.010831845260322274	-0.0012645534669422503
0.020597376500165646	0.012539660132703145	-0.007146051692435498
0.016870634118199154	0.010004263302810183	-0.02236296428869237
0.004982770974621425	0.007113495478200534	-0.04356601556462189
-0.012373368361111766	0.0026015295361569235	-0.05204859311067237
-0.017274545786352336	0.0029431314912197176	-0.04799012095861739
-0.026192676471709114	0.00905232878759908	-0.06309932492828685
-0.03466403863210698	0.01968467665307458	-0.0645554248663713
-0.044364091297692414	0.03012356936340361	-0.06488281811235355
-0.048969658302382035	0.03659489685091491	-0.05795722725515037
-0.05472671125960588	0.04566422599542065	-0.05592806322082771
-0.05540078273360908	0.04485169520296174	-0.04265856100627291
-0.052850764246991325	0.040239771884936035	-0.044955636581051533
-0.053514512164397635	0.038972209442972756	-0.04850310934037309
-0.05357876463781468	0.03765542661652027	-0.05297144923610393
-0.055570593891126986	0.039486073726206265	-0.04485089191880057
-0.05284014612928586	0.03938635893021503	-0.03471570544603644
-0.055118497761880075	0.04053792078091355	-0.04867122568327517
-0.05030944294783781	0.03356974054907101	-0.04847993652309403
-0.04237215780366826	0.018303852631958006	-0.06024025221034553
-0.03695488605582619	0.0032545820151294834	-0.06561426523823424
-0.02702097295723152	-0.006757895338217546	-0.06683841560015528
-0.01823465391610022	-0.012515679566932697	-0.05560854489538555
-0.006016192510315025	-0.012095102084314021	-0.04692809765370997
-0.010341010133186342	-0.009168201360102164	-0.050206037495763974
-0.026799100009637117	0.0009199440655440639	-0.05897019178246675
-0.04493390352011136	0.01659794700299702	-0.055164705805036816
-0.05174379844381986	0.029382722295070093	-0.04440584397317614
-0.05546522684330809	0.03756379952093967	-0.05651684315212843
-0.05429526028336373	0.03740125031815325	-0.055113045428696425
-0.05359524962211468	0.033434937536560023	-0.06269867426415075
-0.0520510144945889	0.033592331689999005	-0.049015263774172264
-0.05007695562083028	0.037295369773520784	-0.04519252668102069
-0.050394753348431603	0.039168523031140566	-0.04571436927784763
-0.048307832059169505	0.035896854417457734	-0.05088345668647794
-0.04586087174376791	0.029983418516224464	-0.04941026402857993
-0.0430750530152265	0.027829671372745488	-0.04591256846143632
-0.04006232331849448	0.02881441649596058	-0.04309043109121304
-0.03882618863031058	0.03364695518415044	-0.03688042856535677
-0.036170992501035476	0.02735659881412767	-0.035955643494546975
-0.031625374378366065	0.019561537516835575	-0.04083212189373944
-0.03261553189574305	0.013008667443958333	-0.051164073516172734
-0.036154127518799976	0.01896556085793029	-0.05987953463975253
-0.04299265219888178	0.022822288929687722	-0.06972438736772976
-0.044909407892582485	0.030554802837100527	-0.06719140936212983
-0.049739490156176354	0.03803714722332974	-0.054217921770497786
-0.05195595213580938	0.04223454934761598	-0.05014402210712796
-0.05304470055011378	0.04316666454006592	-0.047114729236562666
-0.050897148760659816	0.04042739795121575	-0.05682976976242446
-0.045683009393572234	0.032214598184392096	-0.057269930484256486
-0.04657932079991025	0.031129985526433368	-0.05906707732944673
-0.049968030961068555	0.03005218894038046	-0.06947061616735835
-0.05243966155702928	0.03382553240440017	-0.07567497861035806
-0.04911559765095433	0.02956982655040967	-0.07451746932353978
-0.051162007714081886	0.03459710472798424	-0.07754279950195772
-0.05175244942890523	0.03536865738677201	-0.0759423374287356
-0.05287023923415462	0.04194238366125704	-0.06935594264130523
-0.045723051028684215	0.036201051703044204	-0.05532823260895915
-0.04335408800891216	0.03123308711957229	-0.05297928888738681
-0.038046769689242275	0.018284501681774406	-0.07446852590385036
-0.02912506828896954	0.007520323466043352	-0.08513944231379192
-0.013275466216104353	0.00034451589035605504	-0.07011769151154625
-0.0032665705141756247	-0.0016932133924369764	-0.049982719684664736
-0.005519227598468322	-0.004734632682105723	-0.046943798093528
-0.0013878774281347846	-0.00454772244555988	-0.03943580428342812
-0.0031171577165994718	-0.004851782126145644	-0.04325713619384456
-0.001940715363014938	0.0014564769014517823	-0.04541902252997411
-0.002848325308260781	0.0034607065377361764	-0.039543934947808244
-0.0004462893063490733	0.005070883452133022	-0.03213235429544628
0.005190726071635763	0.00321778489094116	-0.025314543301561118
0.01430077716197027	0.005690329849606457	-0.03049823589412425
0.01773095874878035	0.007930905221717674	-0.029936998694738187
0.023804580929700794	0.015632145333356794	-0.029596098600661723
0.021534340277301584	0.019049684812524968	-0.014789593614014353
0.026750936811597563	0.020315146017550183	-0.00965970070943466
nan	nan	nan
0.02266694894104554	0.016643939525090884	-0.004033375264000744
0.019319278476046756	0.009191700592685328	-0.0024187948199849672
nan	nan	nan
0.017506165673015654	0.008085399930642174	-0.01223411869704194
0.01580371496177086	0.010870041443730473	-0.020342346056855903
0.007421146721892105	0.0205076759919589	-0.03605595832583014
-0.02610658880816088	0.036313941217043476	-0.044437289199268634
-0.03715971991474994	0.039981207302479706	-0.04863127722783109
-0.04049278666659252	0.03775140742779306	-0.05446619187413418
-0.03527155715655761	0.02938357966505889	-0.05077979972216312
-0.031388454066938194	0.021746910003032142	-0.040138850298082646